MOEX:RTSI,2020-11-10T10:00:00+03:00,1224.45,1225.59,1223.33,1224.36,11509211
MOEX:RTSI,2020-11-10T10:01:00+03:00,1224.21,1224.21,1220.39,1221.03,8141233
MOEX:RTSI,2020-11-10T10:02:00+03:00,1221.09,1221.41,1220.28,1221.27,8044966
MOEX:RTSI,2020-11-10T10:03:00+03:00,1221.67,1221.67,1219.81,1220.47,8967738
MOEX:RTSI,2020-11-10T10:04:00+03:00,1220.59,1220.59,1218.13,1218.65,5656297
MOEX:RTSI,2020-11-10T10:05:00+03:00,1218.39,1218.39,1216.60,1216.86,6683214
MOEX:RTSI,2020-11-10T10:06:00+03:00,1216.92,1217.50,1216.59,1217.24,5153136
MOEX:RTSI,2020-11-10T10:07:00+03:00,1217.18,1217.86,1216.73,1217.18,7156435
MOEX:RTSI,2020-11-10T10:08:00+03:00,1217.04,1217.04,1214.55,1214.65,7995041
MOEX:RTSI,2020-11-10T10:09:00+03:00,1214.46,1214.46,1213.13,1213.13,9185269
MOEX:RTSI,2020-11-10T10:10:00+03:00,1213.22,1214.03,1212.65,1212.83,7818207
MOEX:RTSI,2020-11-10T10:11:00+03:00,1212.78,1215.00,1212.61,1215.00,5612353
MOEX:RTSI,2020-11-10T10:12:00+03:00,1215.14,1215.57,1214.95,1215.37,2874647
MOEX:RTSI,2020-11-10T10:13:00+03:00,1215.39,1216.45,1214.75,1216.45,4659682
MOEX:RTSI,2020-11-10T10:14:00+03:00,1216.36,1216.60,1215.93,1216.14,3055803
MOEX:RTSI,2020-11-10T10:15:00+03:00,1216.09,1217.29,1215.95,1217.29,3308968
MOEX:RTSI,2020-11-10T10:16:00+03:00,1217.29,1218.91,1217.29,1218.89,4823228
MOEX:RTSI,2020-11-10T10:17:00+03:00,1218.92,1220.44,1218.56,1220.44,4245090
MOEX:RTSI,2020-11-10T10:18:00+03:00,1220.37,1221.71,1220.10,1221.71,8413343
MOEX:RTSI,2020-11-10T10:19:00+03:00,1221.53,1223.69,1221.50,1223.69,5939327
MOEX:RTSI,2020-11-10T10:20:00+03:00,1223.74,1226.18,1223.48,1225.98,8213630
MOEX:RTSI,2020-11-10T10:21:00+03:00,1225.99,1226.27,1224.48,1224.49,5843947
MOEX:RTSI,2020-11-10T10:22:00+03:00,1224.43,1225.20,1223.87,1225.20,5319087
MOEX:RTSI,2020-11-10T10:23:00+03:00,1225.25,1226.13,1225.19,1226.13,4110921
MOEX:RTSI,2020-11-10T10:24:00+03:00,1226.17,1228.49,1226.14,1228.44,4902697
MOEX:RTSI,2020-11-10T10:25:00+03:00,1228.52,1229.05,1227.06,1227.22,4231244
MOEX:RTSI,2020-11-10T10:26:00+03:00,1227.09,1227.22,1226.20,1226.20,5024554
MOEX:RTSI,2020-11-10T10:27:00+03:00,1226.14,1226.41,1225.94,1226.26,2894294
MOEX:RTSI,2020-11-10T10:28:00+03:00,1226.18,1227.52,1226.04,1227.23,2491602
MOEX:RTSI,2020-11-10T10:29:00+03:00,1227.16,1227.81,1227.10,1227.80,2634666
MOEX:RTSI,2020-11-10T10:30:00+03:00,1227.67,1227.94,1227.29,1227.88,2806215
MOEX:RTSI,2020-11-10T10:31:00+03:00,1228.00,1229.90,1227.91,1229.90,2888904
MOEX:RTSI,2020-11-10T10:32:00+03:00,1229.88,1230.92,1229.88,1230.83,2680385
MOEX:RTSI,2020-11-10T10:33:00+03:00,1230.74,1230.76,1229.52,1229.63,2055795
MOEX:RTSI,2020-11-10T10:34:00+03:00,1229.52,1229.52,1228.46,1228.46,4176779
MOEX:RTSI,2020-11-10T10:35:00+03:00,1228.33,1228.36,1227.75,1227.90,2486908
MOEX:RTSI,2020-11-10T10:36:00+03:00,1227.88,1229.23,1227.88,1229.11,2004660
MOEX:RTSI,2020-11-10T10:37:00+03:00,1229.10,1229.10,1226.88,1226.88,3174556
MOEX:RTSI,2020-11-10T10:38:00+03:00,1226.84,1226.94,1226.16,1226.53,1896720
MOEX:RTSI,2020-11-10T10:39:00+03:00,1226.48,1226.83,1226.00,1226.02,2531710
MOEX:RTSI,2020-11-10T10:40:00+03:00,1225.99,1226.26,1225.77,1225.77,1744678
MOEX:RTSI,2020-11-10T10:41:00+03:00,1225.71,1225.83,1224.96,1225.11,2198290
MOEX:RTSI,2020-11-10T10:42:00+03:00,1225.11,1225.53,1225.11,1225.49,1395502
MOEX:RTSI,2020-11-10T10:43:00+03:00,1225.57,1225.95,1225.26,1225.89,3549673
MOEX:RTSI,2020-11-10T10:44:00+03:00,1225.90,1226.47,1225.84,1225.99,3485895
MOEX:RTSI,2020-11-10T10:45:00+03:00,1225.97,1225.97,1224.83,1225.06,2311307
MOEX:RTSI,2020-11-10T10:46:00+03:00,1225.11,1225.11,1223.56,1223.62,3613237
MOEX:RTSI,2020-11-10T10:47:00+03:00,1223.62,1223.78,1223.46,1223.58,2189978
MOEX:RTSI,2020-11-10T10:48:00+03:00,1223.62,1223.65,1222.35,1222.35,2922712
MOEX:RTSI,2020-11-10T10:49:00+03:00,1222.35,1222.35,1220.57,1220.76,4303777
MOEX:RTSI,2020-11-10T10:50:00+03:00,1220.89,1220.89,1219.18,1219.26,2825197
MOEX:RTSI,2020-11-10T10:51:00+03:00,1219.26,1219.54,1219.05,1219.49,4496912
MOEX:RTSI,2020-11-10T10:52:00+03:00,1219.55,1220.94,1219.24,1220.94,3733582
MOEX:RTSI,2020-11-10T10:53:00+03:00,1220.93,1221.45,1220.90,1220.92,1707021
MOEX:RTSI,2020-11-10T10:54:00+03:00,1220.96,1221.00,1218.83,1218.83,2409922
MOEX:RTSI,2020-11-10T10:55:00+03:00,1218.82,1218.98,1218.33,1218.98,3243098
MOEX:RTSI,2020-11-10T10:56:00+03:00,1218.90,1219.07,1217.33,1217.36,3275368
MOEX:RTSI,2020-11-10T10:57:00+03:00,1217.34,1217.58,1216.77,1217.49,3573443
MOEX:RTSI,2020-11-10T10:58:00+03:00,1217.45,1218.12,1217.44,1217.91,2531388
MOEX:RTSI,2020-11-10T10:59:00+03:00,1217.88,1218.13,1217.53,1217.81,2289102
MOEX:RTSI,2020-11-10T11:00:00+03:00,1217.84,1221.73,1217.84,1221.73,10411086
MOEX:RTSI,2020-11-10T11:01:00+03:00,1221.63,1222.85,1221.63,1221.92,5463623
MOEX:RTSI,2020-11-10T11:02:00+03:00,1221.87,1223.32,1221.87,1223.17,5446445
MOEX:RTSI,2020-11-10T11:03:00+03:00,1223.28,1224.48,1222.88,1224.43,6487729
MOEX:RTSI,2020-11-10T11:04:00+03:00,1224.32,1226.10,1224.32,1225.30,6325405
MOEX:RTSI,2020-11-10T11:05:00+03:00,1225.20,1225.47,1223.27,1223.80,4003219
MOEX:RTSI,2020-11-10T11:06:00+03:00,1223.82,1224.85,1223.82,1224.80,3260878
MOEX:RTSI,2020-11-10T11:07:00+03:00,1224.79,1224.86,1224.29,1224.43,3585622
MOEX:RTSI,2020-11-10T11:08:00+03:00,1224.46,1224.48,1222.72,1222.95,4860157
MOEX:RTSI,2020-11-10T11:09:00+03:00,1222.90,1223.16,1222.38,1222.42,2336439
MOEX:RTSI,2020-11-10T11:10:00+03:00,1222.40,1222.50,1220.63,1222.15,4960813
MOEX:RTSI,2020-11-10T11:11:00+03:00,1222.07,1222.50,1220.87,1220.87,4137900
MOEX:RTSI,2020-11-10T11:12:00+03:00,1220.85,1222.61,1220.84,1222.55,3643902
MOEX:RTSI,2020-11-10T11:13:00+03:00,1222.55,1223.45,1222.48,1223.04,4859234
MOEX:RTSI,2020-11-10T11:14:00+03:00,1223.04,1223.87,1223.04,1223.59,5993092
MOEX:RTSI,2020-11-10T11:15:00+03:00,1223.58,1224.70,1223.22,1223.24,4694991
MOEX:RTSI,2020-11-10T11:16:00+03:00,1223.23,1226.15,1223.21,1226.13,6986859
MOEX:RTSI,2020-11-10T11:17:00+03:00,1226.18,1227.38,1226.13,1226.95,7447139
MOEX:RTSI,2020-11-10T11:18:00+03:00,1226.93,1227.22,1225.22,1225.31,4952242
MOEX:RTSI,2020-11-10T11:19:00+03:00,1225.25,1226.05,1225.19,1225.65,4316565
MOEX:RTSI,2020-11-10T11:20:00+03:00,1225.61,1227.49,1225.61,1227.18,3808761
MOEX:RTSI,2020-11-10T11:21:00+03:00,1227.26,1228.14,1227.09,1228.08,8659300
MOEX:RTSI,2020-11-10T11:22:00+03:00,1228.04,1229.56,1228.04,1229.50,6217295
MOEX:RTSI,2020-11-10T11:23:00+03:00,1229.47,1229.69,1228.55,1229.12,6021092
MOEX:RTSI,2020-11-10T11:24:00+03:00,1229.11,1230.71,1229.11,1230.71,7664052
MOEX:RTSI,2020-11-10T11:25:00+03:00,1230.69,1231.84,1230.06,1231.84,9989959
MOEX:RTSI,2020-11-10T11:26:00+03:00,1231.82,1232.22,1231.53,1231.74,11450758
MOEX:RTSI,2020-11-10T11:27:00+03:00,1231.73,1233.16,1231.73,1233.09,9552880
MOEX:RTSI,2020-11-10T11:28:00+03:00,1233.04,1233.40,1232.23,1232.81,6162534
MOEX:RTSI,2020-11-10T11:29:00+03:00,1232.80,1233.95,1232.76,1233.95,6327637
MOEX:RTSI,2020-11-10T11:30:00+03:00,1233.95,1234.10,1231.55,1231.55,7203399
MOEX:RTSI,2020-11-10T11:31:00+03:00,1231.59,1232.36,1231.55,1231.79,3830790
MOEX:RTSI,2020-11-10T11:32:00+03:00,1231.80,1231.93,1231.43,1231.71,3642866
MOEX:RTSI,2020-11-10T11:33:00+03:00,1231.85,1231.86,1230.05,1230.05,4077887
MOEX:RTSI,2020-11-10T11:34:00+03:00,1230.05,1231.67,1230.05,1231.54,5628911
MOEX:RTSI,2020-11-10T11:35:00+03:00,1231.53,1231.96,1230.10,1230.44,10060357
MOEX:RTSI,2020-11-10T11:36:00+03:00,1230.41,1230.41,1228.74,1228.98,4546018
MOEX:RTSI,2020-11-10T11:37:00+03:00,1228.88,1229.65,1228.79,1229.36,3288139
MOEX:RTSI,2020-11-10T11:38:00+03:00,1229.39,1229.91,1228.97,1229.72,3765777
MOEX:RTSI,2020-11-10T11:39:00+03:00,1229.85,1230.67,1229.85,1230.40,3268877
MOEX:RTSI,2020-11-10T11:40:00+03:00,1230.46,1231.95,1230.46,1231.75,3067594
MOEX:RTSI,2020-11-10T11:41:00+03:00,1231.72,1232.87,1231.72,1232.79,5930932
MOEX:RTSI,2020-11-10T11:42:00+03:00,1232.82,1232.82,1231.70,1231.70,3595372
MOEX:RTSI,2020-11-10T11:43:00+03:00,1231.63,1231.85,1231.39,1231.64,12316602
MOEX:RTSI,2020-11-10T11:44:00+03:00,1231.62,1231.75,1230.18,1230.18,4456268
MOEX:RTSI,2020-11-10T11:45:00+03:00,1230.15,1230.85,1229.45,1230.57,4936096
MOEX:RTSI,2020-11-10T11:46:00+03:00,1230.54,1230.54,1229.74,1230.02,3208058
MOEX:RTSI,2020-11-10T11:47:00+03:00,1230.13,1231.66,1230.13,1231.49,3312070
MOEX:RTSI,2020-11-10T11:48:00+03:00,1231.51,1231.55,1230.99,1231.31,3664526
MOEX:RTSI,2020-11-10T11:49:00+03:00,1231.22,1231.24,1230.03,1230.11,6493868
MOEX:RTSI,2020-11-10T11:50:00+03:00,1230.23,1230.38,1229.37,1229.39,5058464
MOEX:RTSI,2020-11-10T11:51:00+03:00,1229.35,1231.46,1229.34,1231.41,6731474
MOEX:RTSI,2020-11-10T11:52:00+03:00,1231.44,1231.87,1231.00,1231.00,4801066
MOEX:RTSI,2020-11-10T11:53:00+03:00,1230.83,1231.30,1230.76,1230.97,3284050
MOEX:RTSI,2020-11-10T11:54:00+03:00,1231.03,1231.04,1230.58,1230.62,3306612
MOEX:RTSI,2020-11-10T11:55:00+03:00,1230.62,1230.77,1229.96,1230.06,3174301
MOEX:RTSI,2020-11-10T11:56:00+03:00,1230.09,1230.45,1229.99,1230.41,2496640
MOEX:RTSI,2020-11-10T11:57:00+03:00,1230.42,1230.91,1230.06,1230.91,2343085
MOEX:RTSI,2020-11-10T11:58:00+03:00,1230.92,1232.16,1230.82,1232.04,2438172
MOEX:RTSI,2020-11-10T11:59:00+03:00,1232.04,1232.79,1231.97,1232.25,3072300
MOEX:RTSI,2020-11-10T12:00:00+03:00,1232.20,1232.66,1231.80,1232.61,2406748
MOEX:RTSI,2020-11-10T12:01:00+03:00,1232.62,1232.79,1232.20,1232.21,2373010
MOEX:RTSI,2020-11-10T12:02:00+03:00,1232.25,1232.58,1232.15,1232.24,2751306
MOEX:RTSI,2020-11-10T12:03:00+03:00,1232.27,1232.34,1231.46,1231.62,3252726
MOEX:RTSI,2020-11-10T12:04:00+03:00,1231.59,1231.59,1230.65,1230.71,1925903
MOEX:RTSI,2020-11-10T12:05:00+03:00,1230.74,1230.78,1228.90,1228.93,5710377
MOEX:RTSI,2020-11-10T12:06:00+03:00,1228.94,1228.94,1227.40,1227.58,5603483
MOEX:RTSI,2020-11-10T12:07:00+03:00,1227.55,1227.72,1227.20,1227.41,2657339
MOEX:RTSI,2020-11-10T12:08:00+03:00,1227.60,1229.68,1227.60,1229.68,2791455
MOEX:RTSI,2020-11-10T12:09:00+03:00,1229.64,1229.74,1229.15,1229.32,1611180
MOEX:RTSI,2020-11-10T12:10:00+03:00,1229.30,1229.69,1229.16,1229.42,1617988
MOEX:RTSI,2020-11-10T12:11:00+03:00,1229.45,1229.45,1228.30,1228.75,2321240
MOEX:RTSI,2020-11-10T12:12:00+03:00,1228.63,1229.68,1228.63,1228.75,3130958
MOEX:RTSI,2020-11-10T12:13:00+03:00,1228.68,1228.76,1228.30,1228.42,2139108
MOEX:RTSI,2020-11-10T12:14:00+03:00,1228.41,1228.41,1227.60,1227.66,3287821
MOEX:RTSI,2020-11-10T12:15:00+03:00,1227.63,1227.76,1227.35,1227.52,2414010
MOEX:RTSI,2020-11-10T12:16:00+03:00,1227.53,1227.81,1227.36,1227.76,2586662
MOEX:RTSI,2020-11-10T12:17:00+03:00,1227.77,1228.86,1227.76,1228.69,3657100
MOEX:RTSI,2020-11-10T12:18:00+03:00,1228.69,1228.83,1228.52,1228.71,2158799
MOEX:RTSI,2020-11-10T12:19:00+03:00,1228.73,1229.70,1228.73,1229.28,3003818
MOEX:RTSI,2020-11-10T12:20:00+03:00,1229.30,1229.33,1228.14,1228.93,3282210
MOEX:RTSI,2020-11-10T12:21:00+03:00,1228.92,1229.32,1228.85,1229.16,2527292
MOEX:RTSI,2020-11-10T12:22:00+03:00,1229.15,1229.27,1228.78,1229.19,3239081
MOEX:RTSI,2020-11-10T12:23:00+03:00,1229.20,1229.22,1228.41,1228.41,2525720
MOEX:RTSI,2020-11-10T12:24:00+03:00,1228.36,1229.02,1228.20,1228.79,2851793
MOEX:RTSI,2020-11-10T12:25:00+03:00,1228.94,1229.04,1228.63,1228.81,2014036
MOEX:RTSI,2020-11-10T12:26:00+03:00,1228.85,1230.04,1228.74,1229.98,4140094
MOEX:RTSI,2020-11-10T12:27:00+03:00,1229.94,1231.14,1229.74,1231.12,4022906
MOEX:RTSI,2020-11-10T12:28:00+03:00,1231.17,1231.98,1231.11,1231.52,4457172
MOEX:RTSI,2020-11-10T12:29:00+03:00,1231.59,1231.59,1231.03,1231.03,1925129
MOEX:RTSI,2020-11-10T12:30:00+03:00,1231.17,1231.27,1230.77,1230.83,1672699
MOEX:RTSI,2020-11-10T12:31:00+03:00,1230.81,1231.01,1230.48,1230.48,1792674
MOEX:RTSI,2020-11-10T12:32:00+03:00,1230.49,1230.49,1229.43,1229.47,2120499
MOEX:RTSI,2020-11-10T12:33:00+03:00,1229.52,1229.54,1228.43,1228.66,2546813
MOEX:RTSI,2020-11-10T12:34:00+03:00,1228.52,1228.54,1227.88,1227.95,2409069
MOEX:RTSI,2020-11-10T12:35:00+03:00,1227.91,1228.00,1227.33,1227.58,2531269
MOEX:RTSI,2020-11-10T12:36:00+03:00,1227.63,1228.16,1227.63,1227.97,1802313
MOEX:RTSI,2020-11-10T12:37:00+03:00,1228.10,1228.41,1227.88,1228.41,1649182
MOEX:RTSI,2020-11-10T12:38:00+03:00,1228.40,1228.66,1228.01,1228.66,2173052
MOEX:RTSI,2020-11-10T12:39:00+03:00,1228.72,1229.52,1228.72,1229.50,1806012
MOEX:RTSI,2020-11-10T12:40:00+03:00,1229.49,1230.31,1229.39,1230.31,1454114
MOEX:RTSI,2020-11-10T12:41:00+03:00,1230.29,1230.62,1230.25,1230.58,1620173
MOEX:RTSI,2020-11-10T12:42:00+03:00,1230.56,1230.85,1230.39,1230.43,1146102
MOEX:RTSI,2020-11-10T12:43:00+03:00,1230.43,1230.43,1229.22,1229.23,1734223
MOEX:RTSI,2020-11-10T12:44:00+03:00,1229.14,1229.23,1228.85,1229.16,2433428
MOEX:RTSI,2020-11-10T12:45:00+03:00,1229.17,1230.01,1229.16,1230.01,2470665
MOEX:RTSI,2020-11-10T12:46:00+03:00,1230.01,1230.55,1230.01,1230.23,1924850
MOEX:RTSI,2020-11-10T12:47:00+03:00,1230.18,1230.69,1229.97,1230.41,2450312
MOEX:RTSI,2020-11-10T12:48:00+03:00,1230.31,1231.57,1230.31,1231.27,2679687
MOEX:RTSI,2020-11-10T12:49:00+03:00,1231.29,1231.35,1231.12,1231.12,936902
MOEX:RTSI,2020-11-10T12:50:00+03:00,1231.06,1231.06,1229.65,1229.80,1768939
MOEX:RTSI,2020-11-10T12:51:00+03:00,1229.77,1229.77,1229.36,1229.59,1069513
MOEX:RTSI,2020-11-10T12:52:00+03:00,1229.60,1229.79,1229.58,1229.62,1255592
MOEX:RTSI,2020-11-10T12:53:00+03:00,1229.55,1229.60,1229.14,1229.37,2291990
MOEX:RTSI,2020-11-10T12:54:00+03:00,1229.34,1229.78,1229.17,1229.62,1715741
MOEX:RTSI,2020-11-10T12:55:00+03:00,1229.59,1230.13,1229.54,1230.13,1863183
MOEX:RTSI,2020-11-10T12:56:00+03:00,1230.14,1230.61,1230.02,1230.55,3439427
MOEX:RTSI,2020-11-10T12:57:00+03:00,1230.57,1230.57,1229.43,1229.43,2290167
MOEX:RTSI,2020-11-10T12:58:00+03:00,1229.56,1229.56,1228.66,1228.66,1933542
MOEX:RTSI,2020-11-10T12:59:00+03:00,1228.66,1228.71,1228.29,1228.65,2568997
MOEX:RTSI,2020-11-10T13:00:00+03:00,1228.73,1228.94,1228.48,1228.93,2990140
MOEX:RTSI,2020-11-10T13:01:00+03:00,1228.90,1230.35,1228.88,1230.16,3055608
MOEX:RTSI,2020-11-10T13:02:00+03:00,1230.15,1230.63,1230.07,1230.17,2361385
MOEX:RTSI,2020-11-10T13:03:00+03:00,1230.13,1230.38,1230.03,1230.12,1817095
MOEX:RTSI,2020-11-10T13:04:00+03:00,1230.14,1230.72,1230.14,1230.41,2189928
MOEX:RTSI,2020-11-10T13:05:00+03:00,1230.34,1230.46,1227.86,1227.99,3305361
MOEX:RTSI,2020-11-10T13:06:00+03:00,1227.99,1228.20,1227.35,1227.70,4560770
MOEX:RTSI,2020-11-10T13:07:00+03:00,1227.74,1227.74,1226.20,1226.61,2636284
MOEX:RTSI,2020-11-10T13:08:00+03:00,1226.43,1226.43,1225.42,1226.26,2695774
MOEX:RTSI,2020-11-10T13:09:00+03:00,1226.30,1226.90,1226.09,1226.60,2289386
MOEX:RTSI,2020-11-10T13:10:00+03:00,1226.60,1227.24,1225.76,1227.20,3117477
MOEX:RTSI,2020-11-10T13:11:00+03:00,1227.21,1228.03,1227.17,1227.88,1656328
MOEX:RTSI,2020-11-10T13:12:00+03:00,1227.86,1227.97,1227.09,1227.13,1211643
MOEX:RTSI,2020-11-10T13:13:00+03:00,1227.12,1227.21,1226.58,1226.58,1870847
MOEX:RTSI,2020-11-10T13:14:00+03:00,1226.62,1226.92,1225.77,1226.39,4131176
MOEX:RTSI,2020-11-10T13:15:00+03:00,1226.36,1226.36,1225.73,1226.13,2353023
MOEX:RTSI,2020-11-10T13:16:00+03:00,1226.13,1226.41,1225.68,1225.94,1626333
MOEX:RTSI,2020-11-10T13:17:00+03:00,1226.07,1227.38,1226.06,1226.96,2747388
MOEX:RTSI,2020-11-10T13:18:00+03:00,1227.07,1227.07,1225.96,1226.39,3798441
MOEX:RTSI,2020-11-10T13:19:00+03:00,1226.35,1226.66,1225.17,1225.18,3899399
MOEX:RTSI,2020-11-10T13:20:00+03:00,1225.00,1225.29,1222.53,1222.59,11720447
MOEX:RTSI,2020-11-10T13:21:00+03:00,1222.68,1223.60,1221.94,1223.57,4942166
MOEX:RTSI,2020-11-10T13:22:00+03:00,1223.62,1224.65,1223.36,1224.52,2665747
MOEX:RTSI,2020-11-10T13:23:00+03:00,1224.52,1225.25,1224.52,1225.08,1958202
MOEX:RTSI,2020-11-10T13:24:00+03:00,1224.97,1225.40,1223.42,1223.81,4068118
MOEX:RTSI,2020-11-10T13:25:00+03:00,1223.81,1224.25,1222.83,1223.97,3765151
MOEX:RTSI,2020-11-10T13:26:00+03:00,1224.11,1225.38,1224.06,1225.22,2180362
MOEX:RTSI,2020-11-10T13:27:00+03:00,1225.24,1225.25,1223.98,1224.21,1813277
MOEX:RTSI,2020-11-10T13:28:00+03:00,1224.16,1224.57,1223.89,1224.01,1557688
MOEX:RTSI,2020-11-10T13:29:00+03:00,1224.18,1224.43,1223.72,1224.29,2569919
MOEX:RTSI,2020-11-10T13:30:00+03:00,1224.29,1224.47,1223.15,1224.42,2870699
MOEX:RTSI,2020-11-10T13:31:00+03:00,1224.41,1225.06,1224.06,1225.06,2517431
MOEX:RTSI,2020-11-10T13:32:00+03:00,1225.00,1226.32,1225.00,1226.32,2886899
MOEX:RTSI,2020-11-10T13:33:00+03:00,1226.31,1227.09,1226.27,1226.85,2306014
MOEX:RTSI,2020-11-10T13:34:00+03:00,1226.84,1227.16,1226.19,1226.87,1716214
MOEX:RTSI,2020-11-10T13:35:00+03:00,1226.86,1227.06,1226.68,1226.68,1315623
MOEX:RTSI,2020-11-10T13:36:00+03:00,1226.71,1226.91,1226.60,1226.91,1920524
MOEX:RTSI,2020-11-10T13:37:00+03:00,1227.04,1227.75,1227.04,1227.67,3251459
MOEX:RTSI,2020-11-10T13:38:00+03:00,1227.64,1227.65,1227.30,1227.58,1877763
MOEX:RTSI,2020-11-10T13:39:00+03:00,1227.53,1227.92,1227.53,1227.80,4383623
MOEX:RTSI,2020-11-10T13:40:00+03:00,1227.87,1227.87,1226.40,1226.95,2886997
MOEX:RTSI,2020-11-10T13:41:00+03:00,1226.98,1227.40,1226.85,1227.35,4300721
MOEX:RTSI,2020-11-10T13:42:00+03:00,1227.40,1227.53,1225.98,1226.43,3522108
MOEX:RTSI,2020-11-10T13:43:00+03:00,1226.43,1227.00,1226.39,1226.96,2892736
MOEX:RTSI,2020-11-10T13:44:00+03:00,1227.15,1227.37,1227.05,1227.10,2847030
MOEX:RTSI,2020-11-10T13:45:00+03:00,1227.10,1227.31,1226.65,1226.72,3964420
MOEX:RTSI,2020-11-10T13:46:00+03:00,1226.66,1227.13,1226.64,1226.94,3733081
MOEX:RTSI,2020-11-10T13:47:00+03:00,1226.95,1226.95,1225.92,1226.24,2965285
MOEX:RTSI,2020-11-10T13:48:00+03:00,1226.24,1226.24,1225.21,1225.45,2528315
MOEX:RTSI,2020-11-10T13:49:00+03:00,1225.40,1225.45,1224.80,1224.80,2241441
MOEX:RTSI,2020-11-10T13:50:00+03:00,1224.79,1225.08,1224.38,1224.95,2476762
MOEX:RTSI,2020-11-10T13:51:00+03:00,1224.92,1225.03,1224.37,1224.54,1785433
MOEX:RTSI,2020-11-10T13:52:00+03:00,1224.53,1225.11,1224.37,1225.09,5373644
MOEX:RTSI,2020-11-10T13:53:00+03:00,1225.12,1226.13,1225.10,1226.13,7416560
MOEX:RTSI,2020-11-10T13:54:00+03:00,1226.14,1227.00,1226.08,1227.00,6553974
MOEX:RTSI,2020-11-10T13:55:00+03:00,1226.94,1227.05,1226.33,1226.33,3140628
MOEX:RTSI,2020-11-10T13:56:00+03:00,1226.29,1226.67,1226.23,1226.46,1873414
MOEX:RTSI,2020-11-10T13:57:00+03:00,1226.43,1227.02,1226.17,1226.17,2310120
MOEX:RTSI,2020-11-10T13:58:00+03:00,1226.14,1226.48,1226.09,1226.27,1433985
MOEX:RTSI,2020-11-10T13:59:00+03:00,1226.23,1226.24,1225.55,1225.85,1737188
MOEX:RTSI,2020-11-10T14:00:00+03:00,1225.87,1225.97,1225.65,1225.89,1352499
MOEX:RTSI,2020-11-10T14:01:00+03:00,1225.91,1226.37,1225.91,1226.35,1375255
MOEX:RTSI,2020-11-10T14:02:00+03:00,1226.35,1226.62,1226.35,1226.58,5331476
MOEX:RTSI,2020-11-10T14:03:00+03:00,1226.62,1227.22,1226.56,1227.22,4989796
MOEX:RTSI,2020-11-10T14:04:00+03:00,1227.25,1227.40,1227.14,1227.30,2264080
MOEX:RTSI,2020-11-10T14:05:00+03:00,1227.31,1228.47,1226.89,1227.64,6688410
MOEX:RTSI,2020-11-10T14:06:00+03:00,1227.65,1228.58,1227.61,1227.99,1712971
MOEX:RTSI,2020-11-10T14:07:00+03:00,1227.99,1228.11,1227.39,1227.97,2103050
MOEX:RTSI,2020-11-10T14:08:00+03:00,1227.93,1228.60,1227.70,1228.55,2413203
MOEX:RTSI,2020-11-10T14:09:00+03:00,1228.59,1228.59,1228.04,1228.21,2559108
MOEX:RTSI,2020-11-10T14:10:00+03:00,1228.25,1229.05,1228.18,1228.96,2001474
MOEX:RTSI,2020-11-10T14:11:00+03:00,1228.88,1229.69,1228.88,1229.28,2766813
MOEX:RTSI,2020-11-10T14:12:00+03:00,1229.33,1229.73,1229.06,1229.06,1118408
MOEX:RTSI,2020-11-10T14:13:00+03:00,1229.03,1229.03,1228.19,1228.28,3183266
MOEX:RTSI,2020-11-10T14:14:00+03:00,1228.28,1228.50,1228.14,1228.37,2003635
MOEX:RTSI,2020-11-10T14:15:00+03:00,1228.38,1229.11,1228.28,1228.91,2216480
MOEX:RTSI,2020-11-10T14:16:00+03:00,1228.89,1229.20,1228.83,1229.07,2881870
MOEX:RTSI,2020-11-10T14:17:00+03:00,1229.02,1229.28,1228.96,1228.96,1732265
MOEX:RTSI,2020-11-10T14:18:00+03:00,1228.96,1229.00,1228.45,1228.53,1690287
MOEX:RTSI,2020-11-10T14:19:00+03:00,1228.55,1228.85,1228.46,1228.84,1737943
MOEX:RTSI,2020-11-10T14:20:00+03:00,1228.83,1229.09,1228.44,1228.73,2007554
MOEX:RTSI,2020-11-10T14:21:00+03:00,1228.72,1229.09,1228.58,1229.04,1621651
MOEX:RTSI,2020-11-10T14:22:00+03:00,1229.04,1229.38,1228.18,1228.18,5029249
MOEX:RTSI,2020-11-10T14:23:00+03:00,1228.17,1228.34,1227.17,1227.19,2973395
MOEX:RTSI,2020-11-10T14:24:00+03:00,1226.73,1228.05,1226.73,1227.93,2611464
MOEX:RTSI,2020-11-10T14:25:00+03:00,1227.67,1228.41,1227.35,1228.37,2744009
MOEX:RTSI,2020-11-10T14:26:00+03:00,1228.36,1228.81,1228.36,1228.57,2027398
MOEX:RTSI,2020-11-10T14:27:00+03:00,1228.56,1228.76,1228.22,1228.63,3405828
MOEX:RTSI,2020-11-10T14:28:00+03:00,1228.57,1228.91,1228.46,1228.58,1064317
MOEX:RTSI,2020-11-10T14:29:00+03:00,1228.62,1228.62,1227.15,1227.66,2757596
MOEX:RTSI,2020-11-10T14:30:00+03:00,1227.69,1227.92,1227.32,1227.34,2620114
MOEX:RTSI,2020-11-10T14:31:00+03:00,1227.23,1227.87,1226.97,1227.87,4596545
MOEX:RTSI,2020-11-10T14:32:00+03:00,1227.86,1228.25,1227.86,1228.18,2033111
MOEX:RTSI,2020-11-10T14:33:00+03:00,1228.23,1228.40,1228.06,1228.36,1882837
MOEX:RTSI,2020-11-10T14:34:00+03:00,1228.32,1229.02,1228.24,1228.96,2240322
MOEX:RTSI,2020-11-10T14:35:00+03:00,1228.98,1229.71,1228.98,1229.66,3274967
MOEX:RTSI,2020-11-10T14:36:00+03:00,1229.68,1230.03,1229.56,1229.87,2715305
MOEX:RTSI,2020-11-10T14:37:00+03:00,1229.89,1230.65,1229.89,1230.56,4467912
MOEX:RTSI,2020-11-10T14:38:00+03:00,1230.58,1231.04,1230.56,1230.89,2675407
MOEX:RTSI,2020-11-10T14:39:00+03:00,1230.89,1231.27,1230.56,1230.69,2647456
MOEX:RTSI,2020-11-10T14:40:00+03:00,1230.72,1230.98,1230.58,1230.94,2286173
MOEX:RTSI,2020-11-10T14:41:00+03:00,1230.92,1231.08,1230.69,1230.69,1719377
MOEX:RTSI,2020-11-10T14:42:00+03:00,1230.68,1230.84,1230.03,1230.03,1736408
MOEX:RTSI,2020-11-10T14:43:00+03:00,1230.05,1230.35,1230.00,1230.26,1840558
MOEX:RTSI,2020-11-10T14:44:00+03:00,1230.27,1230.27,1228.97,1229.25,2831731
MOEX:RTSI,2020-11-10T14:45:00+03:00,1229.23,1230.16,1229.16,1230.12,2883366
MOEX:RTSI,2020-11-10T14:46:00+03:00,1230.15,1230.69,1230.13,1230.35,3087077
MOEX:RTSI,2020-11-10T14:47:00+03:00,1230.37,1230.61,1230.28,1230.32,1055085
MOEX:RTSI,2020-11-10T14:48:00+03:00,1230.30,1230.36,1230.01,1230.36,1105478
MOEX:RTSI,2020-11-10T14:49:00+03:00,1230.35,1230.56,1229.76,1229.86,3932670
MOEX:RTSI,2020-11-10T14:50:00+03:00,1229.83,1229.84,1228.79,1228.87,1230398
MOEX:RTSI,2020-11-10T14:51:00+03:00,1228.91,1229.29,1228.57,1229.29,2089492
MOEX:RTSI,2020-11-10T14:52:00+03:00,1229.29,1230.05,1229.29,1229.71,2520724
MOEX:RTSI,2020-11-10T14:53:00+03:00,1229.78,1230.69,1229.69,1230.65,2288236
MOEX:RTSI,2020-11-10T14:54:00+03:00,1231.09,1232.59,1231.03,1232.44,3648706
MOEX:RTSI,2020-11-10T14:55:00+03:00,1232.47,1232.52,1231.96,1231.99,1275308
MOEX:RTSI,2020-11-10T14:56:00+03:00,1232.12,1232.27,1231.82,1231.82,2585627
MOEX:RTSI,2020-11-10T14:57:00+03:00,1231.81,1232.04,1231.49,1232.01,2755272
MOEX:RTSI,2020-11-10T14:58:00+03:00,1232.09,1233.00,1231.77,1233.00,9114298
MOEX:RTSI,2020-11-10T14:59:00+03:00,1232.97,1233.24,1232.82,1232.90,3654357
MOEX:RTSI,2020-11-10T15:00:00+03:00,1232.90,1233.84,1232.57,1232.69,6074234
MOEX:RTSI,2020-11-10T15:01:00+03:00,1232.70,1232.90,1232.36,1232.36,4937416
MOEX:RTSI,2020-11-10T15:02:00+03:00,1232.33,1232.60,1232.24,1232.25,2013592
MOEX:RTSI,2020-11-10T15:03:00+03:00,1232.27,1232.60,1231.81,1232.37,7456474
MOEX:RTSI,2020-11-10T15:04:00+03:00,1232.35,1232.96,1232.30,1232.87,2763369
MOEX:RTSI,2020-11-10T15:05:00+03:00,1233.04,1233.74,1232.99,1233.25,3593030
MOEX:RTSI,2020-11-10T15:06:00+03:00,1233.30,1233.30,1232.75,1232.85,2367304
MOEX:RTSI,2020-11-10T15:07:00+03:00,1232.92,1233.46,1232.92,1233.02,7170109
MOEX:RTSI,2020-11-10T15:08:00+03:00,1232.97,1233.67,1232.58,1232.59,5570869
MOEX:RTSI,2020-11-10T15:09:00+03:00,1232.60,1232.60,1231.20,1231.33,6865023
MOEX:RTSI,2020-11-10T15:10:00+03:00,1231.50,1231.64,1231.28,1231.50,2014154
MOEX:RTSI,2020-11-10T15:11:00+03:00,1231.53,1232.11,1231.33,1231.73,2254820
MOEX:RTSI,2020-11-10T15:12:00+03:00,1231.71,1232.14,1231.71,1231.84,1446765
MOEX:RTSI,2020-11-10T15:13:00+03:00,1231.72,1231.72,1231.22,1231.34,1983514
MOEX:RTSI,2020-11-10T15:14:00+03:00,1231.36,1232.01,1231.31,1231.83,1823820
MOEX:RTSI,2020-11-10T15:15:00+03:00,1231.85,1231.94,1231.30,1231.34,5290273
MOEX:RTSI,2020-11-10T15:16:00+03:00,1231.36,1231.62,1231.11,1231.19,2715128
MOEX:RTSI,2020-11-10T15:17:00+03:00,1231.25,1231.50,1231.06,1231.31,2100754
MOEX:RTSI,2020-11-10T15:18:00+03:00,1231.28,1231.59,1231.26,1231.52,1523752
MOEX:RTSI,2020-11-10T15:19:00+03:00,1231.54,1232.37,1231.52,1232.37,1904625
MOEX:RTSI,2020-11-10T15:20:00+03:00,1232.36,1232.51,1232.23,1232.49,2336421
MOEX:RTSI,2020-11-10T15:21:00+03:00,1232.49,1232.51,1230.96,1231.03,1538899
MOEX:RTSI,2020-11-10T15:22:00+03:00,1231.03,1231.19,1230.39,1230.89,3338655
MOEX:RTSI,2020-11-10T15:23:00+03:00,1230.89,1230.92,1230.57,1230.67,1721327
MOEX:RTSI,2020-11-10T15:24:00+03:00,1230.67,1230.86,1230.58,1230.58,2530741
MOEX:RTSI,2020-11-10T15:25:00+03:00,1230.49,1230.61,1230.12,1230.56,3668879
MOEX:RTSI,2020-11-10T15:26:00+03:00,1230.56,1230.94,1230.56,1230.73,3371041
MOEX:RTSI,2020-11-10T15:27:00+03:00,1230.69,1230.75,1230.42,1230.60,3497315
MOEX:RTSI,2020-11-10T15:28:00+03:00,1230.59,1230.83,1230.52,1230.70,2095727
MOEX:RTSI,2020-11-10T15:29:00+03:00,1230.70,1230.82,1230.61,1230.74,1371440
MOEX:RTSI,2020-11-10T15:30:00+03:00,1230.78,1230.88,1230.70,1230.75,2377412
MOEX:RTSI,2020-11-10T15:31:00+03:00,1230.76,1230.77,1230.44,1230.51,2188406
MOEX:RTSI,2020-11-10T15:32:00+03:00,1230.49,1231.14,1230.46,1231.06,6550044
MOEX:RTSI,2020-11-10T15:33:00+03:00,1231.10,1231.37,1231.10,1231.15,2739533
MOEX:RTSI,2020-11-10T15:34:00+03:00,1231.16,1231.20,1230.87,1230.98,2307699
MOEX:RTSI,2020-11-10T15:35:00+03:00,1230.98,1232.35,1230.98,1232.27,7442431
MOEX:RTSI,2020-11-10T15:36:00+03:00,1232.27,1232.84,1232.21,1232.76,4867698
MOEX:RTSI,2020-11-10T15:37:00+03:00,1232.78,1232.89,1232.56,1232.60,2476149
MOEX:RTSI,2020-11-10T15:38:00+03:00,1232.56,1232.95,1231.90,1232.90,4606501
MOEX:RTSI,2020-11-10T15:39:00+03:00,1232.93,1233.19,1232.84,1232.92,3295205
MOEX:RTSI,2020-11-10T15:40:00+03:00,1232.88,1233.43,1232.88,1233.38,2970071
MOEX:RTSI,2020-11-10T15:41:00+03:00,1233.34,1234.62,1232.58,1234.60,13087897
MOEX:RTSI,2020-11-10T15:42:00+03:00,1234.50,1234.50,1233.93,1234.22,5942507
MOEX:RTSI,2020-11-10T15:43:00+03:00,1234.20,1234.23,1234.03,1234.23,1369033
MOEX:RTSI,2020-11-10T15:44:00+03:00,1234.30,1234.79,1234.15,1234.16,2540724
MOEX:RTSI,2020-11-10T15:45:00+03:00,1234.18,1234.93,1234.01,1234.84,3770904
MOEX:RTSI,2020-11-10T15:46:00+03:00,1234.92,1235.16,1234.26,1234.82,6039840
MOEX:RTSI,2020-11-10T15:47:00+03:00,1234.90,1235.40,1234.77,1235.29,3541587
MOEX:RTSI,2020-11-10T15:48:00+03:00,1235.29,1235.29,1234.68,1234.82,1715442
MOEX:RTSI,2020-11-10T15:49:00+03:00,1234.78,1235.47,1234.78,1235.41,2643250
MOEX:RTSI,2020-11-10T15:50:00+03:00,1235.46,1236.15,1235.34,1236.15,3156522
MOEX:RTSI,2020-11-10T15:51:00+03:00,1236.14,1236.22,1235.72,1236.14,2033096
MOEX:RTSI,2020-11-10T15:52:00+03:00,1236.21,1236.99,1236.21,1236.77,4137177
MOEX:RTSI,2020-11-10T15:53:00+03:00,1236.78,1237.36,1236.78,1237.31,3685829
MOEX:RTSI,2020-11-10T15:54:00+03:00,1237.41,1238.51,1237.37,1238.39,4563696
MOEX:RTSI,2020-11-10T15:55:00+03:00,1238.42,1238.52,1237.76,1237.76,3615314
MOEX:RTSI,2020-11-10T15:56:00+03:00,1237.80,1237.80,1237.40,1237.43,2577366
MOEX:RTSI,2020-11-10T15:57:00+03:00,1237.42,1237.99,1237.25,1237.87,3431942
MOEX:RTSI,2020-11-10T15:58:00+03:00,1237.93,1238.34,1237.83,1238.11,4161777
MOEX:RTSI,2020-11-10T15:59:00+03:00,1238.13,1239.93,1238.13,1239.91,9111867
MOEX:RTSI,2020-11-10T16:00:00+03:00,1239.83,1240.52,1239.69,1240.45,6564090
MOEX:RTSI,2020-11-10T16:01:00+03:00,1240.43,1240.49,1239.41,1239.58,4610321
MOEX:RTSI,2020-11-10T16:02:00+03:00,1239.61,1239.76,1239.09,1239.54,4764477
MOEX:RTSI,2020-11-10T16:03:00+03:00,1239.55,1239.55,1238.87,1238.87,7367810
MOEX:RTSI,2020-11-10T16:04:00+03:00,1238.87,1239.75,1238.87,1239.53,3100112
MOEX:RTSI,2020-11-10T16:05:00+03:00,1239.52,1239.63,1238.57,1238.68,3862487
MOEX:RTSI,2020-11-10T16:06:00+03:00,1238.86,1238.91,1238.23,1238.69,2800104
MOEX:RTSI,2020-11-10T16:07:00+03:00,1238.67,1238.86,1238.31,1238.86,2377377
MOEX:RTSI,2020-11-10T16:08:00+03:00,1238.86,1239.44,1238.84,1239.15,4749338
MOEX:RTSI,2020-11-10T16:09:00+03:00,1239.13,1239.22,1238.16,1238.46,5334115
MOEX:RTSI,2020-11-10T16:10:00+03:00,1238.48,1238.61,1238.29,1238.42,1648474
MOEX:RTSI,2020-11-10T16:11:00+03:00,1238.39,1239.64,1238.35,1239.56,3461610
MOEX:RTSI,2020-11-10T16:12:00+03:00,1239.64,1239.75,1239.14,1239.26,1450227
MOEX:RTSI,2020-11-10T16:13:00+03:00,1239.31,1240.06,1239.29,1240.06,3596529
MOEX:RTSI,2020-11-10T16:14:00+03:00,1240.10,1240.65,1239.83,1240.65,7474651
MOEX:RTSI,2020-11-10T16:15:00+03:00,1240.56,1240.79,1240.02,1240.02,3324018
MOEX:RTSI,2020-11-10T16:16:00+03:00,1240.03,1240.03,1238.81,1239.27,3725134
MOEX:RTSI,2020-11-10T16:17:00+03:00,1239.27,1239.27,1237.57,1237.57,4594876
MOEX:RTSI,2020-11-10T16:18:00+03:00,1237.59,1237.65,1237.30,1237.30,2823351
MOEX:RTSI,2020-11-10T16:19:00+03:00,1237.39,1237.44,1237.39,1237.44,1240960
MOEX:RTSI,2020-11-10T16:20:00+03:00,1236.54,1236.85,1236.54,1236.85,4379160
MOEX:RTSI,2020-11-10T16:21:00+03:00,1236.99,1236.99,1236.99,1236.99,165545
MOEX:RTSI,2020-11-10T16:22:00+03:00,1237.36,1237.38,1237.36,1237.38,2278921
MOEX:RTSI,2020-11-10T16:24:00+03:00,1237.17,1237.17,1237.17,1237.17,3126853
MOEX:RTSI,2020-11-10T16:26:00+03:00,1238.00,1238.03,1237.96,1238.00,5339845
MOEX:RTSI,2020-11-10T16:27:00+03:00,1238.03,1238.21,1237.67,1237.67,1217528
MOEX:RTSI,2020-11-10T16:28:00+03:00,1237.65,1237.67,1237.46,1237.53,1731617
MOEX:RTSI,2020-11-10T16:29:00+03:00,1237.53,1238.08,1237.53,1238.02,1959975
MOEX:RTSI,2020-11-10T16:30:00+03:00,1237.98,1238.22,1237.65,1238.02,1658057
MOEX:RTSI,2020-11-10T16:31:00+03:00,1237.99,1238.00,1237.79,1237.84,1893273
MOEX:RTSI,2020-11-10T16:32:00+03:00,1237.76,1237.76,1236.21,1236.31,1566199
MOEX:RTSI,2020-11-10T16:33:00+03:00,1236.37,1236.89,1236.04,1236.33,2184054
MOEX:RTSI,2020-11-10T16:34:00+03:00,1236.28,1236.60,1236.04,1236.05,1978220
MOEX:RTSI,2020-11-10T16:35:00+03:00,1236.13,1236.84,1236.06,1236.46,1653534
MOEX:RTSI,2020-11-10T16:36:00+03:00,1236.51,1236.53,1236.21,1236.31,1551524
MOEX:RTSI,2020-11-10T16:37:00+03:00,1236.30,1236.48,1234.84,1235.09,2878294
MOEX:RTSI,2020-11-10T16:38:00+03:00,1235.10,1235.31,1234.92,1235.19,1287612
MOEX:RTSI,2020-11-10T16:39:00+03:00,1235.15,1235.15,1234.26,1234.31,306720
MOEX:RTSI,2020-11-10T16:40:00+03:00,1234.29,1234.29,1232.36,1232.53,3052917
MOEX:RTSI,2020-11-10T16:41:00+03:00,1232.51,1232.91,1232.11,1232.81,1883954
MOEX:RTSI,2020-11-10T16:42:00+03:00,1232.64,1232.91,1232.58,1232.90,1610817
MOEX:RTSI,2020-11-10T16:43:00+03:00,1232.96,1233.66,1232.96,1233.62,2802490
MOEX:RTSI,2020-11-10T16:44:00+03:00,1233.68,1234.03,1233.68,1233.74,3615821
MOEX:RTSI,2020-11-10T16:45:00+03:00,1233.75,1233.80,1232.53,1232.67,1969416
MOEX:RTSI,2020-11-10T16:46:00+03:00,1232.65,1232.94,1232.65,1232.94,2317174
MOEX:RTSI,2020-11-10T16:47:00+03:00,1232.89,1233.09,1232.21,1232.23,2609508
MOEX:RTSI,2020-11-10T16:48:00+03:00,1232.23,1232.71,1231.82,1231.86,2930009
MOEX:RTSI,2020-11-10T16:49:00+03:00,1231.76,1231.90,1230.86,1230.99,3019894
MOEX:RTSI,2020-11-10T16:50:00+03:00,1230.98,1232.17,1230.96,1232.17,2464503
MOEX:RTSI,2020-11-10T16:51:00+03:00,1232.34,1233.58,1232.31,1233.46,2424977
MOEX:RTSI,2020-11-10T16:52:00+03:00,1233.50,1233.80,1233.40,1233.80,2674152
MOEX:RTSI,2020-11-10T16:53:00+03:00,1233.85,1234.30,1233.85,1234.06,2451112
MOEX:RTSI,2020-11-10T16:54:00+03:00,1234.04,1234.20,1233.74,1234.01,1810938
MOEX:RTSI,2020-11-10T16:55:00+03:00,1234.01,1234.73,1234.00,1234.49,3645244
MOEX:RTSI,2020-11-10T16:56:00+03:00,1234.46,1234.46,1232.13,1233.11,8487569
MOEX:RTSI,2020-11-10T16:57:00+03:00,1233.08,1233.50,1233.01,1233.21,3157676
MOEX:RTSI,2020-11-10T16:58:00+03:00,1233.16,1234.50,1233.16,1234.34,4732088
MOEX:RTSI,2020-11-10T16:59:00+03:00,1234.31,1234.95,1234.24,1234.48,2475241
MOEX:RTSI,2020-11-10T17:00:00+03:00,1234.51,1234.85,1234.51,1234.78,5468195
MOEX:RTSI,2020-11-10T17:01:00+03:00,1234.75,1235.59,1234.64,1235.55,4377483
MOEX:RTSI,2020-11-10T17:02:00+03:00,1235.52,1236.22,1235.49,1235.92,6596032
MOEX:RTSI,2020-11-10T17:03:00+03:00,1236.06,1236.39,1235.83,1235.98,2402843
MOEX:RTSI,2020-11-10T17:04:00+03:00,1235.98,1236.23,1235.67,1236.23,3310717
MOEX:RTSI,2020-11-10T17:05:00+03:00,1236.22,1236.67,1236.22,1236.56,3758477
MOEX:RTSI,2020-11-10T17:06:00+03:00,1236.50,1236.91,1236.49,1236.70,6261620
MOEX:RTSI,2020-11-10T17:07:00+03:00,1236.67,1237.07,1236.60,1237.06,5760869
MOEX:RTSI,2020-11-10T17:08:00+03:00,1237.09,1237.35,1237.06,1237.33,4338297
MOEX:RTSI,2020-11-10T17:09:00+03:00,1237.35,1237.54,1236.89,1236.99,3295429
MOEX:RTSI,2020-11-10T17:10:00+03:00,1237.00,1237.04,1236.06,1236.30,4027333
MOEX:RTSI,2020-11-10T17:11:00+03:00,1236.27,1236.44,1235.36,1235.36,2445861
MOEX:RTSI,2020-11-10T17:12:00+03:00,1235.32,1235.67,1235.21,1235.41,2323024
MOEX:RTSI,2020-11-10T17:13:00+03:00,1235.43,1236.55,1235.43,1236.34,4760678
MOEX:RTSI,2020-11-10T17:14:00+03:00,1236.33,1236.38,1235.98,1236.14,1366564
MOEX:RTSI,2020-11-10T17:15:00+03:00,1236.07,1236.41,1235.75,1235.81,4154240
MOEX:RTSI,2020-11-10T17:16:00+03:00,1235.83,1235.83,1234.78,1234.78,2787750
MOEX:RTSI,2020-11-10T17:17:00+03:00,1234.74,1234.77,1234.21,1234.42,3496443
MOEX:RTSI,2020-11-10T17:18:00+03:00,1234.35,1234.50,1234.01,1234.01,2888742
MOEX:RTSI,2020-11-10T17:19:00+03:00,1234.09,1234.51,1233.94,1234.16,4234128
MOEX:RTSI,2020-11-10T17:20:00+03:00,1234.08,1234.55,1234.08,1234.24,3091792
MOEX:RTSI,2020-11-10T17:21:00+03:00,1234.30,1234.30,1233.72,1233.72,1229054
MOEX:RTSI,2020-11-10T17:22:00+03:00,1233.67,1233.71,1232.91,1232.92,1138328
MOEX:RTSI,2020-11-10T17:23:00+03:00,1232.93,1232.96,1231.81,1231.81,4096526
MOEX:RTSI,2020-11-10T17:24:00+03:00,1231.79,1232.08,1231.75,1231.87,2432776
MOEX:RTSI,2020-11-10T17:25:00+03:00,1231.83,1231.91,1231.41,1231.50,3207909
MOEX:RTSI,2020-11-10T17:26:00+03:00,1231.52,1232.50,1231.52,1232.40,3023544
MOEX:RTSI,2020-11-10T17:27:00+03:00,1232.41,1232.70,1232.32,1232.59,2920789
MOEX:RTSI,2020-11-10T17:28:00+03:00,1232.48,1232.88,1232.27,1232.87,3595242
MOEX:RTSI,2020-11-10T17:29:00+03:00,1232.85,1234.16,1232.73,1234.16,7348025
MOEX:RTSI,2020-11-10T17:30:00+03:00,1234.15,1236.56,1234.15,1236.51,10720829
MOEX:RTSI,2020-11-10T17:31:00+03:00,1236.47,1237.57,1236.47,1237.57,5597389
MOEX:RTSI,2020-11-10T17:32:00+03:00,1237.56,1238.09,1237.23,1237.23,5679552
MOEX:RTSI,2020-11-10T17:33:00+03:00,1237.20,1237.20,1235.45,1235.70,3181994
MOEX:RTSI,2020-11-10T17:34:00+03:00,1235.83,1235.85,1234.58,1234.58,1874792
MOEX:RTSI,2020-11-10T17:35:00+03:00,1234.61,1234.71,1232.56,1232.56,2887341
MOEX:RTSI,2020-11-10T17:36:00+03:00,1232.56,1233.66,1232.56,1232.95,2981085
MOEX:RTSI,2020-11-10T17:37:00+03:00,1232.93,1233.55,1232.70,1233.55,4885765
MOEX:RTSI,2020-11-10T17:38:00+03:00,1233.61,1234.33,1233.61,1233.74,6280127
MOEX:RTSI,2020-11-10T17:39:00+03:00,1233.80,1234.51,1233.80,1233.90,3276970
MOEX:RTSI,2020-11-10T17:40:00+03:00,1233.93,1233.98,1232.67,1233.57,4587046
MOEX:RTSI,2020-11-10T17:41:00+03:00,1233.54,1233.84,1233.18,1233.78,3247864
MOEX:RTSI,2020-11-10T17:42:00+03:00,1233.77,1235.60,1233.77,1235.60,6620095
MOEX:RTSI,2020-11-10T17:43:00+03:00,1235.52,1235.78,1235.48,1235.67,4238718
MOEX:RTSI,2020-11-10T17:44:00+03:00,1235.64,1235.64,1234.58,1234.61,3861310
MOEX:RTSI,2020-11-10T17:45:00+03:00,1234.62,1235.36,1233.97,1235.03,4973869
MOEX:RTSI,2020-11-10T17:46:00+03:00,1234.99,1235.77,1234.56,1235.72,3025574
MOEX:RTSI,2020-11-10T17:47:00+03:00,1235.73,1235.87,1235.43,1235.54,3488295
MOEX:RTSI,2020-11-10T17:48:00+03:00,1235.46,1235.46,1234.84,1234.94,3475236
MOEX:RTSI,2020-11-10T17:49:00+03:00,1234.91,1236.54,1234.91,1236.42,5141512
MOEX:RTSI,2020-11-10T17:50:00+03:00,1236.38,1237.03,1236.38,1236.67,4614157
MOEX:RTSI,2020-11-10T17:51:00+03:00,1236.66,1237.50,1236.45,1237.26,9145263
MOEX:RTSI,2020-11-10T17:52:00+03:00,1237.26,1237.36,1236.36,1236.92,5106300
MOEX:RTSI,2020-11-10T17:53:00+03:00,1236.97,1237.41,1236.64,1237.39,8254108
MOEX:RTSI,2020-11-10T17:54:00+03:00,1237.32,1237.84,1237.31,1237.39,5808078
MOEX:RTSI,2020-11-10T17:55:00+03:00,1237.36,1237.69,1237.10,1237.41,3227004
MOEX:RTSI,2020-11-10T17:56:00+03:00,1237.40,1238.33,1237.34,1238.29,5581467
MOEX:RTSI,2020-11-10T17:57:00+03:00,1238.40,1239.02,1238.18,1238.60,6380592
MOEX:RTSI,2020-11-10T17:58:00+03:00,1238.65,1238.86,1238.34,1238.48,3681364
MOEX:RTSI,2020-11-10T17:59:00+03:00,1238.51,1238.95,1238.37,1238.89,4597031
MOEX:RTSI,2020-11-10T18:00:00+03:00,1238.89,1238.91,1237.92,1237.97,3605148
MOEX:RTSI,2020-11-10T18:01:00+03:00,1237.97,1238.04,1237.64,1237.93,3768940
MOEX:RTSI,2020-11-10T18:02:00+03:00,1237.93,1237.93,1237.23,1237.24,3813095
MOEX:RTSI,2020-11-10T18:03:00+03:00,1237.28,1237.50,1237.19,1237.50,4950907
MOEX:RTSI,2020-11-10T18:04:00+03:00,1237.49,1239.25,1237.49,1239.24,5092487
MOEX:RTSI,2020-11-10T18:05:00+03:00,1239.25,1239.41,1239.07,1239.28,4266863
MOEX:RTSI,2020-11-10T18:06:00+03:00,1239.20,1239.20,1238.30,1238.30,7675088
MOEX:RTSI,2020-11-10T18:07:00+03:00,1238.31,1238.49,1237.41,1237.44,3809234
MOEX:RTSI,2020-11-10T18:08:00+03:00,1237.45,1237.45,1236.44,1236.64,4376969
MOEX:RTSI,2020-11-10T18:09:00+03:00,1236.65,1237.74,1236.63,1237.64,4090740
MOEX:RTSI,2020-11-10T18:10:00+03:00,1237.67,1238.62,1237.67,1238.07,4447062
MOEX:RTSI,2020-11-10T18:11:00+03:00,1238.10,1238.24,1236.62,1236.90,4517046
MOEX:RTSI,2020-11-10T18:12:00+03:00,1236.96,1237.81,1236.96,1237.18,5847198
MOEX:RTSI,2020-11-10T18:13:00+03:00,1237.21,1238.12,1237.17,1238.07,4808030
MOEX:RTSI,2020-11-10T18:14:00+03:00,1238.09,1238.24,1237.17,1237.17,3442216
MOEX:RTSI,2020-11-10T18:15:00+03:00,1237.27,1238.73,1237.15,1238.70,4839874
MOEX:RTSI,2020-11-10T18:16:00+03:00,1238.64,1238.73,1238.04,1238.21,3685371
MOEX:RTSI,2020-11-10T18:17:00+03:00,1238.11,1238.26,1237.97,1238.01,2040500
MOEX:RTSI,2020-11-10T18:18:00+03:00,1238.06,1238.98,1238.06,1238.98,3790762
MOEX:RTSI,2020-11-10T18:19:00+03:00,1239.03,1239.15,1238.61,1238.78,3458004
MOEX:RTSI,2020-11-10T18:20:00+03:00,1238.75,1238.80,1238.38,1238.67,4943440
MOEX:RTSI,2020-11-10T18:21:00+03:00,1238.70,1238.73,1238.18,1238.29,4292713
MOEX:RTSI,2020-11-10T18:22:00+03:00,1238.23,1238.23,1236.30,1236.30,3965112
MOEX:RTSI,2020-11-10T18:23:00+03:00,1236.31,1236.58,1235.78,1235.92,3558158
MOEX:RTSI,2020-11-10T18:24:00+03:00,1235.90,1235.90,1235.36,1235.36,5765987
MOEX:RTSI,2020-11-10T18:25:00+03:00,1235.35,1235.48,1234.92,1234.95,4929308
MOEX:RTSI,2020-11-10T18:26:00+03:00,1234.89,1235.01,1234.36,1234.45,4619351
MOEX:RTSI,2020-11-10T18:27:00+03:00,1234.55,1235.23,1234.44,1235.18,4740581
MOEX:RTSI,2020-11-10T18:28:00+03:00,1235.17,1235.45,1235.13,1235.23,4614652
MOEX:RTSI,2020-11-10T18:29:00+03:00,1235.24,1235.24,1234.76,1234.86,4008402
MOEX:RTSI,2020-11-10T18:30:00+03:00,1234.92,1235.57,1234.92,1235.00,5423706
MOEX:RTSI,2020-11-10T18:31:00+03:00,1235.03,1235.03,1234.05,1234.11,5453944
MOEX:RTSI,2020-11-10T18:32:00+03:00,1234.12,1234.12,1233.19,1233.40,3193260
MOEX:RTSI,2020-11-10T18:33:00+03:00,1233.28,1233.39,1233.04,1233.22,3350477
MOEX:RTSI,2020-11-10T18:34:00+03:00,1233.28,1233.72,1232.87,1233.70,4532906
MOEX:RTSI,2020-11-10T18:35:00+03:00,1233.71,1233.97,1233.43,1233.50,3863848
MOEX:RTSI,2020-11-10T18:36:00+03:00,1233.42,1233.71,1232.75,1232.75,3727044
MOEX:RTSI,2020-11-10T18:37:00+03:00,1232.74,1233.24,1232.73,1232.98,5722739
MOEX:RTSI,2020-11-10T18:38:00+03:00,1232.82,1233.04,1232.16,1232.16,4698210
MOEX:RTSI,2020-11-10T18:39:00+03:00,1232.19,1232.42,1231.59,1231.59,4377185
MOEX:RTSI,2020-11-10T18:40:00+03:00,1231.60,1231.60,1231.60,1231.60,7441
MOEX:RTSI,2020-11-10T18:50:00+03:00,1232.87,1232.87,1232.87,1232.87,60882319
