MOEX:VTBR,2020-05-04T10:00:00+03:00,0.034510,0.034540,0.034350,0.034390,556410000
MOEX:VTBR,2020-05-04T10:01:00+03:00,0.034385,0.034425,0.034225,0.034410,615950000
MOEX:VTBR,2020-05-04T10:02:00+03:00,0.034410,0.034450,0.034390,0.034445,347790000
MOEX:VTBR,2020-05-04T10:03:00+03:00,0.034445,0.034460,0.034410,0.034445,142090000
MOEX:VTBR,2020-05-04T10:04:00+03:00,0.034445,0.034465,0.034425,0.034460,131360000
MOEX:VTBR,2020-05-04T10:05:00+03:00,0.034460,0.034500,0.034385,0.034390,283540000
MOEX:VTBR,2020-05-04T10:06:00+03:00,0.034395,0.034410,0.034300,0.034380,268730000
MOEX:VTBR,2020-05-04T10:07:00+03:00,0.034380,0.034380,0.034290,0.034290,707560000
MOEX:VTBR,2020-05-04T10:08:00+03:00,0.034290,0.034345,0.034290,0.034335,132730000
MOEX:VTBR,2020-05-04T10:09:00+03:00,0.034340,0.034440,0.034340,0.034440,162080000
MOEX:VTBR,2020-05-04T10:10:00+03:00,0.034420,0.034450,0.034350,0.034375,93680000
MOEX:VTBR,2020-05-04T10:11:00+03:00,0.034380,0.034395,0.034300,0.034305,130320000
MOEX:VTBR,2020-05-04T10:12:00+03:00,0.034305,0.034350,0.034290,0.034345,173770000
MOEX:VTBR,2020-05-04T10:13:00+03:00,0.034335,0.034335,0.034220,0.034240,500770000
MOEX:VTBR,2020-05-04T10:14:00+03:00,0.034240,0.034250,0.034130,0.034160,465380000
MOEX:VTBR,2020-05-04T10:15:00+03:00,0.034160,0.034260,0.034105,0.034255,337990000
MOEX:VTBR,2020-05-04T10:16:00+03:00,0.034250,0.034315,0.034200,0.034255,213110000
MOEX:VTBR,2020-05-04T10:17:00+03:00,0.034255,0.034280,0.034225,0.034250,158120000
MOEX:VTBR,2020-05-04T10:18:00+03:00,0.034250,0.034270,0.034240,0.034250,118070000
MOEX:VTBR,2020-05-04T10:19:00+03:00,0.034250,0.034270,0.034240,0.034265,114290000
MOEX:VTBR,2020-05-04T10:20:00+03:00,0.034260,0.034300,0.034240,0.034285,188690000
MOEX:VTBR,2020-05-04T10:21:00+03:00,0.034300,0.034335,0.034270,0.034290,297930000
MOEX:VTBR,2020-05-04T10:22:00+03:00,0.034280,0.034285,0.034230,0.034245,213810000
MOEX:VTBR,2020-05-04T10:23:00+03:00,0.034235,0.034335,0.034230,0.034335,141760000
MOEX:VTBR,2020-05-04T10:24:00+03:00,0.034335,0.034390,0.034335,0.034380,89530000
MOEX:VTBR,2020-05-04T10:25:00+03:00,0.034380,0.034380,0.034275,0.034295,94970000
MOEX:VTBR,2020-05-04T10:26:00+03:00,0.034300,0.034380,0.034290,0.034365,129920000
MOEX:VTBR,2020-05-04T10:27:00+03:00,0.034375,0.034380,0.034350,0.034380,32480000
MOEX:VTBR,2020-05-04T10:28:00+03:00,0.034380,0.034400,0.034240,0.034320,240260000
MOEX:VTBR,2020-05-04T10:29:00+03:00,0.034320,0.034360,0.034290,0.034360,63700000
MOEX:VTBR,2020-05-04T10:30:00+03:00,0.034345,0.034380,0.034335,0.034365,28280000
MOEX:VTBR,2020-05-04T10:31:00+03:00,0.034355,0.034375,0.034340,0.034360,19250000
MOEX:VTBR,2020-05-04T10:32:00+03:00,0.034360,0.034425,0.034355,0.034425,86100000
MOEX:VTBR,2020-05-04T10:33:00+03:00,0.034430,0.034470,0.034410,0.034455,75860000
MOEX:VTBR,2020-05-04T10:34:00+03:00,0.034455,0.034485,0.034420,0.034445,64070000
MOEX:VTBR,2020-05-04T10:35:00+03:00,0.034435,0.034475,0.034430,0.034465,87580000
MOEX:VTBR,2020-05-04T10:36:00+03:00,0.034465,0.034475,0.034405,0.034440,107090000
MOEX:VTBR,2020-05-04T10:37:00+03:00,0.034415,0.034470,0.034415,0.034445,98070000
MOEX:VTBR,2020-05-04T10:38:00+03:00,0.034445,0.034470,0.034440,0.034450,31900000
MOEX:VTBR,2020-05-04T10:39:00+03:00,0.034460,0.034470,0.034455,0.034465,84120000
MOEX:VTBR,2020-05-04T10:40:00+03:00,0.034465,0.034465,0.034425,0.034450,78300000
MOEX:VTBR,2020-05-04T10:41:00+03:00,0.034435,0.034470,0.034430,0.034450,25240000
MOEX:VTBR,2020-05-04T10:42:00+03:00,0.034460,0.034470,0.034450,0.034460,39730000
MOEX:VTBR,2020-05-04T10:43:00+03:00,0.034460,0.034460,0.034420,0.034425,37920000
MOEX:VTBR,2020-05-04T10:44:00+03:00,0.034435,0.034460,0.034420,0.034435,53990000
MOEX:VTBR,2020-05-04T10:45:00+03:00,0.034435,0.034440,0.034420,0.034425,13240000
MOEX:VTBR,2020-05-04T10:46:00+03:00,0.034425,0.034460,0.034420,0.034445,127200000
MOEX:VTBR,2020-05-04T10:47:00+03:00,0.034445,0.034460,0.034440,0.034445,45430000
MOEX:VTBR,2020-05-04T10:48:00+03:00,0.034445,0.034460,0.034435,0.034455,34540000
MOEX:VTBR,2020-05-04T10:49:00+03:00,0.034455,0.034460,0.034425,0.034440,77360000
MOEX:VTBR,2020-05-04T10:50:00+03:00,0.034435,0.034440,0.034390,0.034400,78910000
MOEX:VTBR,2020-05-04T10:51:00+03:00,0.034390,0.034410,0.034355,0.034400,84470000
MOEX:VTBR,2020-05-04T10:52:00+03:00,0.034400,0.034400,0.034380,0.034390,24730000
MOEX:VTBR,2020-05-04T10:53:00+03:00,0.034420,0.034430,0.034395,0.034430,58420000
MOEX:VTBR,2020-05-04T10:54:00+03:00,0.034435,0.034450,0.034425,0.034440,58050000
MOEX:VTBR,2020-05-04T10:55:00+03:00,0.034430,0.034440,0.034410,0.034420,35840000
MOEX:VTBR,2020-05-04T10:56:00+03:00,0.034425,0.034425,0.034410,0.034410,14390000
MOEX:VTBR,2020-05-04T10:57:00+03:00,0.034415,0.034435,0.034410,0.034425,53880000
MOEX:VTBR,2020-05-04T10:58:00+03:00,0.034435,0.034450,0.034420,0.034435,135360000
MOEX:VTBR,2020-05-04T10:59:00+03:00,0.034420,0.034445,0.034420,0.034445,150850000
MOEX:VTBR,2020-05-04T11:00:00+03:00,0.034435,0.034440,0.034385,0.034390,223820000
MOEX:VTBR,2020-05-04T11:01:00+03:00,0.034390,0.034420,0.034380,0.034390,52470000
MOEX:VTBR,2020-05-04T11:02:00+03:00,0.034400,0.034415,0.034385,0.034410,44500000
MOEX:VTBR,2020-05-04T11:03:00+03:00,0.034420,0.034440,0.034410,0.034425,18670000
MOEX:VTBR,2020-05-04T11:04:00+03:00,0.034425,0.034445,0.034420,0.034435,70750000
MOEX:VTBR,2020-05-04T11:05:00+03:00,0.034440,0.034470,0.034440,0.034450,336430000
MOEX:VTBR,2020-05-04T11:06:00+03:00,0.034450,0.034450,0.034420,0.034435,38120000
MOEX:VTBR,2020-05-04T11:07:00+03:00,0.034420,0.034435,0.034400,0.034420,27530000
MOEX:VTBR,2020-05-04T11:08:00+03:00,0.034420,0.034455,0.034390,0.034395,172230000
MOEX:VTBR,2020-05-04T11:09:00+03:00,0.034395,0.034400,0.034380,0.034400,63570000
MOEX:VTBR,2020-05-04T11:10:00+03:00,0.034400,0.034400,0.034380,0.034380,66580000
MOEX:VTBR,2020-05-04T11:11:00+03:00,0.034385,0.034390,0.034370,0.034375,22930000
MOEX:VTBR,2020-05-04T11:12:00+03:00,0.034390,0.034395,0.034370,0.034380,19130000
MOEX:VTBR,2020-05-04T11:13:00+03:00,0.034375,0.034390,0.034370,0.034380,17530000
MOEX:VTBR,2020-05-04T11:14:00+03:00,0.034380,0.034380,0.034360,0.034365,36470000
MOEX:VTBR,2020-05-04T11:15:00+03:00,0.034370,0.034390,0.034360,0.034380,27270000
MOEX:VTBR,2020-05-04T11:16:00+03:00,0.034390,0.034390,0.034360,0.034360,108250000
MOEX:VTBR,2020-05-04T11:17:00+03:00,0.034360,0.034375,0.034360,0.034370,32860000
MOEX:VTBR,2020-05-04T11:18:00+03:00,0.034370,0.034400,0.034365,0.034400,17640000
MOEX:VTBR,2020-05-04T11:19:00+03:00,0.034395,0.034400,0.034370,0.034370,27790000
MOEX:VTBR,2020-05-04T11:20:00+03:00,0.034375,0.034395,0.034365,0.034385,31340000
MOEX:VTBR,2020-05-04T11:21:00+03:00,0.034390,0.034400,0.034375,0.034385,41040000
MOEX:VTBR,2020-05-04T11:22:00+03:00,0.034385,0.034395,0.034375,0.034390,21980000
MOEX:VTBR,2020-05-04T11:23:00+03:00,0.034390,0.034400,0.034390,0.034395,17490000
MOEX:VTBR,2020-05-04T11:24:00+03:00,0.034390,0.034400,0.034385,0.034395,37380000
MOEX:VTBR,2020-05-04T11:25:00+03:00,0.034390,0.034395,0.034375,0.034385,33380000
MOEX:VTBR,2020-05-04T11:26:00+03:00,0.034370,0.034395,0.034365,0.034390,14770000
MOEX:VTBR,2020-05-04T11:27:00+03:00,0.034395,0.034395,0.034375,0.034380,19500000
MOEX:VTBR,2020-05-04T11:28:00+03:00,0.034375,0.034380,0.034360,0.034370,91900000
MOEX:VTBR,2020-05-04T11:29:00+03:00,0.034370,0.034390,0.034360,0.034390,31410000
MOEX:VTBR,2020-05-04T11:30:00+03:00,0.034390,0.034390,0.034360,0.034370,28820000
MOEX:VTBR,2020-05-04T11:31:00+03:00,0.034360,0.034395,0.034360,0.034395,3340000
MOEX:VTBR,2020-05-04T11:32:00+03:00,0.034385,0.034400,0.034385,0.034395,41180000
MOEX:VTBR,2020-05-04T11:33:00+03:00,0.034390,0.034400,0.034375,0.034375,22260000
MOEX:VTBR,2020-05-04T11:34:00+03:00,0.034385,0.034385,0.034365,0.034365,16750000
MOEX:VTBR,2020-05-04T11:35:00+03:00,0.034365,0.034385,0.034365,0.034380,5890000
MOEX:VTBR,2020-05-04T11:36:00+03:00,0.034380,0.034395,0.034370,0.034390,45680000
MOEX:VTBR,2020-05-04T11:37:00+03:00,0.034370,0.034395,0.034370,0.034395,9020000
MOEX:VTBR,2020-05-04T11:38:00+03:00,0.034380,0.034400,0.034375,0.034385,31310000
MOEX:VTBR,2020-05-04T11:39:00+03:00,0.034385,0.034385,0.034360,0.034365,9480000
MOEX:VTBR,2020-05-04T11:40:00+03:00,0.034370,0.034385,0.034360,0.034380,23780000
MOEX:VTBR,2020-05-04T11:41:00+03:00,0.034380,0.034380,0.034360,0.034380,5650000
MOEX:VTBR,2020-05-04T11:42:00+03:00,0.034380,0.034400,0.034380,0.034385,10920000
MOEX:VTBR,2020-05-04T11:43:00+03:00,0.034385,0.034400,0.034380,0.034385,18810000
MOEX:VTBR,2020-05-04T11:44:00+03:00,0.034385,0.034385,0.034370,0.034370,23120000
MOEX:VTBR,2020-05-04T11:45:00+03:00,0.034380,0.034395,0.034370,0.034395,13040000
MOEX:VTBR,2020-05-04T11:46:00+03:00,0.034395,0.034395,0.034375,0.034395,23760000
MOEX:VTBR,2020-05-04T11:47:00+03:00,0.034395,0.034395,0.034385,0.034385,8850000
MOEX:VTBR,2020-05-04T11:48:00+03:00,0.034390,0.034400,0.034380,0.034400,163530000
MOEX:VTBR,2020-05-04T11:49:00+03:00,0.034400,0.034400,0.034385,0.034390,18250000
MOEX:VTBR,2020-05-04T11:50:00+03:00,0.034385,0.034400,0.034385,0.034395,3380000
MOEX:VTBR,2020-05-04T11:51:00+03:00,0.034390,0.034395,0.034385,0.034385,14760000
MOEX:VTBR,2020-05-04T11:52:00+03:00,0.034385,0.034400,0.034385,0.034400,105890000
MOEX:VTBR,2020-05-04T11:53:00+03:00,0.034400,0.034400,0.034375,0.034385,94120000
MOEX:VTBR,2020-05-04T11:54:00+03:00,0.034390,0.034390,0.034375,0.034390,8490000
MOEX:VTBR,2020-05-04T11:55:00+03:00,0.034390,0.034390,0.034375,0.034380,14130000
MOEX:VTBR,2020-05-04T11:56:00+03:00,0.034380,0.034380,0.034360,0.034380,47530000
MOEX:VTBR,2020-05-04T11:57:00+03:00,0.034380,0.034380,0.034360,0.034370,4900000
MOEX:VTBR,2020-05-04T11:58:00+03:00,0.034380,0.034380,0.034360,0.034365,43990000
MOEX:VTBR,2020-05-04T11:59:00+03:00,0.034375,0.034375,0.034360,0.034360,75310000
MOEX:VTBR,2020-05-04T12:00:00+03:00,0.034365,0.034375,0.034360,0.034365,57100000
MOEX:VTBR,2020-05-04T12:01:00+03:00,0.034360,0.034370,0.034360,0.034370,45070000
MOEX:VTBR,2020-05-04T12:02:00+03:00,0.034370,0.034370,0.034315,0.034325,235300000
MOEX:VTBR,2020-05-04T12:03:00+03:00,0.034340,0.034355,0.034330,0.034350,20460000
MOEX:VTBR,2020-05-04T12:04:00+03:00,0.034335,0.034350,0.034310,0.034315,62680000
MOEX:VTBR,2020-05-04T12:05:00+03:00,0.034315,0.034340,0.034305,0.034340,22850000
MOEX:VTBR,2020-05-04T12:06:00+03:00,0.034350,0.034365,0.034340,0.034360,9300000
MOEX:VTBR,2020-05-04T12:07:00+03:00,0.034365,0.034365,0.034350,0.034355,220000
MOEX:VTBR,2020-05-04T12:08:00+03:00,0.034355,0.034355,0.034335,0.034340,5560000
MOEX:VTBR,2020-05-04T12:09:00+03:00,0.034340,0.034360,0.034340,0.034345,14260000
MOEX:VTBR,2020-05-04T12:10:00+03:00,0.034360,0.034370,0.034345,0.034370,7250000
MOEX:VTBR,2020-05-04T12:11:00+03:00,0.034370,0.034370,0.034360,0.034360,850000
MOEX:VTBR,2020-05-04T12:12:00+03:00,0.034370,0.034370,0.034350,0.034350,4990000
MOEX:VTBR,2020-05-04T12:13:00+03:00,0.034360,0.034360,0.034335,0.034340,19640000
MOEX:VTBR,2020-05-04T12:14:00+03:00,0.034350,0.034370,0.034340,0.034370,13540000
MOEX:VTBR,2020-05-04T12:15:00+03:00,0.034350,0.034370,0.034325,0.034325,69260000
MOEX:VTBR,2020-05-04T12:16:00+03:00,0.034335,0.034340,0.034320,0.034335,8150000
MOEX:VTBR,2020-05-04T12:17:00+03:00,0.034335,0.034340,0.034320,0.034335,50040000
MOEX:VTBR,2020-05-04T12:18:00+03:00,0.034335,0.034340,0.034325,0.034325,6100000
MOEX:VTBR,2020-05-04T12:19:00+03:00,0.034340,0.034350,0.034330,0.034335,17340000
MOEX:VTBR,2020-05-04T12:20:00+03:00,0.034350,0.034370,0.034335,0.034365,21830000
MOEX:VTBR,2020-05-04T12:21:00+03:00,0.034350,0.034365,0.034345,0.034350,9310000
MOEX:VTBR,2020-05-04T12:22:00+03:00,0.034350,0.034365,0.034345,0.034365,13020000
MOEX:VTBR,2020-05-04T12:23:00+03:00,0.034370,0.034390,0.034355,0.034375,78920000
MOEX:VTBR,2020-05-04T12:24:00+03:00,0.034380,0.034395,0.034380,0.034395,63980000
MOEX:VTBR,2020-05-04T12:25:00+03:00,0.034400,0.034400,0.034385,0.034395,56260000
MOEX:VTBR,2020-05-04T12:26:00+03:00,0.034395,0.034400,0.034395,0.034400,43100000
MOEX:VTBR,2020-05-04T12:27:00+03:00,0.034400,0.034400,0.034390,0.034400,126420000
MOEX:VTBR,2020-05-04T12:28:00+03:00,0.034400,0.034400,0.034395,0.034400,135720000
MOEX:VTBR,2020-05-04T12:29:00+03:00,0.034400,0.034400,0.034395,0.034395,29020000
MOEX:VTBR,2020-05-04T12:30:00+03:00,0.034400,0.034400,0.034395,0.034400,31280000
MOEX:VTBR,2020-05-04T12:31:00+03:00,0.034400,0.034400,0.034380,0.034390,29350000
MOEX:VTBR,2020-05-04T12:32:00+03:00,0.034385,0.034395,0.034380,0.034395,10540000
MOEX:VTBR,2020-05-04T12:33:00+03:00,0.034385,0.034400,0.034380,0.034395,24090000
MOEX:VTBR,2020-05-04T12:34:00+03:00,0.034395,0.034400,0.034380,0.034400,14310000
MOEX:VTBR,2020-05-04T12:35:00+03:00,0.034395,0.034395,0.034380,0.034380,72630000
MOEX:VTBR,2020-05-04T12:36:00+03:00,0.034390,0.034395,0.034385,0.034395,24990000
MOEX:VTBR,2020-05-04T12:37:00+03:00,0.034395,0.034400,0.034380,0.034400,185320000
MOEX:VTBR,2020-05-04T12:38:00+03:00,0.034400,0.034400,0.034395,0.034395,11500000
MOEX:VTBR,2020-05-04T12:39:00+03:00,0.034390,0.034400,0.034380,0.034395,16760000
MOEX:VTBR,2020-05-04T12:40:00+03:00,0.034395,0.034400,0.034390,0.034390,64950000
MOEX:VTBR,2020-05-04T12:41:00+03:00,0.034395,0.034400,0.034395,0.034400,69880000
MOEX:VTBR,2020-05-04T12:42:00+03:00,0.034395,0.034400,0.034390,0.034400,15260000
MOEX:VTBR,2020-05-04T12:43:00+03:00,0.034400,0.034400,0.034395,0.034400,79880000
MOEX:VTBR,2020-05-04T12:44:00+03:00,0.034400,0.034400,0.034390,0.034395,37450000
MOEX:VTBR,2020-05-04T12:45:00+03:00,0.034400,0.034445,0.034395,0.034440,145880000
MOEX:VTBR,2020-05-04T12:46:00+03:00,0.034440,0.034460,0.034425,0.034440,66940000
MOEX:VTBR,2020-05-04T12:47:00+03:00,0.034430,0.034435,0.034390,0.034425,77090000
MOEX:VTBR,2020-05-04T12:48:00+03:00,0.034425,0.034435,0.034405,0.034410,33620000
MOEX:VTBR,2020-05-04T12:49:00+03:00,0.034425,0.034430,0.034405,0.034425,107090000
MOEX:VTBR,2020-05-04T12:50:00+03:00,0.034425,0.034455,0.034425,0.034455,43490000
MOEX:VTBR,2020-05-04T12:51:00+03:00,0.034455,0.034615,0.034450,0.034600,526060000
MOEX:VTBR,2020-05-04T12:52:00+03:00,0.034610,0.034610,0.034520,0.034520,127890000
MOEX:VTBR,2020-05-04T12:53:00+03:00,0.034535,0.034535,0.034500,0.034535,14140000
MOEX:VTBR,2020-05-04T12:54:00+03:00,0.034535,0.034625,0.034515,0.034610,287750000
MOEX:VTBR,2020-05-04T12:55:00+03:00,0.034625,0.034700,0.034600,0.034625,153080000
MOEX:VTBR,2020-05-04T12:56:00+03:00,0.034600,0.034620,0.034570,0.034600,54290000
MOEX:VTBR,2020-05-04T12:57:00+03:00,0.034570,0.034595,0.034550,0.034580,73990000
MOEX:VTBR,2020-05-04T12:58:00+03:00,0.034570,0.034580,0.034530,0.034540,53550000
MOEX:VTBR,2020-05-04T12:59:00+03:00,0.034540,0.034570,0.034540,0.034555,46090000
MOEX:VTBR,2020-05-04T13:00:00+03:00,0.034570,0.034575,0.034540,0.034555,33460000
MOEX:VTBR,2020-05-04T13:01:00+03:00,0.034560,0.034575,0.034555,0.034575,14920000
MOEX:VTBR,2020-05-04T13:02:00+03:00,0.034565,0.034585,0.034560,0.034585,7910000
MOEX:VTBR,2020-05-04T13:03:00+03:00,0.034585,0.034585,0.034550,0.034555,29630000
MOEX:VTBR,2020-05-04T13:04:00+03:00,0.034555,0.034555,0.034540,0.034545,25580000
MOEX:VTBR,2020-05-04T13:05:00+03:00,0.034545,0.034580,0.034525,0.034575,110510000
MOEX:VTBR,2020-05-04T13:06:00+03:00,0.034575,0.034590,0.034555,0.034580,11360000
MOEX:VTBR,2020-05-04T13:07:00+03:00,0.034590,0.034600,0.034575,0.034595,21980000
MOEX:VTBR,2020-05-04T13:08:00+03:00,0.034600,0.034615,0.034595,0.034600,49870000
MOEX:VTBR,2020-05-04T13:09:00+03:00,0.034600,0.034610,0.034560,0.034595,41180000
MOEX:VTBR,2020-05-04T13:10:00+03:00,0.034595,0.034600,0.034570,0.034575,11000000
MOEX:VTBR,2020-05-04T13:11:00+03:00,0.034595,0.034600,0.034565,0.034570,34050000
MOEX:VTBR,2020-05-04T13:12:00+03:00,0.034585,0.034585,0.034550,0.034565,4660000
MOEX:VTBR,2020-05-04T13:13:00+03:00,0.034565,0.034610,0.034565,0.034605,41690000
MOEX:VTBR,2020-05-04T13:14:00+03:00,0.034610,0.034615,0.034595,0.034610,22350000
MOEX:VTBR,2020-05-04T13:15:00+03:00,0.034615,0.034645,0.034610,0.034640,45520000
MOEX:VTBR,2020-05-04T13:16:00+03:00,0.034640,0.034685,0.034630,0.034660,118760000
MOEX:VTBR,2020-05-04T13:17:00+03:00,0.034660,0.034720,0.034660,0.034710,127060000
MOEX:VTBR,2020-05-04T13:18:00+03:00,0.034705,0.034715,0.034675,0.034695,51600000
MOEX:VTBR,2020-05-04T13:19:00+03:00,0.034695,0.034695,0.034670,0.034680,125870000
MOEX:VTBR,2020-05-04T13:20:00+03:00,0.034680,0.034700,0.034655,0.034655,23920000
MOEX:VTBR,2020-05-04T13:21:00+03:00,0.034680,0.034735,0.034675,0.034730,109620000
MOEX:VTBR,2020-05-04T13:22:00+03:00,0.034730,0.034730,0.034690,0.034690,15750000
MOEX:VTBR,2020-05-04T13:23:00+03:00,0.034700,0.034710,0.034685,0.034685,41500000
MOEX:VTBR,2020-05-04T13:24:00+03:00,0.034690,0.034700,0.034660,0.034670,36080000
MOEX:VTBR,2020-05-04T13:25:00+03:00,0.034670,0.034670,0.034615,0.034620,71430000
MOEX:VTBR,2020-05-04T13:26:00+03:00,0.034635,0.034645,0.034620,0.034645,6370000
MOEX:VTBR,2020-05-04T13:27:00+03:00,0.034630,0.034635,0.034610,0.034610,24430000
MOEX:VTBR,2020-05-04T13:28:00+03:00,0.034615,0.034640,0.034615,0.034635,1370000
MOEX:VTBR,2020-05-04T13:29:00+03:00,0.034635,0.034640,0.034625,0.034640,5470000
MOEX:VTBR,2020-05-04T13:30:00+03:00,0.034635,0.034650,0.034615,0.034645,21730000
MOEX:VTBR,2020-05-04T13:31:00+03:00,0.034645,0.034655,0.034630,0.034635,3540000
MOEX:VTBR,2020-05-04T13:32:00+03:00,0.034635,0.034635,0.034610,0.034610,8370000
MOEX:VTBR,2020-05-04T13:33:00+03:00,0.034610,0.034610,0.034595,0.034600,58150000
MOEX:VTBR,2020-05-04T13:34:00+03:00,0.034600,0.034600,0.034585,0.034595,10470000
MOEX:VTBR,2020-05-04T13:35:00+03:00,0.034595,0.034625,0.034585,0.034615,30480000
MOEX:VTBR,2020-05-04T13:36:00+03:00,0.034610,0.034625,0.034600,0.034600,7520000
MOEX:VTBR,2020-05-04T13:37:00+03:00,0.034605,0.034700,0.034605,0.034655,235550000
MOEX:VTBR,2020-05-04T13:38:00+03:00,0.034650,0.034705,0.034635,0.034675,148050000
MOEX:VTBR,2020-05-04T13:39:00+03:00,0.034675,0.034690,0.034645,0.034660,27520000
MOEX:VTBR,2020-05-04T13:40:00+03:00,0.034645,0.034645,0.034625,0.034635,6020000
MOEX:VTBR,2020-05-04T13:41:00+03:00,0.034635,0.034660,0.034625,0.034645,24880000
MOEX:VTBR,2020-05-04T13:42:00+03:00,0.034640,0.034665,0.034640,0.034650,10150000
MOEX:VTBR,2020-05-04T13:43:00+03:00,0.034650,0.034695,0.034650,0.034680,12540000
MOEX:VTBR,2020-05-04T13:44:00+03:00,0.034680,0.034700,0.034670,0.034680,24280000
MOEX:VTBR,2020-05-04T13:45:00+03:00,0.034680,0.034690,0.034670,0.034670,10810000
MOEX:VTBR,2020-05-04T13:46:00+03:00,0.034685,0.034685,0.034655,0.034670,4250000
MOEX:VTBR,2020-05-04T13:47:00+03:00,0.034670,0.034670,0.034655,0.034670,8580000
MOEX:VTBR,2020-05-04T13:48:00+03:00,0.034670,0.034685,0.034650,0.034670,3420000
MOEX:VTBR,2020-05-04T13:49:00+03:00,0.034670,0.034680,0.034650,0.034650,20490000
MOEX:VTBR,2020-05-04T13:50:00+03:00,0.034650,0.034650,0.034640,0.034650,27000000
MOEX:VTBR,2020-05-04T13:51:00+03:00,0.034645,0.034645,0.034605,0.034635,62770000
MOEX:VTBR,2020-05-04T13:52:00+03:00,0.034630,0.034630,0.034595,0.034595,27980000
MOEX:VTBR,2020-05-04T13:53:00+03:00,0.034595,0.034615,0.034580,0.034580,50330000
MOEX:VTBR,2020-05-04T13:54:00+03:00,0.034585,0.034630,0.034580,0.034630,89000000
MOEX:VTBR,2020-05-04T13:55:00+03:00,0.034625,0.034630,0.034605,0.034605,20700000
MOEX:VTBR,2020-05-04T13:56:00+03:00,0.034605,0.034625,0.034600,0.034610,12210000
MOEX:VTBR,2020-05-04T13:57:00+03:00,0.034600,0.034620,0.034585,0.034610,36010000
MOEX:VTBR,2020-05-04T13:58:00+03:00,0.034615,0.034625,0.034605,0.034620,1830000
MOEX:VTBR,2020-05-04T13:59:00+03:00,0.034610,0.034610,0.034585,0.034600,25380000
MOEX:VTBR,2020-05-04T14:00:00+03:00,0.034585,0.034600,0.034585,0.034600,1000000
MOEX:VTBR,2020-05-04T14:01:00+03:00,0.034600,0.034600,0.034585,0.034590,19820000
MOEX:VTBR,2020-05-04T14:02:00+03:00,0.034600,0.034610,0.034590,0.034610,530000
MOEX:VTBR,2020-05-04T14:03:00+03:00,0.034610,0.034620,0.034605,0.034620,4600000
MOEX:VTBR,2020-05-04T14:04:00+03:00,0.034610,0.034620,0.034610,0.034610,6090000
MOEX:VTBR,2020-05-04T14:05:00+03:00,0.034615,0.034640,0.034615,0.034630,22740000
MOEX:VTBR,2020-05-04T14:06:00+03:00,0.034640,0.034640,0.034625,0.034635,4550000
MOEX:VTBR,2020-05-04T14:07:00+03:00,0.034635,0.034660,0.034630,0.034660,31590000
MOEX:VTBR,2020-05-04T14:08:00+03:00,0.034660,0.034660,0.034650,0.034655,5380000
MOEX:VTBR,2020-05-04T14:09:00+03:00,0.034645,0.034655,0.034625,0.034630,74600000
MOEX:VTBR,2020-05-04T14:10:00+03:00,0.034625,0.034655,0.034625,0.034655,18100000
MOEX:VTBR,2020-05-04T14:11:00+03:00,0.034645,0.034655,0.034635,0.034640,15770000
MOEX:VTBR,2020-05-04T14:12:00+03:00,0.034640,0.034660,0.034635,0.034635,29310000
MOEX:VTBR,2020-05-04T14:13:00+03:00,0.034650,0.034665,0.034640,0.034665,13280000
MOEX:VTBR,2020-05-04T14:14:00+03:00,0.034670,0.034670,0.034640,0.034640,15530000
MOEX:VTBR,2020-05-04T14:15:00+03:00,0.034655,0.034660,0.034650,0.034660,10420000
MOEX:VTBR,2020-05-04T14:16:00+03:00,0.034660,0.034660,0.034650,0.034650,8040000
MOEX:VTBR,2020-05-04T14:17:00+03:00,0.034650,0.034660,0.034650,0.034650,6040000
MOEX:VTBR,2020-05-04T14:18:00+03:00,0.034660,0.034690,0.034650,0.034665,22620000
MOEX:VTBR,2020-05-04T14:19:00+03:00,0.034680,0.034680,0.034665,0.034680,2250000
MOEX:VTBR,2020-05-04T14:20:00+03:00,0.034665,0.034690,0.034665,0.034680,72700000
MOEX:VTBR,2020-05-04T14:21:00+03:00,0.034680,0.034680,0.034660,0.034675,420000
MOEX:VTBR,2020-05-04T14:22:00+03:00,0.034660,0.034670,0.034640,0.034640,8820000
MOEX:VTBR,2020-05-04T14:23:00+03:00,0.034640,0.034650,0.034605,0.034605,54080000
MOEX:VTBR,2020-05-04T14:24:00+03:00,0.034610,0.034610,0.034600,0.034610,11620000
MOEX:VTBR,2020-05-04T14:25:00+03:00,0.034610,0.034645,0.034610,0.034620,26270000
MOEX:VTBR,2020-05-04T14:26:00+03:00,0.034625,0.034650,0.034625,0.034650,6310000
MOEX:VTBR,2020-05-04T14:27:00+03:00,0.034650,0.034650,0.034615,0.034620,13290000
MOEX:VTBR,2020-05-04T14:28:00+03:00,0.034635,0.034635,0.034635,0.034635,100000
MOEX:VTBR,2020-05-04T14:29:00+03:00,0.034640,0.034640,0.034605,0.034605,13530000
MOEX:VTBR,2020-05-04T14:30:00+03:00,0.034610,0.034635,0.034610,0.034635,7590000
MOEX:VTBR,2020-05-04T14:31:00+03:00,0.034635,0.034635,0.034615,0.034635,10710000
MOEX:VTBR,2020-05-04T14:32:00+03:00,0.034645,0.034650,0.034625,0.034645,8100000
MOEX:VTBR,2020-05-04T14:33:00+03:00,0.034640,0.034650,0.034640,0.034650,4170000
MOEX:VTBR,2020-05-04T14:34:00+03:00,0.034640,0.034650,0.034630,0.034650,3410000
MOEX:VTBR,2020-05-04T14:35:00+03:00,0.034650,0.034650,0.034645,0.034650,12860000
MOEX:VTBR,2020-05-04T14:36:00+03:00,0.034645,0.034645,0.034615,0.034615,29560000
MOEX:VTBR,2020-05-04T14:37:00+03:00,0.034620,0.034620,0.034605,0.034620,3720000
MOEX:VTBR,2020-05-04T14:38:00+03:00,0.034620,0.034640,0.034620,0.034640,9340000
MOEX:VTBR,2020-05-04T14:39:00+03:00,0.034625,0.034635,0.034620,0.034635,2230000
MOEX:VTBR,2020-05-04T14:40:00+03:00,0.034625,0.034635,0.034620,0.034620,1940000
MOEX:VTBR,2020-05-04T14:41:00+03:00,0.034635,0.034635,0.034620,0.034620,1110000
MOEX:VTBR,2020-05-04T14:42:00+03:00,0.034625,0.034635,0.034625,0.034625,16300000
MOEX:VTBR,2020-05-04T14:43:00+03:00,0.034630,0.034660,0.034630,0.034635,23100000
MOEX:VTBR,2020-05-04T14:44:00+03:00,0.034640,0.034650,0.034620,0.034630,11170000
MOEX:VTBR,2020-05-04T14:45:00+03:00,0.034640,0.034665,0.034635,0.034645,20330000
MOEX:VTBR,2020-05-04T14:46:00+03:00,0.034660,0.034660,0.034630,0.034630,7900000
MOEX:VTBR,2020-05-04T14:47:00+03:00,0.034640,0.034640,0.034605,0.034615,7410000
MOEX:VTBR,2020-05-04T14:48:00+03:00,0.034615,0.034650,0.034605,0.034630,46590000
MOEX:VTBR,2020-05-04T14:49:00+03:00,0.034630,0.034630,0.034545,0.034545,299580000
MOEX:VTBR,2020-05-04T14:50:00+03:00,0.034545,0.034575,0.034530,0.034575,150550000
MOEX:VTBR,2020-05-04T14:51:00+03:00,0.034575,0.034595,0.034575,0.034595,41300000
MOEX:VTBR,2020-05-04T14:52:00+03:00,0.034585,0.034590,0.034575,0.034590,18650000
MOEX:VTBR,2020-05-04T14:53:00+03:00,0.034590,0.034610,0.034585,0.034605,29230000
MOEX:VTBR,2020-05-04T14:54:00+03:00,0.034615,0.034630,0.034615,0.034615,4350000
MOEX:VTBR,2020-05-04T14:55:00+03:00,0.034615,0.034625,0.034610,0.034625,36120000
MOEX:VTBR,2020-05-04T14:56:00+03:00,0.034630,0.034630,0.034620,0.034630,11590000
MOEX:VTBR,2020-05-04T14:57:00+03:00,0.034630,0.034645,0.034630,0.034630,23160000
MOEX:VTBR,2020-05-04T14:58:00+03:00,0.034630,0.034630,0.034615,0.034620,29970000
MOEX:VTBR,2020-05-04T14:59:00+03:00,0.034615,0.034630,0.034615,0.034625,8850000
MOEX:VTBR,2020-05-04T15:00:00+03:00,0.034620,0.034630,0.034615,0.034630,16200000
MOEX:VTBR,2020-05-04T15:01:00+03:00,0.034630,0.034645,0.034620,0.034645,19710000
MOEX:VTBR,2020-05-04T15:02:00+03:00,0.034645,0.034665,0.034635,0.034650,5330000
MOEX:VTBR,2020-05-04T15:03:00+03:00,0.034640,0.034660,0.034635,0.034635,15080000
MOEX:VTBR,2020-05-04T15:04:00+03:00,0.034645,0.034675,0.034645,0.034650,31240000
MOEX:VTBR,2020-05-04T15:05:00+03:00,0.034650,0.034650,0.034620,0.034625,10440000
MOEX:VTBR,2020-05-04T15:06:00+03:00,0.034630,0.034630,0.034610,0.034615,35620000
MOEX:VTBR,2020-05-04T15:07:00+03:00,0.034615,0.034650,0.034615,0.034635,23610000
MOEX:VTBR,2020-05-04T15:08:00+03:00,0.034635,0.034645,0.034630,0.034645,4770000
MOEX:VTBR,2020-05-04T15:09:00+03:00,0.034635,0.034645,0.034610,0.034635,22500000
MOEX:VTBR,2020-05-04T15:10:00+03:00,0.034650,0.034685,0.034645,0.034680,108870000
MOEX:VTBR,2020-05-04T15:11:00+03:00,0.034680,0.034685,0.034650,0.034665,4040000
MOEX:VTBR,2020-05-04T15:12:00+03:00,0.034665,0.034680,0.034660,0.034680,19190000
MOEX:VTBR,2020-05-04T15:13:00+03:00,0.034680,0.034680,0.034665,0.034680,4430000
MOEX:VTBR,2020-05-04T15:14:00+03:00,0.034680,0.034680,0.034645,0.034675,21800000
MOEX:VTBR,2020-05-04T15:15:00+03:00,0.034670,0.034680,0.034660,0.034670,53990000
MOEX:VTBR,2020-05-04T15:16:00+03:00,0.034675,0.034675,0.034670,0.034675,3550000
MOEX:VTBR,2020-05-04T15:17:00+03:00,0.034670,0.034675,0.034655,0.034660,14920000
MOEX:VTBR,2020-05-04T15:18:00+03:00,0.034660,0.034695,0.034660,0.034695,90350000
MOEX:VTBR,2020-05-04T15:19:00+03:00,0.034695,0.034760,0.034695,0.034745,392860000
MOEX:VTBR,2020-05-04T15:20:00+03:00,0.034740,0.034765,0.034705,0.034710,76080000
MOEX:VTBR,2020-05-04T15:21:00+03:00,0.034710,0.034720,0.034710,0.034715,3400000
MOEX:VTBR,2020-05-04T15:22:00+03:00,0.034715,0.034745,0.034700,0.034740,63090000
MOEX:VTBR,2020-05-04T15:23:00+03:00,0.034740,0.034745,0.034725,0.034735,28250000
MOEX:VTBR,2020-05-04T15:24:00+03:00,0.034745,0.034760,0.034740,0.034760,85040000
MOEX:VTBR,2020-05-04T15:25:00+03:00,0.034765,0.034905,0.034765,0.034865,483520000
MOEX:VTBR,2020-05-04T15:26:00+03:00,0.034865,0.034895,0.034825,0.034870,70450000
MOEX:VTBR,2020-05-04T15:27:00+03:00,0.034870,0.034870,0.034830,0.034840,3570000
MOEX:VTBR,2020-05-04T15:28:00+03:00,0.034840,0.034845,0.034820,0.034835,15100000
MOEX:VTBR,2020-05-04T15:29:00+03:00,0.034835,0.034875,0.034815,0.034860,71650000
MOEX:VTBR,2020-05-04T15:30:00+03:00,0.034845,0.034870,0.034835,0.034840,24590000
MOEX:VTBR,2020-05-04T15:31:00+03:00,0.034845,0.034855,0.034835,0.034840,24710000
MOEX:VTBR,2020-05-04T15:32:00+03:00,0.034835,0.034845,0.034755,0.034790,412640000
MOEX:VTBR,2020-05-04T15:33:00+03:00,0.034790,0.034795,0.034770,0.034770,21620000
MOEX:VTBR,2020-05-04T15:34:00+03:00,0.034780,0.034805,0.034775,0.034785,17340000
MOEX:VTBR,2020-05-04T15:35:00+03:00,0.034785,0.034840,0.034785,0.034820,38570000
MOEX:VTBR,2020-05-04T15:36:00+03:00,0.034825,0.034835,0.034820,0.034820,9350000
MOEX:VTBR,2020-05-04T15:37:00+03:00,0.034825,0.034825,0.034790,0.034790,37850000
MOEX:VTBR,2020-05-04T15:38:00+03:00,0.034790,0.034825,0.034790,0.034815,16360000
MOEX:VTBR,2020-05-04T15:39:00+03:00,0.034805,0.034810,0.034795,0.034810,20780000
MOEX:VTBR,2020-05-04T15:40:00+03:00,0.034815,0.034830,0.034810,0.034830,21830000
MOEX:VTBR,2020-05-04T15:41:00+03:00,0.034830,0.034830,0.034800,0.034800,24630000
MOEX:VTBR,2020-05-04T15:42:00+03:00,0.034815,0.034820,0.034800,0.034820,13440000
MOEX:VTBR,2020-05-04T15:43:00+03:00,0.034820,0.034830,0.034805,0.034820,33090000
MOEX:VTBR,2020-05-04T15:44:00+03:00,0.034805,0.034820,0.034785,0.034820,194800000
MOEX:VTBR,2020-05-04T15:45:00+03:00,0.034830,0.034830,0.034820,0.034830,10010000
MOEX:VTBR,2020-05-04T15:46:00+03:00,0.034820,0.034830,0.034805,0.034805,15430000
MOEX:VTBR,2020-05-04T15:47:00+03:00,0.034820,0.034825,0.034800,0.034810,41830000
MOEX:VTBR,2020-05-04T15:48:00+03:00,0.034820,0.034820,0.034790,0.034800,99820000
MOEX:VTBR,2020-05-04T15:49:00+03:00,0.034790,0.034805,0.034785,0.034790,6160000
MOEX:VTBR,2020-05-04T15:50:00+03:00,0.034790,0.034825,0.034790,0.034825,34840000
MOEX:VTBR,2020-05-04T15:51:00+03:00,0.034825,0.034840,0.034825,0.034840,68450000
MOEX:VTBR,2020-05-04T15:52:00+03:00,0.034830,0.034840,0.034800,0.034810,67170000
MOEX:VTBR,2020-05-04T15:53:00+03:00,0.034815,0.034815,0.034770,0.034800,87500000
MOEX:VTBR,2020-05-04T15:54:00+03:00,0.034800,0.034810,0.034770,0.034770,71420000
MOEX:VTBR,2020-05-04T15:55:00+03:00,0.034780,0.034800,0.034770,0.034770,14330000
MOEX:VTBR,2020-05-04T15:56:00+03:00,0.034770,0.034780,0.034750,0.034760,18040000
MOEX:VTBR,2020-05-04T15:57:00+03:00,0.034765,0.034815,0.034755,0.034815,34290000
MOEX:VTBR,2020-05-04T15:58:00+03:00,0.034805,0.034815,0.034790,0.034790,31360000
MOEX:VTBR,2020-05-04T15:59:00+03:00,0.034795,0.034800,0.034780,0.034800,4070000
MOEX:VTBR,2020-05-04T16:00:00+03:00,0.034805,0.034830,0.034800,0.034820,16920000
MOEX:VTBR,2020-05-04T16:01:00+03:00,0.034825,0.034835,0.034810,0.034810,26140000
MOEX:VTBR,2020-05-04T16:02:00+03:00,0.034810,0.034825,0.034800,0.034825,17560000
MOEX:VTBR,2020-05-04T16:03:00+03:00,0.034820,0.034855,0.034820,0.034840,25570000
MOEX:VTBR,2020-05-04T16:04:00+03:00,0.034840,0.034840,0.034815,0.034820,16830000
MOEX:VTBR,2020-05-04T16:05:00+03:00,0.034825,0.034840,0.034815,0.034820,22190000
MOEX:VTBR,2020-05-04T16:06:00+03:00,0.034825,0.034860,0.034825,0.034860,71730000
MOEX:VTBR,2020-05-04T16:07:00+03:00,0.034860,0.034865,0.034850,0.034850,42730000
MOEX:VTBR,2020-05-04T16:08:00+03:00,0.034830,0.034850,0.034795,0.034800,42410000
MOEX:VTBR,2020-05-04T16:09:00+03:00,0.034795,0.034810,0.034770,0.034770,64150000
MOEX:VTBR,2020-05-04T16:10:00+03:00,0.034775,0.034780,0.034770,0.034775,41060000
MOEX:VTBR,2020-05-04T16:11:00+03:00,0.034780,0.034780,0.034760,0.034780,36040000
MOEX:VTBR,2020-05-04T16:12:00+03:00,0.034780,0.034795,0.034755,0.034775,226830000
MOEX:VTBR,2020-05-04T16:13:00+03:00,0.034775,0.034795,0.034775,0.034790,11590000
MOEX:VTBR,2020-05-04T16:14:00+03:00,0.034790,0.034810,0.034785,0.034805,30730000
MOEX:VTBR,2020-05-04T16:15:00+03:00,0.034810,0.034830,0.034810,0.034810,12130000
MOEX:VTBR,2020-05-04T16:16:00+03:00,0.034820,0.034820,0.034800,0.034800,5490000
MOEX:VTBR,2020-05-04T16:17:00+03:00,0.034810,0.034810,0.034790,0.034790,50320000
MOEX:VTBR,2020-05-04T16:18:00+03:00,0.034800,0.034800,0.034790,0.034800,1490000
MOEX:VTBR,2020-05-04T16:19:00+03:00,0.034810,0.034820,0.034780,0.034790,76250000
MOEX:VTBR,2020-05-04T16:20:00+03:00,0.034810,0.034810,0.034790,0.034800,2500000
MOEX:VTBR,2020-05-04T16:21:00+03:00,0.034810,0.034860,0.034810,0.034855,34980000
MOEX:VTBR,2020-05-04T16:22:00+03:00,0.034850,0.034860,0.034830,0.034830,25920000
MOEX:VTBR,2020-05-04T16:23:00+03:00,0.034845,0.034845,0.034830,0.034835,9990000
MOEX:VTBR,2020-05-04T16:24:00+03:00,0.034830,0.034870,0.034820,0.034855,32170000
MOEX:VTBR,2020-05-04T16:25:00+03:00,0.034860,0.034875,0.034850,0.034865,16170000
MOEX:VTBR,2020-05-04T16:26:00+03:00,0.034865,0.034865,0.034855,0.034860,6100000
MOEX:VTBR,2020-05-04T16:27:00+03:00,0.034860,0.034895,0.034860,0.034890,65070000
MOEX:VTBR,2020-05-04T16:28:00+03:00,0.034890,0.034900,0.034890,0.034900,36210000
MOEX:VTBR,2020-05-04T16:29:00+03:00,0.034890,0.034900,0.034870,0.034870,124720000
MOEX:VTBR,2020-05-04T16:30:00+03:00,0.034880,0.034880,0.034825,0.034865,35480000
MOEX:VTBR,2020-05-04T16:31:00+03:00,0.034845,0.034845,0.034780,0.034800,248010000
MOEX:VTBR,2020-05-04T16:32:00+03:00,0.034785,0.034800,0.034775,0.034790,52870000
MOEX:VTBR,2020-05-04T16:33:00+03:00,0.034790,0.034800,0.034780,0.034795,59800000
MOEX:VTBR,2020-05-04T16:34:00+03:00,0.034795,0.034835,0.034795,0.034805,46900000
MOEX:VTBR,2020-05-04T16:35:00+03:00,0.034805,0.034825,0.034760,0.034760,70280000
MOEX:VTBR,2020-05-04T16:36:00+03:00,0.034760,0.034765,0.034730,0.034760,82550000
MOEX:VTBR,2020-05-04T16:37:00+03:00,0.034760,0.034765,0.034750,0.034765,11350000
MOEX:VTBR,2020-05-04T16:38:00+03:00,0.034765,0.034785,0.034755,0.034755,28840000
MOEX:VTBR,2020-05-04T16:39:00+03:00,0.034760,0.034760,0.034740,0.034750,19820000
MOEX:VTBR,2020-05-04T16:40:00+03:00,0.034750,0.034750,0.034700,0.034720,153560000
MOEX:VTBR,2020-05-04T16:41:00+03:00,0.034710,0.034795,0.034710,0.034790,58560000
MOEX:VTBR,2020-05-04T16:42:00+03:00,0.034775,0.034815,0.034775,0.034795,12020000
MOEX:VTBR,2020-05-04T16:43:00+03:00,0.034795,0.034840,0.034795,0.034810,27540000
MOEX:VTBR,2020-05-04T16:44:00+03:00,0.034810,0.034830,0.034810,0.034810,4450000
MOEX:VTBR,2020-05-04T16:45:00+03:00,0.034820,0.034835,0.034810,0.034835,17610000
MOEX:VTBR,2020-05-04T16:46:00+03:00,0.034835,0.034855,0.034820,0.034840,28830000
MOEX:VTBR,2020-05-04T16:47:00+03:00,0.034820,0.034830,0.034805,0.034815,38420000
MOEX:VTBR,2020-05-04T16:48:00+03:00,0.034805,0.034855,0.034805,0.034850,17240000
MOEX:VTBR,2020-05-04T16:49:00+03:00,0.034840,0.034940,0.034840,0.034915,231960000
MOEX:VTBR,2020-05-04T16:50:00+03:00,0.034915,0.034950,0.034915,0.034935,88570000
MOEX:VTBR,2020-05-04T16:51:00+03:00,0.034935,0.034975,0.034925,0.034960,64850000
MOEX:VTBR,2020-05-04T16:52:00+03:00,0.034960,0.034980,0.034955,0.034980,139070000
MOEX:VTBR,2020-05-04T16:53:00+03:00,0.034975,0.034985,0.034940,0.034985,132760000
MOEX:VTBR,2020-05-04T16:54:00+03:00,0.034985,0.034985,0.034970,0.034985,72680000
MOEX:VTBR,2020-05-04T16:55:00+03:00,0.034980,0.034990,0.034945,0.034965,66150000
MOEX:VTBR,2020-05-04T16:56:00+03:00,0.034965,0.034970,0.034950,0.034965,14880000
MOEX:VTBR,2020-05-04T16:57:00+03:00,0.034950,0.034965,0.034940,0.034940,37440000
MOEX:VTBR,2020-05-04T16:58:00+03:00,0.034950,0.034960,0.034910,0.034915,158380000
MOEX:VTBR,2020-05-04T16:59:00+03:00,0.034915,0.034960,0.034895,0.034960,59440000
MOEX:VTBR,2020-05-04T17:00:00+03:00,0.034960,0.034985,0.034920,0.034940,97430000
MOEX:VTBR,2020-05-04T17:01:00+03:00,0.034950,0.034995,0.034940,0.034985,204040000
MOEX:VTBR,2020-05-04T17:02:00+03:00,0.034990,0.035090,0.034985,0.035080,353080000
MOEX:VTBR,2020-05-04T17:03:00+03:00,0.035080,0.035100,0.035035,0.035055,95790000
MOEX:VTBR,2020-05-04T17:04:00+03:00,0.035045,0.035070,0.035030,0.035055,47330000
MOEX:VTBR,2020-05-04T17:05:00+03:00,0.035055,0.035070,0.035020,0.035030,15820000
MOEX:VTBR,2020-05-04T17:06:00+03:00,0.035035,0.035090,0.035025,0.035085,53990000
MOEX:VTBR,2020-05-04T17:07:00+03:00,0.035090,0.035095,0.035045,0.035060,31430000
MOEX:VTBR,2020-05-04T17:08:00+03:00,0.035060,0.035070,0.035015,0.035020,97630000
MOEX:VTBR,2020-05-04T17:09:00+03:00,0.035015,0.035045,0.034975,0.034990,114530000
MOEX:VTBR,2020-05-04T17:10:00+03:00,0.035000,0.035010,0.034970,0.034970,88180000
MOEX:VTBR,2020-05-04T17:11:00+03:00,0.034965,0.035010,0.034945,0.034985,256000000
MOEX:VTBR,2020-05-04T17:12:00+03:00,0.034990,0.035055,0.034985,0.035055,150290000
MOEX:VTBR,2020-05-04T17:13:00+03:00,0.035030,0.035055,0.034980,0.035015,73030000
MOEX:VTBR,2020-05-04T17:14:00+03:00,0.035015,0.035040,0.035010,0.035030,43890000
MOEX:VTBR,2020-05-04T17:15:00+03:00,0.035030,0.035060,0.034980,0.034985,316500000
MOEX:VTBR,2020-05-04T17:16:00+03:00,0.034985,0.035000,0.034980,0.034990,57990000
MOEX:VTBR,2020-05-04T17:17:00+03:00,0.034995,0.035040,0.034995,0.035030,86330000
MOEX:VTBR,2020-05-04T17:18:00+03:00,0.035025,0.035030,0.035000,0.035020,85680000
MOEX:VTBR,2020-05-04T17:19:00+03:00,0.035020,0.035050,0.035020,0.035035,92790000
MOEX:VTBR,2020-05-04T17:20:00+03:00,0.035035,0.035050,0.035025,0.035040,170560000
MOEX:VTBR,2020-05-04T17:21:00+03:00,0.035040,0.035050,0.035030,0.035040,44550000
MOEX:VTBR,2020-05-04T17:22:00+03:00,0.035040,0.035040,0.035020,0.035035,24500000
MOEX:VTBR,2020-05-04T17:23:00+03:00,0.035025,0.035050,0.034995,0.035005,155010000
MOEX:VTBR,2020-05-04T17:24:00+03:00,0.035010,0.035040,0.035010,0.035040,16040000
MOEX:VTBR,2020-05-04T17:25:00+03:00,0.035040,0.035045,0.035025,0.035030,20220000
MOEX:VTBR,2020-05-04T17:26:00+03:00,0.035030,0.035035,0.035010,0.035035,6810000
MOEX:VTBR,2020-05-04T17:27:00+03:00,0.035030,0.035040,0.035015,0.035025,13710000
MOEX:VTBR,2020-05-04T17:28:00+03:00,0.035025,0.035040,0.035020,0.035040,40490000
MOEX:VTBR,2020-05-04T17:29:00+03:00,0.035030,0.035050,0.035030,0.035035,31440000
MOEX:VTBR,2020-05-04T17:30:00+03:00,0.035035,0.035045,0.035025,0.035030,26170000
MOEX:VTBR,2020-05-04T17:31:00+03:00,0.035040,0.035050,0.035035,0.035035,35610000
MOEX:VTBR,2020-05-04T17:32:00+03:00,0.035030,0.035030,0.035000,0.035005,70370000
MOEX:VTBR,2020-05-04T17:33:00+03:00,0.035015,0.035015,0.035000,0.035000,62290000
MOEX:VTBR,2020-05-04T17:34:00+03:00,0.035010,0.035010,0.035005,0.035005,7410000
MOEX:VTBR,2020-05-04T17:35:00+03:00,0.035005,0.035050,0.035005,0.035045,51200000
MOEX:VTBR,2020-05-04T17:36:00+03:00,0.035035,0.035035,0.035000,0.035015,75290000
MOEX:VTBR,2020-05-04T17:37:00+03:00,0.035005,0.035015,0.034985,0.035005,49860000
MOEX:VTBR,2020-05-04T17:38:00+03:00,0.035005,0.035005,0.034990,0.034995,29120000
MOEX:VTBR,2020-05-04T17:39:00+03:00,0.034995,0.035005,0.034990,0.035000,15450000
MOEX:VTBR,2020-05-04T17:40:00+03:00,0.035000,0.035000,0.034990,0.034995,8410000
MOEX:VTBR,2020-05-04T17:41:00+03:00,0.035000,0.035045,0.035000,0.035025,76070000
MOEX:VTBR,2020-05-04T17:42:00+03:00,0.035025,0.035025,0.035000,0.035000,4060000
MOEX:VTBR,2020-05-04T17:43:00+03:00,0.035005,0.035020,0.035000,0.035020,53170000
MOEX:VTBR,2020-05-04T17:44:00+03:00,0.035005,0.035020,0.035005,0.035005,3100000
MOEX:VTBR,2020-05-04T17:45:00+03:00,0.035020,0.035040,0.035020,0.035035,59860000
MOEX:VTBR,2020-05-04T17:46:00+03:00,0.035030,0.035035,0.035010,0.035025,34580000
MOEX:VTBR,2020-05-04T17:47:00+03:00,0.035005,0.035015,0.034990,0.034990,108730000
MOEX:VTBR,2020-05-04T17:48:00+03:00,0.034995,0.035010,0.034955,0.034970,134840000
MOEX:VTBR,2020-05-04T17:49:00+03:00,0.034960,0.034970,0.034950,0.034950,35410000
MOEX:VTBR,2020-05-04T17:50:00+03:00,0.034960,0.034995,0.034955,0.034960,119130000
MOEX:VTBR,2020-05-04T17:51:00+03:00,0.034960,0.034960,0.034945,0.034955,37890000
MOEX:VTBR,2020-05-04T17:52:00+03:00,0.034955,0.034980,0.034945,0.034965,68960000
MOEX:VTBR,2020-05-04T17:53:00+03:00,0.034960,0.034985,0.034960,0.034975,9790000
MOEX:VTBR,2020-05-04T17:54:00+03:00,0.034970,0.034990,0.034960,0.034980,6640000
MOEX:VTBR,2020-05-04T17:55:00+03:00,0.034990,0.035005,0.034985,0.034995,45160000
MOEX:VTBR,2020-05-04T17:56:00+03:00,0.035000,0.035010,0.034980,0.034980,28400000
MOEX:VTBR,2020-05-04T17:57:00+03:00,0.034980,0.034985,0.034970,0.034985,11410000
MOEX:VTBR,2020-05-04T17:58:00+03:00,0.034985,0.034985,0.034970,0.034975,33890000
MOEX:VTBR,2020-05-04T17:59:00+03:00,0.034985,0.034985,0.034940,0.034945,87160000
MOEX:VTBR,2020-05-04T18:00:00+03:00,0.034960,0.034980,0.034945,0.034980,14590000
MOEX:VTBR,2020-05-04T18:01:00+03:00,0.034980,0.034990,0.034970,0.034975,75660000
MOEX:VTBR,2020-05-04T18:02:00+03:00,0.034985,0.034985,0.034970,0.034975,14160000
MOEX:VTBR,2020-05-04T18:03:00+03:00,0.034975,0.034995,0.034975,0.034985,21100000
MOEX:VTBR,2020-05-04T18:04:00+03:00,0.034985,0.034985,0.034960,0.034975,2190000
MOEX:VTBR,2020-05-04T18:05:00+03:00,0.034955,0.035005,0.034955,0.035005,10320000
MOEX:VTBR,2020-05-04T18:06:00+03:00,0.035005,0.035005,0.034995,0.035000,38290000
MOEX:VTBR,2020-05-04T18:07:00+03:00,0.035005,0.035020,0.035000,0.035020,53530000
MOEX:VTBR,2020-05-04T18:08:00+03:00,0.035020,0.035020,0.034995,0.035000,52170000
MOEX:VTBR,2020-05-04T18:09:00+03:00,0.035000,0.035005,0.034955,0.034960,59730000
MOEX:VTBR,2020-05-04T18:10:00+03:00,0.034985,0.035025,0.034985,0.035010,106710000
MOEX:VTBR,2020-05-04T18:11:00+03:00,0.035000,0.035015,0.034990,0.035015,8760000
MOEX:VTBR,2020-05-04T18:12:00+03:00,0.035020,0.035035,0.035020,0.035020,43280000
MOEX:VTBR,2020-05-04T18:13:00+03:00,0.035020,0.035020,0.034995,0.035005,31640000
MOEX:VTBR,2020-05-04T18:14:00+03:00,0.035000,0.035005,0.034970,0.034980,42030000
MOEX:VTBR,2020-05-04T18:15:00+03:00,0.034985,0.035000,0.034970,0.035000,21270000
MOEX:VTBR,2020-05-04T18:16:00+03:00,0.035000,0.035000,0.034980,0.034990,40110000
MOEX:VTBR,2020-05-04T18:17:00+03:00,0.034990,0.035000,0.034990,0.034995,42270000
MOEX:VTBR,2020-05-04T18:18:00+03:00,0.034995,0.035000,0.034985,0.034990,14050000
MOEX:VTBR,2020-05-04T18:19:00+03:00,0.034990,0.035000,0.034985,0.034990,23180000
MOEX:VTBR,2020-05-04T18:20:00+03:00,0.034995,0.034995,0.034970,0.034970,25630000
MOEX:VTBR,2020-05-04T18:21:00+03:00,0.034975,0.034980,0.034950,0.034960,59440000
MOEX:VTBR,2020-05-04T18:22:00+03:00,0.034960,0.034960,0.034940,0.034955,99550000
MOEX:VTBR,2020-05-04T18:23:00+03:00,0.034955,0.034955,0.034920,0.034930,155380000
MOEX:VTBR,2020-05-04T18:24:00+03:00,0.034940,0.034960,0.034935,0.034955,68280000
MOEX:VTBR,2020-05-04T18:25:00+03:00,0.034945,0.034965,0.034945,0.034955,62390000
MOEX:VTBR,2020-05-04T18:26:00+03:00,0.034955,0.034970,0.034945,0.034965,124290000
MOEX:VTBR,2020-05-04T18:27:00+03:00,0.034965,0.034965,0.034945,0.034950,10220000
MOEX:VTBR,2020-05-04T18:28:00+03:00,0.034950,0.034965,0.034935,0.034965,51620000
MOEX:VTBR,2020-05-04T18:29:00+03:00,0.034955,0.034965,0.034945,0.034955,16110000
MOEX:VTBR,2020-05-04T18:30:00+03:00,0.034955,0.034955,0.034940,0.034950,41300000
MOEX:VTBR,2020-05-04T18:31:00+03:00,0.034940,0.034945,0.034930,0.034940,24960000
MOEX:VTBR,2020-05-04T18:32:00+03:00,0.034935,0.034940,0.034925,0.034930,78050000
MOEX:VTBR,2020-05-04T18:33:00+03:00,0.034940,0.034940,0.034915,0.034925,127720000
MOEX:VTBR,2020-05-04T18:34:00+03:00,0.034925,0.034930,0.034915,0.034920,30360000
MOEX:VTBR,2020-05-04T18:35:00+03:00,0.034915,0.034925,0.034915,0.034925,80970000
MOEX:VTBR,2020-05-04T18:36:00+03:00,0.034920,0.034930,0.034870,0.034870,383340000
MOEX:VTBR,2020-05-04T18:37:00+03:00,0.034885,0.034890,0.034850,0.034850,127750000
MOEX:VTBR,2020-05-04T18:38:00+03:00,0.034850,0.034865,0.034840,0.034860,37700000
MOEX:VTBR,2020-05-04T18:39:00+03:00,0.034860,0.034875,0.034840,0.034870,73060000
MOEX:VTBR,2020-05-04T18:45:00+03:00,0.034860,0.034860,0.034860,0.034860,232220000
MOEX:VTBR,2020-05-04T18:46:00+03:00,0.034860,0.034860,0.034860,0.034860,2310000
MOEX:VTBR,2020-05-04T18:47:00+03:00,0.034860,0.034860,0.034860,0.034860,20060000
MOEX:VTBR,2020-05-04T18:48:00+03:00,0.034860,0.034860,0.034860,0.034860,460000
MOEX:VTBR,2020-05-04T18:49:00+03:00,0.034860,0.034860,0.034860,0.034860,5050000
