MOEX:GAZP,2018-08-02T10:00:00+03:00,141.75,142.03,141.75,141.95,9211
MOEX:GAZP,2018-08-02T10:01:00+03:00,141.95,142.08,141.92,142.04,3522
MOEX:GAZP,2018-08-02T10:02:00+03:00,142.02,142.34,142.01,142.23,4488
MOEX:GAZP,2018-08-02T10:03:00+03:00,142.31,142.48,142.29,142.41,8075
MOEX:GAZP,2018-08-02T10:04:00+03:00,142.45,142.49,142.39,142.40,5012
MOEX:GAZP,2018-08-02T10:05:00+03:00,142.39,142.43,142.32,142.40,6418
MOEX:GAZP,2018-08-02T10:06:00+03:00,142.34,142.46,142.29,142.43,10127
MOEX:GAZP,2018-08-02T10:07:00+03:00,142.46,142.46,142.24,142.29,2804
MOEX:GAZP,2018-08-02T10:08:00+03:00,142.24,142.29,142.23,142.23,2467
MOEX:GAZP,2018-08-02T10:09:00+03:00,142.27,142.32,142.25,142.31,1243
MOEX:GAZP,2018-08-02T10:10:00+03:00,142.31,142.44,142.31,142.41,2148
MOEX:GAZP,2018-08-02T10:11:00+03:00,142.40,142.44,142.36,142.36,2400
MOEX:GAZP,2018-08-02T10:12:00+03:00,142.36,142.45,142.32,142.32,5290
MOEX:GAZP,2018-08-02T10:13:00+03:00,142.39,142.46,142.33,142.46,1494
MOEX:GAZP,2018-08-02T10:14:00+03:00,142.47,142.55,142.47,142.55,4966
MOEX:GAZP,2018-08-02T10:15:00+03:00,142.55,142.66,142.54,142.63,7189
MOEX:GAZP,2018-08-02T10:16:00+03:00,142.62,142.62,142.50,142.56,1594
MOEX:GAZP,2018-08-02T10:17:00+03:00,142.56,142.58,142.55,142.57,1092
MOEX:GAZP,2018-08-02T10:18:00+03:00,142.56,142.56,142.49,142.51,2394
MOEX:GAZP,2018-08-02T10:19:00+03:00,142.52,142.52,142.45,142.46,2716
MOEX:GAZP,2018-08-02T10:20:00+03:00,142.49,142.50,142.45,142.46,1118
MOEX:GAZP,2018-08-02T10:21:00+03:00,142.46,142.46,142.25,142.26,4725
MOEX:GAZP,2018-08-02T10:22:00+03:00,142.37,142.37,142.30,142.37,1210
MOEX:GAZP,2018-08-02T10:23:00+03:00,142.37,142.44,142.37,142.44,573
MOEX:GAZP,2018-08-02T10:24:00+03:00,142.41,142.43,142.34,142.38,2773
MOEX:GAZP,2018-08-02T10:25:00+03:00,142.40,142.42,142.40,142.42,339
MOEX:GAZP,2018-08-02T10:26:00+03:00,142.41,142.53,142.38,142.53,2736
MOEX:GAZP,2018-08-02T10:27:00+03:00,142.53,142.63,142.53,142.61,4997
MOEX:GAZP,2018-08-02T10:28:00+03:00,142.61,142.78,142.60,142.76,4218
MOEX:GAZP,2018-08-02T10:29:00+03:00,142.73,142.88,142.73,142.79,6472
MOEX:GAZP,2018-08-02T10:30:00+03:00,142.79,142.88,142.79,142.84,1408
MOEX:GAZP,2018-08-02T10:31:00+03:00,142.89,142.89,142.82,142.82,2307
MOEX:GAZP,2018-08-02T10:32:00+03:00,142.81,142.82,142.62,142.66,3755
MOEX:GAZP,2018-08-02T10:33:00+03:00,142.62,142.70,142.62,142.64,370
MOEX:GAZP,2018-08-02T10:34:00+03:00,142.74,142.75,142.67,142.71,651
MOEX:GAZP,2018-08-02T10:35:00+03:00,142.71,142.79,142.71,142.78,793
MOEX:GAZP,2018-08-02T10:36:00+03:00,142.74,142.75,142.62,142.62,1808
MOEX:GAZP,2018-08-02T10:37:00+03:00,142.62,142.62,142.53,142.55,659
MOEX:GAZP,2018-08-02T10:38:00+03:00,142.58,142.65,142.49,142.49,18137
MOEX:GAZP,2018-08-02T10:39:00+03:00,142.50,142.50,142.49,142.50,1288
MOEX:GAZP,2018-08-02T10:40:00+03:00,142.49,142.50,142.48,142.49,4554
MOEX:GAZP,2018-08-02T10:41:00+03:00,142.48,142.50,142.47,142.47,1397
MOEX:GAZP,2018-08-02T10:42:00+03:00,142.47,142.47,142.44,142.47,415
MOEX:GAZP,2018-08-02T10:43:00+03:00,142.49,142.49,142.48,142.49,961
MOEX:GAZP,2018-08-02T10:44:00+03:00,142.48,142.49,142.46,142.49,231
MOEX:GAZP,2018-08-02T10:45:00+03:00,142.46,142.46,142.43,142.43,491
MOEX:GAZP,2018-08-02T10:46:00+03:00,142.45,142.48,142.43,142.44,482
MOEX:GAZP,2018-08-02T10:47:00+03:00,142.48,142.49,142.44,142.44,642
MOEX:GAZP,2018-08-02T10:48:00+03:00,142.48,142.48,142.45,142.45,36
MOEX:GAZP,2018-08-02T10:49:00+03:00,142.48,142.49,142.42,142.42,3828
MOEX:GAZP,2018-08-02T10:50:00+03:00,142.49,142.50,142.45,142.49,12239
MOEX:GAZP,2018-08-02T10:51:00+03:00,142.48,142.50,142.48,142.48,287
MOEX:GAZP,2018-08-02T10:52:00+03:00,142.50,142.65,142.50,142.65,3535
MOEX:GAZP,2018-08-02T10:53:00+03:00,142.67,142.67,142.49,142.50,8625
MOEX:GAZP,2018-08-02T10:54:00+03:00,142.49,142.50,142.47,142.48,887
MOEX:GAZP,2018-08-02T10:55:00+03:00,142.50,142.50,142.49,142.49,3305
MOEX:GAZP,2018-08-02T10:56:00+03:00,142.49,142.50,142.49,142.50,6995
MOEX:GAZP,2018-08-02T10:57:00+03:00,142.50,142.50,142.49,142.49,405
MOEX:GAZP,2018-08-02T10:58:00+03:00,142.50,142.50,142.44,142.45,3232
MOEX:GAZP,2018-08-02T10:59:00+03:00,142.45,142.45,142.44,142.44,203
MOEX:GAZP,2018-08-02T11:00:00+03:00,142.44,142.50,142.44,142.49,2685
MOEX:GAZP,2018-08-02T11:01:00+03:00,142.49,142.61,142.49,142.61,10897
MOEX:GAZP,2018-08-02T11:02:00+03:00,142.60,142.63,142.47,142.47,9905
MOEX:GAZP,2018-08-02T11:03:00+03:00,142.47,142.53,142.47,142.48,417
MOEX:GAZP,2018-08-02T11:04:00+03:00,142.48,142.50,142.47,142.47,1068
MOEX:GAZP,2018-08-02T11:05:00+03:00,142.48,142.49,142.47,142.49,587
MOEX:GAZP,2018-08-02T11:06:00+03:00,142.47,142.49,142.46,142.47,1114
MOEX:GAZP,2018-08-02T11:07:00+03:00,142.49,142.50,142.48,142.50,7729
MOEX:GAZP,2018-08-02T11:08:00+03:00,142.50,142.50,142.48,142.48,1725
MOEX:GAZP,2018-08-02T11:09:00+03:00,142.50,142.50,142.48,142.50,203
MOEX:GAZP,2018-08-02T11:10:00+03:00,142.48,142.50,142.48,142.50,3718
MOEX:GAZP,2018-08-02T11:11:00+03:00,142.50,142.50,142.50,142.50,73
MOEX:GAZP,2018-08-02T11:12:00+03:00,142.50,142.50,142.48,142.50,293
MOEX:GAZP,2018-08-02T11:13:00+03:00,142.49,142.50,142.49,142.50,6343
MOEX:GAZP,2018-08-02T11:14:00+03:00,142.49,142.50,142.49,142.50,5606
MOEX:GAZP,2018-08-02T11:15:00+03:00,142.50,142.50,142.49,142.50,1026
MOEX:GAZP,2018-08-02T11:16:00+03:00,142.49,142.50,142.48,142.49,3006
MOEX:GAZP,2018-08-02T11:17:00+03:00,142.49,142.50,142.49,142.50,2130
MOEX:GAZP,2018-08-02T11:18:00+03:00,142.50,142.50,142.49,142.49,1155
MOEX:GAZP,2018-08-02T11:19:00+03:00,142.50,142.50,142.49,142.49,402
MOEX:GAZP,2018-08-02T11:20:00+03:00,142.50,142.50,142.49,142.50,401
MOEX:GAZP,2018-08-02T11:21:00+03:00,142.49,142.50,142.49,142.50,759
MOEX:GAZP,2018-08-02T11:22:00+03:00,142.50,142.56,142.49,142.56,4076
MOEX:GAZP,2018-08-02T11:23:00+03:00,142.50,142.50,142.48,142.48,1520
MOEX:GAZP,2018-08-02T11:24:00+03:00,142.48,142.49,142.48,142.49,558
MOEX:GAZP,2018-08-02T11:25:00+03:00,142.48,142.48,142.41,142.47,2391
MOEX:GAZP,2018-08-02T11:26:00+03:00,142.48,142.48,142.43,142.43,22
MOEX:GAZP,2018-08-02T11:27:00+03:00,142.48,142.48,142.48,142.48,150
MOEX:GAZP,2018-08-02T11:28:00+03:00,142.49,142.49,142.45,142.45,301
MOEX:GAZP,2018-08-02T11:29:00+03:00,142.48,142.48,142.45,142.48,621
MOEX:GAZP,2018-08-02T11:30:00+03:00,142.45,142.50,142.45,142.50,2322
MOEX:GAZP,2018-08-02T11:31:00+03:00,142.45,142.50,142.45,142.50,3168
MOEX:GAZP,2018-08-02T11:32:00+03:00,142.50,142.50,142.47,142.50,1160
MOEX:GAZP,2018-08-02T11:33:00+03:00,142.47,142.49,142.40,142.45,10226
MOEX:GAZP,2018-08-02T11:34:00+03:00,142.41,142.50,142.41,142.50,792
MOEX:GAZP,2018-08-02T11:35:00+03:00,142.50,142.50,142.46,142.46,9157
MOEX:GAZP,2018-08-02T11:36:00+03:00,142.44,142.44,142.32,142.32,2740
MOEX:GAZP,2018-08-02T11:37:00+03:00,142.32,142.35,142.32,142.35,102
MOEX:GAZP,2018-08-02T11:38:00+03:00,142.33,142.33,142.28,142.30,824
MOEX:GAZP,2018-08-02T11:39:00+03:00,142.29,142.31,142.28,142.29,236
MOEX:GAZP,2018-08-02T11:40:00+03:00,142.30,142.35,142.29,142.30,634
MOEX:GAZP,2018-08-02T11:41:00+03:00,142.31,142.35,142.01,142.01,12127
MOEX:GAZP,2018-08-02T11:42:00+03:00,142.01,142.01,141.85,141.94,9402
MOEX:GAZP,2018-08-02T11:43:00+03:00,141.88,142.04,141.88,142.04,2538
MOEX:GAZP,2018-08-02T11:44:00+03:00,142.04,142.10,141.90,141.90,2679
MOEX:GAZP,2018-08-02T11:45:00+03:00,141.90,141.95,141.89,141.95,1875
MOEX:GAZP,2018-08-02T11:46:00+03:00,141.91,141.91,141.77,141.77,5841
MOEX:GAZP,2018-08-02T11:47:00+03:00,141.78,141.87,141.65,141.72,24437
MOEX:GAZP,2018-08-02T11:48:00+03:00,141.78,141.79,141.69,141.75,1983
MOEX:GAZP,2018-08-02T11:49:00+03:00,141.76,141.76,141.66,141.73,6930
MOEX:GAZP,2018-08-02T11:50:00+03:00,141.68,141.74,141.65,141.73,2760
MOEX:GAZP,2018-08-02T11:51:00+03:00,141.74,141.87,141.74,141.79,3318
MOEX:GAZP,2018-08-02T11:52:00+03:00,141.84,141.88,141.84,141.88,981
MOEX:GAZP,2018-08-02T11:53:00+03:00,141.89,141.89,141.82,141.82,2707
MOEX:GAZP,2018-08-02T11:54:00+03:00,141.80,141.83,141.77,141.81,611
MOEX:GAZP,2018-08-02T11:55:00+03:00,141.78,141.78,141.78,141.78,1
MOEX:GAZP,2018-08-02T11:56:00+03:00,141.82,141.89,141.80,141.89,276
MOEX:GAZP,2018-08-02T11:57:00+03:00,141.90,141.94,141.90,141.91,628
MOEX:GAZP,2018-08-02T11:58:00+03:00,141.94,141.94,141.94,141.94,140
MOEX:GAZP,2018-08-02T11:59:00+03:00,141.91,141.94,141.91,141.91,1690
MOEX:GAZP,2018-08-02T12:00:00+03:00,141.91,141.91,141.83,141.90,1161
MOEX:GAZP,2018-08-02T12:01:00+03:00,141.82,141.90,141.82,141.90,1085
MOEX:GAZP,2018-08-02T12:02:00+03:00,141.84,141.90,141.84,141.90,2429
MOEX:GAZP,2018-08-02T12:03:00+03:00,141.90,141.90,141.82,141.82,1914
MOEX:GAZP,2018-08-02T12:04:00+03:00,141.82,141.85,141.75,141.76,3256
MOEX:GAZP,2018-08-02T12:05:00+03:00,141.77,141.83,141.77,141.83,62
MOEX:GAZP,2018-08-02T12:06:00+03:00,141.78,141.82,141.78,141.79,342
MOEX:GAZP,2018-08-02T12:07:00+03:00,141.78,141.80,141.78,141.78,782
MOEX:GAZP,2018-08-02T12:08:00+03:00,141.77,141.78,141.76,141.76,1226
MOEX:GAZP,2018-08-02T12:09:00+03:00,141.76,141.77,141.63,141.63,2297
MOEX:GAZP,2018-08-02T12:10:00+03:00,141.63,141.64,141.55,141.56,2259
MOEX:GAZP,2018-08-02T12:11:00+03:00,141.60,141.65,141.59,141.65,6274
MOEX:GAZP,2018-08-02T12:12:00+03:00,141.61,141.63,141.50,141.52,19468
MOEX:GAZP,2018-08-02T12:13:00+03:00,141.51,141.60,141.47,141.50,12471
MOEX:GAZP,2018-08-02T12:14:00+03:00,141.49,141.50,141.40,141.40,4366
MOEX:GAZP,2018-08-02T12:15:00+03:00,141.44,141.49,141.33,141.49,1573
MOEX:GAZP,2018-08-02T12:16:00+03:00,141.44,141.50,141.33,141.40,10919
MOEX:GAZP,2018-08-02T12:17:00+03:00,141.34,141.41,141.34,141.41,1124
MOEX:GAZP,2018-08-02T12:18:00+03:00,141.38,141.44,141.34,141.44,2897
MOEX:GAZP,2018-08-02T12:19:00+03:00,141.40,141.56,141.40,141.56,9666
MOEX:GAZP,2018-08-02T12:20:00+03:00,141.56,141.65,141.56,141.60,2175
MOEX:GAZP,2018-08-02T12:21:00+03:00,141.59,141.71,141.59,141.71,746
MOEX:GAZP,2018-08-02T12:22:00+03:00,141.72,141.74,141.72,141.74,208
MOEX:GAZP,2018-08-02T12:23:00+03:00,141.74,141.74,141.67,141.67,1763
MOEX:GAZP,2018-08-02T12:24:00+03:00,141.71,141.71,141.65,141.65,1528
MOEX:GAZP,2018-08-02T12:25:00+03:00,141.65,141.68,141.65,141.67,505
MOEX:GAZP,2018-08-02T12:26:00+03:00,141.65,141.67,141.63,141.67,884
MOEX:GAZP,2018-08-02T12:27:00+03:00,141.65,141.68,141.65,141.68,153
MOEX:GAZP,2018-08-02T12:28:00+03:00,141.68,141.68,141.62,141.65,1351
MOEX:GAZP,2018-08-02T12:29:00+03:00,141.65,141.65,141.65,141.65,291
MOEX:GAZP,2018-08-02T12:30:00+03:00,141.62,141.69,141.62,141.69,1542
MOEX:GAZP,2018-08-02T12:31:00+03:00,141.69,141.69,141.65,141.68,650
MOEX:GAZP,2018-08-02T12:32:00+03:00,141.67,141.68,141.65,141.68,562
MOEX:GAZP,2018-08-02T12:33:00+03:00,141.70,141.70,141.68,141.69,904
MOEX:GAZP,2018-08-02T12:34:00+03:00,141.70,141.73,141.68,141.68,1183
MOEX:GAZP,2018-08-02T12:35:00+03:00,141.67,141.67,141.64,141.65,1235
MOEX:GAZP,2018-08-02T12:36:00+03:00,141.67,141.68,141.67,141.68,405
MOEX:GAZP,2018-08-02T12:37:00+03:00,141.74,141.74,141.73,141.74,153
MOEX:GAZP,2018-08-02T12:38:00+03:00,141.75,141.76,141.64,141.76,4201
MOEX:GAZP,2018-08-02T12:39:00+03:00,141.69,141.83,141.65,141.65,6232
MOEX:GAZP,2018-08-02T12:40:00+03:00,141.72,141.72,141.64,141.64,3953
MOEX:GAZP,2018-08-02T12:41:00+03:00,141.63,141.66,141.62,141.62,941
MOEX:GAZP,2018-08-02T12:42:00+03:00,141.62,141.67,141.62,141.63,1297
MOEX:GAZP,2018-08-02T12:43:00+03:00,141.63,141.70,141.63,141.70,763
MOEX:GAZP,2018-08-02T12:44:00+03:00,141.64,141.68,141.64,141.64,851
MOEX:GAZP,2018-08-02T12:45:00+03:00,141.64,141.66,141.55,141.61,6444
MOEX:GAZP,2018-08-02T12:46:00+03:00,141.62,141.64,141.54,141.63,1834
MOEX:GAZP,2018-08-02T12:47:00+03:00,141.64,141.68,141.60,141.60,2898
MOEX:GAZP,2018-08-02T12:48:00+03:00,141.60,141.61,141.59,141.59,652
MOEX:GAZP,2018-08-02T12:49:00+03:00,141.59,141.61,141.55,141.58,2557
MOEX:GAZP,2018-08-02T12:50:00+03:00,141.58,141.60,141.58,141.60,1553
MOEX:GAZP,2018-08-02T12:51:00+03:00,141.60,141.60,141.59,141.59,457
MOEX:GAZP,2018-08-02T12:52:00+03:00,141.59,141.60,141.59,141.60,339
MOEX:GAZP,2018-08-02T12:53:00+03:00,141.60,141.60,141.53,141.53,3808
MOEX:GAZP,2018-08-02T12:54:00+03:00,141.53,141.55,141.53,141.55,32
MOEX:GAZP,2018-08-02T12:55:00+03:00,141.53,141.54,141.53,141.54,1069
MOEX:GAZP,2018-08-02T12:56:00+03:00,141.54,141.55,141.54,141.55,126
MOEX:GAZP,2018-08-02T12:57:00+03:00,141.61,141.64,141.60,141.64,415
MOEX:GAZP,2018-08-02T12:58:00+03:00,141.64,141.64,141.61,141.61,444
MOEX:GAZP,2018-08-02T12:59:00+03:00,141.64,141.64,141.61,141.64,850
MOEX:GAZP,2018-08-02T13:00:00+03:00,141.65,141.67,141.61,141.67,191
MOEX:GAZP,2018-08-02T13:01:00+03:00,141.67,141.67,141.67,141.67,2
MOEX:GAZP,2018-08-02T13:02:00+03:00,141.68,141.69,141.66,141.66,180
MOEX:GAZP,2018-08-02T13:03:00+03:00,141.66,141.71,141.63,141.63,3648
MOEX:GAZP,2018-08-02T13:04:00+03:00,141.62,141.63,141.51,141.51,1886
MOEX:GAZP,2018-08-02T13:05:00+03:00,141.56,141.59,141.52,141.53,378
MOEX:GAZP,2018-08-02T13:06:00+03:00,141.55,141.57,141.53,141.57,474
MOEX:GAZP,2018-08-02T13:07:00+03:00,141.55,141.57,141.52,141.52,1487
MOEX:GAZP,2018-08-02T13:08:00+03:00,141.55,141.55,141.55,141.55,473
MOEX:GAZP,2018-08-02T13:09:00+03:00,141.55,141.58,141.55,141.58,148
MOEX:GAZP,2018-08-02T13:10:00+03:00,141.59,141.63,141.58,141.59,543
MOEX:GAZP,2018-08-02T13:11:00+03:00,141.62,141.70,141.61,141.70,780
MOEX:GAZP,2018-08-02T13:12:00+03:00,141.65,141.69,141.65,141.65,844
MOEX:GAZP,2018-08-02T13:13:00+03:00,141.67,141.69,141.67,141.69,90
MOEX:GAZP,2018-08-02T13:14:00+03:00,141.70,141.73,141.70,141.73,823
MOEX:GAZP,2018-08-02T13:15:00+03:00,141.71,141.79,141.71,141.72,3624
MOEX:GAZP,2018-08-02T13:17:00+03:00,141.76,141.76,141.75,141.75,415
MOEX:GAZP,2018-08-02T13:18:00+03:00,141.74,141.76,141.73,141.73,1430
MOEX:GAZP,2018-08-02T13:19:00+03:00,141.76,141.78,141.73,141.78,411
MOEX:GAZP,2018-08-02T13:20:00+03:00,141.74,141.74,141.73,141.73,884
MOEX:GAZP,2018-08-02T13:21:00+03:00,141.71,141.71,141.71,141.71,20
MOEX:GAZP,2018-08-02T13:22:00+03:00,141.71,141.80,141.71,141.75,1554
MOEX:GAZP,2018-08-02T13:23:00+03:00,141.75,141.85,141.75,141.85,1678
MOEX:GAZP,2018-08-02T13:24:00+03:00,141.86,141.93,141.86,141.93,928
MOEX:GAZP,2018-08-02T13:25:00+03:00,141.93,142.03,141.93,142.03,4526
MOEX:GAZP,2018-08-02T13:26:00+03:00,142.01,142.05,142.01,142.05,1218
MOEX:GAZP,2018-08-02T13:27:00+03:00,142.05,142.06,142.02,142.05,1943
MOEX:GAZP,2018-08-02T13:28:00+03:00,142.02,142.03,142.00,142.00,978
MOEX:GAZP,2018-08-02T13:29:00+03:00,142.02,142.02,141.99,141.99,1880
MOEX:GAZP,2018-08-02T13:30:00+03:00,142.01,142.01,142.01,142.01,129
MOEX:GAZP,2018-08-02T13:31:00+03:00,141.98,142.04,141.98,142.04,1186
MOEX:GAZP,2018-08-02T13:32:00+03:00,142.02,142.07,142.02,142.07,403
MOEX:GAZP,2018-08-02T13:33:00+03:00,142.07,142.08,142.03,142.03,218
MOEX:GAZP,2018-08-02T13:34:00+03:00,142.08,142.11,142.08,142.10,796
MOEX:GAZP,2018-08-02T13:35:00+03:00,142.03,142.08,142.03,142.08,439
MOEX:GAZP,2018-08-02T13:36:00+03:00,142.09,142.13,142.09,142.13,587
MOEX:GAZP,2018-08-02T13:37:00+03:00,142.13,142.13,142.08,142.08,905
MOEX:GAZP,2018-08-02T13:38:00+03:00,142.07,142.07,142.03,142.03,437
MOEX:GAZP,2018-08-02T13:39:00+03:00,142.03,142.03,142.00,142.01,1430
MOEX:GAZP,2018-08-02T13:40:00+03:00,142.00,142.02,141.92,141.92,2101
MOEX:GAZP,2018-08-02T13:41:00+03:00,141.92,141.97,141.91,141.91,177
MOEX:GAZP,2018-08-02T13:42:00+03:00,141.91,141.91,141.90,141.90,42
MOEX:GAZP,2018-08-02T13:43:00+03:00,141.90,141.90,141.81,141.84,2037
MOEX:GAZP,2018-08-02T13:44:00+03:00,141.83,141.85,141.83,141.85,7
MOEX:GAZP,2018-08-02T13:45:00+03:00,141.83,141.89,141.82,141.89,685
MOEX:GAZP,2018-08-02T13:46:00+03:00,141.83,141.87,141.82,141.86,449
MOEX:GAZP,2018-08-02T13:47:00+03:00,141.82,141.87,141.82,141.87,140
MOEX:GAZP,2018-08-02T13:48:00+03:00,141.89,141.89,141.89,141.89,140
MOEX:GAZP,2018-08-02T13:49:00+03:00,141.89,141.89,141.89,141.89,66
MOEX:GAZP,2018-08-02T13:50:00+03:00,141.89,141.91,141.88,141.88,433
MOEX:GAZP,2018-08-02T13:51:00+03:00,141.87,141.87,141.85,141.85,195
MOEX:GAZP,2018-08-02T13:52:00+03:00,141.85,141.88,141.80,141.88,731
MOEX:GAZP,2018-08-02T13:53:00+03:00,141.81,141.88,141.81,141.88,219
MOEX:GAZP,2018-08-02T13:54:00+03:00,141.84,141.86,141.80,141.80,407
MOEX:GAZP,2018-08-02T13:55:00+03:00,141.80,141.84,141.80,141.84,706
MOEX:GAZP,2018-08-02T13:56:00+03:00,141.80,141.80,141.76,141.76,1266
MOEX:GAZP,2018-08-02T13:57:00+03:00,141.80,141.80,141.74,141.74,623
MOEX:GAZP,2018-08-02T13:58:00+03:00,141.74,141.76,141.73,141.76,541
MOEX:GAZP,2018-08-02T13:59:00+03:00,141.74,141.76,141.69,141.69,540
MOEX:GAZP,2018-08-02T14:00:00+03:00,141.77,141.81,141.73,141.73,149
MOEX:GAZP,2018-08-02T14:01:00+03:00,141.73,141.73,141.73,141.73,2
MOEX:GAZP,2018-08-02T14:02:00+03:00,141.83,141.83,141.83,141.83,40
MOEX:GAZP,2018-08-02T14:03:00+03:00,141.85,141.85,141.81,141.84,238
MOEX:GAZP,2018-08-02T14:04:00+03:00,141.85,141.85,141.81,141.85,153
MOEX:GAZP,2018-08-02T14:05:00+03:00,141.81,141.81,141.62,141.62,5838
MOEX:GAZP,2018-08-02T14:06:00+03:00,141.62,141.68,141.52,141.58,4668
MOEX:GAZP,2018-08-02T14:07:00+03:00,141.63,141.68,141.63,141.68,101
MOEX:GAZP,2018-08-02T14:08:00+03:00,141.68,141.68,141.68,141.68,9
MOEX:GAZP,2018-08-02T14:09:00+03:00,141.66,141.66,141.60,141.61,5460
MOEX:GAZP,2018-08-02T14:10:00+03:00,141.69,141.69,141.62,141.68,103
MOEX:GAZP,2018-08-02T14:11:00+03:00,141.68,141.68,141.61,141.64,323
MOEX:GAZP,2018-08-02T14:12:00+03:00,141.61,141.64,141.60,141.63,370
MOEX:GAZP,2018-08-02T14:13:00+03:00,141.63,141.65,141.61,141.61,546
MOEX:GAZP,2018-08-02T14:14:00+03:00,141.65,141.66,141.59,141.59,661
MOEX:GAZP,2018-08-02T14:15:00+03:00,141.63,141.63,141.54,141.54,405
MOEX:GAZP,2018-08-02T14:16:00+03:00,141.59,141.59,141.59,141.59,50
MOEX:GAZP,2018-08-02T14:17:00+03:00,141.59,141.61,141.59,141.61,272
MOEX:GAZP,2018-08-02T14:18:00+03:00,141.57,141.63,141.57,141.63,127
MOEX:GAZP,2018-08-02T14:19:00+03:00,141.57,141.61,141.57,141.61,47
MOEX:GAZP,2018-08-02T14:20:00+03:00,141.61,141.61,141.55,141.58,343
MOEX:GAZP,2018-08-02T14:21:00+03:00,141.58,141.58,141.55,141.55,16
MOEX:GAZP,2018-08-02T14:22:00+03:00,141.58,141.58,141.55,141.55,152
MOEX:GAZP,2018-08-02T14:23:00+03:00,141.55,141.55,141.55,141.55,51
MOEX:GAZP,2018-08-02T14:24:00+03:00,141.57,141.57,141.57,141.57,5
MOEX:GAZP,2018-08-02T14:25:00+03:00,141.54,141.56,141.54,141.56,348
MOEX:GAZP,2018-08-02T14:26:00+03:00,141.53,141.54,141.48,141.50,4921
MOEX:GAZP,2018-08-02T14:27:00+03:00,141.48,141.50,141.48,141.50,115
MOEX:GAZP,2018-08-02T14:28:00+03:00,141.47,141.47,141.43,141.44,1149
MOEX:GAZP,2018-08-02T14:29:00+03:00,141.43,141.44,141.20,141.25,10943
MOEX:GAZP,2018-08-02T14:30:00+03:00,141.25,141.28,141.23,141.28,1485
MOEX:GAZP,2018-08-02T14:31:00+03:00,141.27,141.35,141.27,141.35,2563
MOEX:GAZP,2018-08-02T14:32:00+03:00,141.31,141.34,141.27,141.28,660
MOEX:GAZP,2018-08-02T14:33:00+03:00,141.31,141.33,141.27,141.33,415
MOEX:GAZP,2018-08-02T14:34:00+03:00,141.28,141.33,141.27,141.27,170
MOEX:GAZP,2018-08-02T14:35:00+03:00,141.31,141.31,141.26,141.30,325
MOEX:GAZP,2018-08-02T14:36:00+03:00,141.30,141.30,141.25,141.27,163
MOEX:GAZP,2018-08-02T14:37:00+03:00,141.25,141.27,141.23,141.23,344
MOEX:GAZP,2018-08-02T14:38:00+03:00,141.22,141.22,141.12,141.17,7127
MOEX:GAZP,2018-08-02T14:39:00+03:00,141.20,141.20,141.13,141.16,1128
MOEX:GAZP,2018-08-02T14:40:00+03:00,141.16,141.21,141.15,141.21,422
MOEX:GAZP,2018-08-02T14:41:00+03:00,141.27,141.27,141.22,141.22,112
MOEX:GAZP,2018-08-02T14:42:00+03:00,141.22,141.28,141.22,141.22,359
MOEX:GAZP,2018-08-02T14:43:00+03:00,141.27,141.31,141.23,141.31,1180
MOEX:GAZP,2018-08-02T14:44:00+03:00,141.31,141.33,141.30,141.33,206
MOEX:GAZP,2018-08-02T14:45:00+03:00,141.34,141.38,141.32,141.37,305
MOEX:GAZP,2018-08-02T14:46:00+03:00,141.37,141.40,141.36,141.40,272
MOEX:GAZP,2018-08-02T14:47:00+03:00,141.40,141.45,141.36,141.45,238
MOEX:GAZP,2018-08-02T14:48:00+03:00,141.45,141.45,141.38,141.44,429
MOEX:GAZP,2018-08-02T14:49:00+03:00,141.45,141.46,141.40,141.42,331
MOEX:GAZP,2018-08-02T14:50:00+03:00,141.42,141.42,141.33,141.33,789
MOEX:GAZP,2018-08-02T14:51:00+03:00,141.35,141.36,141.35,141.36,54
MOEX:GAZP,2018-08-02T14:52:00+03:00,141.33,141.36,141.33,141.35,379
MOEX:GAZP,2018-08-02T14:53:00+03:00,141.37,141.40,141.37,141.40,66
MOEX:GAZP,2018-08-02T14:54:00+03:00,141.41,141.41,141.40,141.40,75
MOEX:GAZP,2018-08-02T14:55:00+03:00,141.40,141.40,141.36,141.40,130
MOEX:GAZP,2018-08-02T14:56:00+03:00,141.40,141.40,141.40,141.40,34
MOEX:GAZP,2018-08-02T14:57:00+03:00,141.40,141.40,141.40,141.40,10
MOEX:GAZP,2018-08-02T14:58:00+03:00,141.37,141.40,141.36,141.36,178
MOEX:GAZP,2018-08-02T14:59:00+03:00,141.36,141.37,141.33,141.35,498
MOEX:GAZP,2018-08-02T15:00:00+03:00,141.33,141.35,141.31,141.34,564
MOEX:GAZP,2018-08-02T15:01:00+03:00,141.34,141.35,141.33,141.35,61
MOEX:GAZP,2018-08-02T15:02:00+03:00,141.34,141.35,141.33,141.35,930
MOEX:GAZP,2018-08-02T15:03:00+03:00,141.33,141.34,141.32,141.34,452
MOEX:GAZP,2018-08-02T15:04:00+03:00,141.35,141.35,141.31,141.31,615
MOEX:GAZP,2018-08-02T15:05:00+03:00,141.30,141.35,141.29,141.35,2774
MOEX:GAZP,2018-08-02T15:06:00+03:00,141.36,141.37,141.31,141.31,11
MOEX:GAZP,2018-08-02T15:07:00+03:00,141.35,141.36,141.31,141.31,230
MOEX:GAZP,2018-08-02T15:08:00+03:00,141.35,141.35,141.29,141.29,145
MOEX:GAZP,2018-08-02T15:09:00+03:00,141.29,141.29,141.28,141.28,117
MOEX:GAZP,2018-08-02T15:10:00+03:00,141.28,141.28,141.26,141.26,243
MOEX:GAZP,2018-08-02T15:11:00+03:00,141.26,141.26,141.24,141.26,136
MOEX:GAZP,2018-08-02T15:12:00+03:00,141.26,141.28,141.26,141.28,135
MOEX:GAZP,2018-08-02T15:13:00+03:00,141.24,141.24,141.24,141.24,100
MOEX:GAZP,2018-08-02T15:14:00+03:00,141.23,141.25,141.23,141.25,300
MOEX:GAZP,2018-08-02T15:15:00+03:00,141.25,141.28,141.24,141.24,319
MOEX:GAZP,2018-08-02T15:16:00+03:00,141.24,141.28,141.24,141.28,294
MOEX:GAZP,2018-08-02T15:17:00+03:00,141.28,141.28,141.26,141.26,12
MOEX:GAZP,2018-08-02T15:18:00+03:00,141.24,141.28,141.24,141.28,110
MOEX:GAZP,2018-08-02T15:19:00+03:00,141.28,141.29,141.28,141.29,185
MOEX:GAZP,2018-08-02T15:20:00+03:00,141.29,141.29,141.29,141.29,105
MOEX:GAZP,2018-08-02T15:21:00+03:00,141.29,141.29,141.29,141.29,310
MOEX:GAZP,2018-08-02T15:22:00+03:00,141.26,141.26,141.26,141.26,5
MOEX:GAZP,2018-08-02T15:23:00+03:00,141.29,141.30,141.27,141.27,138
MOEX:GAZP,2018-08-02T15:24:00+03:00,141.27,141.30,141.27,141.30,66
MOEX:GAZP,2018-08-02T15:25:00+03:00,141.32,141.32,141.30,141.32,913
MOEX:GAZP,2018-08-02T15:26:00+03:00,141.32,141.34,141.32,141.34,341
MOEX:GAZP,2018-08-02T15:27:00+03:00,141.34,141.36,141.34,141.36,506
MOEX:GAZP,2018-08-02T15:28:00+03:00,141.35,141.35,141.35,141.35,142
MOEX:GAZP,2018-08-02T15:29:00+03:00,141.33,141.36,141.33,141.36,83
MOEX:GAZP,2018-08-02T15:30:00+03:00,141.36,141.45,141.36,141.45,6183
MOEX:GAZP,2018-08-02T15:31:00+03:00,141.45,141.46,141.44,141.45,306
MOEX:GAZP,2018-08-02T15:32:00+03:00,141.43,141.43,141.40,141.43,31
MOEX:GAZP,2018-08-02T15:33:00+03:00,141.40,141.45,141.40,141.45,65
MOEX:GAZP,2018-08-02T15:34:00+03:00,141.41,141.41,141.41,141.41,1
MOEX:GAZP,2018-08-02T15:35:00+03:00,141.41,141.41,141.41,141.41,72
MOEX:GAZP,2018-08-02T15:36:00+03:00,141.41,141.42,141.39,141.41,168
MOEX:GAZP,2018-08-02T15:37:00+03:00,141.38,141.38,141.36,141.36,384
MOEX:GAZP,2018-08-02T15:38:00+03:00,141.36,141.41,141.36,141.41,599
MOEX:GAZP,2018-08-02T15:39:00+03:00,141.42,141.42,141.40,141.40,83
MOEX:GAZP,2018-08-02T15:40:00+03:00,141.40,141.40,141.37,141.37,2069
MOEX:GAZP,2018-08-02T15:41:00+03:00,141.38,141.41,141.37,141.41,641
MOEX:GAZP,2018-08-02T15:43:00+03:00,141.38,141.38,141.38,141.38,105
MOEX:GAZP,2018-08-02T15:44:00+03:00,141.40,141.41,141.35,141.41,371
MOEX:GAZP,2018-08-02T15:46:00+03:00,141.40,141.41,141.40,141.41,309
MOEX:GAZP,2018-08-02T15:47:00+03:00,141.45,141.45,141.45,141.45,1
MOEX:GAZP,2018-08-02T15:48:00+03:00,141.45,141.54,141.45,141.54,3230
MOEX:GAZP,2018-08-02T15:49:00+03:00,141.54,141.54,141.54,141.54,126
MOEX:GAZP,2018-08-02T15:50:00+03:00,141.54,141.58,141.54,141.58,398
MOEX:GAZP,2018-08-02T15:51:00+03:00,141.57,141.60,141.57,141.60,92
MOEX:GAZP,2018-08-02T15:52:00+03:00,141.60,141.64,141.57,141.64,682
MOEX:GAZP,2018-08-02T15:53:00+03:00,141.63,141.63,141.58,141.61,2822
MOEX:GAZP,2018-08-02T15:54:00+03:00,141.61,141.62,141.56,141.56,663
MOEX:GAZP,2018-08-02T15:55:00+03:00,141.56,141.58,141.56,141.56,74
MOEX:GAZP,2018-08-02T15:57:00+03:00,141.60,141.60,141.60,141.60,409
MOEX:GAZP,2018-08-02T15:58:00+03:00,141.60,141.63,141.60,141.63,593
MOEX:GAZP,2018-08-02T15:59:00+03:00,141.63,141.63,141.58,141.61,749
MOEX:GAZP,2018-08-02T16:00:00+03:00,141.60,141.60,141.58,141.58,179
MOEX:GAZP,2018-08-02T16:01:00+03:00,141.60,141.60,141.58,141.58,7
MOEX:GAZP,2018-08-02T16:02:00+03:00,141.58,141.58,141.49,141.49,2014
MOEX:GAZP,2018-08-02T16:03:00+03:00,141.49,141.49,141.45,141.49,1005
MOEX:GAZP,2018-08-02T16:04:00+03:00,141.49,141.50,141.49,141.50,104
MOEX:GAZP,2018-08-02T16:05:00+03:00,141.47,141.47,141.43,141.43,347
MOEX:GAZP,2018-08-02T16:06:00+03:00,141.42,141.42,141.41,141.42,128
MOEX:GAZP,2018-08-02T16:07:00+03:00,141.42,141.42,141.42,141.42,73
MOEX:GAZP,2018-08-02T16:08:00+03:00,141.43,141.43,141.42,141.42,47
MOEX:GAZP,2018-08-02T16:09:00+03:00,141.44,141.44,141.42,141.44,671
MOEX:GAZP,2018-08-02T16:10:00+03:00,141.42,141.47,141.41,141.41,177
MOEX:GAZP,2018-08-02T16:12:00+03:00,141.42,141.42,141.37,141.37,1106
MOEX:GAZP,2018-08-02T16:13:00+03:00,141.37,141.40,141.34,141.40,456
MOEX:GAZP,2018-08-02T16:14:00+03:00,141.37,141.40,141.30,141.31,2709
MOEX:GAZP,2018-08-02T16:15:00+03:00,141.34,141.37,141.34,141.36,109
MOEX:GAZP,2018-08-02T16:16:00+03:00,141.37,141.42,141.37,141.42,636
MOEX:GAZP,2018-08-02T16:17:00+03:00,141.42,141.42,141.42,141.42,2
MOEX:GAZP,2018-08-02T16:18:00+03:00,141.42,141.42,141.35,141.42,854
MOEX:GAZP,2018-08-02T16:19:00+03:00,141.45,141.46,141.41,141.41,890
MOEX:GAZP,2018-08-02T16:20:00+03:00,141.46,141.48,141.40,141.40,1677
MOEX:GAZP,2018-08-02T16:21:00+03:00,141.42,141.42,141.32,141.33,2024
MOEX:GAZP,2018-08-02T16:22:00+03:00,141.35,141.38,141.35,141.38,920
MOEX:GAZP,2018-08-02T16:23:00+03:00,141.34,141.34,141.34,141.34,16
MOEX:GAZP,2018-08-02T16:24:00+03:00,141.39,141.39,141.33,141.34,251
MOEX:GAZP,2018-08-02T16:25:00+03:00,141.37,141.37,141.37,141.37,1
MOEX:GAZP,2018-08-02T16:26:00+03:00,141.33,141.37,141.33,141.37,61
MOEX:GAZP,2018-08-02T16:27:00+03:00,141.37,141.38,141.37,141.38,415
MOEX:GAZP,2018-08-02T16:28:00+03:00,141.38,141.38,141.31,141.31,1349
MOEX:GAZP,2018-08-02T16:29:00+03:00,141.34,141.37,141.28,141.30,1032
MOEX:GAZP,2018-08-02T16:30:00+03:00,141.31,141.32,141.20,141.21,5276
MOEX:GAZP,2018-08-02T16:31:00+03:00,141.32,141.32,141.32,141.32,1
MOEX:GAZP,2018-08-02T16:32:00+03:00,141.31,141.32,141.31,141.32,13
MOEX:GAZP,2018-08-02T16:33:00+03:00,141.29,141.29,141.29,141.29,2
MOEX:GAZP,2018-08-02T16:34:00+03:00,141.29,141.29,141.23,141.23,719
MOEX:GAZP,2018-08-02T16:35:00+03:00,141.26,141.29,141.26,141.27,570
MOEX:GAZP,2018-08-02T16:36:00+03:00,141.29,141.29,141.24,141.24,356
MOEX:GAZP,2018-08-02T16:37:00+03:00,141.24,141.27,141.18,141.18,967
MOEX:GAZP,2018-08-02T16:38:00+03:00,141.20,141.20,141.12,141.12,2452
MOEX:GAZP,2018-08-02T16:39:00+03:00,141.12,141.20,141.12,141.16,553
MOEX:GAZP,2018-08-02T16:40:00+03:00,141.16,141.22,141.16,141.18,496
MOEX:GAZP,2018-08-02T16:41:00+03:00,141.21,141.28,141.21,141.28,1064
MOEX:GAZP,2018-08-02T16:42:00+03:00,141.28,141.29,141.23,141.23,496
MOEX:GAZP,2018-08-02T16:43:00+03:00,141.27,141.29,141.26,141.26,875
MOEX:GAZP,2018-08-02T16:44:00+03:00,141.29,141.29,141.25,141.28,683
MOEX:GAZP,2018-08-02T16:45:00+03:00,141.28,141.30,141.28,141.30,362
MOEX:GAZP,2018-08-02T16:46:00+03:00,141.31,141.33,141.30,141.30,128
MOEX:GAZP,2018-08-02T16:47:00+03:00,141.28,141.28,141.26,141.26,180
MOEX:GAZP,2018-08-02T16:48:00+03:00,141.26,141.27,141.23,141.27,223
MOEX:GAZP,2018-08-02T16:49:00+03:00,141.27,141.29,141.25,141.29,183
MOEX:GAZP,2018-08-02T16:50:00+03:00,141.29,141.36,141.27,141.35,894
MOEX:GAZP,2018-08-02T16:51:00+03:00,141.36,141.36,141.32,141.32,41
MOEX:GAZP,2018-08-02T16:52:00+03:00,141.32,141.38,141.32,141.32,449
MOEX:GAZP,2018-08-02T16:53:00+03:00,141.33,141.35,141.30,141.30,1462
MOEX:GAZP,2018-08-02T16:54:00+03:00,141.34,141.40,141.34,141.39,1311
MOEX:GAZP,2018-08-02T16:55:00+03:00,141.39,141.39,141.28,141.28,1394
MOEX:GAZP,2018-08-02T16:56:00+03:00,141.28,141.29,141.00,141.00,29689
MOEX:GAZP,2018-08-02T16:57:00+03:00,141.00,141.07,140.88,141.01,11137
MOEX:GAZP,2018-08-02T16:58:00+03:00,141.01,141.05,140.96,140.97,1071
MOEX:GAZP,2018-08-02T16:59:00+03:00,140.98,141.02,140.78,140.81,15261
MOEX:GAZP,2018-08-02T17:00:00+03:00,140.81,141.05,140.77,141.01,23824
MOEX:GAZP,2018-08-02T17:01:00+03:00,141.02,141.08,141.00,141.08,9584
MOEX:GAZP,2018-08-02T17:02:00+03:00,141.08,141.14,141.08,141.14,2275
MOEX:GAZP,2018-08-02T17:03:00+03:00,141.09,141.20,141.09,141.20,1796
MOEX:GAZP,2018-08-02T17:04:00+03:00,141.17,141.26,141.17,141.26,1069
MOEX:GAZP,2018-08-02T17:05:00+03:00,141.17,141.25,141.16,141.16,1150
MOEX:GAZP,2018-08-02T17:06:00+03:00,141.16,141.25,141.16,141.25,481
MOEX:GAZP,2018-08-02T17:07:00+03:00,141.19,141.19,141.15,141.19,1161
MOEX:GAZP,2018-08-02T17:08:00+03:00,141.16,141.24,141.16,141.24,160
MOEX:GAZP,2018-08-02T17:09:00+03:00,141.24,141.25,141.22,141.22,282
MOEX:GAZP,2018-08-02T17:10:00+03:00,141.22,141.22,141.06,141.10,1947
MOEX:GAZP,2018-08-02T17:11:00+03:00,141.15,141.15,140.82,140.82,9548
MOEX:GAZP,2018-08-02T17:12:00+03:00,140.91,140.94,140.79,140.82,2937
MOEX:GAZP,2018-08-02T17:13:00+03:00,140.87,140.97,140.87,140.94,2874
MOEX:GAZP,2018-08-02T17:14:00+03:00,140.90,140.93,140.81,140.86,1074
MOEX:GAZP,2018-08-02T17:15:00+03:00,140.86,140.93,140.84,140.93,513
MOEX:GAZP,2018-08-02T17:16:00+03:00,140.84,140.89,140.84,140.88,125
MOEX:GAZP,2018-08-02T17:17:00+03:00,140.89,141.00,140.89,140.93,5239
MOEX:GAZP,2018-08-02T17:18:00+03:00,140.90,140.90,140.88,140.90,943
MOEX:GAZP,2018-08-02T17:19:00+03:00,140.90,140.95,140.89,140.95,453
MOEX:GAZP,2018-08-02T17:20:00+03:00,140.89,140.94,140.84,140.87,1237
MOEX:GAZP,2018-08-02T17:21:00+03:00,140.93,140.93,140.81,140.83,2041
MOEX:GAZP,2018-08-02T17:22:00+03:00,140.82,140.82,140.75,140.79,3899
MOEX:GAZP,2018-08-02T17:23:00+03:00,140.75,140.78,140.74,140.78,1100
MOEX:GAZP,2018-08-02T17:24:00+03:00,140.74,140.77,140.71,140.71,1125
MOEX:GAZP,2018-08-02T17:25:00+03:00,140.73,140.90,140.71,140.85,2701
MOEX:GAZP,2018-08-02T17:26:00+03:00,140.93,140.94,140.93,140.94,687
MOEX:GAZP,2018-08-02T17:27:00+03:00,140.94,140.97,140.89,140.89,1734
MOEX:GAZP,2018-08-02T17:28:00+03:00,140.88,140.93,140.88,140.89,157
MOEX:GAZP,2018-08-02T17:29:00+03:00,140.93,140.96,140.90,140.90,5094
MOEX:GAZP,2018-08-02T17:30:00+03:00,140.91,140.91,140.79,140.84,3378
MOEX:GAZP,2018-08-02T17:31:00+03:00,140.79,140.84,140.72,140.72,2601
MOEX:GAZP,2018-08-02T17:32:00+03:00,140.76,140.76,140.73,140.75,1034
MOEX:GAZP,2018-08-02T17:33:00+03:00,140.72,140.85,140.71,140.73,5319
MOEX:GAZP,2018-08-02T17:34:00+03:00,140.79,140.79,140.74,140.77,944
MOEX:GAZP,2018-08-02T17:35:00+03:00,140.76,140.77,140.71,140.73,2325
MOEX:GAZP,2018-08-02T17:36:00+03:00,140.73,140.73,140.67,140.67,4677
MOEX:GAZP,2018-08-02T17:37:00+03:00,140.68,140.68,140.64,140.66,4142
MOEX:GAZP,2018-08-02T17:38:00+03:00,140.64,140.68,140.64,140.65,4576
MOEX:GAZP,2018-08-02T17:39:00+03:00,140.66,140.66,140.63,140.64,673
MOEX:GAZP,2018-08-02T17:40:00+03:00,140.65,140.65,140.60,140.60,5406
MOEX:GAZP,2018-08-02T17:41:00+03:00,140.64,140.66,140.62,140.66,1200
MOEX:GAZP,2018-08-02T17:42:00+03:00,140.64,140.64,140.60,140.60,1345
MOEX:GAZP,2018-08-02T17:43:00+03:00,140.60,140.60,140.43,140.43,44075
MOEX:GAZP,2018-08-02T17:44:00+03:00,140.43,140.45,140.33,140.34,16294
MOEX:GAZP,2018-08-02T17:45:00+03:00,140.34,140.38,140.25,140.26,11306
MOEX:GAZP,2018-08-02T17:46:00+03:00,140.25,140.26,139.80,139.89,60572
MOEX:GAZP,2018-08-02T17:47:00+03:00,139.83,139.98,139.76,139.94,22973
MOEX:GAZP,2018-08-02T17:48:00+03:00,139.93,139.95,139.91,139.91,3169
MOEX:GAZP,2018-08-02T17:49:00+03:00,139.93,140.16,139.87,140.09,7360
MOEX:GAZP,2018-08-02T17:50:00+03:00,140.12,140.34,140.12,140.22,4759
MOEX:GAZP,2018-08-02T17:51:00+03:00,140.22,140.33,140.19,140.33,16163
MOEX:GAZP,2018-08-02T17:52:00+03:00,140.33,140.40,140.33,140.33,2303
MOEX:GAZP,2018-08-02T17:53:00+03:00,140.36,140.37,140.31,140.36,3142
MOEX:GAZP,2018-08-02T17:54:00+03:00,140.36,140.37,140.35,140.35,532
MOEX:GAZP,2018-08-02T17:55:00+03:00,140.33,140.35,140.27,140.30,1700
MOEX:GAZP,2018-08-02T17:56:00+03:00,140.29,140.30,140.21,140.21,501
MOEX:GAZP,2018-08-02T17:57:00+03:00,140.22,140.24,140.20,140.20,774
MOEX:GAZP,2018-08-02T17:58:00+03:00,140.24,140.24,140.14,140.14,1781
MOEX:GAZP,2018-08-02T17:59:00+03:00,140.14,140.14,140.05,140.08,5592
MOEX:GAZP,2018-08-02T18:00:00+03:00,140.08,140.19,140.08,140.19,623
MOEX:GAZP,2018-08-02T18:01:00+03:00,140.15,140.19,140.14,140.19,1275
MOEX:GAZP,2018-08-02T18:02:00+03:00,140.19,140.25,140.13,140.24,4314
MOEX:GAZP,2018-08-02T18:03:00+03:00,140.25,140.25,140.21,140.24,1025
MOEX:GAZP,2018-08-02T18:04:00+03:00,140.24,140.25,140.21,140.25,1507
MOEX:GAZP,2018-08-02T18:05:00+03:00,140.25,140.25,140.20,140.20,657
MOEX:GAZP,2018-08-02T18:06:00+03:00,140.23,140.23,140.20,140.20,213
MOEX:GAZP,2018-08-02T18:07:00+03:00,140.24,140.24,140.20,140.20,11
MOEX:GAZP,2018-08-02T18:08:00+03:00,140.21,140.21,140.10,140.10,2446
MOEX:GAZP,2018-08-02T18:09:00+03:00,140.12,140.14,140.08,140.12,438
MOEX:GAZP,2018-08-02T18:10:00+03:00,140.11,140.11,140.08,140.10,754
MOEX:GAZP,2018-08-02T18:11:00+03:00,140.09,140.09,139.98,139.99,16253
MOEX:GAZP,2018-08-02T18:12:00+03:00,140.00,140.00,139.95,139.98,2485
MOEX:GAZP,2018-08-02T18:13:00+03:00,139.98,140.00,139.90,140.00,3455
MOEX:GAZP,2018-08-02T18:14:00+03:00,139.94,140.00,139.94,139.95,13593
MOEX:GAZP,2018-08-02T18:15:00+03:00,139.96,140.00,139.95,140.00,910
MOEX:GAZP,2018-08-02T18:16:00+03:00,140.00,140.00,139.96,139.97,1532
MOEX:GAZP,2018-08-02T18:17:00+03:00,140.00,140.00,139.95,139.95,3040
MOEX:GAZP,2018-08-02T18:18:00+03:00,139.98,140.00,139.97,140.00,4288
MOEX:GAZP,2018-08-02T18:19:00+03:00,140.00,140.00,139.98,140.00,5917
MOEX:GAZP,2018-08-02T18:20:00+03:00,140.00,140.00,139.98,140.00,847
MOEX:GAZP,2018-08-02T18:21:00+03:00,140.00,140.00,139.95,139.98,3415
MOEX:GAZP,2018-08-02T18:22:00+03:00,139.98,140.00,139.97,140.00,7381
MOEX:GAZP,2018-08-02T18:23:00+03:00,140.00,140.09,139.99,140.09,4218
MOEX:GAZP,2018-08-02T18:24:00+03:00,140.09,140.09,140.07,140.09,348
MOEX:GAZP,2018-08-02T18:25:00+03:00,140.09,140.13,140.07,140.11,923
MOEX:GAZP,2018-08-02T18:26:00+03:00,140.10,140.14,140.10,140.14,1171
MOEX:GAZP,2018-08-02T18:27:00+03:00,140.14,140.25,140.13,140.25,3897
MOEX:GAZP,2018-08-02T18:28:00+03:00,140.24,140.28,140.23,140.28,8148
MOEX:GAZP,2018-08-02T18:29:00+03:00,140.28,140.31,140.25,140.31,1275
MOEX:GAZP,2018-08-02T18:30:00+03:00,140.30,140.31,140.23,140.26,3738
MOEX:GAZP,2018-08-02T18:31:00+03:00,140.22,140.26,140.20,140.20,1584
MOEX:GAZP,2018-08-02T18:32:00+03:00,140.22,140.22,140.20,140.22,7069
MOEX:GAZP,2018-08-02T18:33:00+03:00,140.22,140.22,140.17,140.17,8924
MOEX:GAZP,2018-08-02T18:34:00+03:00,140.19,140.23,140.17,140.20,2633
MOEX:GAZP,2018-08-02T18:35:00+03:00,140.18,140.18,140.17,140.17,1499
MOEX:GAZP,2018-08-02T18:36:00+03:00,140.15,140.18,140.11,140.17,3785
MOEX:GAZP,2018-08-02T18:37:00+03:00,140.18,140.18,140.14,140.18,293
MOEX:GAZP,2018-08-02T18:38:00+03:00,140.15,140.18,140.11,140.17,2630
MOEX:GAZP,2018-08-02T18:39:00+03:00,140.17,140.18,140.13,140.18,2986
MOEX:GAZP,2018-08-02T18:45:00+03:00,140.36,140.36,140.36,140.36,39203
MOEX:GAZP,2018-08-02T18:46:00+03:00,140.36,140.36,140.36,140.36,20
MOEX:GAZP,2018-08-02T18:47:00+03:00,140.36,140.36,140.36,140.36,3055
MOEX:GAZP,2018-08-02T18:48:00+03:00,140.36,140.36,140.36,140.36,1497
MOEX:GAZP,2018-08-02T18:49:00+03:00,140.36,140.36,140.36,140.36,211
