MOEX:POLY,2020-12-08T10:00:00+03:00,1640.0,1647.9,1636.1,1644.6,8365
MOEX:POLY,2020-12-08T10:01:00+03:00,1644.9,1672.6,1644.7,1648.1,21939
MOEX:POLY,2020-12-08T10:02:00+03:00,1648.4,1649.5,1641.4,1648.8,7047
MOEX:POLY,2020-12-08T10:03:00+03:00,1647.5,1652.0,1646.0,1649.4,5696
MOEX:POLY,2020-12-08T10:04:00+03:00,1648.5,1654.9,1648.5,1653.6,10879
MOEX:POLY,2020-12-08T10:05:00+03:00,1653.6,1653.7,1648.0,1648.0,5580
MOEX:POLY,2020-12-08T10:06:00+03:00,1648.0,1650.0,1647.8,1649.1,2781
MOEX:POLY,2020-12-08T10:07:00+03:00,1649.1,1649.1,1640.1,1643.1,10585
MOEX:POLY,2020-12-08T10:08:00+03:00,1642.2,1644.0,1641.1,1643.9,4240
MOEX:POLY,2020-12-08T10:09:00+03:00,1642.8,1643.6,1636.0,1641.7,7563
MOEX:POLY,2020-12-08T10:10:00+03:00,1642.4,1645.0,1640.9,1641.8,3872
MOEX:POLY,2020-12-08T10:11:00+03:00,1642.8,1645.0,1641.5,1643.2,4602
MOEX:POLY,2020-12-08T10:12:00+03:00,1643.8,1645.0,1643.0,1643.9,1150
MOEX:POLY,2020-12-08T10:13:00+03:00,1643.0,1643.9,1640.8,1643.1,926
MOEX:POLY,2020-12-08T10:14:00+03:00,1643.1,1644.7,1643.0,1643.7,1249
MOEX:POLY,2020-12-08T10:15:00+03:00,1643.7,1644.3,1640.0,1642.9,3099
MOEX:POLY,2020-12-08T10:16:00+03:00,1643.3,1643.3,1642.7,1643.0,717
MOEX:POLY,2020-12-08T10:17:00+03:00,1642.2,1643.3,1642.0,1643.0,1022
MOEX:POLY,2020-12-08T10:18:00+03:00,1642.3,1646.0,1642.3,1646.0,5287
MOEX:POLY,2020-12-08T10:19:00+03:00,1645.7,1648.0,1645.4,1648.0,1739
MOEX:POLY,2020-12-08T10:20:00+03:00,1648.0,1648.0,1645.5,1645.5,2054
MOEX:POLY,2020-12-08T10:21:00+03:00,1646.3,1646.5,1645.3,1646.5,1928
MOEX:POLY,2020-12-08T10:22:00+03:00,1645.3,1646.3,1644.5,1646.3,1056
MOEX:POLY,2020-12-08T10:23:00+03:00,1645.2,1645.7,1641.5,1642.3,1256
MOEX:POLY,2020-12-08T10:24:00+03:00,1642.0,1642.0,1636.9,1636.9,7345
MOEX:POLY,2020-12-08T10:25:00+03:00,1638.3,1639.5,1636.4,1638.0,3414
MOEX:POLY,2020-12-08T10:26:00+03:00,1637.4,1638.9,1637.4,1638.1,1458
MOEX:POLY,2020-12-08T10:27:00+03:00,1638.5,1638.7,1636.4,1638.7,5695
MOEX:POLY,2020-12-08T10:28:00+03:00,1638.4,1640.0,1637.2,1639.9,1477
MOEX:POLY,2020-12-08T10:29:00+03:00,1639.7,1644.8,1639.7,1642.3,2280
MOEX:POLY,2020-12-08T10:30:00+03:00,1642.1,1643.1,1640.9,1642.3,3807
MOEX:POLY,2020-12-08T10:31:00+03:00,1642.0,1642.9,1641.0,1642.5,680
MOEX:POLY,2020-12-08T10:32:00+03:00,1642.0,1642.2,1639.3,1642.2,1739
MOEX:POLY,2020-12-08T10:33:00+03:00,1642.2,1642.4,1640.0,1641.1,1471
MOEX:POLY,2020-12-08T10:34:00+03:00,1641.1,1641.1,1640.1,1640.5,676
MOEX:POLY,2020-12-08T10:35:00+03:00,1640.1,1641.6,1637.2,1637.9,1615
MOEX:POLY,2020-12-08T10:36:00+03:00,1637.7,1639.0,1637.0,1638.6,817
MOEX:POLY,2020-12-08T10:37:00+03:00,1638.8,1639.7,1638.6,1639.4,699
MOEX:POLY,2020-12-08T10:38:00+03:00,1639.4,1640.9,1639.4,1640.6,1498
MOEX:POLY,2020-12-08T10:39:00+03:00,1640.5,1640.6,1639.0,1640.0,277
MOEX:POLY,2020-12-08T10:40:00+03:00,1640.0,1642.2,1640.0,1642.2,698
MOEX:POLY,2020-12-08T10:41:00+03:00,1641.6,1642.4,1640.9,1642.4,284
MOEX:POLY,2020-12-08T10:42:00+03:00,1642.2,1643.6,1642.2,1642.3,2464
MOEX:POLY,2020-12-08T10:43:00+03:00,1642.2,1643.2,1638.1,1639.1,2402
MOEX:POLY,2020-12-08T10:44:00+03:00,1639.1,1639.9,1637.1,1638.1,1096
MOEX:POLY,2020-12-08T10:45:00+03:00,1638.1,1639.3,1637.4,1637.4,2334
MOEX:POLY,2020-12-08T10:46:00+03:00,1637.8,1639.1,1637.8,1638.5,358
MOEX:POLY,2020-12-08T10:47:00+03:00,1638.8,1639.0,1632.1,1632.8,8405
MOEX:POLY,2020-12-08T10:48:00+03:00,1632.3,1633.6,1631.0,1632.7,5465
MOEX:POLY,2020-12-08T10:49:00+03:00,1633.7,1634.5,1631.9,1634.4,2524
MOEX:POLY,2020-12-08T10:50:00+03:00,1634.3,1635.5,1633.4,1633.4,969
MOEX:POLY,2020-12-08T10:51:00+03:00,1633.6,1634.1,1632.5,1633.4,2830
MOEX:POLY,2020-12-08T10:52:00+03:00,1633.5,1634.0,1632.8,1633.0,1380
MOEX:POLY,2020-12-08T10:53:00+03:00,1633.0,1633.0,1631.5,1631.5,1291
MOEX:POLY,2020-12-08T10:54:00+03:00,1632.1,1633.2,1631.6,1633.2,1233
MOEX:POLY,2020-12-08T10:55:00+03:00,1633.2,1634.0,1633.2,1633.5,537
MOEX:POLY,2020-12-08T10:56:00+03:00,1633.5,1635.0,1633.5,1635.0,560
MOEX:POLY,2020-12-08T10:57:00+03:00,1635.0,1636.9,1634.7,1636.6,2165
MOEX:POLY,2020-12-08T10:58:00+03:00,1636.5,1637.4,1635.0,1635.7,1204
MOEX:POLY,2020-12-08T10:59:00+03:00,1635.7,1635.7,1634.5,1635.1,779
MOEX:POLY,2020-12-08T11:00:00+03:00,1635.1,1643.9,1634.3,1643.9,27239
MOEX:POLY,2020-12-08T11:01:00+03:00,1643.1,1644.2,1641.5,1643.7,3138
MOEX:POLY,2020-12-08T11:02:00+03:00,1643.7,1646.7,1638.2,1642.1,8486
MOEX:POLY,2020-12-08T11:03:00+03:00,1641.8,1643.1,1639.3,1642.1,1970
MOEX:POLY,2020-12-08T11:04:00+03:00,1642.1,1644.7,1641.4,1644.3,3128
MOEX:POLY,2020-12-08T11:05:00+03:00,1644.7,1649.2,1643.0,1643.0,15880
MOEX:POLY,2020-12-08T11:06:00+03:00,1643.2,1644.4,1641.4,1644.4,2063
MOEX:POLY,2020-12-08T11:07:00+03:00,1645.0,1645.3,1641.9,1642.1,1565
MOEX:POLY,2020-12-08T11:08:00+03:00,1642.0,1642.7,1639.3,1640.0,1442
MOEX:POLY,2020-12-08T11:09:00+03:00,1640.5,1641.2,1639.2,1641.1,3830
MOEX:POLY,2020-12-08T11:10:00+03:00,1641.1,1642.2,1639.5,1641.1,1484
MOEX:POLY,2020-12-08T11:11:00+03:00,1641.4,1644.0,1641.3,1644.0,1425
MOEX:POLY,2020-12-08T11:12:00+03:00,1643.6,1645.3,1643.5,1645.2,1427
MOEX:POLY,2020-12-08T11:13:00+03:00,1645.7,1646.0,1644.2,1645.0,1728
MOEX:POLY,2020-12-08T11:14:00+03:00,1644.9,1645.3,1641.1,1642.0,4963
MOEX:POLY,2020-12-08T11:15:00+03:00,1642.7,1642.7,1641.2,1642.0,887
MOEX:POLY,2020-12-08T11:16:00+03:00,1641.4,1641.7,1640.0,1641.2,580
MOEX:POLY,2020-12-08T11:17:00+03:00,1641.2,1643.2,1640.3,1643.2,1779
MOEX:POLY,2020-12-08T11:18:00+03:00,1642.9,1644.0,1642.5,1644.0,3983
MOEX:POLY,2020-12-08T11:19:00+03:00,1644.4,1645.2,1642.6,1644.7,2271
MOEX:POLY,2020-12-08T11:20:00+03:00,1644.7,1645.6,1641.0,1641.0,1995
MOEX:POLY,2020-12-08T11:21:00+03:00,1641.0,1641.0,1638.7,1640.6,2743
MOEX:POLY,2020-12-08T11:22:00+03:00,1640.1,1642.1,1640.1,1641.5,125
MOEX:POLY,2020-12-08T11:23:00+03:00,1641.5,1641.5,1640.0,1641.0,918
MOEX:POLY,2020-12-08T11:24:00+03:00,1640.7,1641.5,1639.5,1639.5,2191
MOEX:POLY,2020-12-08T11:25:00+03:00,1640.7,1643.0,1640.7,1642.6,1317
MOEX:POLY,2020-12-08T11:26:00+03:00,1643.0,1644.9,1642.8,1643.0,858
MOEX:POLY,2020-12-08T11:27:00+03:00,1642.9,1642.9,1642.0,1642.2,1040
MOEX:POLY,2020-12-08T11:28:00+03:00,1642.6,1643.8,1642.0,1643.0,3643
MOEX:POLY,2020-12-08T11:29:00+03:00,1643.0,1645.0,1642.9,1644.4,2483
MOEX:POLY,2020-12-08T11:30:00+03:00,1644.9,1645.0,1643.5,1644.8,1178
MOEX:POLY,2020-12-08T11:31:00+03:00,1644.8,1647.4,1643.9,1647.0,3107
MOEX:POLY,2020-12-08T11:32:00+03:00,1647.0,1648.5,1646.9,1647.9,2705
MOEX:POLY,2020-12-08T11:33:00+03:00,1648.0,1649.1,1648.0,1648.0,3337
MOEX:POLY,2020-12-08T11:34:00+03:00,1647.8,1648.6,1647.3,1648.1,863
MOEX:POLY,2020-12-08T11:35:00+03:00,1648.1,1653.1,1648.1,1652.8,15049
MOEX:POLY,2020-12-08T11:36:00+03:00,1652.4,1654.0,1652.3,1653.5,3421
MOEX:POLY,2020-12-08T11:37:00+03:00,1653.8,1654.7,1652.8,1654.5,4602
MOEX:POLY,2020-12-08T11:38:00+03:00,1654.4,1655.4,1654.0,1654.8,8079
MOEX:POLY,2020-12-08T11:39:00+03:00,1654.5,1655.7,1653.0,1654.6,8751
MOEX:POLY,2020-12-08T11:40:00+03:00,1654.6,1654.7,1649.3,1654.0,22343
MOEX:POLY,2020-12-08T11:41:00+03:00,1654.1,1655.0,1654.0,1654.7,3491
MOEX:POLY,2020-12-08T11:42:00+03:00,1654.8,1654.9,1652.5,1653.9,5312
MOEX:POLY,2020-12-08T11:43:00+03:00,1654.0,1655.0,1653.9,1654.9,2772
MOEX:POLY,2020-12-08T11:44:00+03:00,1654.4,1654.4,1653.4,1653.5,2588
MOEX:POLY,2020-12-08T11:45:00+03:00,1653.5,1655.3,1652.5,1655.3,7514
MOEX:POLY,2020-12-08T11:46:00+03:00,1655.0,1655.5,1655.0,1655.5,675
MOEX:POLY,2020-12-08T11:47:00+03:00,1655.4,1655.5,1654.6,1654.8,2127
MOEX:POLY,2020-12-08T11:48:00+03:00,1654.8,1655.1,1653.8,1655.0,1546
MOEX:POLY,2020-12-08T11:49:00+03:00,1655.0,1656.5,1654.8,1656.4,2928
MOEX:POLY,2020-12-08T11:50:00+03:00,1656.4,1656.4,1653.8,1654.0,4015
MOEX:POLY,2020-12-08T11:51:00+03:00,1654.0,1654.5,1653.8,1654.3,291
MOEX:POLY,2020-12-08T11:52:00+03:00,1654.3,1655.7,1654.3,1655.7,532
MOEX:POLY,2020-12-08T11:53:00+03:00,1655.7,1656.0,1655.0,1655.0,1930
MOEX:POLY,2020-12-08T11:54:00+03:00,1655.1,1656.0,1653.8,1653.8,1433
MOEX:POLY,2020-12-08T11:55:00+03:00,1654.2,1654.9,1653.8,1654.8,660
MOEX:POLY,2020-12-08T11:56:00+03:00,1654.5,1654.7,1654.0,1654.4,987
MOEX:POLY,2020-12-08T11:57:00+03:00,1654.1,1654.8,1653.6,1653.6,1905
MOEX:POLY,2020-12-08T11:58:00+03:00,1653.6,1654.0,1653.4,1654.0,345
MOEX:POLY,2020-12-08T11:59:00+03:00,1654.0,1655.0,1653.9,1655.0,1451
MOEX:POLY,2020-12-08T12:00:00+03:00,1655.0,1655.6,1654.0,1654.8,1176
MOEX:POLY,2020-12-08T12:01:00+03:00,1654.5,1654.6,1654.0,1654.6,402
MOEX:POLY,2020-12-08T12:02:00+03:00,1654.7,1654.8,1653.4,1654.8,1019
MOEX:POLY,2020-12-08T12:03:00+03:00,1654.9,1656.0,1654.9,1655.7,3451
MOEX:POLY,2020-12-08T12:04:00+03:00,1655.7,1655.9,1654.2,1655.0,2982
MOEX:POLY,2020-12-08T12:05:00+03:00,1655.4,1655.4,1654.0,1654.3,1135
MOEX:POLY,2020-12-08T12:06:00+03:00,1654.0,1655.0,1653.1,1654.1,916
MOEX:POLY,2020-12-08T12:07:00+03:00,1654.4,1654.4,1653.1,1653.2,974
MOEX:POLY,2020-12-08T12:08:00+03:00,1653.5,1654.3,1653.5,1654.0,1725
MOEX:POLY,2020-12-08T12:09:00+03:00,1654.0,1655.0,1653.0,1655.0,4085
MOEX:POLY,2020-12-08T12:10:00+03:00,1654.3,1654.6,1653.9,1654.0,939
MOEX:POLY,2020-12-08T12:11:00+03:00,1654.4,1655.1,1654.0,1655.0,2968
MOEX:POLY,2020-12-08T12:12:00+03:00,1655.0,1655.3,1653.5,1654.2,1451
MOEX:POLY,2020-12-08T12:13:00+03:00,1654.2,1654.5,1653.9,1654.5,1014
MOEX:POLY,2020-12-08T12:14:00+03:00,1654.5,1654.7,1654.0,1654.0,893
MOEX:POLY,2020-12-08T12:15:00+03:00,1654.0,1654.3,1653.6,1654.0,2317
MOEX:POLY,2020-12-08T12:16:00+03:00,1653.6,1654.7,1653.1,1654.1,4081
MOEX:POLY,2020-12-08T12:17:00+03:00,1653.9,1654.4,1653.2,1653.5,1698
MOEX:POLY,2020-12-08T12:18:00+03:00,1653.4,1654.5,1653.2,1654.1,2652
MOEX:POLY,2020-12-08T12:19:00+03:00,1654.1,1654.7,1654.1,1654.6,338
MOEX:POLY,2020-12-08T12:20:00+03:00,1654.1,1654.6,1654.1,1654.2,122
MOEX:POLY,2020-12-08T12:21:00+03:00,1654.6,1654.6,1654.2,1654.5,961
MOEX:POLY,2020-12-08T12:22:00+03:00,1654.6,1655.0,1654.5,1655.0,543
MOEX:POLY,2020-12-08T12:23:00+03:00,1655.0,1655.2,1654.0,1655.0,10558
MOEX:POLY,2020-12-08T12:24:00+03:00,1655.3,1655.5,1654.6,1654.6,2407
MOEX:POLY,2020-12-08T12:25:00+03:00,1655.0,1655.3,1654.0,1654.0,1245
MOEX:POLY,2020-12-08T12:26:00+03:00,1654.3,1654.4,1654.0,1654.2,2576
MOEX:POLY,2020-12-08T12:27:00+03:00,1654.2,1654.4,1654.0,1654.1,458
MOEX:POLY,2020-12-08T12:28:00+03:00,1654.0,1654.5,1654.0,1654.0,1341
MOEX:POLY,2020-12-08T12:29:00+03:00,1654.0,1654.4,1654.0,1654.0,5694
MOEX:POLY,2020-12-08T12:30:00+03:00,1654.0,1654.2,1654.0,1654.1,2201
MOEX:POLY,2020-12-08T12:31:00+03:00,1654.2,1654.5,1654.0,1654.5,370
MOEX:POLY,2020-12-08T12:32:00+03:00,1654.5,1654.5,1654.1,1654.1,56
MOEX:POLY,2020-12-08T12:33:00+03:00,1654.1,1654.9,1654.0,1654.6,791
MOEX:POLY,2020-12-08T12:34:00+03:00,1654.5,1654.8,1654.1,1654.2,175
MOEX:POLY,2020-12-08T12:35:00+03:00,1654.4,1654.5,1654.0,1654.0,623
MOEX:POLY,2020-12-08T12:36:00+03:00,1654.0,1654.6,1654.0,1654.0,744
MOEX:POLY,2020-12-08T12:37:00+03:00,1654.4,1654.4,1651.5,1651.6,3926
MOEX:POLY,2020-12-08T12:38:00+03:00,1652.1,1652.3,1649.1,1649.5,5220
MOEX:POLY,2020-12-08T12:39:00+03:00,1649.5,1650.1,1648.4,1649.4,1765
MOEX:POLY,2020-12-08T12:40:00+03:00,1650.1,1650.1,1648.8,1649.7,1731
MOEX:POLY,2020-12-08T12:41:00+03:00,1649.5,1650.5,1649.2,1650.0,1119
MOEX:POLY,2020-12-08T12:42:00+03:00,1650.4,1651.7,1650.4,1651.1,907
MOEX:POLY,2020-12-08T12:43:00+03:00,1650.5,1650.7,1650.0,1650.0,594
MOEX:POLY,2020-12-08T12:44:00+03:00,1650.7,1650.7,1648.7,1649.5,396
MOEX:POLY,2020-12-08T12:45:00+03:00,1648.8,1649.5,1648.8,1649.5,158
MOEX:POLY,2020-12-08T12:46:00+03:00,1648.9,1649.8,1648.7,1649.8,786
MOEX:POLY,2020-12-08T12:47:00+03:00,1649.8,1651.0,1649.5,1651.0,1499
MOEX:POLY,2020-12-08T12:48:00+03:00,1650.4,1652.2,1650.2,1651.0,1901
MOEX:POLY,2020-12-08T12:49:00+03:00,1650.9,1650.9,1650.0,1650.2,35
MOEX:POLY,2020-12-08T12:50:00+03:00,1650.2,1650.2,1649.1,1649.1,1185
MOEX:POLY,2020-12-08T12:51:00+03:00,1649.6,1650.6,1649.6,1650.6,989
MOEX:POLY,2020-12-08T12:52:00+03:00,1650.3,1650.9,1650.2,1650.9,2437
MOEX:POLY,2020-12-08T12:53:00+03:00,1650.9,1650.9,1650.4,1650.9,1065
MOEX:POLY,2020-12-08T12:54:00+03:00,1650.5,1650.9,1649.3,1650.2,1071
MOEX:POLY,2020-12-08T12:55:00+03:00,1650.2,1650.9,1650.2,1650.7,543
MOEX:POLY,2020-12-08T12:56:00+03:00,1650.7,1650.9,1649.3,1649.3,180
MOEX:POLY,2020-12-08T12:57:00+03:00,1649.0,1649.5,1649.0,1649.5,177
MOEX:POLY,2020-12-08T12:58:00+03:00,1649.0,1649.0,1647.0,1647.0,2659
MOEX:POLY,2020-12-08T12:59:00+03:00,1647.0,1649.1,1647.0,1648.5,812
MOEX:POLY,2020-12-08T13:00:00+03:00,1648.0,1648.7,1647.7,1647.7,377
MOEX:POLY,2020-12-08T13:01:00+03:00,1648.4,1648.8,1647.9,1648.8,3117
MOEX:POLY,2020-12-08T13:02:00+03:00,1649.5,1650.3,1649.4,1649.5,495
MOEX:POLY,2020-12-08T13:03:00+03:00,1649.5,1650.0,1649.5,1649.6,225
MOEX:POLY,2020-12-08T13:04:00+03:00,1650.0,1650.0,1649.9,1649.9,57
MOEX:POLY,2020-12-08T13:05:00+03:00,1650.0,1650.0,1649.1,1649.8,1550
MOEX:POLY,2020-12-08T13:06:00+03:00,1649.2,1649.6,1648.4,1648.4,428
MOEX:POLY,2020-12-08T13:07:00+03:00,1648.4,1649.2,1647.8,1648.0,1471
MOEX:POLY,2020-12-08T13:08:00+03:00,1648.7,1648.9,1648.1,1648.9,669
MOEX:POLY,2020-12-08T13:09:00+03:00,1649.0,1649.2,1649.0,1649.2,101
MOEX:POLY,2020-12-08T13:10:00+03:00,1648.8,1649.1,1648.8,1648.9,99
MOEX:POLY,2020-12-08T13:11:00+03:00,1648.9,1649.2,1648.4,1648.4,621
MOEX:POLY,2020-12-08T13:12:00+03:00,1649.2,1651.0,1649.2,1651.0,1557
MOEX:POLY,2020-12-08T13:13:00+03:00,1651.0,1652.0,1651.0,1651.2,1488
MOEX:POLY,2020-12-08T13:14:00+03:00,1651.7,1651.7,1650.6,1650.6,607
MOEX:POLY,2020-12-08T13:15:00+03:00,1650.6,1651.5,1650.6,1651.5,75
MOEX:POLY,2020-12-08T13:16:00+03:00,1651.5,1651.7,1651.5,1651.7,210
MOEX:POLY,2020-12-08T13:17:00+03:00,1651.6,1651.7,1651.5,1651.6,458
MOEX:POLY,2020-12-08T13:18:00+03:00,1651.6,1652.8,1651.6,1652.7,291
MOEX:POLY,2020-12-08T13:19:00+03:00,1652.7,1653.1,1652.0,1653.0,131
MOEX:POLY,2020-12-08T13:20:00+03:00,1653.0,1653.1,1652.0,1652.5,1628
MOEX:POLY,2020-12-08T13:21:00+03:00,1652.5,1652.8,1652.1,1652.7,63
MOEX:POLY,2020-12-08T13:22:00+03:00,1652.5,1652.8,1652.5,1652.8,230
MOEX:POLY,2020-12-08T13:23:00+03:00,1652.8,1652.8,1652.0,1652.0,249
MOEX:POLY,2020-12-08T13:24:00+03:00,1652.6,1652.6,1651.2,1652.5,230
MOEX:POLY,2020-12-08T13:25:00+03:00,1652.7,1652.7,1652.0,1652.4,89
MOEX:POLY,2020-12-08T13:26:00+03:00,1652.4,1652.5,1651.9,1652.5,42
MOEX:POLY,2020-12-08T13:27:00+03:00,1652.5,1653.7,1652.5,1653.0,301
MOEX:POLY,2020-12-08T13:28:00+03:00,1653.1,1653.9,1653.0,1653.0,405
MOEX:POLY,2020-12-08T13:29:00+03:00,1652.6,1653.2,1652.3,1652.6,338
MOEX:POLY,2020-12-08T13:30:00+03:00,1652.2,1652.6,1652.0,1652.0,201
MOEX:POLY,2020-12-08T13:31:00+03:00,1652.6,1653.0,1652.4,1652.6,581
MOEX:POLY,2020-12-08T13:32:00+03:00,1653.0,1653.2,1652.0,1652.0,1589
MOEX:POLY,2020-12-08T13:33:00+03:00,1652.7,1652.7,1652.0,1652.4,540
MOEX:POLY,2020-12-08T13:34:00+03:00,1652.4,1652.4,1652.0,1652.0,103
MOEX:POLY,2020-12-08T13:35:00+03:00,1651.9,1653.2,1651.7,1653.0,157
MOEX:POLY,2020-12-08T13:36:00+03:00,1652.4,1652.4,1651.0,1651.5,2005
MOEX:POLY,2020-12-08T13:37:00+03:00,1651.5,1651.8,1651.3,1651.8,648
MOEX:POLY,2020-12-08T13:38:00+03:00,1651.6,1652.0,1650.8,1651.6,1268
MOEX:POLY,2020-12-08T13:39:00+03:00,1651.8,1651.9,1651.8,1651.8,96
MOEX:POLY,2020-12-08T13:40:00+03:00,1651.8,1651.8,1650.6,1650.6,374
MOEX:POLY,2020-12-08T13:41:00+03:00,1650.6,1651.4,1650.6,1650.9,461
MOEX:POLY,2020-12-08T13:42:00+03:00,1650.7,1651.9,1650.7,1651.9,398
MOEX:POLY,2020-12-08T13:43:00+03:00,1651.9,1655.0,1651.2,1655.0,3385
MOEX:POLY,2020-12-08T13:44:00+03:00,1654.6,1656.3,1654.5,1655.9,7416
MOEX:POLY,2020-12-08T13:45:00+03:00,1655.6,1656.3,1655.4,1655.4,814
MOEX:POLY,2020-12-08T13:46:00+03:00,1656.0,1656.6,1655.4,1656.5,843
MOEX:POLY,2020-12-08T13:47:00+03:00,1656.0,1656.5,1655.9,1656.1,468
MOEX:POLY,2020-12-08T13:48:00+03:00,1656.0,1656.0,1654.8,1655.3,743
MOEX:POLY,2020-12-08T13:49:00+03:00,1654.9,1655.7,1654.6,1655.7,1053
MOEX:POLY,2020-12-08T13:50:00+03:00,1656.0,1656.8,1656.0,1656.5,2270
MOEX:POLY,2020-12-08T13:51:00+03:00,1656.9,1657.8,1656.9,1656.9,954
MOEX:POLY,2020-12-08T13:52:00+03:00,1657.0,1657.0,1656.2,1656.2,1315
MOEX:POLY,2020-12-08T13:53:00+03:00,1656.5,1657.6,1656.5,1657.6,365
MOEX:POLY,2020-12-08T13:54:00+03:00,1657.0,1658.1,1657.0,1658.1,1764
MOEX:POLY,2020-12-08T13:55:00+03:00,1658.1,1658.4,1658.0,1658.4,1317
MOEX:POLY,2020-12-08T13:56:00+03:00,1658.4,1659.0,1658.4,1658.9,2575
MOEX:POLY,2020-12-08T13:57:00+03:00,1658.9,1659.6,1658.9,1659.4,443
MOEX:POLY,2020-12-08T13:58:00+03:00,1659.6,1659.6,1657.9,1658.7,4116
MOEX:POLY,2020-12-08T13:59:00+03:00,1658.7,1659.1,1657.6,1657.7,1504
MOEX:POLY,2020-12-08T14:00:00+03:00,1658.0,1658.0,1657.1,1658.0,1084
MOEX:POLY,2020-12-08T14:01:00+03:00,1658.0,1658.0,1657.0,1657.0,1820
MOEX:POLY,2020-12-08T14:02:00+03:00,1657.3,1657.6,1656.9,1657.0,586
MOEX:POLY,2020-12-08T14:03:00+03:00,1657.0,1657.0,1655.8,1656.3,3065
MOEX:POLY,2020-12-08T14:04:00+03:00,1655.9,1655.9,1654.4,1655.0,693
MOEX:POLY,2020-12-08T14:05:00+03:00,1654.4,1654.8,1652.3,1652.3,1849
MOEX:POLY,2020-12-08T14:06:00+03:00,1653.0,1654.6,1653.0,1654.2,964
MOEX:POLY,2020-12-08T14:07:00+03:00,1654.2,1654.6,1649.2,1649.5,21155
MOEX:POLY,2020-12-08T14:08:00+03:00,1650.0,1651.2,1649.3,1649.3,11312
MOEX:POLY,2020-12-08T14:09:00+03:00,1649.5,1650.9,1648.5,1650.5,2772
MOEX:POLY,2020-12-08T14:10:00+03:00,1649.8,1650.4,1649.5,1650.4,550
MOEX:POLY,2020-12-08T14:11:00+03:00,1650.5,1651.6,1650.2,1651.6,569
MOEX:POLY,2020-12-08T14:12:00+03:00,1651.5,1652.3,1651.4,1652.1,638
MOEX:POLY,2020-12-08T14:13:00+03:00,1652.1,1652.6,1652.0,1652.6,229
MOEX:POLY,2020-12-08T14:14:00+03:00,1652.1,1652.5,1651.5,1651.5,2670
MOEX:POLY,2020-12-08T14:15:00+03:00,1651.6,1653.5,1651.6,1653.1,2792
MOEX:POLY,2020-12-08T14:16:00+03:00,1653.1,1654.7,1652.9,1654.0,755
MOEX:POLY,2020-12-08T14:17:00+03:00,1654.0,1654.5,1653.9,1654.1,42
MOEX:POLY,2020-12-08T14:18:00+03:00,1654.3,1654.6,1652.3,1652.6,2182
MOEX:POLY,2020-12-08T14:19:00+03:00,1652.6,1652.6,1651.7,1652.0,1492
MOEX:POLY,2020-12-08T14:20:00+03:00,1652.4,1653.1,1652.4,1653.1,522
MOEX:POLY,2020-12-08T14:21:00+03:00,1653.5,1654.0,1653.5,1654.0,888
MOEX:POLY,2020-12-08T14:22:00+03:00,1653.3,1653.6,1650.0,1650.7,9848
MOEX:POLY,2020-12-08T14:23:00+03:00,1651.3,1651.5,1650.1,1650.5,1126
MOEX:POLY,2020-12-08T14:24:00+03:00,1650.1,1651.1,1648.7,1649.6,4262
MOEX:POLY,2020-12-08T14:25:00+03:00,1649.2,1649.7,1648.9,1649.5,115
MOEX:POLY,2020-12-08T14:26:00+03:00,1650.0,1650.1,1649.4,1650.1,743
MOEX:POLY,2020-12-08T14:27:00+03:00,1649.6,1651.7,1649.2,1651.7,4378
MOEX:POLY,2020-12-08T14:28:00+03:00,1651.5,1651.8,1651.1,1651.7,282
MOEX:POLY,2020-12-08T14:29:00+03:00,1651.6,1652.0,1651.2,1652.0,573
MOEX:POLY,2020-12-08T14:30:00+03:00,1652.3,1652.7,1652.0,1652.0,527
MOEX:POLY,2020-12-08T14:31:00+03:00,1652.0,1652.0,1650.7,1651.5,4077
MOEX:POLY,2020-12-08T14:32:00+03:00,1651.0,1651.9,1650.5,1651.0,389
MOEX:POLY,2020-12-08T14:33:00+03:00,1651.1,1651.6,1651.0,1651.6,825
MOEX:POLY,2020-12-08T14:34:00+03:00,1651.0,1651.6,1651.0,1651.3,141
MOEX:POLY,2020-12-08T14:35:00+03:00,1651.0,1651.5,1650.5,1651.5,666
MOEX:POLY,2020-12-08T14:36:00+03:00,1651.2,1651.8,1651.0,1651.2,788
MOEX:POLY,2020-12-08T14:37:00+03:00,1651.7,1651.7,1651.2,1651.2,14
MOEX:POLY,2020-12-08T14:38:00+03:00,1651.8,1652.0,1651.0,1651.0,2826
MOEX:POLY,2020-12-08T14:39:00+03:00,1651.0,1651.6,1650.8,1651.3,172
MOEX:POLY,2020-12-08T14:40:00+03:00,1651.3,1651.6,1651.0,1651.6,573
MOEX:POLY,2020-12-08T14:41:00+03:00,1651.3,1652.0,1651.0,1651.0,13
MOEX:POLY,2020-12-08T14:42:00+03:00,1651.2,1653.0,1651.2,1651.5,1311
MOEX:POLY,2020-12-08T14:43:00+03:00,1651.0,1652.0,1650.8,1650.8,824
MOEX:POLY,2020-12-08T14:44:00+03:00,1651.0,1651.9,1651.0,1651.0,883
MOEX:POLY,2020-12-08T14:45:00+03:00,1651.0,1652.3,1650.8,1651.9,761
MOEX:POLY,2020-12-08T14:46:00+03:00,1652.5,1653.1,1652.4,1652.4,280
MOEX:POLY,2020-12-08T14:47:00+03:00,1652.7,1653.1,1651.4,1653.1,756
MOEX:POLY,2020-12-08T14:48:00+03:00,1653.2,1653.9,1653.0,1653.4,304
MOEX:POLY,2020-12-08T14:49:00+03:00,1653.1,1653.9,1653.0,1653.8,631
MOEX:POLY,2020-12-08T14:50:00+03:00,1653.1,1653.5,1652.6,1653.4,1342
MOEX:POLY,2020-12-08T14:51:00+03:00,1652.8,1653.1,1652.3,1652.3,797
MOEX:POLY,2020-12-08T14:52:00+03:00,1652.7,1652.8,1651.7,1652.0,1389
MOEX:POLY,2020-12-08T14:53:00+03:00,1652.3,1652.6,1652.1,1652.6,83
MOEX:POLY,2020-12-08T14:54:00+03:00,1652.6,1653.0,1652.6,1653.0,1644
MOEX:POLY,2020-12-08T14:55:00+03:00,1652.9,1653.3,1652.7,1653.0,524
MOEX:POLY,2020-12-08T14:56:00+03:00,1653.1,1653.2,1651.2,1652.6,3059
MOEX:POLY,2020-12-08T14:57:00+03:00,1652.7,1652.7,1651.7,1652.2,114
MOEX:POLY,2020-12-08T14:58:00+03:00,1652.2,1652.2,1651.5,1651.6,15
MOEX:POLY,2020-12-08T14:59:00+03:00,1652.0,1652.0,1650.6,1650.6,1159
MOEX:POLY,2020-12-08T15:00:00+03:00,1650.9,1652.1,1650.7,1651.7,1826
MOEX:POLY,2020-12-08T15:01:00+03:00,1651.6,1652.2,1651.6,1652.2,456
MOEX:POLY,2020-12-08T15:02:00+03:00,1652.2,1652.2,1651.0,1651.0,743
MOEX:POLY,2020-12-08T15:03:00+03:00,1651.2,1653.3,1651.2,1653.3,1389
MOEX:POLY,2020-12-08T15:04:00+03:00,1653.3,1654.0,1653.3,1654.0,807
MOEX:POLY,2020-12-08T15:05:00+03:00,1653.6,1653.8,1653.2,1653.8,117
MOEX:POLY,2020-12-08T15:06:00+03:00,1653.3,1653.8,1653.3,1653.7,92
MOEX:POLY,2020-12-08T15:07:00+03:00,1653.7,1653.7,1652.0,1653.4,2157
MOEX:POLY,2020-12-08T15:08:00+03:00,1653.2,1653.6,1653.0,1653.6,142
MOEX:POLY,2020-12-08T15:09:00+03:00,1653.1,1654.2,1653.0,1654.1,1463
MOEX:POLY,2020-12-08T15:10:00+03:00,1653.5,1654.7,1653.5,1654.1,682
MOEX:POLY,2020-12-08T15:11:00+03:00,1654.0,1654.0,1653.5,1653.6,150
MOEX:POLY,2020-12-08T15:12:00+03:00,1653.5,1655.0,1653.5,1654.6,710
MOEX:POLY,2020-12-08T15:13:00+03:00,1655.0,1655.2,1654.6,1655.0,280
MOEX:POLY,2020-12-08T15:14:00+03:00,1655.0,1656.0,1654.7,1655.8,534
MOEX:POLY,2020-12-08T15:15:00+03:00,1656.0,1656.0,1655.6,1655.6,215
MOEX:POLY,2020-12-08T15:16:00+03:00,1655.6,1655.6,1654.4,1654.9,1210
MOEX:POLY,2020-12-08T15:17:00+03:00,1655.0,1655.0,1654.0,1654.2,530
MOEX:POLY,2020-12-08T15:18:00+03:00,1654.2,1654.6,1654.0,1654.6,342
MOEX:POLY,2020-12-08T15:19:00+03:00,1654.2,1655.2,1654.2,1655.2,258
MOEX:POLY,2020-12-08T15:20:00+03:00,1655.1,1655.8,1655.0,1655.1,677
MOEX:POLY,2020-12-08T15:21:00+03:00,1655.4,1655.8,1654.5,1655.0,1077
MOEX:POLY,2020-12-08T15:22:00+03:00,1655.0,1655.0,1654.5,1655.0,390
MOEX:POLY,2020-12-08T15:23:00+03:00,1655.1,1655.1,1654.9,1655.0,94
MOEX:POLY,2020-12-08T15:24:00+03:00,1655.0,1655.0,1653.1,1653.9,1187
MOEX:POLY,2020-12-08T15:25:00+03:00,1653.8,1653.8,1653.0,1653.0,198
MOEX:POLY,2020-12-08T15:26:00+03:00,1653.0,1653.3,1653.0,1653.3,1051
MOEX:POLY,2020-12-08T15:27:00+03:00,1653.3,1653.5,1653.0,1653.5,914
MOEX:POLY,2020-12-08T15:28:00+03:00,1653.0,1653.1,1652.6,1653.1,571
MOEX:POLY,2020-12-08T15:29:00+03:00,1653.4,1653.8,1652.9,1653.8,777
MOEX:POLY,2020-12-08T15:30:00+03:00,1653.4,1653.4,1653.1,1653.1,433
MOEX:POLY,2020-12-08T15:31:00+03:00,1653.2,1653.3,1652.7,1653.1,1146
MOEX:POLY,2020-12-08T15:32:00+03:00,1653.1,1654.0,1653.1,1653.5,176
MOEX:POLY,2020-12-08T15:33:00+03:00,1653.5,1653.8,1653.5,1653.8,163
MOEX:POLY,2020-12-08T15:34:00+03:00,1653.8,1654.0,1653.8,1654.0,112
MOEX:POLY,2020-12-08T15:35:00+03:00,1654.2,1654.2,1652.6,1653.1,777
MOEX:POLY,2020-12-08T15:36:00+03:00,1653.0,1653.7,1653.0,1653.7,329
MOEX:POLY,2020-12-08T15:37:00+03:00,1653.2,1653.2,1652.9,1653.1,309
MOEX:POLY,2020-12-08T15:38:00+03:00,1653.1,1653.6,1652.5,1653.6,176
MOEX:POLY,2020-12-08T15:39:00+03:00,1653.6,1653.6,1653.0,1653.4,404
MOEX:POLY,2020-12-08T15:40:00+03:00,1653.6,1653.6,1653.5,1653.5,362
MOEX:POLY,2020-12-08T15:41:00+03:00,1653.5,1653.9,1653.5,1653.7,234
MOEX:POLY,2020-12-08T15:42:00+03:00,1653.9,1653.9,1652.3,1653.0,1314
MOEX:POLY,2020-12-08T15:43:00+03:00,1653.0,1653.1,1653.0,1653.0,331
MOEX:POLY,2020-12-08T15:44:00+03:00,1653.2,1653.3,1652.9,1652.9,444
MOEX:POLY,2020-12-08T15:45:00+03:00,1652.9,1652.9,1652.2,1652.7,387
MOEX:POLY,2020-12-08T15:46:00+03:00,1652.7,1652.7,1652.2,1652.2,119
MOEX:POLY,2020-12-08T15:47:00+03:00,1652.3,1652.4,1652.2,1652.3,110
MOEX:POLY,2020-12-08T15:48:00+03:00,1652.4,1652.4,1652.2,1652.3,431
MOEX:POLY,2020-12-08T15:49:00+03:00,1652.4,1652.7,1652.4,1652.7,626
MOEX:POLY,2020-12-08T15:50:00+03:00,1652.8,1653.2,1652.8,1653.2,116
MOEX:POLY,2020-12-08T15:51:00+03:00,1653.0,1653.2,1653.0,1653.2,40
MOEX:POLY,2020-12-08T15:52:00+03:00,1653.0,1653.2,1653.0,1653.0,127
MOEX:POLY,2020-12-08T15:53:00+03:00,1653.2,1653.2,1653.0,1653.0,165
MOEX:POLY,2020-12-08T15:54:00+03:00,1653.1,1653.1,1652.9,1652.9,839
MOEX:POLY,2020-12-08T15:55:00+03:00,1652.9,1653.1,1652.2,1652.2,1593
MOEX:POLY,2020-12-08T15:56:00+03:00,1652.4,1652.7,1652.0,1652.2,4765
MOEX:POLY,2020-12-08T15:57:00+03:00,1652.2,1652.7,1652.2,1652.5,277
MOEX:POLY,2020-12-08T15:58:00+03:00,1652.2,1652.5,1651.6,1651.6,726
MOEX:POLY,2020-12-08T15:59:00+03:00,1651.5,1651.8,1650.2,1651.0,2567
MOEX:POLY,2020-12-08T16:00:00+03:00,1650.3,1650.8,1649.8,1649.8,3215
MOEX:POLY,2020-12-08T16:01:00+03:00,1649.7,1649.9,1647.7,1647.7,4808
MOEX:POLY,2020-12-08T16:02:00+03:00,1648.4,1650.0,1648.4,1649.9,3596
MOEX:POLY,2020-12-08T16:03:00+03:00,1649.9,1649.9,1649.1,1649.6,474
MOEX:POLY,2020-12-08T16:04:00+03:00,1649.5,1650.1,1649.2,1650.0,2165
MOEX:POLY,2020-12-08T16:05:00+03:00,1649.9,1649.9,1649.1,1649.4,273
MOEX:POLY,2020-12-08T16:06:00+03:00,1649.6,1650.9,1649.1,1650.1,712
MOEX:POLY,2020-12-08T16:07:00+03:00,1650.0,1651.0,1648.5,1648.5,5606
MOEX:POLY,2020-12-08T16:08:00+03:00,1648.8,1649.1,1648.6,1649.0,183
MOEX:POLY,2020-12-08T16:09:00+03:00,1649.0,1649.7,1649.0,1649.4,401
MOEX:POLY,2020-12-08T16:10:00+03:00,1649.4,1649.4,1649.0,1649.0,1705
MOEX:POLY,2020-12-08T16:11:00+03:00,1649.1,1649.6,1648.8,1649.6,959
MOEX:POLY,2020-12-08T16:12:00+03:00,1649.7,1650.0,1649.0,1650.0,2304
MOEX:POLY,2020-12-08T16:13:00+03:00,1650.0,1650.0,1647.7,1647.9,1716
MOEX:POLY,2020-12-08T16:14:00+03:00,1648.0,1648.1,1647.8,1647.8,1196
MOEX:POLY,2020-12-08T16:15:00+03:00,1647.7,1650.3,1647.6,1649.5,2075
MOEX:POLY,2020-12-08T16:16:00+03:00,1650.0,1653.1,1649.8,1651.9,1185
MOEX:POLY,2020-12-08T16:17:00+03:00,1651.7,1651.8,1650.0,1650.1,1589
MOEX:POLY,2020-12-08T16:18:00+03:00,1651.6,1651.7,1651.0,1651.0,43
MOEX:POLY,2020-12-08T16:19:00+03:00,1650.7,1652.7,1650.7,1652.6,656
MOEX:POLY,2020-12-08T16:20:00+03:00,1652.0,1652.8,1652.0,1652.6,702
MOEX:POLY,2020-12-08T16:21:00+03:00,1652.6,1653.5,1652.6,1653.5,658
MOEX:POLY,2020-12-08T16:22:00+03:00,1653.0,1654.8,1652.9,1654.2,446
MOEX:POLY,2020-12-08T16:23:00+03:00,1654.2,1654.9,1654.0,1654.1,1348
MOEX:POLY,2020-12-08T16:24:00+03:00,1654.1,1656.0,1654.1,1654.9,2289
MOEX:POLY,2020-12-08T16:25:00+03:00,1655.5,1657.9,1655.5,1657.7,861
MOEX:POLY,2020-12-08T16:26:00+03:00,1657.9,1658.0,1656.1,1656.1,1580
MOEX:POLY,2020-12-08T16:27:00+03:00,1656.1,1656.8,1655.5,1655.5,2311
MOEX:POLY,2020-12-08T16:28:00+03:00,1655.5,1655.7,1654.7,1655.0,1292
MOEX:POLY,2020-12-08T16:29:00+03:00,1655.2,1656.6,1655.2,1656.1,106
MOEX:POLY,2020-12-08T16:30:00+03:00,1656.6,1656.7,1655.5,1655.5,409
MOEX:POLY,2020-12-08T16:31:00+03:00,1655.9,1656.5,1655.5,1656.4,1183
MOEX:POLY,2020-12-08T16:32:00+03:00,1656.1,1656.6,1656.0,1656.2,924
MOEX:POLY,2020-12-08T16:33:00+03:00,1656.1,1656.5,1655.5,1655.5,853
MOEX:POLY,2020-12-08T16:34:00+03:00,1656.1,1656.7,1656.0,1656.2,617
MOEX:POLY,2020-12-08T16:35:00+03:00,1656.7,1657.4,1656.1,1657.4,3303
MOEX:POLY,2020-12-08T16:36:00+03:00,1656.7,1656.8,1656.2,1656.2,557
MOEX:POLY,2020-12-08T16:37:00+03:00,1656.5,1656.7,1655.7,1656.0,620
MOEX:POLY,2020-12-08T16:38:00+03:00,1656.0,1656.5,1655.5,1656.5,5100
MOEX:POLY,2020-12-08T16:39:00+03:00,1656.5,1656.5,1656.1,1656.5,2011
MOEX:POLY,2020-12-08T16:40:00+03:00,1656.5,1656.5,1656.0,1656.5,944
MOEX:POLY,2020-12-08T16:41:00+03:00,1656.4,1656.5,1656.0,1656.5,993
MOEX:POLY,2020-12-08T16:42:00+03:00,1656.5,1656.5,1656.3,1656.5,2460
MOEX:POLY,2020-12-08T16:43:00+03:00,1656.5,1657.0,1656.4,1656.8,4247
MOEX:POLY,2020-12-08T16:44:00+03:00,1656.4,1657.9,1656.4,1657.9,2134
MOEX:POLY,2020-12-08T16:45:00+03:00,1658.0,1658.2,1657.7,1658.1,730
MOEX:POLY,2020-12-08T16:46:00+03:00,1658.1,1658.7,1658.1,1658.4,1403
MOEX:POLY,2020-12-08T16:47:00+03:00,1658.1,1658.4,1657.0,1657.0,1856
MOEX:POLY,2020-12-08T16:48:00+03:00,1656.6,1656.6,1655.2,1655.9,3266
MOEX:POLY,2020-12-08T16:49:00+03:00,1656.0,1656.1,1655.2,1656.1,898
MOEX:POLY,2020-12-08T16:50:00+03:00,1656.7,1657.0,1656.1,1657.0,679
MOEX:POLY,2020-12-08T16:51:00+03:00,1657.0,1657.4,1656.5,1657.1,1293
MOEX:POLY,2020-12-08T16:52:00+03:00,1657.3,1658.1,1657.3,1657.5,708
MOEX:POLY,2020-12-08T16:53:00+03:00,1657.5,1657.5,1656.5,1656.5,1327
MOEX:POLY,2020-12-08T16:54:00+03:00,1656.7,1656.8,1655.4,1656.0,1818
MOEX:POLY,2020-12-08T16:55:00+03:00,1655.5,1656.0,1653.0,1654.1,5037
MOEX:POLY,2020-12-08T16:56:00+03:00,1655.4,1655.9,1653.0,1655.0,3936
MOEX:POLY,2020-12-08T16:57:00+03:00,1654.7,1655.3,1653.4,1654.0,1051
MOEX:POLY,2020-12-08T16:58:00+03:00,1653.6,1654.9,1653.0,1653.6,712
MOEX:POLY,2020-12-08T16:59:00+03:00,1653.7,1653.9,1652.5,1652.5,1595
MOEX:POLY,2020-12-08T17:00:00+03:00,1652.2,1652.6,1650.6,1651.2,4193
MOEX:POLY,2020-12-08T17:01:00+03:00,1651.2,1651.3,1648.5,1650.3,4540
MOEX:POLY,2020-12-08T17:02:00+03:00,1650.3,1652.5,1650.3,1652.0,3921
MOEX:POLY,2020-12-08T17:03:00+03:00,1652.4,1653.5,1652.4,1652.7,1426
MOEX:POLY,2020-12-08T17:04:00+03:00,1652.7,1653.4,1651.0,1653.4,2998
MOEX:POLY,2020-12-08T17:05:00+03:00,1652.0,1652.7,1651.0,1652.6,1012
MOEX:POLY,2020-12-08T17:06:00+03:00,1652.6,1652.6,1649.0,1649.0,6766
MOEX:POLY,2020-12-08T17:07:00+03:00,1650.0,1650.7,1649.2,1650.0,1777
MOEX:POLY,2020-12-08T17:08:00+03:00,1650.0,1652.1,1650.0,1651.8,1823
MOEX:POLY,2020-12-08T17:09:00+03:00,1651.1,1651.7,1650.0,1650.4,2880
MOEX:POLY,2020-12-08T17:10:00+03:00,1650.5,1651.0,1649.0,1649.0,4127
MOEX:POLY,2020-12-08T17:11:00+03:00,1650.0,1650.4,1649.3,1650.0,1352
MOEX:POLY,2020-12-08T17:12:00+03:00,1650.3,1652.4,1650.3,1651.4,747
MOEX:POLY,2020-12-08T17:13:00+03:00,1651.8,1652.2,1651.4,1652.0,631
MOEX:POLY,2020-12-08T17:14:00+03:00,1651.2,1652.5,1651.2,1651.9,762
MOEX:POLY,2020-12-08T17:15:00+03:00,1651.9,1652.5,1651.3,1652.0,1109
MOEX:POLY,2020-12-08T17:16:00+03:00,1652.1,1652.8,1651.9,1652.7,265
MOEX:POLY,2020-12-08T17:17:00+03:00,1652.8,1653.1,1652.2,1653.1,1062
MOEX:POLY,2020-12-08T17:18:00+03:00,1653.0,1654.7,1653.0,1654.2,2467
MOEX:POLY,2020-12-08T17:19:00+03:00,1653.8,1654.8,1653.5,1654.0,524
MOEX:POLY,2020-12-08T17:20:00+03:00,1654.5,1654.5,1653.5,1653.8,1569
MOEX:POLY,2020-12-08T17:21:00+03:00,1653.9,1654.0,1653.6,1654.0,133
MOEX:POLY,2020-12-08T17:22:00+03:00,1654.0,1654.5,1653.7,1654.2,1296
MOEX:POLY,2020-12-08T17:23:00+03:00,1654.2,1654.5,1653.3,1654.0,2099
MOEX:POLY,2020-12-08T17:24:00+03:00,1654.0,1654.9,1654.0,1654.7,1795
MOEX:POLY,2020-12-08T17:25:00+03:00,1654.8,1654.9,1653.6,1654.9,2022
MOEX:POLY,2020-12-08T17:26:00+03:00,1655.0,1656.5,1655.0,1656.4,3336
MOEX:POLY,2020-12-08T17:27:00+03:00,1656.5,1657.0,1654.1,1655.2,3235
MOEX:POLY,2020-12-08T17:28:00+03:00,1654.7,1654.7,1652.1,1652.2,2621
MOEX:POLY,2020-12-08T17:29:00+03:00,1652.3,1655.1,1652.1,1655.1,2204
MOEX:POLY,2020-12-08T17:30:00+03:00,1654.7,1656.6,1653.8,1655.5,3267
MOEX:POLY,2020-12-08T17:31:00+03:00,1655.8,1657.4,1655.2,1657.4,2769
MOEX:POLY,2020-12-08T17:32:00+03:00,1657.4,1660.1,1657.4,1659.2,20345
MOEX:POLY,2020-12-08T17:33:00+03:00,1659.4,1660.8,1658.4,1658.4,9799
MOEX:POLY,2020-12-08T17:34:00+03:00,1658.2,1658.9,1655.4,1656.6,5712
MOEX:POLY,2020-12-08T17:35:00+03:00,1656.1,1656.5,1655.0,1656.2,3232
MOEX:POLY,2020-12-08T17:36:00+03:00,1656.5,1657.7,1655.3,1657.7,4543
MOEX:POLY,2020-12-08T17:37:00+03:00,1657.8,1658.7,1657.0,1658.3,2874
MOEX:POLY,2020-12-08T17:38:00+03:00,1658.7,1660.8,1657.9,1660.2,2916
MOEX:POLY,2020-12-08T17:39:00+03:00,1659.9,1660.1,1653.0,1658.0,18703
MOEX:POLY,2020-12-08T17:40:00+03:00,1658.1,1659.4,1657.7,1658.6,1664
MOEX:POLY,2020-12-08T17:41:00+03:00,1659.5,1661.0,1658.0,1660.8,3881
MOEX:POLY,2020-12-08T17:42:00+03:00,1660.8,1661.7,1660.1,1661.5,3529
MOEX:POLY,2020-12-08T17:43:00+03:00,1661.5,1662.7,1661.1,1662.7,4075
MOEX:POLY,2020-12-08T17:44:00+03:00,1662.7,1662.7,1660.4,1662.5,3837
MOEX:POLY,2020-12-08T17:45:00+03:00,1662.0,1663.5,1661.0,1661.0,4079
MOEX:POLY,2020-12-08T17:46:00+03:00,1660.8,1662.8,1660.8,1661.8,2716
MOEX:POLY,2020-12-08T17:47:00+03:00,1661.9,1662.3,1660.8,1662.3,2077
MOEX:POLY,2020-12-08T17:48:00+03:00,1662.2,1662.2,1658.1,1659.6,3866
MOEX:POLY,2020-12-08T17:49:00+03:00,1659.5,1660.0,1657.4,1659.7,5474
MOEX:POLY,2020-12-08T17:50:00+03:00,1659.9,1660.0,1659.1,1659.7,1987
MOEX:POLY,2020-12-08T17:51:00+03:00,1659.8,1660.0,1654.8,1659.0,4706
MOEX:POLY,2020-12-08T17:52:00+03:00,1658.6,1659.1,1657.4,1657.7,2638
MOEX:POLY,2020-12-08T17:53:00+03:00,1657.9,1659.5,1656.8,1659.0,3007
MOEX:POLY,2020-12-08T17:54:00+03:00,1658.8,1658.9,1657.8,1658.5,3023
MOEX:POLY,2020-12-08T17:55:00+03:00,1658.5,1658.5,1657.9,1658.5,1697
MOEX:POLY,2020-12-08T17:56:00+03:00,1658.5,1660.0,1652.0,1658.0,16360
MOEX:POLY,2020-12-08T17:57:00+03:00,1658.0,1659.8,1657.0,1659.8,3038
MOEX:POLY,2020-12-08T17:58:00+03:00,1659.9,1660.7,1658.3,1659.1,4180
MOEX:POLY,2020-12-08T17:59:00+03:00,1659.2,1659.2,1657.2,1658.9,3720
MOEX:POLY,2020-12-08T18:00:00+03:00,1658.6,1660.2,1658.5,1660.2,1835
MOEX:POLY,2020-12-08T18:01:00+03:00,1660.0,1660.8,1658.5,1658.9,2230
MOEX:POLY,2020-12-08T18:02:00+03:00,1658.9,1658.9,1656.0,1656.2,4602
MOEX:POLY,2020-12-08T18:03:00+03:00,1656.2,1657.0,1653.9,1654.9,7083
MOEX:POLY,2020-12-08T18:04:00+03:00,1654.7,1657.5,1654.0,1657.5,3448
MOEX:POLY,2020-12-08T18:05:00+03:00,1657.6,1657.9,1655.9,1657.5,1794
MOEX:POLY,2020-12-08T18:06:00+03:00,1657.5,1659.7,1657.3,1658.9,1400
MOEX:POLY,2020-12-08T18:07:00+03:00,1658.8,1659.5,1658.5,1658.6,2589
MOEX:POLY,2020-12-08T18:08:00+03:00,1658.6,1659.7,1657.9,1659.5,1410
MOEX:POLY,2020-12-08T18:09:00+03:00,1659.5,1659.9,1658.7,1659.5,1856
MOEX:POLY,2020-12-08T18:10:00+03:00,1659.9,1661.4,1659.6,1661.0,3205
MOEX:POLY,2020-12-08T18:11:00+03:00,1661.0,1662.3,1660.6,1662.1,3184
MOEX:POLY,2020-12-08T18:12:00+03:00,1662.1,1663.3,1661.5,1662.6,4849
MOEX:POLY,2020-12-08T18:13:00+03:00,1662.5,1664.4,1662.1,1664.1,6209
MOEX:POLY,2020-12-08T18:14:00+03:00,1664.1,1664.4,1657.0,1663.2,15565
MOEX:POLY,2020-12-08T18:15:00+03:00,1662.7,1662.8,1661.0,1661.0,649
MOEX:POLY,2020-12-08T18:16:00+03:00,1661.0,1661.2,1658.5,1659.2,1504
MOEX:POLY,2020-12-08T18:17:00+03:00,1659.8,1660.0,1658.1,1659.4,1477
MOEX:POLY,2020-12-08T18:18:00+03:00,1659.3,1659.7,1657.0,1658.5,1778
MOEX:POLY,2020-12-08T18:19:00+03:00,1658.5,1658.7,1656.7,1657.5,1582
MOEX:POLY,2020-12-08T18:20:00+03:00,1657.3,1658.3,1656.5,1656.5,1796
MOEX:POLY,2020-12-08T18:21:00+03:00,1656.0,1658.0,1655.0,1658.0,2105
MOEX:POLY,2020-12-08T18:22:00+03:00,1658.0,1658.0,1655.9,1656.4,2410
MOEX:POLY,2020-12-08T18:23:00+03:00,1656.3,1656.3,1655.1,1656.0,688
MOEX:POLY,2020-12-08T18:24:00+03:00,1655.6,1657.0,1655.6,1656.9,723
MOEX:POLY,2020-12-08T18:25:00+03:00,1657.3,1657.3,1655.7,1655.9,977
MOEX:POLY,2020-12-08T18:26:00+03:00,1656.4,1657.3,1655.7,1656.6,3285
MOEX:POLY,2020-12-08T18:27:00+03:00,1656.5,1658.5,1656.5,1657.1,2899
MOEX:POLY,2020-12-08T18:28:00+03:00,1657.0,1658.1,1656.8,1657.2,1704
MOEX:POLY,2020-12-08T18:29:00+03:00,1657.2,1658.9,1656.8,1658.9,778
MOEX:POLY,2020-12-08T18:30:00+03:00,1657.8,1661.0,1657.8,1661.0,1823
MOEX:POLY,2020-12-08T18:31:00+03:00,1660.8,1660.8,1659.6,1659.6,668
MOEX:POLY,2020-12-08T18:32:00+03:00,1659.6,1659.6,1658.3,1658.7,797
MOEX:POLY,2020-12-08T18:33:00+03:00,1658.4,1658.9,1658.0,1658.9,770
MOEX:POLY,2020-12-08T18:34:00+03:00,1658.8,1659.4,1657.5,1657.5,1191
MOEX:POLY,2020-12-08T18:35:00+03:00,1658.5,1658.5,1657.4,1657.4,1456
MOEX:POLY,2020-12-08T18:36:00+03:00,1658.2,1658.2,1657.3,1657.4,1151
MOEX:POLY,2020-12-08T18:37:00+03:00,1657.4,1659.4,1657.4,1659.4,3318
MOEX:POLY,2020-12-08T18:38:00+03:00,1659.4,1659.4,1658.0,1658.1,3445
MOEX:POLY,2020-12-08T18:39:00+03:00,1658.8,1660.5,1658.2,1660.0,951
MOEX:POLY,2020-12-08T18:45:00+03:00,1665.5,1665.5,1665.5,1665.5,108358
MOEX:POLY,2020-12-08T18:47:00+03:00,1665.5,1665.5,1665.5,1665.5,5618
MOEX:POLY,2020-12-08T18:48:00+03:00,1665.5,1665.5,1665.5,1665.5,206
MOEX:POLY,2020-12-08T18:49:00+03:00,1665.5,1665.5,1665.5,1665.5,259
MOEX:POLY,2020-12-08T19:04:00+03:00,1665.5,1665.5,1665.5,1665.5,2
MOEX:POLY,2020-12-08T19:05:00+03:00,1665.5,1666.0,1663.2,1663.2,1767
MOEX:POLY,2020-12-08T19:06:00+03:00,1663.8,1664.5,1663.2,1663.2,1336
MOEX:POLY,2020-12-08T19:07:00+03:00,1663.2,1664.3,1663.0,1663.3,900
MOEX:POLY,2020-12-08T19:08:00+03:00,1663.6,1664.4,1663.2,1663.7,696
MOEX:POLY,2020-12-08T19:09:00+03:00,1663.7,1664.4,1663.7,1663.7,402
MOEX:POLY,2020-12-08T19:10:00+03:00,1664.0,1664.5,1663.7,1663.7,218
MOEX:POLY,2020-12-08T19:11:00+03:00,1663.7,1663.9,1663.6,1663.6,737
MOEX:POLY,2020-12-08T19:12:00+03:00,1663.4,1663.7,1663.4,1663.7,1040
MOEX:POLY,2020-12-08T19:13:00+03:00,1663.5,1664.7,1663.4,1664.7,884
MOEX:POLY,2020-12-08T19:14:00+03:00,1664.7,1665.0,1663.8,1663.8,1427
MOEX:POLY,2020-12-08T19:15:00+03:00,1663.7,1664.0,1663.4,1663.4,192
MOEX:POLY,2020-12-08T19:16:00+03:00,1663.5,1663.9,1663.4,1663.9,177
MOEX:POLY,2020-12-08T19:17:00+03:00,1663.6,1664.0,1663.6,1664.0,191
MOEX:POLY,2020-12-08T19:18:00+03:00,1663.8,1666.0,1663.8,1665.4,3034
MOEX:POLY,2020-12-08T19:19:00+03:00,1664.3,1665.9,1663.9,1665.3,904
MOEX:POLY,2020-12-08T19:20:00+03:00,1665.3,1666.0,1664.4,1665.5,824
MOEX:POLY,2020-12-08T19:21:00+03:00,1664.9,1666.0,1664.5,1666.0,444
MOEX:POLY,2020-12-08T19:22:00+03:00,1665.5,1666.0,1665.4,1666.0,112
MOEX:POLY,2020-12-08T19:23:00+03:00,1666.0,1667.0,1665.9,1666.5,1232
MOEX:POLY,2020-12-08T19:24:00+03:00,1666.0,1666.2,1665.2,1666.0,208
MOEX:POLY,2020-12-08T19:25:00+03:00,1665.6,1666.0,1665.5,1665.5,393
MOEX:POLY,2020-12-08T19:26:00+03:00,1665.5,1665.9,1665.0,1665.6,637
MOEX:POLY,2020-12-08T19:27:00+03:00,1664.6,1665.5,1664.6,1665.4,278
MOEX:POLY,2020-12-08T19:28:00+03:00,1664.6,1665.5,1664.5,1665.5,1339
MOEX:POLY,2020-12-08T19:29:00+03:00,1665.3,1665.5,1665.0,1665.5,158
MOEX:POLY,2020-12-08T19:30:00+03:00,1665.4,1666.0,1664.4,1664.5,538
MOEX:POLY,2020-12-08T19:31:00+03:00,1665.0,1665.7,1664.5,1664.9,230
MOEX:POLY,2020-12-08T19:32:00+03:00,1664.9,1664.9,1663.4,1663.9,1050
MOEX:POLY,2020-12-08T19:33:00+03:00,1663.8,1664.3,1663.3,1664.3,1317
MOEX:POLY,2020-12-08T19:34:00+03:00,1664.6,1665.0,1664.5,1664.5,68
MOEX:POLY,2020-12-08T19:35:00+03:00,1664.4,1665.8,1664.2,1665.6,1323
MOEX:POLY,2020-12-08T19:36:00+03:00,1665.6,1665.7,1664.7,1665.2,398
MOEX:POLY,2020-12-08T19:37:00+03:00,1665.2,1665.2,1663.9,1664.3,1303
MOEX:POLY,2020-12-08T19:38:00+03:00,1664.9,1665.0,1664.3,1664.5,58
MOEX:POLY,2020-12-08T19:39:00+03:00,1664.5,1664.5,1663.8,1663.8,282
MOEX:POLY,2020-12-08T19:40:00+03:00,1663.8,1664.2,1663.8,1664.1,341
MOEX:POLY,2020-12-08T19:41:00+03:00,1663.8,1664.0,1663.8,1664.0,61
MOEX:POLY,2020-12-08T19:42:00+03:00,1663.8,1664.1,1663.8,1663.8,580
MOEX:POLY,2020-12-08T19:43:00+03:00,1663.8,1664.4,1663.3,1663.6,1389
MOEX:POLY,2020-12-08T19:44:00+03:00,1663.3,1664.0,1663.2,1663.3,1394
MOEX:POLY,2020-12-08T19:45:00+03:00,1663.6,1664.4,1663.4,1664.4,186
MOEX:POLY,2020-12-08T19:46:00+03:00,1664.4,1664.5,1663.6,1664.5,82
MOEX:POLY,2020-12-08T19:47:00+03:00,1664.0,1664.2,1663.5,1664.0,134
MOEX:POLY,2020-12-08T19:48:00+03:00,1663.5,1664.0,1663.1,1663.1,18
MOEX:POLY,2020-12-08T19:49:00+03:00,1663.3,1664.0,1663.1,1663.5,71
MOEX:POLY,2020-12-08T19:50:00+03:00,1663.1,1663.5,1663.0,1663.1,524
MOEX:POLY,2020-12-08T19:51:00+03:00,1663.3,1663.3,1663.0,1663.0,133
MOEX:POLY,2020-12-08T19:52:00+03:00,1663.3,1663.6,1663.0,1663.6,42
MOEX:POLY,2020-12-08T19:53:00+03:00,1663.3,1663.3,1663.1,1663.3,73
MOEX:POLY,2020-12-08T19:54:00+03:00,1663.0,1663.3,1663.0,1663.3,247
MOEX:POLY,2020-12-08T19:55:00+03:00,1663.0,1663.3,1663.0,1663.0,1095
MOEX:POLY,2020-12-08T19:56:00+03:00,1663.0,1663.2,1662.3,1662.3,233
MOEX:POLY,2020-12-08T19:57:00+03:00,1662.3,1663.0,1662.3,1662.5,187
MOEX:POLY,2020-12-08T19:58:00+03:00,1662.4,1662.4,1662.3,1662.4,38
MOEX:POLY,2020-12-08T19:59:00+03:00,1662.3,1662.3,1661.4,1661.6,136
MOEX:POLY,2020-12-08T20:00:00+03:00,1662.2,1662.3,1661.4,1661.4,115
MOEX:POLY,2020-12-08T20:01:00+03:00,1662.1,1662.1,1661.4,1661.4,163
MOEX:POLY,2020-12-08T20:02:00+03:00,1661.3,1661.3,1660.8,1660.8,141
MOEX:POLY,2020-12-08T20:03:00+03:00,1660.9,1661.5,1660.9,1661.1,779
MOEX:POLY,2020-12-08T20:04:00+03:00,1661.5,1661.5,1660.9,1660.9,579
MOEX:POLY,2020-12-08T20:05:00+03:00,1661.0,1662.0,1660.9,1661.6,259
MOEX:POLY,2020-12-08T20:06:00+03:00,1662.0,1662.0,1661.8,1662.0,33
MOEX:POLY,2020-12-08T20:07:00+03:00,1662.0,1662.0,1661.1,1661.3,329
MOEX:POLY,2020-12-08T20:08:00+03:00,1661.8,1663.0,1661.8,1663.0,1165
MOEX:POLY,2020-12-08T20:09:00+03:00,1662.2,1663.0,1662.2,1663.0,106
MOEX:POLY,2020-12-08T20:10:00+03:00,1662.5,1662.5,1662.1,1662.4,259
MOEX:POLY,2020-12-08T20:11:00+03:00,1662.4,1663.6,1662.3,1663.6,122
MOEX:POLY,2020-12-08T20:12:00+03:00,1662.3,1662.9,1662.3,1662.9,15
MOEX:POLY,2020-12-08T20:13:00+03:00,1662.3,1662.6,1662.3,1662.6,85
MOEX:POLY,2020-12-08T20:14:00+03:00,1662.3,1662.9,1662.3,1662.9,110
MOEX:POLY,2020-12-08T20:15:00+03:00,1662.9,1663.6,1662.8,1662.8,29
MOEX:POLY,2020-12-08T20:16:00+03:00,1663.2,1663.2,1663.0,1663.2,7
MOEX:POLY,2020-12-08T20:17:00+03:00,1663.0,1663.9,1663.0,1663.2,148
MOEX:POLY,2020-12-08T20:18:00+03:00,1663.7,1663.8,1663.7,1663.8,54
MOEX:POLY,2020-12-08T20:19:00+03:00,1663.7,1663.7,1663.3,1663.3,353
MOEX:POLY,2020-12-08T20:20:00+03:00,1663.3,1664.0,1663.3,1663.7,53
MOEX:POLY,2020-12-08T20:21:00+03:00,1663.6,1664.0,1663.2,1663.2,149
MOEX:POLY,2020-12-08T20:22:00+03:00,1663.6,1664.0,1663.2,1663.9,363
MOEX:POLY,2020-12-08T20:23:00+03:00,1663.9,1664.0,1663.3,1664.0,22
MOEX:POLY,2020-12-08T20:24:00+03:00,1664.0,1664.0,1664.0,1664.0,5
MOEX:POLY,2020-12-08T20:25:00+03:00,1664.0,1664.0,1663.3,1664.0,161
MOEX:POLY,2020-12-08T20:26:00+03:00,1663.3,1664.7,1663.3,1664.0,172
MOEX:POLY,2020-12-08T20:27:00+03:00,1664.0,1664.0,1663.4,1664.0,249
MOEX:POLY,2020-12-08T20:28:00+03:00,1663.9,1663.9,1663.2,1663.6,68
MOEX:POLY,2020-12-08T20:29:00+03:00,1663.6,1663.6,1663.0,1663.0,96
MOEX:POLY,2020-12-08T20:30:00+03:00,1663.0,1663.3,1662.9,1663.2,67
MOEX:POLY,2020-12-08T20:31:00+03:00,1663.2,1663.3,1663.0,1663.0,249
MOEX:POLY,2020-12-08T20:32:00+03:00,1663.3,1663.3,1663.0,1663.1,20
MOEX:POLY,2020-12-08T20:33:00+03:00,1663.1,1663.1,1663.0,1663.0,78
MOEX:POLY,2020-12-08T20:34:00+03:00,1663.1,1663.1,1663.0,1663.1,104
MOEX:POLY,2020-12-08T20:35:00+03:00,1663.1,1663.3,1662.8,1662.8,1221
MOEX:POLY,2020-12-08T20:36:00+03:00,1663.1,1663.3,1662.8,1663.3,124
MOEX:POLY,2020-12-08T20:37:00+03:00,1663.0,1663.3,1663.0,1663.3,51
MOEX:POLY,2020-12-08T20:38:00+03:00,1663.0,1663.3,1663.0,1663.3,115
MOEX:POLY,2020-12-08T20:39:00+03:00,1663.3,1663.3,1663.3,1663.3,14
MOEX:POLY,2020-12-08T20:40:00+03:00,1663.5,1663.6,1663.3,1663.3,72
MOEX:POLY,2020-12-08T20:41:00+03:00,1663.5,1663.5,1663.3,1663.3,55
MOEX:POLY,2020-12-08T20:42:00+03:00,1663.4,1663.6,1663.3,1663.3,718
MOEX:POLY,2020-12-08T20:43:00+03:00,1663.3,1664.4,1663.3,1664.0,330
MOEX:POLY,2020-12-08T20:44:00+03:00,1664.0,1664.6,1663.2,1663.4,175
MOEX:POLY,2020-12-08T20:45:00+03:00,1663.4,1664.7,1663.4,1664.7,354
MOEX:POLY,2020-12-08T20:46:00+03:00,1664.1,1664.9,1664.1,1664.7,1074
MOEX:POLY,2020-12-08T20:47:00+03:00,1664.1,1664.4,1664.1,1664.4,166
MOEX:POLY,2020-12-08T20:48:00+03:00,1664.2,1665.0,1664.1,1665.0,1128
MOEX:POLY,2020-12-08T20:49:00+03:00,1664.5,1664.9,1664.1,1664.9,15
MOEX:POLY,2020-12-08T20:50:00+03:00,1664.5,1664.9,1664.5,1664.8,51
MOEX:POLY,2020-12-08T20:51:00+03:00,1664.9,1665.0,1664.5,1665.0,323
MOEX:POLY,2020-12-08T20:52:00+03:00,1664.9,1665.0,1664.1,1664.5,96
MOEX:POLY,2020-12-08T20:53:00+03:00,1664.5,1666.5,1664.5,1666.4,6137
MOEX:POLY,2020-12-08T20:54:00+03:00,1666.0,1666.5,1666.0,1666.0,190
MOEX:POLY,2020-12-08T20:55:00+03:00,1666.0,1666.0,1665.5,1665.9,154
MOEX:POLY,2020-12-08T20:56:00+03:00,1665.7,1665.9,1665.5,1665.6,118
MOEX:POLY,2020-12-08T20:57:00+03:00,1665.9,1665.9,1665.7,1665.8,38
MOEX:POLY,2020-12-08T20:58:00+03:00,1665.7,1665.9,1664.8,1665.9,290
MOEX:POLY,2020-12-08T20:59:00+03:00,1665.8,1666.2,1665.8,1666.2,275
MOEX:POLY,2020-12-08T21:00:00+03:00,1666.2,1666.5,1666.0,1666.5,376
MOEX:POLY,2020-12-08T21:01:00+03:00,1666.2,1666.5,1666.0,1666.0,106
MOEX:POLY,2020-12-08T21:02:00+03:00,1666.4,1666.5,1666.0,1666.3,207
MOEX:POLY,2020-12-08T21:03:00+03:00,1666.3,1666.3,1666.0,1666.0,152
MOEX:POLY,2020-12-08T21:04:00+03:00,1665.9,1666.0,1665.2,1665.9,74
MOEX:POLY,2020-12-08T21:05:00+03:00,1666.0,1666.0,1665.2,1665.2,125
MOEX:POLY,2020-12-08T21:06:00+03:00,1665.8,1665.8,1665.8,1665.8,5
MOEX:POLY,2020-12-08T21:07:00+03:00,1665.9,1665.9,1665.8,1665.8,30
MOEX:POLY,2020-12-08T21:08:00+03:00,1666.0,1666.0,1665.8,1666.0,13
MOEX:POLY,2020-12-08T21:09:00+03:00,1665.8,1666.4,1665.8,1666.0,238
MOEX:POLY,2020-12-08T21:10:00+03:00,1666.0,1666.4,1666.0,1666.4,97
MOEX:POLY,2020-12-08T21:11:00+03:00,1666.0,1666.3,1666.0,1666.3,287
MOEX:POLY,2020-12-08T21:12:00+03:00,1666.2,1666.3,1664.8,1665.0,1135
MOEX:POLY,2020-12-08T21:13:00+03:00,1665.0,1666.3,1664.9,1664.9,163
MOEX:POLY,2020-12-08T21:14:00+03:00,1664.7,1666.0,1664.0,1665.4,1035
MOEX:POLY,2020-12-08T21:15:00+03:00,1664.8,1665.8,1664.7,1665.0,19
MOEX:POLY,2020-12-08T21:16:00+03:00,1665.0,1665.8,1664.4,1665.8,54
MOEX:POLY,2020-12-08T21:17:00+03:00,1665.7,1665.7,1664.5,1664.5,36
MOEX:POLY,2020-12-08T21:18:00+03:00,1665.5,1665.5,1664.0,1664.5,74
MOEX:POLY,2020-12-08T21:19:00+03:00,1664.5,1665.0,1664.2,1665.0,72
MOEX:POLY,2020-12-08T21:20:00+03:00,1665.0,1665.4,1665.0,1665.3,26
MOEX:POLY,2020-12-08T21:21:00+03:00,1665.5,1665.6,1665.0,1665.2,145
MOEX:POLY,2020-12-08T21:22:00+03:00,1665.3,1666.0,1665.0,1665.0,129
MOEX:POLY,2020-12-08T21:23:00+03:00,1665.1,1665.5,1665.0,1665.1,118
MOEX:POLY,2020-12-08T21:24:00+03:00,1665.0,1666.6,1664.7,1665.8,1161
MOEX:POLY,2020-12-08T21:25:00+03:00,1664.9,1666.6,1664.9,1665.9,1306
MOEX:POLY,2020-12-08T21:26:00+03:00,1665.9,1665.9,1665.2,1665.9,37
MOEX:POLY,2020-12-08T21:27:00+03:00,1665.2,1665.2,1665.1,1665.2,88
MOEX:POLY,2020-12-08T21:28:00+03:00,1665.5,1665.5,1664.5,1664.5,75
MOEX:POLY,2020-12-08T21:29:00+03:00,1664.4,1666.4,1664.1,1666.1,140
MOEX:POLY,2020-12-08T21:30:00+03:00,1665.6,1665.9,1665.1,1665.9,27
MOEX:POLY,2020-12-08T21:31:00+03:00,1665.9,1665.9,1665.1,1665.9,11
MOEX:POLY,2020-12-08T21:32:00+03:00,1665.9,1665.9,1665.1,1665.2,97
MOEX:POLY,2020-12-08T21:33:00+03:00,1665.9,1665.9,1665.3,1665.6,225
MOEX:POLY,2020-12-08T21:34:00+03:00,1665.3,1665.5,1665.0,1665.0,17
MOEX:POLY,2020-12-08T21:35:00+03:00,1665.1,1665.1,1665.0,1665.1,116
MOEX:POLY,2020-12-08T21:36:00+03:00,1665.0,1665.0,1664.3,1664.3,44
MOEX:POLY,2020-12-08T21:37:00+03:00,1665.0,1665.0,1664.4,1664.4,27
MOEX:POLY,2020-12-08T21:38:00+03:00,1664.3,1664.3,1664.2,1664.2,3
MOEX:POLY,2020-12-08T21:39:00+03:00,1664.4,1664.8,1664.4,1664.8,36
MOEX:POLY,2020-12-08T21:40:00+03:00,1664.8,1664.8,1664.4,1664.8,30
MOEX:POLY,2020-12-08T21:41:00+03:00,1664.4,1665.0,1664.4,1665.0,9
MOEX:POLY,2020-12-08T21:42:00+03:00,1664.4,1665.0,1664.3,1665.0,84
MOEX:POLY,2020-12-08T21:43:00+03:00,1664.4,1664.8,1664.3,1664.8,30
MOEX:POLY,2020-12-08T21:44:00+03:00,1664.8,1665.0,1664.3,1664.3,107
MOEX:POLY,2020-12-08T21:45:00+03:00,1664.4,1664.4,1664.3,1664.3,4
MOEX:POLY,2020-12-08T21:46:00+03:00,1664.9,1664.9,1664.3,1664.4,16
MOEX:POLY,2020-12-08T21:47:00+03:00,1664.4,1664.8,1664.4,1664.5,51
MOEX:POLY,2020-12-08T21:48:00+03:00,1664.5,1664.5,1664.2,1664.2,45
MOEX:POLY,2020-12-08T21:49:00+03:00,1664.5,1664.5,1664.3,1664.3,53
MOEX:POLY,2020-12-08T21:50:00+03:00,1664.3,1664.5,1664.3,1664.3,26
MOEX:POLY,2020-12-08T21:51:00+03:00,1664.5,1664.8,1664.3,1664.3,7
MOEX:POLY,2020-12-08T21:52:00+03:00,1664.8,1664.8,1664.4,1664.4,29
MOEX:POLY,2020-12-08T21:53:00+03:00,1664.8,1664.8,1664.8,1664.8,9
MOEX:POLY,2020-12-08T21:54:00+03:00,1664.9,1664.9,1664.9,1664.9,14
MOEX:POLY,2020-12-08T21:55:00+03:00,1664.8,1664.9,1664.8,1664.9,58
MOEX:POLY,2020-12-08T21:56:00+03:00,1664.5,1664.9,1664.4,1664.9,51
MOEX:POLY,2020-12-08T21:57:00+03:00,1664.9,1665.0,1664.9,1665.0,64
MOEX:POLY,2020-12-08T21:58:00+03:00,1665.0,1665.0,1664.9,1664.9,17
MOEX:POLY,2020-12-08T21:59:00+03:00,1664.9,1665.1,1664.9,1665.1,1523
MOEX:POLY,2020-12-08T22:00:00+03:00,1665.5,1665.9,1665.2,1665.9,103
MOEX:POLY,2020-12-08T22:01:00+03:00,1665.8,1665.9,1665.0,1665.0,980
MOEX:POLY,2020-12-08T22:03:00+03:00,1665.8,1665.9,1665.4,1665.4,55
MOEX:POLY,2020-12-08T22:04:00+03:00,1665.5,1665.9,1665.1,1665.1,185
MOEX:POLY,2020-12-08T22:05:00+03:00,1665.1,1665.8,1665.1,1665.1,203
MOEX:POLY,2020-12-08T22:06:00+03:00,1665.1,1665.8,1665.0,1665.8,18
MOEX:POLY,2020-12-08T22:07:00+03:00,1665.7,1665.7,1664.9,1664.9,35
MOEX:POLY,2020-12-08T22:08:00+03:00,1665.0,1665.0,1664.9,1665.0,42
MOEX:POLY,2020-12-08T22:09:00+03:00,1665.6,1665.6,1665.0,1665.6,22
MOEX:POLY,2020-12-08T22:10:00+03:00,1665.6,1665.6,1665.0,1665.0,150
MOEX:POLY,2020-12-08T22:11:00+03:00,1665.7,1665.7,1664.9,1665.4,59
MOEX:POLY,2020-12-08T22:12:00+03:00,1665.0,1665.4,1665.0,1665.1,88
MOEX:POLY,2020-12-08T22:13:00+03:00,1665.3,1665.8,1665.3,1665.8,23
MOEX:POLY,2020-12-08T22:14:00+03:00,1665.8,1665.8,1665.8,1665.8,2
MOEX:POLY,2020-12-08T22:15:00+03:00,1665.8,1665.9,1665.8,1665.9,129
MOEX:POLY,2020-12-08T22:16:00+03:00,1665.8,1665.8,1665.8,1665.8,4
MOEX:POLY,2020-12-08T22:17:00+03:00,1665.8,1665.9,1665.8,1665.9,28
MOEX:POLY,2020-12-08T22:18:00+03:00,1665.9,1665.9,1665.5,1665.9,58
MOEX:POLY,2020-12-08T22:19:00+03:00,1665.9,1665.9,1665.7,1665.9,517
MOEX:POLY,2020-12-08T22:20:00+03:00,1665.9,1665.9,1665.6,1665.9,434
MOEX:POLY,2020-12-08T22:21:00+03:00,1665.7,1665.9,1665.7,1665.7,14
MOEX:POLY,2020-12-08T22:22:00+03:00,1665.9,1665.9,1665.7,1665.9,74
MOEX:POLY,2020-12-08T22:23:00+03:00,1665.9,1665.9,1665.9,1665.9,45
MOEX:POLY,2020-12-08T22:24:00+03:00,1665.9,1666.0,1665.7,1665.9,47
MOEX:POLY,2020-12-08T22:25:00+03:00,1665.9,1665.9,1665.9,1665.9,1
MOEX:POLY,2020-12-08T22:26:00+03:00,1665.9,1665.9,1665.7,1665.7,134
MOEX:POLY,2020-12-08T22:27:00+03:00,1665.7,1665.7,1665.0,1665.0,264
MOEX:POLY,2020-12-08T22:28:00+03:00,1665.5,1665.5,1665.0,1665.0,191
MOEX:POLY,2020-12-08T22:29:00+03:00,1665.5,1665.5,1665.0,1665.1,313
MOEX:POLY,2020-12-08T22:30:00+03:00,1665.5,1666.3,1665.0,1665.7,144
MOEX:POLY,2020-12-08T22:31:00+03:00,1665.0,1666.3,1665.0,1665.6,80
MOEX:POLY,2020-12-08T22:32:00+03:00,1665.5,1666.0,1665.2,1665.8,43
MOEX:POLY,2020-12-08T22:33:00+03:00,1665.3,1665.8,1665.3,1665.3,95
MOEX:POLY,2020-12-08T22:34:00+03:00,1665.8,1666.0,1665.8,1665.9,45
MOEX:POLY,2020-12-08T22:35:00+03:00,1665.9,1666.0,1665.9,1665.9,353
MOEX:POLY,2020-12-08T22:36:00+03:00,1665.9,1666.4,1665.9,1666.4,584
MOEX:POLY,2020-12-08T22:37:00+03:00,1666.0,1666.2,1665.5,1666.2,134
MOEX:POLY,2020-12-08T22:38:00+03:00,1665.9,1665.9,1665.5,1665.6,51
MOEX:POLY,2020-12-08T22:39:00+03:00,1665.6,1666.1,1665.6,1666.1,24
MOEX:POLY,2020-12-08T22:40:00+03:00,1665.6,1666.0,1665.6,1665.6,26
MOEX:POLY,2020-12-08T22:41:00+03:00,1666.1,1666.1,1666.1,1666.1,1
MOEX:POLY,2020-12-08T22:42:00+03:00,1665.8,1665.8,1665.4,1665.5,794
MOEX:POLY,2020-12-08T22:43:00+03:00,1665.5,1665.5,1665.2,1665.2,407
MOEX:POLY,2020-12-08T22:44:00+03:00,1665.2,1665.3,1665.1,1665.3,77
MOEX:POLY,2020-12-08T22:45:00+03:00,1665.3,1665.3,1665.1,1665.1,7
MOEX:POLY,2020-12-08T22:46:00+03:00,1665.3,1665.5,1665.1,1665.2,323
MOEX:POLY,2020-12-08T22:47:00+03:00,1665.5,1666.0,1665.1,1665.8,330
MOEX:POLY,2020-12-08T22:48:00+03:00,1665.9,1665.9,1665.1,1665.1,23
MOEX:POLY,2020-12-08T22:49:00+03:00,1665.1,1665.1,1665.0,1665.0,71
MOEX:POLY,2020-12-08T22:50:00+03:00,1665.5,1665.8,1665.0,1665.0,184
MOEX:POLY,2020-12-08T22:51:00+03:00,1665.6,1665.6,1665.6,1665.6,4
MOEX:POLY,2020-12-08T22:52:00+03:00,1665.0,1665.6,1665.0,1665.6,14
MOEX:POLY,2020-12-08T22:53:00+03:00,1665.6,1665.6,1665.6,1665.6,4
MOEX:POLY,2020-12-08T22:54:00+03:00,1665.6,1665.6,1665.0,1665.0,214
MOEX:POLY,2020-12-08T22:55:00+03:00,1665.6,1665.6,1665.6,1665.6,38
MOEX:POLY,2020-12-08T22:56:00+03:00,1665.6,1666.0,1665.6,1665.6,70
MOEX:POLY,2020-12-08T22:57:00+03:00,1665.6,1665.6,1665.0,1665.6,35
MOEX:POLY,2020-12-08T22:58:00+03:00,1665.6,1665.6,1665.0,1665.6,39
MOEX:POLY,2020-12-08T22:59:00+03:00,1665.5,1665.5,1665.0,1665.0,37
MOEX:POLY,2020-12-08T23:00:00+03:00,1665.5,1665.5,1665.0,1665.0,338
MOEX:POLY,2020-12-08T23:01:00+03:00,1665.0,1665.4,1665.0,1665.0,9
MOEX:POLY,2020-12-08T23:02:00+03:00,1665.5,1665.5,1665.0,1665.0,211
MOEX:POLY,2020-12-08T23:03:00+03:00,1665.5,1665.5,1665.0,1665.0,284
MOEX:POLY,2020-12-08T23:04:00+03:00,1665.4,1665.5,1664.9,1664.9,741
MOEX:POLY,2020-12-08T23:05:00+03:00,1665.0,1665.0,1664.7,1664.7,89
MOEX:POLY,2020-12-08T23:06:00+03:00,1664.7,1664.9,1664.7,1664.8,28
MOEX:POLY,2020-12-08T23:07:00+03:00,1665.3,1665.3,1665.3,1665.3,43
MOEX:POLY,2020-12-08T23:08:00+03:00,1665.3,1665.3,1664.8,1665.3,184
MOEX:POLY,2020-12-08T23:09:00+03:00,1665.3,1665.3,1665.0,1665.0,107
MOEX:POLY,2020-12-08T23:10:00+03:00,1665.0,1665.0,1664.8,1664.8,10
MOEX:POLY,2020-12-08T23:11:00+03:00,1664.9,1665.5,1664.4,1665.3,656
MOEX:POLY,2020-12-08T23:12:00+03:00,1664.6,1665.3,1664.4,1664.4,161
MOEX:POLY,2020-12-08T23:13:00+03:00,1664.6,1664.8,1664.4,1664.8,14
MOEX:POLY,2020-12-08T23:14:00+03:00,1664.5,1665.0,1664.3,1665.0,145
MOEX:POLY,2020-12-08T23:15:00+03:00,1665.0,1665.0,1664.8,1664.8,11
MOEX:POLY,2020-12-08T23:16:00+03:00,1664.8,1665.0,1664.8,1665.0,4
MOEX:POLY,2020-12-08T23:17:00+03:00,1665.0,1665.3,1664.8,1664.8,544
MOEX:POLY,2020-12-08T23:18:00+03:00,1664.9,1665.0,1664.9,1665.0,76
MOEX:POLY,2020-12-08T23:19:00+03:00,1664.9,1664.9,1664.8,1664.9,11
MOEX:POLY,2020-12-08T23:20:00+03:00,1664.9,1664.9,1664.8,1664.8,16
MOEX:POLY,2020-12-08T23:21:00+03:00,1664.7,1665.2,1664.2,1665.0,614
MOEX:POLY,2020-12-08T23:22:00+03:00,1664.9,1664.9,1664.8,1664.9,34
MOEX:POLY,2020-12-08T23:23:00+03:00,1664.9,1664.9,1664.8,1664.8,21
MOEX:POLY,2020-12-08T23:24:00+03:00,1664.7,1664.7,1664.3,1664.3,3
MOEX:POLY,2020-12-08T23:25:00+03:00,1664.3,1664.3,1663.7,1663.7,651
MOEX:POLY,2020-12-08T23:26:00+03:00,1664.3,1664.3,1663.8,1663.8,289
MOEX:POLY,2020-12-08T23:27:00+03:00,1663.8,1663.8,1663.8,1663.8,102
MOEX:POLY,2020-12-08T23:28:00+03:00,1663.7,1663.7,1663.4,1663.4,126
MOEX:POLY,2020-12-08T23:29:00+03:00,1663.4,1663.8,1663.4,1663.7,11
MOEX:POLY,2020-12-08T23:30:00+03:00,1664.2,1664.2,1664.2,1664.2,22
MOEX:POLY,2020-12-08T23:32:00+03:00,1664.1,1664.1,1664.0,1664.0,941
MOEX:POLY,2020-12-08T23:33:00+03:00,1664.0,1664.0,1663.8,1663.8,158
MOEX:POLY,2020-12-08T23:34:00+03:00,1663.8,1664.3,1663.8,1664.3,728
MOEX:POLY,2020-12-08T23:35:00+03:00,1664.7,1664.7,1664.6,1664.6,75
MOEX:POLY,2020-12-08T23:36:00+03:00,1664.6,1664.6,1664.4,1664.5,40
MOEX:POLY,2020-12-08T23:37:00+03:00,1664.5,1664.5,1664.3,1664.4,21
MOEX:POLY,2020-12-08T23:38:00+03:00,1664.5,1664.9,1664.5,1664.9,21
MOEX:POLY,2020-12-08T23:39:00+03:00,1664.9,1665.1,1664.9,1665.1,80
MOEX:POLY,2020-12-08T23:40:00+03:00,1665.5,1665.5,1665.0,1665.0,76
MOEX:POLY,2020-12-08T23:41:00+03:00,1665.5,1665.8,1665.0,1665.0,36
MOEX:POLY,2020-12-08T23:42:00+03:00,1665.0,1665.9,1665.0,1665.9,20
MOEX:POLY,2020-12-08T23:43:00+03:00,1665.9,1665.9,1664.6,1665.8,34
MOEX:POLY,2020-12-08T23:44:00+03:00,1665.8,1665.9,1665.8,1665.9,176
MOEX:POLY,2020-12-08T23:45:00+03:00,1665.9,1666.0,1665.1,1665.2,401
MOEX:POLY,2020-12-08T23:46:00+03:00,1665.9,1665.9,1665.0,1665.5,44
MOEX:POLY,2020-12-08T23:47:00+03:00,1665.5,1665.5,1665.0,1665.5,12
MOEX:POLY,2020-12-08T23:48:00+03:00,1665.0,1665.5,1663.9,1663.9,429
MOEX:POLY,2020-12-08T23:49:00+03:00,1663.8,1665.5,1663.7,1663.7,74
