MOEX:ROSN,2023-08-02T10:00:00+03:00,517.55,518.95,517.00,518.70,56021
MOEX:ROSN,2023-08-02T10:01:00+03:00,518.70,518.75,517.85,518.40,17586
MOEX:ROSN,2023-08-02T10:02:00+03:00,518.40,518.60,518.10,518.50,21468
MOEX:ROSN,2023-08-02T10:03:00+03:00,518.50,519.00,518.30,518.85,35641
MOEX:ROSN,2023-08-02T10:04:00+03:00,518.90,519.50,518.80,519.45,25647
MOEX:ROSN,2023-08-02T10:05:00+03:00,519.45,519.50,518.80,518.95,25205
MOEX:ROSN,2023-08-02T10:06:00+03:00,518.85,519.00,518.80,518.95,18240
MOEX:ROSN,2023-08-02T10:07:00+03:00,519.00,519.00,518.30,518.65,19554
MOEX:ROSN,2023-08-02T10:08:00+03:00,518.65,518.95,518.15,518.35,15101
MOEX:ROSN,2023-08-02T10:09:00+03:00,518.50,518.70,518.20,518.25,5335
MOEX:ROSN,2023-08-02T10:10:00+03:00,518.20,518.25,515.70,516.90,51966
MOEX:ROSN,2023-08-02T10:11:00+03:00,516.65,517.00,516.45,516.80,11289
MOEX:ROSN,2023-08-02T10:12:00+03:00,516.45,516.80,515.70,515.75,9793
MOEX:ROSN,2023-08-02T10:13:00+03:00,515.75,516.50,515.70,516.20,15713
MOEX:ROSN,2023-08-02T10:14:00+03:00,516.40,516.70,516.15,516.40,26428
MOEX:ROSN,2023-08-02T10:15:00+03:00,516.40,516.40,516.00,516.05,7466
MOEX:ROSN,2023-08-02T10:16:00+03:00,516.05,516.35,515.55,515.65,12355
MOEX:ROSN,2023-08-02T10:17:00+03:00,515.95,516.00,515.60,515.90,2364
MOEX:ROSN,2023-08-02T10:18:00+03:00,515.90,516.00,515.80,516.00,12574
MOEX:ROSN,2023-08-02T10:19:00+03:00,516.00,516.40,515.95,516.35,13329
MOEX:ROSN,2023-08-02T10:20:00+03:00,516.40,516.40,515.60,516.40,20712
MOEX:ROSN,2023-08-02T10:21:00+03:00,516.30,516.40,515.80,516.40,7801
MOEX:ROSN,2023-08-02T10:22:00+03:00,516.25,516.40,516.25,516.25,2178
MOEX:ROSN,2023-08-02T10:23:00+03:00,516.25,516.40,516.25,516.30,2445
MOEX:ROSN,2023-08-02T10:24:00+03:00,516.30,516.40,516.25,516.25,11924
MOEX:ROSN,2023-08-02T10:25:00+03:00,516.25,516.40,516.25,516.25,2146
MOEX:ROSN,2023-08-02T10:26:00+03:00,516.25,516.40,516.00,516.05,4084
MOEX:ROSN,2023-08-02T10:27:00+03:00,516.20,516.25,515.80,516.05,3284
MOEX:ROSN,2023-08-02T10:28:00+03:00,516.05,516.15,515.55,515.70,3747
MOEX:ROSN,2023-08-02T10:29:00+03:00,515.65,515.70,515.45,515.45,10772
MOEX:ROSN,2023-08-02T10:30:00+03:00,515.50,515.50,514.50,514.75,55893
MOEX:ROSN,2023-08-02T10:31:00+03:00,514.50,514.80,514.30,514.50,8732
MOEX:ROSN,2023-08-02T10:32:00+03:00,514.50,514.50,514.10,514.35,44762
MOEX:ROSN,2023-08-02T10:33:00+03:00,514.35,514.50,514.35,514.45,9415
MOEX:ROSN,2023-08-02T10:34:00+03:00,514.45,514.50,514.10,514.40,10076
MOEX:ROSN,2023-08-02T10:35:00+03:00,514.40,514.45,514.15,514.15,6850
MOEX:ROSN,2023-08-02T10:36:00+03:00,514.15,514.35,513.25,513.55,26535
MOEX:ROSN,2023-08-02T10:37:00+03:00,513.80,513.80,513.50,513.60,5912
MOEX:ROSN,2023-08-02T10:38:00+03:00,513.60,513.80,513.00,513.15,28203
MOEX:ROSN,2023-08-02T10:39:00+03:00,513.05,513.20,512.50,512.60,20934
MOEX:ROSN,2023-08-02T10:40:00+03:00,512.60,513.00,512.05,513.00,27748
MOEX:ROSN,2023-08-02T10:41:00+03:00,512.85,514.00,512.65,513.85,13865
MOEX:ROSN,2023-08-02T10:42:00+03:00,514.00,514.50,513.80,513.95,17008
MOEX:ROSN,2023-08-02T10:43:00+03:00,513.90,513.95,513.75,513.95,3811
MOEX:ROSN,2023-08-02T10:44:00+03:00,513.95,515.40,513.90,515.05,46605
MOEX:ROSN,2023-08-02T10:45:00+03:00,514.80,515.75,514.40,514.75,14487
MOEX:ROSN,2023-08-02T10:46:00+03:00,514.75,515.35,514.50,515.05,1525
MOEX:ROSN,2023-08-02T10:47:00+03:00,515.35,516.00,515.15,515.90,20738
MOEX:ROSN,2023-08-02T10:48:00+03:00,515.80,515.90,515.55,515.85,2036
MOEX:ROSN,2023-08-02T10:49:00+03:00,515.80,515.95,515.75,515.85,3759
MOEX:ROSN,2023-08-02T10:50:00+03:00,515.85,515.95,515.25,515.65,12440
MOEX:ROSN,2023-08-02T10:51:00+03:00,515.70,515.95,515.65,515.90,2236
MOEX:ROSN,2023-08-02T10:52:00+03:00,515.90,516.00,515.85,515.90,3203
MOEX:ROSN,2023-08-02T10:53:00+03:00,515.90,516.25,515.90,516.25,7202
MOEX:ROSN,2023-08-02T10:54:00+03:00,516.20,516.20,515.85,515.85,2588
MOEX:ROSN,2023-08-02T10:55:00+03:00,516.00,516.05,515.75,515.85,1807
MOEX:ROSN,2023-08-02T10:56:00+03:00,515.80,516.00,515.65,515.75,1239
MOEX:ROSN,2023-08-02T10:57:00+03:00,515.65,516.00,515.65,516.00,1687
MOEX:ROSN,2023-08-02T10:58:00+03:00,515.70,515.95,515.50,515.55,5697
MOEX:ROSN,2023-08-02T10:59:00+03:00,515.55,515.60,515.00,515.30,4240
MOEX:ROSN,2023-08-02T11:00:00+03:00,515.40,515.70,515.25,515.55,1610
MOEX:ROSN,2023-08-02T11:01:00+03:00,515.55,515.65,515.30,515.40,1054
MOEX:ROSN,2023-08-02T11:02:00+03:00,515.40,515.65,515.00,515.10,3252
MOEX:ROSN,2023-08-02T11:03:00+03:00,515.30,515.40,514.90,515.10,2743
MOEX:ROSN,2023-08-02T11:04:00+03:00,515.10,515.30,515.10,515.30,631
MOEX:ROSN,2023-08-02T11:05:00+03:00,515.30,515.55,515.25,515.50,1971
MOEX:ROSN,2023-08-02T11:06:00+03:00,515.55,516.00,515.50,516.00,1550
MOEX:ROSN,2023-08-02T11:07:00+03:00,516.00,516.15,515.80,516.15,1880
MOEX:ROSN,2023-08-02T11:08:00+03:00,516.00,516.35,515.95,516.10,2925
MOEX:ROSN,2023-08-02T11:09:00+03:00,516.10,516.35,515.95,516.25,1440
MOEX:ROSN,2023-08-02T11:10:00+03:00,516.30,516.40,516.25,516.40,11873
MOEX:ROSN,2023-08-02T11:11:00+03:00,516.35,516.40,516.30,516.35,3221
MOEX:ROSN,2023-08-02T11:12:00+03:00,516.30,516.40,516.30,516.40,1994
MOEX:ROSN,2023-08-02T11:13:00+03:00,516.35,516.50,516.35,516.50,16960
MOEX:ROSN,2023-08-02T11:14:00+03:00,516.50,516.95,516.50,516.95,9126
MOEX:ROSN,2023-08-02T11:15:00+03:00,516.90,517.00,516.75,516.90,4641
MOEX:ROSN,2023-08-02T11:16:00+03:00,516.90,517.20,516.80,517.20,6716
MOEX:ROSN,2023-08-02T11:17:00+03:00,517.05,517.30,517.00,517.25,2345
MOEX:ROSN,2023-08-02T11:18:00+03:00,517.30,517.45,517.05,517.45,6495
MOEX:ROSN,2023-08-02T11:19:00+03:00,517.45,517.50,517.15,517.15,2528
MOEX:ROSN,2023-08-02T11:20:00+03:00,517.30,517.35,516.60,516.80,11159
MOEX:ROSN,2023-08-02T11:21:00+03:00,516.70,516.70,516.35,516.65,1795
MOEX:ROSN,2023-08-02T11:22:00+03:00,516.65,517.50,516.40,517.50,7288
MOEX:ROSN,2023-08-02T11:23:00+03:00,517.25,517.90,517.25,517.50,9150
MOEX:ROSN,2023-08-02T11:24:00+03:00,517.50,518.00,517.50,517.80,8094
MOEX:ROSN,2023-08-02T11:25:00+03:00,517.80,517.90,517.50,517.60,7687
MOEX:ROSN,2023-08-02T11:26:00+03:00,517.75,518.05,517.50,518.05,6572
MOEX:ROSN,2023-08-02T11:27:00+03:00,518.00,518.05,517.45,517.50,5781
MOEX:ROSN,2023-08-02T11:28:00+03:00,517.40,518.00,517.25,518.00,14857
MOEX:ROSN,2023-08-02T11:29:00+03:00,517.75,517.90,517.65,517.85,370
MOEX:ROSN,2023-08-02T11:30:00+03:00,517.85,517.85,517.65,517.70,510
MOEX:ROSN,2023-08-02T11:31:00+03:00,517.80,518.00,517.65,518.00,7814
MOEX:ROSN,2023-08-02T11:32:00+03:00,517.85,518.05,517.85,517.95,3221
MOEX:ROSN,2023-08-02T11:33:00+03:00,517.90,518.00,517.70,517.95,5850
MOEX:ROSN,2023-08-02T11:34:00+03:00,517.95,518.00,517.85,518.00,4353
MOEX:ROSN,2023-08-02T11:35:00+03:00,517.95,518.05,517.85,517.85,8099
MOEX:ROSN,2023-08-02T11:36:00+03:00,517.85,518.05,517.85,517.90,2766
MOEX:ROSN,2023-08-02T11:37:00+03:00,517.95,518.00,517.80,518.00,1104
MOEX:ROSN,2023-08-02T11:38:00+03:00,518.00,518.00,517.85,517.95,803
MOEX:ROSN,2023-08-02T11:39:00+03:00,517.95,518.05,517.85,518.00,2859
MOEX:ROSN,2023-08-02T11:40:00+03:00,518.05,518.20,518.00,518.20,21153
MOEX:ROSN,2023-08-02T11:41:00+03:00,518.20,518.20,518.15,518.20,12748
MOEX:ROSN,2023-08-02T11:42:00+03:00,518.20,518.20,518.00,518.00,70510
MOEX:ROSN,2023-08-02T11:43:00+03:00,518.00,518.05,517.00,517.00,28333
MOEX:ROSN,2023-08-02T11:44:00+03:00,517.20,517.20,516.25,516.45,31939
MOEX:ROSN,2023-08-02T11:45:00+03:00,516.45,517.60,516.45,517.20,12852
MOEX:ROSN,2023-08-02T11:46:00+03:00,517.10,517.20,517.00,517.05,3634
MOEX:ROSN,2023-08-02T11:47:00+03:00,517.20,517.45,517.05,517.45,3164
MOEX:ROSN,2023-08-02T11:48:00+03:00,517.40,517.60,517.25,517.50,9333
MOEX:ROSN,2023-08-02T11:49:00+03:00,517.50,517.55,517.25,517.25,2898
MOEX:ROSN,2023-08-02T11:50:00+03:00,517.25,517.45,517.15,517.45,1991
MOEX:ROSN,2023-08-02T11:51:00+03:00,517.45,517.45,517.20,517.30,1687
MOEX:ROSN,2023-08-02T11:52:00+03:00,517.40,517.45,516.65,516.85,11563
MOEX:ROSN,2023-08-02T11:53:00+03:00,516.75,517.25,516.60,517.10,2620
MOEX:ROSN,2023-08-02T11:54:00+03:00,517.30,517.60,517.15,517.30,4089
MOEX:ROSN,2023-08-02T11:55:00+03:00,517.50,517.50,517.05,517.25,4681
MOEX:ROSN,2023-08-02T11:56:00+03:00,517.10,517.25,517.05,517.05,6133
MOEX:ROSN,2023-08-02T11:57:00+03:00,517.25,517.25,516.60,516.75,3613
MOEX:ROSN,2023-08-02T11:58:00+03:00,516.75,516.85,516.60,516.80,1025
MOEX:ROSN,2023-08-02T11:59:00+03:00,516.80,516.80,516.65,516.70,1669
MOEX:ROSN,2023-08-02T12:00:00+03:00,516.80,516.80,516.35,516.55,4778
MOEX:ROSN,2023-08-02T12:01:00+03:00,516.65,517.30,516.65,516.95,8145
MOEX:ROSN,2023-08-02T12:02:00+03:00,517.20,517.40,517.00,517.15,2495
MOEX:ROSN,2023-08-02T12:03:00+03:00,517.20,517.85,517.05,517.50,11102
MOEX:ROSN,2023-08-02T12:04:00+03:00,517.70,517.85,517.50,517.60,805
MOEX:ROSN,2023-08-02T12:05:00+03:00,517.60,517.90,517.50,517.60,2366
MOEX:ROSN,2023-08-02T12:06:00+03:00,517.65,517.90,517.60,517.90,2108
MOEX:ROSN,2023-08-02T12:07:00+03:00,517.75,517.80,517.60,517.80,2300
MOEX:ROSN,2023-08-02T12:08:00+03:00,517.65,517.80,517.60,517.70,3287
MOEX:ROSN,2023-08-02T12:09:00+03:00,517.80,517.85,517.50,517.75,2237
MOEX:ROSN,2023-08-02T12:10:00+03:00,517.55,517.80,517.50,517.70,677
MOEX:ROSN,2023-08-02T12:11:00+03:00,517.70,518.00,517.70,518.00,4891
MOEX:ROSN,2023-08-02T12:12:00+03:00,517.85,518.20,517.85,518.20,12135
MOEX:ROSN,2023-08-02T12:13:00+03:00,518.10,518.20,518.05,518.05,7769
MOEX:ROSN,2023-08-02T12:14:00+03:00,518.10,518.10,517.70,517.85,2633
MOEX:ROSN,2023-08-02T12:15:00+03:00,518.05,518.05,517.20,517.20,2524
MOEX:ROSN,2023-08-02T12:16:00+03:00,517.45,517.75,517.25,517.60,2424
MOEX:ROSN,2023-08-02T12:17:00+03:00,517.60,517.80,517.55,517.75,4302
MOEX:ROSN,2023-08-02T12:18:00+03:00,517.75,517.80,517.55,517.80,2254
MOEX:ROSN,2023-08-02T12:19:00+03:00,517.80,517.80,517.50,517.60,2707
MOEX:ROSN,2023-08-02T12:20:00+03:00,517.75,517.80,517.60,517.80,1185
MOEX:ROSN,2023-08-02T12:21:00+03:00,517.80,518.15,517.65,517.70,1811
MOEX:ROSN,2023-08-02T12:22:00+03:00,517.65,517.80,517.20,517.60,5031
MOEX:ROSN,2023-08-02T12:23:00+03:00,517.75,518.05,517.60,517.80,440
MOEX:ROSN,2023-08-02T12:24:00+03:00,517.85,518.20,517.80,517.90,8854
MOEX:ROSN,2023-08-02T12:25:00+03:00,518.05,518.20,517.90,518.00,4989
MOEX:ROSN,2023-08-02T12:26:00+03:00,518.05,518.15,517.60,517.95,50337
MOEX:ROSN,2023-08-02T12:27:00+03:00,517.90,517.95,517.90,517.90,3291
MOEX:ROSN,2023-08-02T12:28:00+03:00,517.90,517.95,517.90,517.90,7132
MOEX:ROSN,2023-08-02T12:29:00+03:00,517.95,517.95,517.55,517.70,5326
MOEX:ROSN,2023-08-02T12:30:00+03:00,517.70,517.70,517.65,517.70,2284
MOEX:ROSN,2023-08-02T12:31:00+03:00,517.70,518.00,517.70,518.00,705
MOEX:ROSN,2023-08-02T12:32:00+03:00,517.90,518.00,517.80,517.95,1152
MOEX:ROSN,2023-08-02T12:33:00+03:00,517.85,518.00,517.75,517.85,2864
MOEX:ROSN,2023-08-02T12:34:00+03:00,517.85,517.85,517.20,517.40,7809
MOEX:ROSN,2023-08-02T12:35:00+03:00,517.25,517.85,517.25,517.85,3755
MOEX:ROSN,2023-08-02T12:36:00+03:00,517.60,518.00,517.60,518.00,176
MOEX:ROSN,2023-08-02T12:37:00+03:00,517.80,518.00,517.65,517.95,1394
MOEX:ROSN,2023-08-02T12:38:00+03:00,518.00,518.00,517.70,517.85,10512
MOEX:ROSN,2023-08-02T12:39:00+03:00,517.85,517.90,517.35,517.70,8059
MOEX:ROSN,2023-08-02T12:40:00+03:00,517.65,517.70,516.70,516.95,22987
MOEX:ROSN,2023-08-02T12:41:00+03:00,516.90,517.40,516.90,517.40,6235
MOEX:ROSN,2023-08-02T12:42:00+03:00,517.15,517.50,517.05,517.45,1059
MOEX:ROSN,2023-08-02T12:43:00+03:00,517.40,517.60,517.20,517.60,2102
MOEX:ROSN,2023-08-02T12:44:00+03:00,517.50,517.75,517.50,517.50,1875
MOEX:ROSN,2023-08-02T12:45:00+03:00,517.55,517.75,517.55,517.65,562
MOEX:ROSN,2023-08-02T12:46:00+03:00,517.70,517.75,517.55,517.75,1113
MOEX:ROSN,2023-08-02T12:47:00+03:00,517.70,517.80,517.50,517.60,3560
MOEX:ROSN,2023-08-02T12:48:00+03:00,517.60,517.85,517.55,517.60,3116
MOEX:ROSN,2023-08-02T12:49:00+03:00,517.60,517.80,517.55,517.60,418
MOEX:ROSN,2023-08-02T12:50:00+03:00,517.80,517.85,517.60,517.85,2234
MOEX:ROSN,2023-08-02T12:51:00+03:00,517.85,517.85,517.50,517.75,2548
MOEX:ROSN,2023-08-02T12:52:00+03:00,517.70,517.75,517.50,517.65,1521
MOEX:ROSN,2023-08-02T12:53:00+03:00,517.65,517.90,517.65,517.90,1611
MOEX:ROSN,2023-08-02T12:54:00+03:00,517.90,518.05,517.65,518.05,4177
MOEX:ROSN,2023-08-02T12:55:00+03:00,518.05,518.20,517.85,518.15,8065
MOEX:ROSN,2023-08-02T12:56:00+03:00,518.15,518.20,518.00,518.15,1092
MOEX:ROSN,2023-08-02T12:57:00+03:00,518.15,518.15,517.90,518.10,2289
MOEX:ROSN,2023-08-02T12:58:00+03:00,518.10,518.20,518.00,518.10,506
MOEX:ROSN,2023-08-02T12:59:00+03:00,518.10,518.20,517.85,518.20,3279
MOEX:ROSN,2023-08-02T13:00:00+03:00,518.20,518.65,518.20,518.60,16963
MOEX:ROSN,2023-08-02T13:01:00+03:00,518.60,518.85,518.50,518.80,6223
MOEX:ROSN,2023-08-02T13:02:00+03:00,518.80,518.95,518.65,518.70,2816
MOEX:ROSN,2023-08-02T13:03:00+03:00,518.70,518.95,518.70,518.90,3355
MOEX:ROSN,2023-08-02T13:04:00+03:00,518.70,519.00,518.20,518.65,28263
MOEX:ROSN,2023-08-02T13:05:00+03:00,518.75,519.00,518.45,519.00,7661
MOEX:ROSN,2023-08-02T13:06:00+03:00,518.85,519.00,518.65,518.75,8729
MOEX:ROSN,2023-08-02T13:07:00+03:00,518.75,519.00,518.70,518.80,5381
MOEX:ROSN,2023-08-02T13:08:00+03:00,518.75,518.80,518.50,518.60,3623
MOEX:ROSN,2023-08-02T13:09:00+03:00,518.60,518.60,518.35,518.55,1147
MOEX:ROSN,2023-08-02T13:10:00+03:00,518.40,518.80,518.35,518.75,1225
MOEX:ROSN,2023-08-02T13:11:00+03:00,518.55,518.80,518.30,518.65,1405
MOEX:ROSN,2023-08-02T13:12:00+03:00,518.50,518.55,518.30,518.35,3745
MOEX:ROSN,2023-08-02T13:13:00+03:00,518.40,518.45,517.50,517.60,27252
MOEX:ROSN,2023-08-02T13:14:00+03:00,517.60,517.60,517.50,517.55,65393
MOEX:ROSN,2023-08-02T13:15:00+03:00,517.55,517.55,517.50,517.55,2176
MOEX:ROSN,2023-08-02T13:16:00+03:00,517.55,517.80,517.50,517.55,12324
MOEX:ROSN,2023-08-02T13:17:00+03:00,517.80,517.80,517.50,517.55,1502
MOEX:ROSN,2023-08-02T13:18:00+03:00,517.60,517.75,517.50,517.75,3614
MOEX:ROSN,2023-08-02T13:19:00+03:00,517.85,518.35,517.75,518.10,3313
MOEX:ROSN,2023-08-02T13:20:00+03:00,518.30,518.35,517.90,517.95,2479
MOEX:ROSN,2023-08-02T13:21:00+03:00,517.95,518.25,517.75,518.05,1756
MOEX:ROSN,2023-08-02T13:22:00+03:00,518.00,518.30,518.00,518.15,319
MOEX:ROSN,2023-08-02T13:23:00+03:00,518.30,518.30,517.85,518.00,2195
MOEX:ROSN,2023-08-02T13:24:00+03:00,518.00,518.00,517.65,517.75,1529
MOEX:ROSN,2023-08-02T13:25:00+03:00,517.70,517.90,517.50,517.80,4876
MOEX:ROSN,2023-08-02T13:26:00+03:00,517.65,517.95,517.65,517.80,1151
MOEX:ROSN,2023-08-02T13:27:00+03:00,517.90,518.30,517.60,517.85,5597
MOEX:ROSN,2023-08-02T13:28:00+03:00,517.80,517.85,517.55,517.75,1546
MOEX:ROSN,2023-08-02T13:29:00+03:00,517.75,518.20,517.75,518.00,2360
MOEX:ROSN,2023-08-02T13:30:00+03:00,518.20,518.40,518.00,518.25,3150
MOEX:ROSN,2023-08-02T13:31:00+03:00,518.05,518.35,518.05,518.35,659
MOEX:ROSN,2023-08-02T13:32:00+03:00,518.25,518.45,518.05,518.35,910
MOEX:ROSN,2023-08-02T13:33:00+03:00,518.35,518.35,518.05,518.25,666
MOEX:ROSN,2023-08-02T13:34:00+03:00,518.25,518.35,518.05,518.25,2102
MOEX:ROSN,2023-08-02T13:35:00+03:00,518.25,518.45,518.15,518.45,1870
MOEX:ROSN,2023-08-02T13:36:00+03:00,518.45,519.00,518.30,518.95,10089
MOEX:ROSN,2023-08-02T13:37:00+03:00,518.70,519.70,518.70,519.20,34069
MOEX:ROSN,2023-08-02T13:38:00+03:00,519.35,519.50,519.15,519.25,6067
MOEX:ROSN,2023-08-02T13:39:00+03:00,519.30,519.70,519.20,519.70,4675
MOEX:ROSN,2023-08-02T13:40:00+03:00,519.70,519.70,519.20,519.45,3492
MOEX:ROSN,2023-08-02T13:41:00+03:00,519.45,519.70,519.35,519.60,7456
MOEX:ROSN,2023-08-02T13:42:00+03:00,519.55,519.60,519.50,519.50,3890
MOEX:ROSN,2023-08-02T13:43:00+03:00,519.55,519.55,519.50,519.55,623
MOEX:ROSN,2023-08-02T13:44:00+03:00,519.50,519.50,519.00,519.10,10729
MOEX:ROSN,2023-08-02T13:45:00+03:00,519.10,519.10,518.80,519.00,8590
MOEX:ROSN,2023-08-02T13:46:00+03:00,518.95,519.40,518.85,519.35,3619
MOEX:ROSN,2023-08-02T13:47:00+03:00,519.40,519.40,519.15,519.30,2819
MOEX:ROSN,2023-08-02T13:48:00+03:00,519.30,519.50,519.20,519.45,4808
MOEX:ROSN,2023-08-02T13:49:00+03:00,519.50,519.55,519.30,519.55,6574
MOEX:ROSN,2023-08-02T13:50:00+03:00,519.55,519.85,519.45,519.80,12438
MOEX:ROSN,2023-08-02T13:51:00+03:00,519.85,519.95,519.80,519.90,17904
MOEX:ROSN,2023-08-02T13:52:00+03:00,519.95,520.00,519.00,519.05,65070
MOEX:ROSN,2023-08-02T13:53:00+03:00,519.05,519.90,519.00,519.45,21070
MOEX:ROSN,2023-08-02T13:54:00+03:00,519.40,519.75,519.40,519.60,402
MOEX:ROSN,2023-08-02T13:55:00+03:00,519.65,519.70,519.30,519.55,4510
MOEX:ROSN,2023-08-02T13:56:00+03:00,519.65,519.85,519.50,519.80,6810
MOEX:ROSN,2023-08-02T13:57:00+03:00,519.75,520.00,519.75,520.00,68391
MOEX:ROSN,2023-08-02T13:58:00+03:00,520.00,521.10,519.95,521.10,64315
MOEX:ROSN,2023-08-02T13:59:00+03:00,521.10,521.20,520.90,521.15,25183
MOEX:ROSN,2023-08-02T14:00:00+03:00,521.10,521.45,521.00,521.15,25046
MOEX:ROSN,2023-08-02T14:01:00+03:00,521.30,522.00,520.55,521.55,75888
MOEX:ROSN,2023-08-02T14:02:00+03:00,521.60,522.05,521.55,522.05,26245
MOEX:ROSN,2023-08-02T14:03:00+03:00,522.00,522.05,520.60,521.75,47469
MOEX:ROSN,2023-08-02T14:04:00+03:00,521.75,521.95,521.65,521.80,23708
MOEX:ROSN,2023-08-02T14:05:00+03:00,521.80,522.00,521.70,521.80,12564
MOEX:ROSN,2023-08-02T14:06:00+03:00,521.80,522.00,521.00,521.45,39859
MOEX:ROSN,2023-08-02T14:07:00+03:00,521.20,521.40,521.05,521.05,7991
MOEX:ROSN,2023-08-02T14:08:00+03:00,521.05,521.50,520.60,521.50,15707
MOEX:ROSN,2023-08-02T14:09:00+03:00,521.50,522.00,521.35,521.80,13761
MOEX:ROSN,2023-08-02T14:10:00+03:00,521.65,522.25,521.35,522.25,34421
MOEX:ROSN,2023-08-02T14:11:00+03:00,522.15,522.40,522.00,522.30,7169
MOEX:ROSN,2023-08-02T14:12:00+03:00,522.30,522.70,522.10,522.65,8371
MOEX:ROSN,2023-08-02T14:13:00+03:00,522.65,522.80,522.45,522.80,3424
MOEX:ROSN,2023-08-02T14:14:00+03:00,522.80,522.80,522.55,522.75,7202
MOEX:ROSN,2023-08-02T14:15:00+03:00,522.75,522.75,522.40,522.55,13661
MOEX:ROSN,2023-08-02T14:16:00+03:00,522.55,522.55,521.35,521.45,28030
MOEX:ROSN,2023-08-02T14:17:00+03:00,521.65,522.00,521.50,521.50,4333
MOEX:ROSN,2023-08-02T14:18:00+03:00,521.60,522.80,521.50,522.50,16844
MOEX:ROSN,2023-08-02T14:19:00+03:00,522.60,522.65,522.30,522.50,7608
MOEX:ROSN,2023-08-02T14:20:00+03:00,522.50,522.50,522.20,522.30,2911
MOEX:ROSN,2023-08-02T14:21:00+03:00,522.30,522.40,522.15,522.35,2578
MOEX:ROSN,2023-08-02T14:22:00+03:00,522.30,522.50,522.05,522.40,15581
MOEX:ROSN,2023-08-02T14:23:00+03:00,522.40,522.60,522.00,522.35,27054
MOEX:ROSN,2023-08-02T14:24:00+03:00,522.35,522.40,522.00,522.35,3728
MOEX:ROSN,2023-08-02T14:25:00+03:00,522.20,522.40,522.00,522.35,10556
MOEX:ROSN,2023-08-02T14:26:00+03:00,522.25,522.30,521.55,522.05,4051
MOEX:ROSN,2023-08-02T14:27:00+03:00,521.90,522.05,521.65,521.90,2853
MOEX:ROSN,2023-08-02T14:28:00+03:00,521.70,521.90,521.50,521.80,3004
MOEX:ROSN,2023-08-02T14:29:00+03:00,521.80,521.90,521.70,521.85,5058
MOEX:ROSN,2023-08-02T14:30:00+03:00,521.90,522.10,521.85,522.00,6655
MOEX:ROSN,2023-08-02T14:31:00+03:00,522.00,522.00,521.70,521.70,1991
MOEX:ROSN,2023-08-02T14:32:00+03:00,521.70,521.85,521.30,521.35,8486
MOEX:ROSN,2023-08-02T14:33:00+03:00,521.30,521.85,521.15,521.70,10027
MOEX:ROSN,2023-08-02T14:34:00+03:00,521.70,521.85,520.40,520.50,22964
MOEX:ROSN,2023-08-02T14:35:00+03:00,520.55,521.00,520.50,520.95,12797
MOEX:ROSN,2023-08-02T14:36:00+03:00,520.95,521.60,520.55,521.50,10726
MOEX:ROSN,2023-08-02T14:37:00+03:00,521.20,521.70,521.15,521.30,4521
MOEX:ROSN,2023-08-02T14:38:00+03:00,521.35,521.75,521.25,521.35,3891
MOEX:ROSN,2023-08-02T14:39:00+03:00,521.35,521.50,521.30,521.35,1591
MOEX:ROSN,2023-08-02T14:40:00+03:00,521.50,521.80,521.35,521.65,2130
MOEX:ROSN,2023-08-02T14:41:00+03:00,521.80,521.85,521.45,521.85,6892
MOEX:ROSN,2023-08-02T14:42:00+03:00,521.85,521.85,521.45,521.70,1898
MOEX:ROSN,2023-08-02T14:43:00+03:00,521.70,521.85,521.55,521.70,3550
MOEX:ROSN,2023-08-02T14:44:00+03:00,521.85,521.85,521.65,521.75,3464
MOEX:ROSN,2023-08-02T14:45:00+03:00,521.60,521.80,521.60,521.70,1245
MOEX:ROSN,2023-08-02T14:46:00+03:00,521.70,521.80,521.50,521.60,1610
MOEX:ROSN,2023-08-02T14:47:00+03:00,521.60,521.60,521.25,521.25,1672
MOEX:ROSN,2023-08-02T14:48:00+03:00,521.35,521.60,521.25,521.45,3838
MOEX:ROSN,2023-08-02T14:49:00+03:00,521.40,521.70,521.25,521.70,2402
MOEX:ROSN,2023-08-02T14:50:00+03:00,521.70,521.80,521.60,521.70,1957
MOEX:ROSN,2023-08-02T14:51:00+03:00,521.70,522.00,521.70,521.90,5858
MOEX:ROSN,2023-08-02T14:52:00+03:00,521.90,522.10,521.75,522.10,10807
MOEX:ROSN,2023-08-02T14:53:00+03:00,522.10,522.20,521.85,522.00,1198
MOEX:ROSN,2023-08-02T14:54:00+03:00,522.00,522.10,521.85,521.90,7780
MOEX:ROSN,2023-08-02T14:55:00+03:00,522.10,522.25,521.95,522.00,12041
MOEX:ROSN,2023-08-02T14:56:00+03:00,522.05,522.25,522.00,522.20,2246
MOEX:ROSN,2023-08-02T14:57:00+03:00,522.20,522.25,521.90,521.90,543
MOEX:ROSN,2023-08-02T14:58:00+03:00,521.90,522.00,521.90,522.00,2346
MOEX:ROSN,2023-08-02T14:59:00+03:00,521.90,522.15,521.90,522.00,516
MOEX:ROSN,2023-08-02T15:00:00+03:00,522.15,522.20,522.00,522.05,6515
MOEX:ROSN,2023-08-02T15:01:00+03:00,522.05,522.10,521.90,521.90,701
MOEX:ROSN,2023-08-02T15:02:00+03:00,522.00,522.00,521.90,522.00,3084
MOEX:ROSN,2023-08-02T15:03:00+03:00,522.00,522.00,521.90,521.90,1249
MOEX:ROSN,2023-08-02T15:04:00+03:00,521.90,521.90,521.55,521.55,6075
MOEX:ROSN,2023-08-02T15:05:00+03:00,521.80,521.80,521.35,521.45,1277
MOEX:ROSN,2023-08-02T15:06:00+03:00,521.45,521.45,520.80,521.00,5670
MOEX:ROSN,2023-08-02T15:07:00+03:00,521.00,521.50,520.75,521.25,1145
MOEX:ROSN,2023-08-02T15:08:00+03:00,521.25,521.50,521.00,521.40,3595
MOEX:ROSN,2023-08-02T15:09:00+03:00,521.45,521.85,521.10,521.25,5302
MOEX:ROSN,2023-08-02T15:10:00+03:00,521.45,521.55,521.05,521.50,1832
MOEX:ROSN,2023-08-02T15:11:00+03:00,521.10,521.50,521.05,521.15,190
MOEX:ROSN,2023-08-02T15:12:00+03:00,521.25,521.40,521.05,521.05,1969
MOEX:ROSN,2023-08-02T15:13:00+03:00,521.20,521.20,520.75,520.75,7205
MOEX:ROSN,2023-08-02T15:14:00+03:00,520.90,521.10,520.75,520.80,1301
MOEX:ROSN,2023-08-02T15:15:00+03:00,520.80,520.80,520.60,520.75,22361
MOEX:ROSN,2023-08-02T15:16:00+03:00,520.60,520.75,520.25,520.25,9312
MOEX:ROSN,2023-08-02T15:17:00+03:00,520.25,520.40,520.25,520.25,1743
MOEX:ROSN,2023-08-02T15:18:00+03:00,520.25,520.40,519.70,519.90,19489
MOEX:ROSN,2023-08-02T15:19:00+03:00,519.90,519.90,519.55,519.75,4634
MOEX:ROSN,2023-08-02T15:20:00+03:00,519.75,520.45,519.70,520.45,8546
MOEX:ROSN,2023-08-02T15:21:00+03:00,520.25,520.50,520.05,520.10,1526
MOEX:ROSN,2023-08-02T15:22:00+03:00,520.40,520.45,520.10,520.35,3112
MOEX:ROSN,2023-08-02T15:23:00+03:00,520.25,520.40,520.15,520.40,380
MOEX:ROSN,2023-08-02T15:24:00+03:00,520.20,521.00,520.10,520.70,8049
MOEX:ROSN,2023-08-02T15:25:00+03:00,520.45,520.80,520.40,520.70,1596
MOEX:ROSN,2023-08-02T15:26:00+03:00,520.65,520.75,520.50,520.70,694
MOEX:ROSN,2023-08-02T15:27:00+03:00,520.70,520.70,520.50,520.50,234
MOEX:ROSN,2023-08-02T15:28:00+03:00,520.55,520.70,520.50,520.70,298
MOEX:ROSN,2023-08-02T15:29:00+03:00,520.70,521.00,520.50,520.95,3124
MOEX:ROSN,2023-08-02T15:30:00+03:00,520.65,520.90,520.50,520.85,769
MOEX:ROSN,2023-08-02T15:31:00+03:00,520.70,521.00,520.70,521.00,4109
MOEX:ROSN,2023-08-02T15:32:00+03:00,520.85,521.65,520.85,521.20,22613
MOEX:ROSN,2023-08-02T15:33:00+03:00,521.25,521.25,521.05,521.05,1460
MOEX:ROSN,2023-08-02T15:34:00+03:00,521.15,521.15,521.00,521.05,921
MOEX:ROSN,2023-08-02T15:35:00+03:00,521.15,522.05,521.05,521.45,10789
MOEX:ROSN,2023-08-02T15:36:00+03:00,521.45,521.60,521.40,521.55,508
MOEX:ROSN,2023-08-02T15:37:00+03:00,521.40,521.70,521.40,521.65,1418
MOEX:ROSN,2023-08-02T15:38:00+03:00,521.65,521.70,521.40,521.60,937
MOEX:ROSN,2023-08-02T15:39:00+03:00,521.45,521.70,521.40,521.70,1621
MOEX:ROSN,2023-08-02T15:40:00+03:00,521.85,521.90,521.70,521.90,1574
MOEX:ROSN,2023-08-02T15:41:00+03:00,521.85,521.95,521.75,521.85,1168
MOEX:ROSN,2023-08-02T15:42:00+03:00,521.85,521.85,521.70,521.70,1527
MOEX:ROSN,2023-08-02T15:43:00+03:00,521.75,521.90,521.60,521.85,3049
MOEX:ROSN,2023-08-02T15:44:00+03:00,521.75,522.00,521.65,521.65,1673
MOEX:ROSN,2023-08-02T15:45:00+03:00,521.70,521.95,521.65,521.95,1097
MOEX:ROSN,2023-08-02T15:46:00+03:00,521.90,522.05,521.90,522.05,2672
MOEX:ROSN,2023-08-02T15:47:00+03:00,522.00,522.20,521.95,522.20,2934
MOEX:ROSN,2023-08-02T15:48:00+03:00,522.20,522.25,522.00,522.00,2828
MOEX:ROSN,2023-08-02T15:49:00+03:00,522.20,522.20,521.90,521.90,2411
MOEX:ROSN,2023-08-02T15:50:00+03:00,521.95,522.00,521.70,521.80,6858
MOEX:ROSN,2023-08-02T15:51:00+03:00,521.80,521.80,521.70,521.75,2018
MOEX:ROSN,2023-08-02T15:52:00+03:00,521.75,521.80,521.70,521.70,1946
MOEX:ROSN,2023-08-02T15:53:00+03:00,521.80,521.80,521.70,521.70,764
MOEX:ROSN,2023-08-02T15:54:00+03:00,521.75,521.75,521.70,521.75,405
MOEX:ROSN,2023-08-02T15:55:00+03:00,521.75,522.00,521.70,522.00,3262
MOEX:ROSN,2023-08-02T15:56:00+03:00,522.00,522.00,521.70,522.00,4155
MOEX:ROSN,2023-08-02T15:57:00+03:00,522.00,522.00,521.60,521.60,4846
MOEX:ROSN,2023-08-02T15:58:00+03:00,521.65,521.70,521.50,521.60,13555
MOEX:ROSN,2023-08-02T15:59:00+03:00,521.60,521.60,521.25,521.40,2053
MOEX:ROSN,2023-08-02T16:00:00+03:00,521.40,521.85,521.20,521.55,3860
MOEX:ROSN,2023-08-02T16:01:00+03:00,521.85,521.85,521.00,521.55,19101
MOEX:ROSN,2023-08-02T16:02:00+03:00,521.55,521.70,521.25,521.70,1516
MOEX:ROSN,2023-08-02T16:03:00+03:00,521.70,521.70,521.45,521.60,1465
MOEX:ROSN,2023-08-02T16:04:00+03:00,521.60,521.80,521.50,521.75,2963
MOEX:ROSN,2023-08-02T16:05:00+03:00,521.75,521.75,521.55,521.60,1789
MOEX:ROSN,2023-08-02T16:06:00+03:00,521.60,521.80,521.55,521.70,3067
MOEX:ROSN,2023-08-02T16:07:00+03:00,521.70,522.00,521.55,522.00,5866
MOEX:ROSN,2023-08-02T16:08:00+03:00,522.00,522.75,522.00,522.40,29638
MOEX:ROSN,2023-08-02T16:09:00+03:00,522.60,522.70,522.40,522.60,2652
MOEX:ROSN,2023-08-02T16:10:00+03:00,522.60,522.65,522.30,522.50,1542
MOEX:ROSN,2023-08-02T16:11:00+03:00,522.50,522.60,522.30,522.55,4079
MOEX:ROSN,2023-08-02T16:12:00+03:00,522.55,522.70,522.50,522.70,5634
MOEX:ROSN,2023-08-02T16:13:00+03:00,522.70,522.70,521.85,521.95,9031
MOEX:ROSN,2023-08-02T16:14:00+03:00,521.95,521.95,521.70,521.95,3929
MOEX:ROSN,2023-08-02T16:15:00+03:00,521.95,522.35,521.80,522.15,3756
MOEX:ROSN,2023-08-02T16:16:00+03:00,522.10,522.35,521.90,522.15,3277
MOEX:ROSN,2023-08-02T16:17:00+03:00,522.15,522.15,521.60,521.80,3215
MOEX:ROSN,2023-08-02T16:18:00+03:00,521.65,522.40,521.65,522.35,1575
MOEX:ROSN,2023-08-02T16:19:00+03:00,522.35,522.50,522.15,522.40,2595
MOEX:ROSN,2023-08-02T16:20:00+03:00,522.45,522.60,521.65,522.10,9344
MOEX:ROSN,2023-08-02T16:21:00+03:00,522.10,522.20,522.00,522.00,1319
MOEX:ROSN,2023-08-02T16:22:00+03:00,522.20,522.50,522.05,522.20,2760
MOEX:ROSN,2023-08-02T16:23:00+03:00,522.20,522.60,522.00,522.30,10139
MOEX:ROSN,2023-08-02T16:24:00+03:00,522.30,522.35,522.00,522.35,5564
MOEX:ROSN,2023-08-02T16:25:00+03:00,522.30,522.50,522.30,522.50,1212
MOEX:ROSN,2023-08-02T16:26:00+03:00,522.50,522.55,522.30,522.35,2861
MOEX:ROSN,2023-08-02T16:27:00+03:00,522.35,522.45,522.20,522.25,2529
MOEX:ROSN,2023-08-02T16:28:00+03:00,522.25,522.45,522.20,522.40,2320
MOEX:ROSN,2023-08-02T16:29:00+03:00,522.40,522.50,522.25,522.40,2992
MOEX:ROSN,2023-08-02T16:30:00+03:00,522.40,522.45,522.10,522.30,2987
MOEX:ROSN,2023-08-02T16:31:00+03:00,522.45,522.50,522.05,522.10,3028
MOEX:ROSN,2023-08-02T16:32:00+03:00,522.20,522.50,522.10,522.35,3190
MOEX:ROSN,2023-08-02T16:33:00+03:00,522.45,522.50,522.30,522.50,12750
MOEX:ROSN,2023-08-02T16:34:00+03:00,522.45,522.85,522.45,522.85,12791
MOEX:ROSN,2023-08-02T16:35:00+03:00,522.85,522.85,522.55,522.60,4281
MOEX:ROSN,2023-08-02T16:36:00+03:00,522.60,522.65,522.15,522.35,2682
MOEX:ROSN,2023-08-02T16:37:00+03:00,522.35,522.85,522.35,522.70,4914
MOEX:ROSN,2023-08-02T16:38:00+03:00,522.70,522.70,522.45,522.70,1442
MOEX:ROSN,2023-08-02T16:39:00+03:00,522.60,522.85,522.60,522.65,2204
MOEX:ROSN,2023-08-02T16:40:00+03:00,522.80,522.85,522.60,522.65,2644
MOEX:ROSN,2023-08-02T16:41:00+03:00,522.80,522.85,522.70,522.85,3605
MOEX:ROSN,2023-08-02T16:42:00+03:00,522.85,522.85,522.70,522.85,3140
MOEX:ROSN,2023-08-02T16:43:00+03:00,522.85,522.85,522.70,522.85,3107
MOEX:ROSN,2023-08-02T16:44:00+03:00,522.85,522.95,522.65,522.95,15848
MOEX:ROSN,2023-08-02T16:45:00+03:00,522.95,523.00,522.65,522.85,15443
MOEX:ROSN,2023-08-02T16:46:00+03:00,522.85,522.90,522.65,522.75,5026
MOEX:ROSN,2023-08-02T16:47:00+03:00,522.75,522.80,522.65,522.65,3534
MOEX:ROSN,2023-08-02T16:48:00+03:00,522.75,522.75,522.35,522.75,2166
MOEX:ROSN,2023-08-02T16:49:00+03:00,522.65,522.90,522.35,522.55,5267
MOEX:ROSN,2023-08-02T16:50:00+03:00,522.55,522.70,522.30,522.60,3730
MOEX:ROSN,2023-08-02T16:51:00+03:00,522.45,522.90,522.45,522.85,3313
MOEX:ROSN,2023-08-02T16:52:00+03:00,522.85,522.95,522.65,522.80,5562
MOEX:ROSN,2023-08-02T16:53:00+03:00,522.65,522.95,522.35,522.80,3430
MOEX:ROSN,2023-08-02T16:54:00+03:00,522.80,522.80,522.60,522.80,1259
MOEX:ROSN,2023-08-02T16:55:00+03:00,522.80,522.80,522.50,522.75,4310
MOEX:ROSN,2023-08-02T16:56:00+03:00,522.75,522.75,522.50,522.65,2759
MOEX:ROSN,2023-08-02T16:57:00+03:00,522.65,522.65,522.20,522.60,3146
MOEX:ROSN,2023-08-02T16:58:00+03:00,522.50,522.65,522.45,522.60,7184
MOEX:ROSN,2023-08-02T16:59:00+03:00,522.60,522.65,522.50,522.65,2597
MOEX:ROSN,2023-08-02T17:00:00+03:00,522.50,522.70,522.10,522.15,4964
MOEX:ROSN,2023-08-02T17:01:00+03:00,522.10,522.20,521.65,521.80,18308
MOEX:ROSN,2023-08-02T17:02:00+03:00,521.85,521.90,521.55,521.55,4349
MOEX:ROSN,2023-08-02T17:03:00+03:00,521.60,521.60,521.50,521.55,5351
MOEX:ROSN,2023-08-02T17:04:00+03:00,521.55,521.55,521.05,521.30,4912
MOEX:ROSN,2023-08-02T17:05:00+03:00,521.30,521.55,521.30,521.30,2943
MOEX:ROSN,2023-08-02T17:06:00+03:00,521.35,521.40,521.30,521.40,5235
MOEX:ROSN,2023-08-02T17:07:00+03:00,521.40,521.50,521.30,521.40,2120
MOEX:ROSN,2023-08-02T17:08:00+03:00,521.40,521.40,521.30,521.40,1033
MOEX:ROSN,2023-08-02T17:09:00+03:00,521.40,521.40,521.30,521.40,2370
MOEX:ROSN,2023-08-02T17:10:00+03:00,521.35,521.50,521.20,521.50,8344
MOEX:ROSN,2023-08-02T17:11:00+03:00,521.50,521.50,520.80,521.40,13669
MOEX:ROSN,2023-08-02T17:12:00+03:00,521.40,521.50,521.10,521.45,8747
MOEX:ROSN,2023-08-02T17:13:00+03:00,521.25,521.50,521.25,521.50,6370
MOEX:ROSN,2023-08-02T17:14:00+03:00,521.50,521.50,521.20,521.20,3607
MOEX:ROSN,2023-08-02T17:15:00+03:00,521.20,521.30,521.20,521.25,3353
MOEX:ROSN,2023-08-02T17:16:00+03:00,521.25,521.25,521.00,521.20,5493
MOEX:ROSN,2023-08-02T17:17:00+03:00,521.20,521.25,521.00,521.20,9427
MOEX:ROSN,2023-08-02T17:18:00+03:00,521.05,521.25,521.05,521.20,2022
MOEX:ROSN,2023-08-02T17:19:00+03:00,521.25,521.25,521.20,521.25,6438
MOEX:ROSN,2023-08-02T17:20:00+03:00,521.25,521.45,521.20,521.45,2743
MOEX:ROSN,2023-08-02T17:21:00+03:00,521.45,521.55,521.30,521.55,2071
MOEX:ROSN,2023-08-02T17:22:00+03:00,521.55,522.00,521.55,521.95,3616
MOEX:ROSN,2023-08-02T17:23:00+03:00,521.90,522.05,521.05,521.10,24069
MOEX:ROSN,2023-08-02T17:24:00+03:00,521.15,521.65,521.05,521.60,5006
MOEX:ROSN,2023-08-02T17:25:00+03:00,521.60,522.05,521.50,521.65,4706
MOEX:ROSN,2023-08-02T17:26:00+03:00,521.55,521.95,521.50,521.85,1381
MOEX:ROSN,2023-08-02T17:27:00+03:00,521.85,522.00,521.55,521.80,9692
MOEX:ROSN,2023-08-02T17:28:00+03:00,521.80,522.20,521.80,521.95,6855
MOEX:ROSN,2023-08-02T17:29:00+03:00,521.95,522.20,521.60,521.85,2493
MOEX:ROSN,2023-08-02T17:30:00+03:00,521.85,521.85,521.45,521.75,4207
MOEX:ROSN,2023-08-02T17:31:00+03:00,521.75,521.85,521.45,521.45,1236
MOEX:ROSN,2023-08-02T17:32:00+03:00,521.50,521.80,521.35,521.75,2137
MOEX:ROSN,2023-08-02T17:33:00+03:00,521.70,521.80,521.25,521.45,4161
MOEX:ROSN,2023-08-02T17:34:00+03:00,521.30,521.50,521.20,521.25,2793
MOEX:ROSN,2023-08-02T17:35:00+03:00,521.25,521.40,521.20,521.20,3828
MOEX:ROSN,2023-08-02T17:36:00+03:00,521.20,521.95,521.20,521.45,21738
MOEX:ROSN,2023-08-02T17:37:00+03:00,521.45,521.60,521.20,521.25,23110
MOEX:ROSN,2023-08-02T17:38:00+03:00,521.20,521.25,520.75,520.75,8042
MOEX:ROSN,2023-08-02T17:39:00+03:00,520.75,521.25,520.60,520.95,6692
MOEX:ROSN,2023-08-02T17:40:00+03:00,520.95,521.25,520.80,520.85,4103
MOEX:ROSN,2023-08-02T17:41:00+03:00,520.85,521.00,520.60,520.90,2742
MOEX:ROSN,2023-08-02T17:42:00+03:00,520.90,521.05,520.55,520.90,8180
MOEX:ROSN,2023-08-02T17:43:00+03:00,520.90,521.25,520.45,520.50,9885
MOEX:ROSN,2023-08-02T17:44:00+03:00,520.50,520.65,520.05,520.15,11322
MOEX:ROSN,2023-08-02T17:45:00+03:00,520.15,520.50,519.25,519.50,31277
MOEX:ROSN,2023-08-02T17:46:00+03:00,519.50,519.90,519.30,519.40,8261
MOEX:ROSN,2023-08-02T17:47:00+03:00,519.40,520.00,519.30,519.85,9246
MOEX:ROSN,2023-08-02T17:48:00+03:00,520.00,520.50,520.00,520.35,2611
MOEX:ROSN,2023-08-02T17:49:00+03:00,520.40,520.45,519.00,519.60,38378
MOEX:ROSN,2023-08-02T17:50:00+03:00,519.35,519.65,518.50,519.00,14317
MOEX:ROSN,2023-08-02T17:51:00+03:00,519.20,519.60,518.75,519.35,5573
MOEX:ROSN,2023-08-02T17:52:00+03:00,519.35,519.70,518.75,519.30,9623
MOEX:ROSN,2023-08-02T17:53:00+03:00,519.25,519.35,518.50,518.95,7921
MOEX:ROSN,2023-08-02T17:54:00+03:00,518.90,518.95,518.30,518.50,8735
MOEX:ROSN,2023-08-02T17:55:00+03:00,518.40,518.70,518.30,518.45,6745
MOEX:ROSN,2023-08-02T17:56:00+03:00,518.50,518.65,518.30,518.40,6800
MOEX:ROSN,2023-08-02T17:57:00+03:00,518.35,518.45,517.70,517.75,20019
MOEX:ROSN,2023-08-02T17:58:00+03:00,517.70,518.70,517.60,518.70,7493
MOEX:ROSN,2023-08-02T17:59:00+03:00,518.70,519.70,518.60,519.70,14496
MOEX:ROSN,2023-08-02T18:00:00+03:00,519.60,519.90,519.60,519.80,3397
MOEX:ROSN,2023-08-02T18:01:00+03:00,519.80,520.00,519.60,519.80,7568
MOEX:ROSN,2023-08-02T18:02:00+03:00,519.80,519.90,519.20,519.90,3578
MOEX:ROSN,2023-08-02T18:03:00+03:00,519.80,519.90,519.20,519.60,4181
MOEX:ROSN,2023-08-02T18:04:00+03:00,519.65,519.65,519.30,519.50,1504
MOEX:ROSN,2023-08-02T18:05:00+03:00,519.50,519.50,519.25,519.45,1228
MOEX:ROSN,2023-08-02T18:06:00+03:00,519.45,519.45,519.05,519.30,1146
MOEX:ROSN,2023-08-02T18:07:00+03:00,519.30,519.40,518.75,518.95,3408
MOEX:ROSN,2023-08-02T18:08:00+03:00,518.95,519.05,518.80,519.00,2637
MOEX:ROSN,2023-08-02T18:09:00+03:00,518.95,519.00,518.65,518.90,5405
MOEX:ROSN,2023-08-02T18:10:00+03:00,518.80,519.20,518.00,518.00,11109
MOEX:ROSN,2023-08-02T18:11:00+03:00,518.00,519.00,517.90,518.40,10102
MOEX:ROSN,2023-08-02T18:12:00+03:00,518.75,518.75,518.35,518.60,1371
MOEX:ROSN,2023-08-02T18:13:00+03:00,518.60,518.80,518.25,518.80,4918
MOEX:ROSN,2023-08-02T18:14:00+03:00,518.65,519.65,518.35,519.40,12228
MOEX:ROSN,2023-08-02T18:15:00+03:00,519.40,519.90,519.05,519.60,7727
MOEX:ROSN,2023-08-02T18:16:00+03:00,519.65,520.20,519.60,519.95,7458
MOEX:ROSN,2023-08-02T18:17:00+03:00,520.00,520.20,519.65,519.95,2753
MOEX:ROSN,2023-08-02T18:18:00+03:00,519.95,520.15,519.55,519.75,2154
MOEX:ROSN,2023-08-02T18:19:00+03:00,519.75,519.75,519.45,519.75,1786
MOEX:ROSN,2023-08-02T18:20:00+03:00,519.75,520.00,519.35,519.50,1652
MOEX:ROSN,2023-08-02T18:21:00+03:00,519.50,519.50,519.20,519.40,1636
MOEX:ROSN,2023-08-02T18:22:00+03:00,519.40,519.50,519.20,519.40,3314
MOEX:ROSN,2023-08-02T18:23:00+03:00,519.20,519.50,519.20,519.30,1198
MOEX:ROSN,2023-08-02T18:24:00+03:00,519.30,519.50,519.30,519.30,992
MOEX:ROSN,2023-08-02T18:25:00+03:00,519.45,519.50,519.45,519.50,3572
MOEX:ROSN,2023-08-02T18:26:00+03:00,519.50,519.50,519.45,519.50,7898
MOEX:ROSN,2023-08-02T18:27:00+03:00,519.80,520.30,519.80,520.30,2974
MOEX:ROSN,2023-08-02T18:28:00+03:00,520.20,520.25,519.65,520.15,6477
MOEX:ROSN,2023-08-02T18:29:00+03:00,520.20,520.30,519.60,520.10,7064
MOEX:ROSN,2023-08-02T18:30:00+03:00,520.10,520.25,519.55,520.20,2488
MOEX:ROSN,2023-08-02T18:31:00+03:00,520.20,520.25,519.85,520.20,1100
MOEX:ROSN,2023-08-02T18:32:00+03:00,519.80,520.25,519.80,520.00,2188
MOEX:ROSN,2023-08-02T18:33:00+03:00,520.15,520.30,519.75,520.15,3576
MOEX:ROSN,2023-08-02T18:34:00+03:00,520.05,520.25,519.50,519.50,3464
MOEX:ROSN,2023-08-02T18:35:00+03:00,520.00,520.25,519.75,520.20,2882
MOEX:ROSN,2023-08-02T18:36:00+03:00,520.20,520.20,519.80,520.00,1028
MOEX:ROSN,2023-08-02T18:37:00+03:00,520.00,520.00,519.80,519.85,1926
MOEX:ROSN,2023-08-02T18:38:00+03:00,520.00,520.00,519.50,519.85,5640
MOEX:ROSN,2023-08-02T18:39:00+03:00,519.85,520.00,519.15,519.55,11773
MOEX:ROSN,2023-08-02T18:45:00+03:00,518.50,518.50,518.50,518.50,62550
MOEX:ROSN,2023-08-02T18:46:00+03:00,518.50,518.50,518.50,518.50,133
MOEX:ROSN,2023-08-02T18:47:00+03:00,518.50,518.50,518.50,518.50,1610
MOEX:ROSN,2023-08-02T18:48:00+03:00,518.50,518.50,518.50,518.50,50
MOEX:ROSN,2023-08-02T18:49:00+03:00,518.50,518.50,518.50,518.50,104
MOEX:ROSN,2023-08-02T19:04:00+03:00,519.10,519.10,519.10,519.10,786
MOEX:ROSN,2023-08-02T19:05:00+03:00,519.00,519.00,518.20,518.55,1753
MOEX:ROSN,2023-08-02T19:06:00+03:00,518.50,518.80,518.50,518.80,695
MOEX:ROSN,2023-08-02T19:07:00+03:00,518.70,518.80,518.40,518.80,2435
MOEX:ROSN,2023-08-02T19:08:00+03:00,518.80,519.05,518.50,519.00,4638
MOEX:ROSN,2023-08-02T19:09:00+03:00,519.00,519.05,518.90,519.00,369
MOEX:ROSN,2023-08-02T19:10:00+03:00,519.05,519.05,518.50,518.50,1850
MOEX:ROSN,2023-08-02T19:11:00+03:00,518.80,518.85,518.50,518.55,879
MOEX:ROSN,2023-08-02T19:12:00+03:00,518.80,518.85,518.55,518.85,268
MOEX:ROSN,2023-08-02T19:13:00+03:00,518.85,519.00,518.60,518.95,1814
MOEX:ROSN,2023-08-02T19:14:00+03:00,518.75,518.95,518.65,518.75,136
MOEX:ROSN,2023-08-02T19:15:00+03:00,518.65,518.85,518.60,518.85,383
MOEX:ROSN,2023-08-02T19:16:00+03:00,518.75,519.00,518.70,518.90,1459
MOEX:ROSN,2023-08-02T19:17:00+03:00,519.00,519.05,518.65,519.05,2211
MOEX:ROSN,2023-08-02T19:18:00+03:00,519.00,519.30,519.00,519.25,1008
MOEX:ROSN,2023-08-02T19:19:00+03:00,519.15,519.25,518.95,519.25,340
MOEX:ROSN,2023-08-02T19:20:00+03:00,519.15,519.35,519.15,519.35,1781
MOEX:ROSN,2023-08-02T19:21:00+03:00,519.35,519.35,519.30,519.35,818
MOEX:ROSN,2023-08-02T19:22:00+03:00,519.35,519.35,519.30,519.35,2718
MOEX:ROSN,2023-08-02T19:23:00+03:00,519.35,519.35,519.30,519.35,1639
MOEX:ROSN,2023-08-02T19:24:00+03:00,519.35,519.95,519.30,519.90,1267
MOEX:ROSN,2023-08-02T19:25:00+03:00,519.95,519.95,519.80,519.90,447
MOEX:ROSN,2023-08-02T19:26:00+03:00,519.90,519.90,519.50,519.85,422
MOEX:ROSN,2023-08-02T19:27:00+03:00,519.55,519.80,519.55,519.55,61
MOEX:ROSN,2023-08-02T19:28:00+03:00,519.85,520.00,519.60,519.80,922
MOEX:ROSN,2023-08-02T19:29:00+03:00,520.00,520.00,519.80,519.80,284
MOEX:ROSN,2023-08-02T19:30:00+03:00,519.80,520.00,519.80,519.80,1110
MOEX:ROSN,2023-08-02T19:31:00+03:00,519.95,520.15,519.95,520.15,1314
MOEX:ROSN,2023-08-02T19:32:00+03:00,520.05,520.25,520.05,520.05,328
MOEX:ROSN,2023-08-02T19:33:00+03:00,520.05,520.30,520.05,520.30,560
MOEX:ROSN,2023-08-02T19:34:00+03:00,520.25,520.30,520.15,520.15,62
MOEX:ROSN,2023-08-02T19:35:00+03:00,520.30,520.30,520.10,520.20,238
MOEX:ROSN,2023-08-02T19:36:00+03:00,520.10,520.15,520.10,520.10,1055
MOEX:ROSN,2023-08-02T19:37:00+03:00,520.10,520.10,520.00,520.05,961
MOEX:ROSN,2023-08-02T19:38:00+03:00,520.00,520.05,520.00,520.05,1066
MOEX:ROSN,2023-08-02T19:39:00+03:00,520.05,520.25,520.00,520.10,2731
MOEX:ROSN,2023-08-02T19:40:00+03:00,520.25,520.30,520.00,520.30,1650
MOEX:ROSN,2023-08-02T19:41:00+03:00,520.30,520.30,520.10,520.30,454
MOEX:ROSN,2023-08-02T19:42:00+03:00,520.25,520.30,520.25,520.30,750
MOEX:ROSN,2023-08-02T19:43:00+03:00,520.30,520.30,520.05,520.25,1295
MOEX:ROSN,2023-08-02T19:44:00+03:00,520.10,520.30,520.10,520.15,701
MOEX:ROSN,2023-08-02T19:45:00+03:00,520.15,520.30,520.10,520.10,456
MOEX:ROSN,2023-08-02T19:46:00+03:00,520.30,520.45,520.30,520.45,5073
MOEX:ROSN,2023-08-02T19:47:00+03:00,520.45,520.45,520.40,520.40,166
MOEX:ROSN,2023-08-02T19:48:00+03:00,520.45,520.45,520.40,520.45,232
MOEX:ROSN,2023-08-02T19:49:00+03:00,520.45,520.45,520.40,520.45,314
MOEX:ROSN,2023-08-02T19:50:00+03:00,520.40,520.50,520.40,520.50,5693
MOEX:ROSN,2023-08-02T19:51:00+03:00,520.50,520.50,520.40,520.50,775
MOEX:ROSN,2023-08-02T19:52:00+03:00,520.40,520.50,520.40,520.50,235
MOEX:ROSN,2023-08-02T19:53:00+03:00,520.50,520.50,520.40,520.50,503
MOEX:ROSN,2023-08-02T19:54:00+03:00,520.40,520.50,520.40,520.50,212
MOEX:ROSN,2023-08-02T19:55:00+03:00,520.50,520.50,520.40,520.50,413
MOEX:ROSN,2023-08-02T19:56:00+03:00,520.40,520.50,520.40,520.40,220
MOEX:ROSN,2023-08-02T19:57:00+03:00,520.50,520.50,520.40,520.50,144
MOEX:ROSN,2023-08-02T19:58:00+03:00,520.50,520.50,520.40,520.50,671
MOEX:ROSN,2023-08-02T19:59:00+03:00,520.40,520.50,520.15,520.15,1184
MOEX:ROSN,2023-08-02T20:00:00+03:00,520.30,520.30,520.10,520.10,1731
MOEX:ROSN,2023-08-02T20:01:00+03:00,520.30,520.40,520.15,520.15,777
MOEX:ROSN,2023-08-02T20:02:00+03:00,520.35,520.40,520.00,520.30,2920
MOEX:ROSN,2023-08-02T20:03:00+03:00,520.10,520.20,520.00,520.20,967
MOEX:ROSN,2023-08-02T20:04:00+03:00,520.20,520.30,520.00,520.30,357
MOEX:ROSN,2023-08-02T20:05:00+03:00,520.35,520.35,520.20,520.25,186
MOEX:ROSN,2023-08-02T20:06:00+03:00,520.25,520.30,520.05,520.20,465
MOEX:ROSN,2023-08-02T20:07:00+03:00,520.05,520.25,520.00,520.00,10713
MOEX:ROSN,2023-08-02T20:08:00+03:00,520.20,520.20,520.00,520.10,65
MOEX:ROSN,2023-08-02T20:09:00+03:00,520.10,520.15,520.00,520.00,1017
MOEX:ROSN,2023-08-02T20:10:00+03:00,520.00,520.10,520.00,520.10,508
MOEX:ROSN,2023-08-02T20:11:00+03:00,520.05,520.15,520.00,520.15,198
MOEX:ROSN,2023-08-02T20:12:00+03:00,520.15,520.20,520.00,520.00,2172
MOEX:ROSN,2023-08-02T20:13:00+03:00,520.15,520.15,520.00,520.15,231
MOEX:ROSN,2023-08-02T20:14:00+03:00,520.15,520.15,520.00,520.05,2380
MOEX:ROSN,2023-08-02T20:15:00+03:00,520.10,520.15,520.05,520.10,512
MOEX:ROSN,2023-08-02T20:16:00+03:00,520.05,520.15,520.05,520.15,120
MOEX:ROSN,2023-08-02T20:17:00+03:00,520.10,520.20,520.05,520.05,569
MOEX:ROSN,2023-08-02T20:18:00+03:00,520.20,520.20,520.05,520.15,78
MOEX:ROSN,2023-08-02T20:19:00+03:00,520.15,520.20,520.10,520.20,1588
MOEX:ROSN,2023-08-02T20:20:00+03:00,520.15,520.20,520.05,520.05,355
MOEX:ROSN,2023-08-02T20:21:00+03:00,520.20,520.30,520.05,520.05,330
MOEX:ROSN,2023-08-02T20:22:00+03:00,520.25,520.25,520.00,520.25,235
MOEX:ROSN,2023-08-02T20:23:00+03:00,520.25,520.30,520.05,520.15,225
MOEX:ROSN,2023-08-02T20:24:00+03:00,520.15,520.20,520.15,520.20,63
MOEX:ROSN,2023-08-02T20:25:00+03:00,520.20,520.20,520.05,520.10,134
MOEX:ROSN,2023-08-02T20:26:00+03:00,520.20,520.20,520.05,520.20,167
MOEX:ROSN,2023-08-02T20:27:00+03:00,520.05,520.20,519.50,519.50,5741
MOEX:ROSN,2023-08-02T20:28:00+03:00,519.50,519.85,519.50,519.85,145
MOEX:ROSN,2023-08-02T20:29:00+03:00,519.80,519.85,519.55,519.85,349
MOEX:ROSN,2023-08-02T20:30:00+03:00,519.85,520.05,519.70,519.70,1646
MOEX:ROSN,2023-08-02T20:31:00+03:00,519.70,520.15,519.60,519.75,393
MOEX:ROSN,2023-08-02T20:32:00+03:00,519.60,519.70,519.55,519.55,61
MOEX:ROSN,2023-08-02T20:33:00+03:00,519.60,519.65,519.40,519.50,634
MOEX:ROSN,2023-08-02T20:34:00+03:00,519.60,519.60,519.40,519.60,37
MOEX:ROSN,2023-08-02T20:35:00+03:00,519.60,519.65,519.45,519.65,633
MOEX:ROSN,2023-08-02T20:36:00+03:00,519.65,519.65,519.55,519.65,282
MOEX:ROSN,2023-08-02T20:37:00+03:00,519.65,519.65,519.60,519.60,78
MOEX:ROSN,2023-08-02T20:38:00+03:00,519.65,519.65,519.50,519.50,647
MOEX:ROSN,2023-08-02T20:39:00+03:00,519.65,519.70,519.55,519.70,125
MOEX:ROSN,2023-08-02T20:40:00+03:00,519.60,519.70,519.55,519.70,362
MOEX:ROSN,2023-08-02T20:41:00+03:00,519.70,519.90,519.60,519.80,442
MOEX:ROSN,2023-08-02T20:42:00+03:00,519.90,519.90,519.85,519.85,64
MOEX:ROSN,2023-08-02T20:43:00+03:00,519.80,519.90,519.80,519.90,486
MOEX:ROSN,2023-08-02T20:44:00+03:00,519.90,520.00,519.80,519.95,352
MOEX:ROSN,2023-08-02T20:45:00+03:00,519.95,520.30,519.90,519.95,1999
MOEX:ROSN,2023-08-02T20:46:00+03:00,520.25,520.25,519.95,520.25,87
MOEX:ROSN,2023-08-02T20:47:00+03:00,519.95,520.25,519.95,520.20,79
MOEX:ROSN,2023-08-02T20:48:00+03:00,520.20,520.20,519.90,519.95,221
MOEX:ROSN,2023-08-02T20:49:00+03:00,519.90,520.15,519.90,520.05,21
MOEX:ROSN,2023-08-02T20:50:00+03:00,520.15,520.35,520.00,520.35,886
MOEX:ROSN,2023-08-02T20:51:00+03:00,520.25,520.25,520.10,520.10,164
MOEX:ROSN,2023-08-02T20:52:00+03:00,520.25,520.25,520.00,520.15,183
MOEX:ROSN,2023-08-02T20:53:00+03:00,520.15,520.15,520.05,520.05,150
MOEX:ROSN,2023-08-02T20:54:00+03:00,520.15,520.15,520.05,520.10,130
MOEX:ROSN,2023-08-02T20:55:00+03:00,520.15,520.15,520.00,520.15,884
MOEX:ROSN,2023-08-02T20:56:00+03:00,520.15,520.20,520.00,520.15,968
MOEX:ROSN,2023-08-02T20:57:00+03:00,520.15,520.15,519.90,520.05,868
MOEX:ROSN,2023-08-02T20:58:00+03:00,520.00,520.15,519.90,520.15,561
MOEX:ROSN,2023-08-02T20:59:00+03:00,520.15,520.15,519.70,519.80,253
MOEX:ROSN,2023-08-02T21:00:00+03:00,519.80,519.90,519.70,519.80,203
MOEX:ROSN,2023-08-02T21:01:00+03:00,519.90,520.10,519.80,519.90,202
MOEX:ROSN,2023-08-02T21:02:00+03:00,519.85,519.90,519.80,519.85,203
MOEX:ROSN,2023-08-02T21:03:00+03:00,519.85,519.90,519.80,519.80,142
MOEX:ROSN,2023-08-02T21:04:00+03:00,519.80,520.05,519.80,520.05,306
MOEX:ROSN,2023-08-02T21:05:00+03:00,520.00,520.10,519.90,520.00,154
MOEX:ROSN,2023-08-02T21:06:00+03:00,519.90,520.05,519.90,520.05,26
MOEX:ROSN,2023-08-02T21:07:00+03:00,520.00,520.10,519.90,520.10,66
MOEX:ROSN,2023-08-02T21:08:00+03:00,520.05,520.10,519.90,520.10,108
MOEX:ROSN,2023-08-02T21:09:00+03:00,520.15,520.20,520.05,520.20,482
MOEX:ROSN,2023-08-02T21:10:00+03:00,520.15,520.20,519.70,519.75,1266
MOEX:ROSN,2023-08-02T21:11:00+03:00,520.00,520.05,519.75,519.75,98
MOEX:ROSN,2023-08-02T21:12:00+03:00,520.00,520.00,519.80,520.00,47
MOEX:ROSN,2023-08-02T21:13:00+03:00,519.85,520.20,519.85,520.20,1109
MOEX:ROSN,2023-08-02T21:14:00+03:00,520.00,520.00,519.00,519.40,23725
MOEX:ROSN,2023-08-02T21:15:00+03:00,519.35,519.45,519.35,519.45,478
MOEX:ROSN,2023-08-02T21:16:00+03:00,519.45,519.45,519.40,519.40,505
MOEX:ROSN,2023-08-02T21:17:00+03:00,519.45,519.45,519.40,519.45,178
MOEX:ROSN,2023-08-02T21:18:00+03:00,519.45,519.50,519.05,519.15,1224
MOEX:ROSN,2023-08-02T21:19:00+03:00,519.45,519.45,519.40,519.40,54
MOEX:ROSN,2023-08-02T21:20:00+03:00,519.40,519.40,519.40,519.40,86
MOEX:ROSN,2023-08-02T21:21:00+03:00,519.40,519.40,519.30,519.30,384
MOEX:ROSN,2023-08-02T21:22:00+03:00,519.40,519.40,519.15,519.15,363
MOEX:ROSN,2023-08-02T21:23:00+03:00,519.20,519.40,519.20,519.40,6
MOEX:ROSN,2023-08-02T21:24:00+03:00,519.40,519.45,519.20,519.45,1016
MOEX:ROSN,2023-08-02T21:25:00+03:00,519.45,519.50,519.30,519.30,711
MOEX:ROSN,2023-08-02T21:26:00+03:00,519.25,519.40,519.20,519.20,384
MOEX:ROSN,2023-08-02T21:27:00+03:00,519.30,519.30,519.15,519.30,252
MOEX:ROSN,2023-08-02T21:28:00+03:00,519.30,519.30,519.10,519.25,309
MOEX:ROSN,2023-08-02T21:29:00+03:00,519.25,519.30,519.10,519.25,572
MOEX:ROSN,2023-08-02T21:30:00+03:00,519.10,519.25,519.10,519.10,76
MOEX:ROSN,2023-08-02T21:31:00+03:00,519.20,519.20,519.05,519.10,386
MOEX:ROSN,2023-08-02T21:32:00+03:00,519.05,519.15,519.05,519.10,871
MOEX:ROSN,2023-08-02T21:33:00+03:00,519.10,519.15,519.05,519.15,685
MOEX:ROSN,2023-08-02T21:34:00+03:00,519.15,519.20,519.00,519.05,1326
MOEX:ROSN,2023-08-02T21:35:00+03:00,519.00,519.15,519.00,519.15,827
MOEX:ROSN,2023-08-02T21:36:00+03:00,519.15,519.20,518.25,518.25,13010
MOEX:ROSN,2023-08-02T21:37:00+03:00,518.60,518.65,518.45,518.60,213
MOEX:ROSN,2023-08-02T21:38:00+03:00,518.60,518.60,518.40,518.55,228
MOEX:ROSN,2023-08-02T21:39:00+03:00,518.55,518.55,518.40,518.55,119
MOEX:ROSN,2023-08-02T21:40:00+03:00,518.55,518.60,518.30,518.35,460
MOEX:ROSN,2023-08-02T21:41:00+03:00,518.35,518.35,518.30,518.35,620
MOEX:ROSN,2023-08-02T21:42:00+03:00,518.35,518.35,518.25,518.25,2986
MOEX:ROSN,2023-08-02T21:43:00+03:00,518.25,518.30,518.25,518.30,911
MOEX:ROSN,2023-08-02T21:44:00+03:00,518.25,518.30,518.25,518.30,519
MOEX:ROSN,2023-08-02T21:45:00+03:00,518.25,518.50,518.25,518.50,495
MOEX:ROSN,2023-08-02T21:46:00+03:00,518.55,518.90,518.55,518.90,277
MOEX:ROSN,2023-08-02T21:47:00+03:00,518.90,518.90,518.55,518.55,315
MOEX:ROSN,2023-08-02T21:48:00+03:00,518.60,518.80,518.55,518.80,61
MOEX:ROSN,2023-08-02T21:49:00+03:00,518.80,518.80,518.60,518.80,764
MOEX:ROSN,2023-08-02T21:50:00+03:00,518.80,518.80,518.50,518.50,588
MOEX:ROSN,2023-08-02T21:51:00+03:00,518.75,518.80,518.70,518.70,74
MOEX:ROSN,2023-08-02T21:52:00+03:00,518.70,518.80,518.70,518.80,43
MOEX:ROSN,2023-08-02T21:53:00+03:00,518.70,518.80,518.70,518.80,798
MOEX:ROSN,2023-08-02T21:54:00+03:00,518.80,518.80,518.70,518.75,673
MOEX:ROSN,2023-08-02T21:55:00+03:00,518.70,518.80,518.70,518.80,2560
MOEX:ROSN,2023-08-02T21:56:00+03:00,519.00,519.00,518.80,518.85,195
MOEX:ROSN,2023-08-02T21:57:00+03:00,519.00,519.00,518.50,518.85,1019
MOEX:ROSN,2023-08-02T21:58:00+03:00,518.85,519.00,518.60,519.00,657
MOEX:ROSN,2023-08-02T21:59:00+03:00,519.00,519.00,518.70,519.00,458
MOEX:ROSN,2023-08-02T22:00:00+03:00,519.00,519.05,518.65,518.80,327
MOEX:ROSN,2023-08-02T22:01:00+03:00,518.75,519.20,518.75,519.20,367
MOEX:ROSN,2023-08-02T22:02:00+03:00,519.15,519.30,519.10,519.25,962
MOEX:ROSN,2023-08-02T22:03:00+03:00,519.15,519.25,518.95,519.25,1713
MOEX:ROSN,2023-08-02T22:04:00+03:00,519.25,519.25,518.90,519.25,49
MOEX:ROSN,2023-08-02T22:05:00+03:00,519.25,519.30,518.95,518.95,126
MOEX:ROSN,2023-08-02T22:06:00+03:00,519.30,519.45,519.30,519.45,574
MOEX:ROSN,2023-08-02T22:07:00+03:00,519.30,519.60,519.30,519.60,395
MOEX:ROSN,2023-08-02T22:08:00+03:00,519.60,519.70,519.20,519.60,288
MOEX:ROSN,2023-08-02T22:09:00+03:00,519.55,519.75,519.30,519.35,1720
MOEX:ROSN,2023-08-02T22:10:00+03:00,519.75,519.75,519.30,519.40,337
MOEX:ROSN,2023-08-02T22:11:00+03:00,519.40,519.40,519.20,519.40,53
MOEX:ROSN,2023-08-02T22:12:00+03:00,519.40,519.40,519.10,519.40,296
MOEX:ROSN,2023-08-02T22:13:00+03:00,519.40,519.40,519.30,519.40,100
MOEX:ROSN,2023-08-02T22:14:00+03:00,519.40,519.40,519.20,519.30,161
MOEX:ROSN,2023-08-02T22:15:00+03:00,519.40,519.40,519.15,519.20,142
MOEX:ROSN,2023-08-02T22:16:00+03:00,519.20,519.40,519.10,519.40,607
MOEX:ROSN,2023-08-02T22:17:00+03:00,519.20,519.40,519.15,519.20,203
MOEX:ROSN,2023-08-02T22:18:00+03:00,519.40,519.55,519.20,519.55,140
MOEX:ROSN,2023-08-02T22:19:00+03:00,519.65,519.75,519.50,519.50,144
MOEX:ROSN,2023-08-02T22:20:00+03:00,519.70,519.75,519.35,519.35,102
MOEX:ROSN,2023-08-02T22:21:00+03:00,519.75,519.75,519.50,519.70,53
MOEX:ROSN,2023-08-02T22:22:00+03:00,519.70,519.70,519.35,519.70,60
MOEX:ROSN,2023-08-02T22:23:00+03:00,519.70,519.70,519.35,519.40,179
MOEX:ROSN,2023-08-02T22:24:00+03:00,519.40,519.65,519.40,519.50,1256
MOEX:ROSN,2023-08-02T22:25:00+03:00,519.50,519.50,519.20,519.20,1301
MOEX:ROSN,2023-08-02T22:26:00+03:00,519.20,519.40,519.20,519.20,106
MOEX:ROSN,2023-08-02T22:27:00+03:00,519.20,519.40,519.15,519.20,383
MOEX:ROSN,2023-08-02T22:28:00+03:00,519.20,519.40,519.20,519.40,420
MOEX:ROSN,2023-08-02T22:29:00+03:00,519.40,519.40,519.20,519.40,93
MOEX:ROSN,2023-08-02T22:30:00+03:00,519.20,519.40,519.15,519.40,514
MOEX:ROSN,2023-08-02T22:31:00+03:00,519.20,519.40,519.15,519.15,39
MOEX:ROSN,2023-08-02T22:32:00+03:00,519.30,519.30,519.15,519.30,236
MOEX:ROSN,2023-08-02T22:33:00+03:00,519.20,519.30,519.10,519.30,233
MOEX:ROSN,2023-08-02T22:34:00+03:00,519.10,519.30,519.10,519.30,156
MOEX:ROSN,2023-08-02T22:35:00+03:00,519.30,519.30,519.15,519.30,167
MOEX:ROSN,2023-08-02T22:36:00+03:00,519.30,519.30,519.15,519.15,334
MOEX:ROSN,2023-08-02T22:37:00+03:00,519.15,519.30,519.15,519.30,747
MOEX:ROSN,2023-08-02T22:38:00+03:00,519.30,519.30,519.15,519.20,543
MOEX:ROSN,2023-08-02T22:39:00+03:00,519.15,519.20,519.15,519.15,609
MOEX:ROSN,2023-08-02T22:40:00+03:00,519.20,519.20,519.15,519.20,240
MOEX:ROSN,2023-08-02T22:41:00+03:00,519.20,519.20,519.15,519.20,218
MOEX:ROSN,2023-08-02T22:42:00+03:00,519.20,519.40,519.15,519.20,1897
MOEX:ROSN,2023-08-02T22:43:00+03:00,519.40,519.40,519.20,519.40,342
MOEX:ROSN,2023-08-02T22:44:00+03:00,519.30,519.40,519.30,519.40,275
MOEX:ROSN,2023-08-02T22:45:00+03:00,519.40,520.00,519.20,519.50,7999
MOEX:ROSN,2023-08-02T22:46:00+03:00,519.45,519.75,519.45,519.55,36
MOEX:ROSN,2023-08-02T22:47:00+03:00,519.75,520.00,519.75,519.85,3546
MOEX:ROSN,2023-08-02T22:48:00+03:00,519.65,519.90,519.50,519.85,694
MOEX:ROSN,2023-08-02T22:49:00+03:00,519.80,519.85,519.50,519.70,342
MOEX:ROSN,2023-08-02T22:50:00+03:00,519.50,519.90,519.50,519.85,1060
MOEX:ROSN,2023-08-02T22:51:00+03:00,519.65,519.95,519.65,519.75,237
MOEX:ROSN,2023-08-02T22:52:00+03:00,519.80,519.85,519.70,519.70,287
MOEX:ROSN,2023-08-02T22:53:00+03:00,519.70,519.95,519.60,519.85,63
MOEX:ROSN,2023-08-02T22:54:00+03:00,519.85,519.90,519.55,519.90,47
MOEX:ROSN,2023-08-02T22:55:00+03:00,519.90,519.95,519.60,519.95,209
MOEX:ROSN,2023-08-02T22:56:00+03:00,519.90,519.95,519.50,519.85,987
MOEX:ROSN,2023-08-02T22:57:00+03:00,519.50,519.90,519.45,519.85,169
MOEX:ROSN,2023-08-02T22:58:00+03:00,519.85,519.95,519.55,519.90,150
MOEX:ROSN,2023-08-02T22:59:00+03:00,519.90,519.90,519.60,519.90,23
MOEX:ROSN,2023-08-02T23:00:00+03:00,519.90,519.95,519.60,519.95,791
MOEX:ROSN,2023-08-02T23:01:00+03:00,519.95,519.95,519.95,519.95,111
MOEX:ROSN,2023-08-02T23:02:00+03:00,519.65,519.85,519.35,519.60,1478
MOEX:ROSN,2023-08-02T23:03:00+03:00,519.60,519.60,519.50,519.50,277
MOEX:ROSN,2023-08-02T23:04:00+03:00,519.50,519.95,519.50,519.90,475
MOEX:ROSN,2023-08-02T23:05:00+03:00,519.85,519.85,519.60,519.80,99
MOEX:ROSN,2023-08-02T23:06:00+03:00,519.70,519.75,519.65,519.65,337
MOEX:ROSN,2023-08-02T23:07:00+03:00,519.75,519.75,519.75,519.75,101
MOEX:ROSN,2023-08-02T23:08:00+03:00,519.75,519.80,519.55,519.55,124
MOEX:ROSN,2023-08-02T23:09:00+03:00,519.65,519.80,519.50,519.75,624
MOEX:ROSN,2023-08-02T23:10:00+03:00,519.75,519.75,519.55,519.60,13
MOEX:ROSN,2023-08-02T23:11:00+03:00,519.60,519.60,519.50,519.50,6
MOEX:ROSN,2023-08-02T23:12:00+03:00,519.60,519.80,519.20,519.45,1541
MOEX:ROSN,2023-08-02T23:13:00+03:00,519.45,519.50,519.25,519.50,132
MOEX:ROSN,2023-08-02T23:14:00+03:00,519.25,519.50,519.20,519.50,98
MOEX:ROSN,2023-08-02T23:15:00+03:00,519.50,519.50,519.25,519.50,478
MOEX:ROSN,2023-08-02T23:16:00+03:00,519.45,519.50,519.25,519.25,11
MOEX:ROSN,2023-08-02T23:17:00+03:00,519.30,519.50,519.25,519.40,138
MOEX:ROSN,2023-08-02T23:18:00+03:00,519.40,519.40,519.30,519.40,63
MOEX:ROSN,2023-08-02T23:19:00+03:00,519.30,519.40,519.30,519.40,19
MOEX:ROSN,2023-08-02T23:20:00+03:00,519.40,519.40,519.30,519.40,72
MOEX:ROSN,2023-08-02T23:21:00+03:00,519.35,519.40,519.15,519.40,550
MOEX:ROSN,2023-08-02T23:22:00+03:00,519.40,519.40,519.15,519.40,41
MOEX:ROSN,2023-08-02T23:23:00+03:00,519.40,519.40,519.30,519.30,17
MOEX:ROSN,2023-08-02T23:24:00+03:00,519.30,519.40,519.30,519.40,112
MOEX:ROSN,2023-08-02T23:25:00+03:00,519.40,519.40,519.30,519.30,134
MOEX:ROSN,2023-08-02T23:26:00+03:00,519.30,519.30,519.20,519.30,53
MOEX:ROSN,2023-08-02T23:27:00+03:00,519.30,519.30,519.20,519.30,117
MOEX:ROSN,2023-08-02T23:28:00+03:00,519.20,519.30,519.20,519.30,221
MOEX:ROSN,2023-08-02T23:29:00+03:00,519.35,519.50,519.35,519.50,1624
MOEX:ROSN,2023-08-02T23:30:00+03:00,519.50,519.50,519.45,519.50,3876
MOEX:ROSN,2023-08-02T23:31:00+03:00,519.50,519.55,519.50,519.50,2808
MOEX:ROSN,2023-08-02T23:32:00+03:00,519.50,519.70,519.50,519.50,957
MOEX:ROSN,2023-08-02T23:33:00+03:00,519.50,519.80,519.50,519.50,2337
MOEX:ROSN,2023-08-02T23:34:00+03:00,519.50,519.75,519.50,519.50,2059
MOEX:ROSN,2023-08-02T23:35:00+03:00,519.50,519.55,519.50,519.50,726
MOEX:ROSN,2023-08-02T23:36:00+03:00,519.50,519.55,519.40,519.40,643
MOEX:ROSN,2023-08-02T23:37:00+03:00,519.40,523.80,519.40,521.20,93455
MOEX:ROSN,2023-08-02T23:38:00+03:00,521.15,521.65,520.65,521.65,4814
MOEX:ROSN,2023-08-02T23:39:00+03:00,521.60,521.80,519.85,521.55,7273
MOEX:ROSN,2023-08-02T23:40:00+03:00,521.40,522.90,521.20,522.00,19236
MOEX:ROSN,2023-08-02T23:41:00+03:00,522.00,522.90,521.05,521.90,8993
MOEX:ROSN,2023-08-02T23:42:00+03:00,521.90,522.00,521.40,521.95,2135
MOEX:ROSN,2023-08-02T23:43:00+03:00,521.95,522.50,521.00,522.50,6525
MOEX:ROSN,2023-08-02T23:44:00+03:00,522.50,522.90,522.10,522.50,7286
MOEX:ROSN,2023-08-02T23:45:00+03:00,522.50,522.70,521.95,522.20,2048
MOEX:ROSN,2023-08-02T23:46:00+03:00,522.20,522.30,521.65,521.70,2929
MOEX:ROSN,2023-08-02T23:47:00+03:00,522.10,522.10,521.40,522.00,5165
MOEX:ROSN,2023-08-02T23:48:00+03:00,521.60,523.50,521.50,522.20,44034
MOEX:ROSN,2023-08-02T23:49:00+03:00,522.55,523.00,522.05,522.95,4465
