Finam:BR,2021-09-28T00:02:00+03:00,78.58,78.58,78.57,78.57,5
Finam:BR,2021-09-28T00:06:00+03:00,78.57,78.57,78.57,78.57,4
Finam:BR,2021-09-28T00:07:00+03:00,78.54,78.54,78.54,78.54,12
Finam:BR,2021-09-28T00:14:00+03:00,78.63,78.63,78.55,78.63,8
Finam:BR,2021-09-28T00:15:00+03:00,78.62,78.62,78.62,78.62,1
Finam:BR,2021-09-28T00:48:00+03:00,78.62,78.62,78.62,78.62,22
Finam:BR,2021-09-28T00:59:00+03:00,78.63,78.63,78.63,78.63,1
Finam:BR,2021-09-28T03:00:00+03:00,78.61,78.62,78.55,78.55,51
Finam:BR,2021-09-28T03:01:00+03:00,78.54,78.58,78.54,78.58,82
Finam:BR,2021-09-28T03:02:00+03:00,78.59,78.61,78.58,78.61,15
Finam:BR,2021-09-28T03:03:00+03:00,78.61,78.62,78.61,78.62,9
Finam:BR,2021-09-28T03:04:00+03:00,78.63,78.63,78.60,78.60,18
Finam:BR,2021-09-28T03:05:00+03:00,78.58,78.58,78.58,78.58,6
Finam:BR,2021-09-28T03:06:00+03:00,78.56,78.56,78.54,78.54,3
Finam:BR,2021-09-28T03:07:00+03:00,78.55,78.55,78.55,78.55,5
Finam:BR,2021-09-28T03:08:00+03:00,78.55,78.55,78.54,78.54,8
Finam:BR,2021-09-28T03:10:00+03:00,78.56,78.58,78.56,78.58,10
Finam:BR,2021-09-28T03:11:00+03:00,78.58,78.58,78.57,78.57,8
Finam:BR,2021-09-28T03:12:00+03:00,78.57,78.58,78.56,78.58,5
Finam:BR,2021-09-28T03:13:00+03:00,78.57,78.57,78.56,78.56,5
Finam:BR,2021-09-28T03:14:00+03:00,78.56,78.56,78.56,78.56,3
Finam:BR,2021-09-28T03:15:00+03:00,78.57,78.57,78.55,78.55,11
Finam:BR,2021-09-28T03:16:00+03:00,78.54,78.55,78.54,78.55,10
Finam:BR,2021-09-28T03:17:00+03:00,78.55,78.55,78.53,78.53,24
Finam:BR,2021-09-28T03:18:00+03:00,78.53,78.53,78.53,78.53,8
Finam:BR,2021-09-28T03:19:00+03:00,78.54,78.54,78.53,78.54,6
Finam:BR,2021-09-28T03:21:00+03:00,78.53,78.53,78.52,78.52,5
Finam:BR,2021-09-28T03:22:00+03:00,78.52,78.52,78.48,78.48,40
Finam:BR,2021-09-28T03:23:00+03:00,78.48,78.48,78.47,78.47,26
Finam:BR,2021-09-28T03:24:00+03:00,78.49,78.49,78.49,78.49,1
Finam:BR,2021-09-28T03:26:00+03:00,78.48,78.48,78.46,78.47,12
Finam:BR,2021-09-28T03:27:00+03:00,78.47,78.47,78.47,78.47,1
Finam:BR,2021-09-28T03:28:00+03:00,78.46,78.48,78.46,78.48,10
Finam:BR,2021-09-28T03:29:00+03:00,78.49,78.49,78.47,78.48,5
Finam:BR,2021-09-28T03:30:00+03:00,78.49,78.50,78.49,78.49,4
Finam:BR,2021-09-28T03:31:00+03:00,78.50,78.51,78.50,78.50,7
Finam:BR,2021-09-28T03:32:00+03:00,78.49,78.49,78.49,78.49,1
Finam:BR,2021-09-28T03:33:00+03:00,78.47,78.48,78.46,78.46,7
Finam:BR,2021-09-28T03:34:00+03:00,78.46,78.47,78.46,78.47,5
Finam:BR,2021-09-28T03:35:00+03:00,78.47,78.49,78.47,78.48,21
Finam:BR,2021-09-28T03:36:00+03:00,78.49,78.49,78.45,78.47,65
Finam:BR,2021-09-28T03:37:00+03:00,78.46,78.46,78.46,78.46,1
Finam:BR,2021-09-28T03:38:00+03:00,78.46,78.46,78.45,78.45,5
Finam:BR,2021-09-28T03:42:00+03:00,78.47,78.47,78.47,78.47,3
Finam:BR,2021-09-28T03:43:00+03:00,78.48,78.48,78.48,78.48,4
Finam:BR,2021-09-28T03:44:00+03:00,78.51,78.51,78.50,78.51,6
Finam:BR,2021-09-28T03:45:00+03:00,78.50,78.51,78.50,78.51,2
Finam:BR,2021-09-28T03:47:00+03:00,78.49,78.49,78.49,78.49,4
Finam:BR,2021-09-28T03:50:00+03:00,78.47,78.47,78.47,78.47,1
Finam:BR,2021-09-28T03:53:00+03:00,78.47,78.47,78.44,78.44,82
Finam:BR,2021-09-28T03:54:00+03:00,78.44,78.45,78.44,78.45,11
Finam:BR,2021-09-28T03:55:00+03:00,78.45,78.45,78.45,78.45,4
Finam:BR,2021-09-28T03:56:00+03:00,78.45,78.45,78.44,78.44,3
Finam:BR,2021-09-28T03:57:00+03:00,78.45,78.47,78.45,78.47,14
Finam:BR,2021-09-28T03:58:00+03:00,78.48,78.48,78.48,78.48,2
Finam:BR,2021-09-28T03:59:00+03:00,78.49,78.50,78.49,78.50,2
Finam:BR,2021-09-28T04:00:00+03:00,78.51,78.51,78.41,78.44,93
Finam:BR,2021-09-28T04:01:00+03:00,78.44,78.44,78.41,78.43,56
Finam:BR,2021-09-28T04:02:00+03:00,78.43,78.43,78.41,78.43,19
Finam:BR,2021-09-28T04:03:00+03:00,78.45,78.48,78.45,78.48,5
Finam:BR,2021-09-28T04:04:00+03:00,78.48,78.55,78.47,78.55,70
Finam:BR,2021-09-28T04:05:00+03:00,78.52,78.52,78.51,78.51,9
Finam:BR,2021-09-28T04:06:00+03:00,78.49,78.49,78.46,78.49,12
Finam:BR,2021-09-28T04:07:00+03:00,78.51,78.55,78.51,78.54,44
Finam:BR,2021-09-28T04:08:00+03:00,78.53,78.53,78.51,78.51,6
Finam:BR,2021-09-28T04:09:00+03:00,78.51,78.52,78.51,78.52,16
Finam:BR,2021-09-28T04:10:00+03:00,78.53,78.53,78.51,78.51,3
Finam:BR,2021-09-28T04:11:00+03:00,78.50,78.50,78.50,78.50,2
Finam:BR,2021-09-28T04:12:00+03:00,78.50,78.50,78.50,78.50,10
Finam:BR,2021-09-28T04:13:00+03:00,78.50,78.52,78.48,78.52,14
Finam:BR,2021-09-28T04:14:00+03:00,78.52,78.55,78.52,78.54,19
Finam:BR,2021-09-28T04:15:00+03:00,78.54,78.57,78.54,78.57,27
Finam:BR,2021-09-28T04:16:00+03:00,78.57,78.65,78.57,78.61,105
Finam:BR,2021-09-28T04:17:00+03:00,78.60,78.62,78.59,78.62,68
Finam:BR,2021-09-28T04:18:00+03:00,78.62,78.63,78.62,78.63,6
Finam:BR,2021-09-28T04:19:00+03:00,78.62,78.62,78.59,78.59,6
Finam:BR,2021-09-28T04:20:00+03:00,78.60,78.62,78.56,78.56,19
Finam:BR,2021-09-28T04:21:00+03:00,78.55,78.58,78.55,78.57,29
Finam:BR,2021-09-28T04:22:00+03:00,78.58,78.59,78.57,78.57,4
Finam:BR,2021-09-28T04:24:00+03:00,78.57,78.60,78.57,78.60,14
Finam:BR,2021-09-28T04:25:00+03:00,78.62,78.62,78.62,78.62,9
Finam:BR,2021-09-28T04:26:00+03:00,78.61,78.63,78.61,78.62,42
Finam:BR,2021-09-28T04:27:00+03:00,78.62,78.64,78.62,78.64,9
Finam:BR,2021-09-28T04:28:00+03:00,78.63,78.63,78.61,78.61,3
Finam:BR,2021-09-28T04:29:00+03:00,78.62,78.63,78.61,78.62,12
Finam:BR,2021-09-28T04:30:00+03:00,78.62,78.62,78.61,78.62,5
Finam:BR,2021-09-28T04:31:00+03:00,78.62,78.67,78.62,78.67,45
Finam:BR,2021-09-28T04:32:00+03:00,78.66,78.66,78.65,78.66,13
Finam:BR,2021-09-28T04:33:00+03:00,78.67,78.67,78.62,78.62,127
Finam:BR,2021-09-28T04:34:00+03:00,78.63,78.65,78.63,78.64,64
Finam:BR,2021-09-28T04:35:00+03:00,78.65,78.67,78.64,78.66,272
Finam:BR,2021-09-28T04:36:00+03:00,78.66,78.67,78.63,78.63,119
Finam:BR,2021-09-28T04:37:00+03:00,78.63,78.63,78.60,78.62,218
Finam:BR,2021-09-28T04:38:00+03:00,78.60,78.63,78.60,78.63,110
Finam:BR,2021-09-28T04:39:00+03:00,78.62,78.62,78.61,78.62,37
Finam:BR,2021-09-28T04:40:00+03:00,78.60,78.62,78.59,78.59,83
Finam:BR,2021-09-28T04:41:00+03:00,78.60,78.61,78.60,78.61,3
Finam:BR,2021-09-28T04:42:00+03:00,78.62,78.62,78.59,78.61,21
Finam:BR,2021-09-28T04:43:00+03:00,78.62,78.65,78.62,78.65,38
Finam:BR,2021-09-28T04:44:00+03:00,78.65,78.67,78.62,78.65,378
Finam:BR,2021-09-28T04:45:00+03:00,78.66,78.69,78.66,78.67,145
Finam:BR,2021-09-28T04:46:00+03:00,78.68,78.76,78.68,78.76,167
Finam:BR,2021-09-28T04:47:00+03:00,78.76,78.76,78.74,78.74,13
Finam:BR,2021-09-28T04:48:00+03:00,78.75,78.81,78.75,78.81,173
Finam:BR,2021-09-28T04:49:00+03:00,78.80,78.82,78.80,78.82,33
Finam:BR,2021-09-28T04:50:00+03:00,78.82,78.85,78.82,78.84,53
Finam:BR,2021-09-28T04:51:00+03:00,78.84,78.85,78.82,78.82,42
Finam:BR,2021-09-28T04:52:00+03:00,78.83,78.84,78.83,78.83,12
Finam:BR,2021-09-28T04:53:00+03:00,78.83,78.85,78.82,78.85,60
Finam:BR,2021-09-28T04:54:00+03:00,78.83,78.83,78.81,78.81,6
Finam:BR,2021-09-28T04:56:00+03:00,78.80,78.82,78.80,78.82,11
Finam:BR,2021-09-28T04:57:00+03:00,78.82,78.86,78.81,78.86,157
Finam:BR,2021-09-28T04:58:00+03:00,78.87,78.88,78.83,78.87,57
Finam:BR,2021-09-28T04:59:00+03:00,78.86,78.86,78.84,78.84,36
Finam:BR,2021-09-28T05:00:00+03:00,78.82,78.83,78.80,78.81,52
Finam:BR,2021-09-28T05:01:00+03:00,78.83,78.83,78.80,78.80,16
Finam:BR,2021-09-28T05:02:00+03:00,78.80,78.80,78.79,78.80,32
Finam:BR,2021-09-28T05:03:00+03:00,78.79,78.79,78.76,78.77,15
Finam:BR,2021-09-28T05:04:00+03:00,78.79,78.79,78.79,78.79,6
Finam:BR,2021-09-28T05:05:00+03:00,78.79,78.79,78.74,78.77,36
Finam:BR,2021-09-28T05:06:00+03:00,78.78,78.79,78.77,78.79,48
Finam:BR,2021-09-28T05:07:00+03:00,78.78,78.80,78.78,78.80,14
Finam:BR,2021-09-28T05:08:00+03:00,78.83,78.88,78.83,78.88,20
Finam:BR,2021-09-28T05:09:00+03:00,78.89,78.89,78.88,78.88,12
Finam:BR,2021-09-28T05:10:00+03:00,78.89,78.91,78.89,78.91,51
Finam:BR,2021-09-28T05:11:00+03:00,78.92,78.92,78.89,78.89,26
Finam:BR,2021-09-28T05:12:00+03:00,78.88,78.94,78.88,78.94,91
Finam:BR,2021-09-28T05:13:00+03:00,78.94,78.96,78.93,78.96,113
Finam:BR,2021-09-28T05:14:00+03:00,78.96,78.96,78.94,78.95,49
Finam:BR,2021-09-28T05:15:00+03:00,78.96,78.96,78.92,78.92,36
Finam:BR,2021-09-28T05:16:00+03:00,78.93,78.94,78.93,78.94,4
Finam:BR,2021-09-28T05:17:00+03:00,78.92,78.93,78.92,78.93,5
Finam:BR,2021-09-28T05:18:00+03:00,78.93,78.93,78.93,78.93,3
Finam:BR,2021-09-28T05:19:00+03:00,78.92,78.92,78.92,78.92,3
Finam:BR,2021-09-28T05:20:00+03:00,78.94,78.94,78.94,78.94,1
Finam:BR,2021-09-28T05:21:00+03:00,78.93,78.94,78.92,78.94,4
Finam:BR,2021-09-28T05:22:00+03:00,78.91,78.91,78.91,78.91,1
Finam:BR,2021-09-28T05:23:00+03:00,78.91,78.92,78.90,78.92,85
Finam:BR,2021-09-28T05:24:00+03:00,78.92,78.92,78.91,78.91,3
Finam:BR,2021-09-28T05:26:00+03:00,78.94,78.95,78.94,78.95,3
Finam:BR,2021-09-28T05:27:00+03:00,78.94,78.95,78.94,78.95,15
Finam:BR,2021-09-28T05:28:00+03:00,78.95,78.95,78.95,78.95,3
Finam:BR,2021-09-28T05:29:00+03:00,78.95,79.00,78.95,79.00,208
Finam:BR,2021-09-28T05:30:00+03:00,79.01,79.02,78.99,79.02,130
Finam:BR,2021-09-28T05:31:00+03:00,79.02,79.03,79.00,79.02,95
Finam:BR,2021-09-28T05:32:00+03:00,79.02,79.09,79.01,79.07,217
Finam:BR,2021-09-28T05:33:00+03:00,79.06,79.12,79.05,79.10,98
Finam:BR,2021-09-28T05:34:00+03:00,79.10,79.11,79.09,79.11,85
Finam:BR,2021-09-28T05:35:00+03:00,79.11,79.12,79.10,79.11,75
Finam:BR,2021-09-28T05:36:00+03:00,79.12,79.13,79.10,79.12,116
Finam:BR,2021-09-28T05:37:00+03:00,79.12,79.13,79.11,79.12,104
Finam:BR,2021-09-28T05:38:00+03:00,79.11,79.12,79.07,79.07,44
Finam:BR,2021-09-28T05:39:00+03:00,79.07,79.08,79.07,79.08,15
Finam:BR,2021-09-28T05:40:00+03:00,79.08,79.10,79.06,79.06,50
Finam:BR,2021-09-28T05:41:00+03:00,79.06,79.07,79.06,79.07,38
Finam:BR,2021-09-28T05:42:00+03:00,79.05,79.06,79.03,79.06,17
Finam:BR,2021-09-28T05:43:00+03:00,79.04,79.08,79.04,79.07,23
Finam:BR,2021-09-28T05:44:00+03:00,79.07,79.10,79.05,79.10,35
Finam:BR,2021-09-28T05:45:00+03:00,79.08,79.08,79.03,79.03,18
Finam:BR,2021-09-28T05:46:00+03:00,79.06,79.13,79.06,79.13,43
Finam:BR,2021-09-28T05:47:00+03:00,79.13,79.14,79.12,79.14,108
Finam:BR,2021-09-28T05:48:00+03:00,79.13,79.14,79.12,79.12,14
Finam:BR,2021-09-28T05:49:00+03:00,79.13,79.14,79.13,79.13,21
Finam:BR,2021-09-28T05:50:00+03:00,79.13,79.14,79.12,79.14,34
Finam:BR,2021-09-28T05:51:00+03:00,79.12,79.12,79.12,79.12,5
Finam:BR,2021-09-28T05:52:00+03:00,79.11,79.11,79.09,79.09,9
Finam:BR,2021-09-28T05:53:00+03:00,79.10,79.11,79.09,79.10,36
Finam:BR,2021-09-28T05:54:00+03:00,79.09,79.10,79.09,79.10,53
Finam:BR,2021-09-28T05:55:00+03:00,79.09,79.09,79.08,79.09,13
Finam:BR,2021-09-28T05:56:00+03:00,79.09,79.09,79.08,79.08,13
Finam:BR,2021-09-28T05:57:00+03:00,79.08,79.11,79.08,79.10,29
Finam:BR,2021-09-28T05:58:00+03:00,79.09,79.10,79.09,79.09,7
Finam:BR,2021-09-28T05:59:00+03:00,79.10,79.11,79.10,79.11,4
Finam:BR,2021-09-28T06:00:00+03:00,79.10,79.14,79.10,79.14,118
Finam:BR,2021-09-28T06:01:00+03:00,79.14,79.17,79.14,79.17,282
Finam:BR,2021-09-28T06:02:00+03:00,79.18,79.20,79.16,79.17,123
Finam:BR,2021-09-28T06:03:00+03:00,79.18,79.25,79.17,79.25,171
Finam:BR,2021-09-28T06:04:00+03:00,79.26,79.31,79.25,79.30,152
Finam:BR,2021-09-28T06:05:00+03:00,79.28,79.37,79.28,79.37,232
Finam:BR,2021-09-28T06:06:00+03:00,79.36,79.37,79.35,79.35,182
Finam:BR,2021-09-28T06:07:00+03:00,79.36,79.36,79.34,79.34,53
Finam:BR,2021-09-28T06:08:00+03:00,79.33,79.37,79.32,79.37,75
Finam:BR,2021-09-28T06:09:00+03:00,79.36,79.36,79.33,79.35,26
Finam:BR,2021-09-28T06:10:00+03:00,79.35,79.36,79.34,79.34,38
Finam:BR,2021-09-28T06:11:00+03:00,79.34,79.36,79.28,79.30,85
Finam:BR,2021-09-28T06:12:00+03:00,79.29,79.30,79.28,79.28,46
Finam:BR,2021-09-28T06:13:00+03:00,79.28,79.29,79.25,79.27,123
Finam:BR,2021-09-28T06:14:00+03:00,79.27,79.28,79.25,79.26,67
Finam:BR,2021-09-28T06:15:00+03:00,79.26,79.32,79.25,79.32,68
Finam:BR,2021-09-28T06:16:00+03:00,79.31,79.31,79.28,79.28,20
Finam:BR,2021-09-28T06:17:00+03:00,79.29,79.31,79.29,79.31,11
Finam:BR,2021-09-28T06:18:00+03:00,79.32,79.32,79.28,79.28,29
Finam:BR,2021-09-28T06:19:00+03:00,79.28,79.31,79.28,79.29,107
Finam:BR,2021-09-28T06:20:00+03:00,79.30,79.30,79.30,79.30,3
Finam:BR,2021-09-28T06:21:00+03:00,79.29,79.33,79.29,79.30,62
Finam:BR,2021-09-28T06:22:00+03:00,79.31,79.31,79.30,79.30,2
Finam:BR,2021-09-28T06:23:00+03:00,79.32,79.35,79.32,79.34,37
Finam:BR,2021-09-28T06:24:00+03:00,79.34,79.37,79.34,79.36,65
Finam:BR,2021-09-28T06:25:00+03:00,79.37,79.38,79.34,79.38,83
Finam:BR,2021-09-28T06:26:00+03:00,79.36,79.38,79.35,79.37,89
Finam:BR,2021-09-28T06:27:00+03:00,79.37,79.39,79.35,79.39,44
Finam:BR,2021-09-28T06:28:00+03:00,79.39,79.40,79.38,79.38,67
Finam:BR,2021-09-28T06:29:00+03:00,79.39,79.40,79.38,79.39,200
Finam:BR,2021-09-28T06:30:00+03:00,79.38,79.39,79.38,79.39,61
Finam:BR,2021-09-28T06:31:00+03:00,79.39,79.42,79.39,79.42,119
Finam:BR,2021-09-28T06:32:00+03:00,79.41,79.41,79.40,79.40,69
Finam:BR,2021-09-28T06:33:00+03:00,79.40,79.41,79.40,79.41,86
Finam:BR,2021-09-28T06:34:00+03:00,79.41,79.44,79.41,79.44,78
Finam:BR,2021-09-28T06:35:00+03:00,79.45,79.45,79.43,79.44,149
Finam:BR,2021-09-28T06:36:00+03:00,79.44,79.54,79.43,79.52,446
Finam:BR,2021-09-28T06:37:00+03:00,79.51,79.54,79.51,79.51,73
Finam:BR,2021-09-28T06:38:00+03:00,79.50,79.51,79.50,79.51,19
Finam:BR,2021-09-28T06:39:00+03:00,79.51,79.51,79.49,79.50,34
Finam:BR,2021-09-28T06:40:00+03:00,79.51,79.51,79.50,79.50,13
Finam:BR,2021-09-28T06:41:00+03:00,79.51,79.51,79.42,79.42,363
Finam:BR,2021-09-28T06:42:00+03:00,79.42,79.44,79.42,79.44,17
Finam:BR,2021-09-28T06:43:00+03:00,79.44,79.44,79.44,79.44,3
Finam:BR,2021-09-28T06:44:00+03:00,79.42,79.42,79.40,79.42,33
Finam:BR,2021-09-28T06:45:00+03:00,79.42,79.42,79.41,79.41,2
Finam:BR,2021-09-28T06:46:00+03:00,79.41,79.41,79.40,79.40,10
Finam:BR,2021-09-28T06:47:00+03:00,79.40,79.41,79.40,79.41,6
Finam:BR,2021-09-28T06:48:00+03:00,79.41,79.42,79.41,79.42,27
Finam:BR,2021-09-28T06:49:00+03:00,79.42,79.45,79.42,79.44,63
Finam:BR,2021-09-28T06:50:00+03:00,79.44,79.46,79.44,79.44,41
Finam:BR,2021-09-28T06:51:00+03:00,79.44,79.44,79.43,79.43,38
Finam:BR,2021-09-28T06:52:00+03:00,79.43,79.43,79.42,79.43,51
Finam:BR,2021-09-28T06:53:00+03:00,79.44,79.47,79.44,79.47,27
Finam:BR,2021-09-28T06:54:00+03:00,79.46,79.46,79.45,79.45,3
Finam:BR,2021-09-28T06:56:00+03:00,79.43,79.44,79.43,79.43,60
Finam:BR,2021-09-28T06:57:00+03:00,79.43,79.44,79.43,79.43,43
Finam:BR,2021-09-28T06:58:00+03:00,79.43,79.43,79.42,79.42,60
Finam:BR,2021-09-28T06:59:00+03:00,79.40,79.41,79.39,79.40,13
Finam:BR,2021-09-28T07:00:00+03:00,79.40,79.42,79.37,79.38,48
Finam:BR,2021-09-28T07:01:00+03:00,79.38,79.38,79.37,79.38,13
Finam:BR,2021-09-28T07:02:00+03:00,79.38,79.38,79.37,79.37,26
Finam:BR,2021-09-28T07:03:00+03:00,79.37,79.37,79.37,79.37,4
Finam:BR,2021-09-28T07:04:00+03:00,79.37,79.37,79.37,79.37,4
Finam:BR,2021-09-28T07:05:00+03:00,79.37,79.37,79.37,79.37,2
Finam:BR,2021-09-28T07:06:00+03:00,79.37,79.37,79.36,79.37,6
Finam:BR,2021-09-28T07:07:00+03:00,79.37,79.37,79.36,79.37,7
Finam:BR,2021-09-28T07:08:00+03:00,79.37,79.37,79.37,79.37,3
Finam:BR,2021-09-28T07:09:00+03:00,79.37,79.38,79.37,79.37,6
Finam:BR,2021-09-28T07:10:00+03:00,79.35,79.36,79.35,79.36,5
Finam:BR,2021-09-28T07:11:00+03:00,79.36,79.37,79.36,79.37,5
Finam:BR,2021-09-28T07:12:00+03:00,79.37,79.37,79.37,79.37,1
Finam:BR,2021-09-28T07:13:00+03:00,79.36,79.36,79.36,79.36,1
Finam:BR,2021-09-28T07:14:00+03:00,79.36,79.36,79.36,79.36,1
Finam:BR,2021-09-28T07:15:00+03:00,79.35,79.37,79.35,79.36,12
Finam:BR,2021-09-28T07:16:00+03:00,79.37,79.39,79.37,79.38,18
Finam:BR,2021-09-28T07:17:00+03:00,79.38,79.38,79.38,79.38,10
Finam:BR,2021-09-28T07:18:00+03:00,79.38,79.38,79.37,79.38,3
Finam:BR,2021-09-28T07:19:00+03:00,79.39,79.39,79.39,79.39,4
Finam:BR,2021-09-28T07:20:00+03:00,79.39,79.39,79.39,79.39,5
Finam:BR,2021-09-28T07:21:00+03:00,79.37,79.37,79.37,79.37,3
Finam:BR,2021-09-28T07:22:00+03:00,79.37,79.38,79.37,79.38,16
Finam:BR,2021-09-28T07:23:00+03:00,79.38,79.39,79.38,79.39,4
Finam:BR,2021-09-28T07:25:00+03:00,79.39,79.39,79.35,79.35,17
Finam:BR,2021-09-28T07:26:00+03:00,79.35,79.36,79.35,79.36,8
Finam:BR,2021-09-28T07:28:00+03:00,79.37,79.37,79.37,79.37,2
Finam:BR,2021-09-28T07:29:00+03:00,79.36,79.36,79.36,79.36,2
Finam:BR,2021-09-28T07:30:00+03:00,79.36,79.36,79.35,79.35,42
Finam:BR,2021-09-28T07:31:00+03:00,79.35,79.35,79.35,79.35,22
Finam:BR,2021-09-28T07:32:00+03:00,79.36,79.37,79.35,79.37,13
Finam:BR,2021-09-28T07:33:00+03:00,79.37,79.37,79.35,79.35,15
Finam:BR,2021-09-28T07:34:00+03:00,79.36,79.36,79.36,79.36,4
Finam:BR,2021-09-28T07:36:00+03:00,79.36,79.36,79.36,79.36,5
Finam:BR,2021-09-28T07:37:00+03:00,79.36,79.37,79.36,79.37,11
Finam:BR,2021-09-28T07:38:00+03:00,79.37,79.37,79.36,79.36,10
Finam:BR,2021-09-28T07:39:00+03:00,79.38,79.39,79.38,79.38,15
Finam:BR,2021-09-28T07:40:00+03:00,79.38,79.38,79.36,79.36,5
Finam:BR,2021-09-28T07:41:00+03:00,79.37,79.37,79.37,79.37,5
Finam:BR,2021-09-28T07:42:00+03:00,79.37,79.37,79.37,79.37,1
Finam:BR,2021-09-28T07:45:00+03:00,79.36,79.36,79.36,79.36,1
Finam:BR,2021-09-28T07:46:00+03:00,79.38,79.38,79.36,79.37,30
Finam:BR,2021-09-28T07:47:00+03:00,79.37,79.38,79.37,79.38,13
Finam:BR,2021-09-28T07:48:00+03:00,79.38,79.38,79.38,79.38,1
Finam:BR,2021-09-28T07:49:00+03:00,79.37,79.38,79.37,79.37,6
Finam:BR,2021-09-28T07:51:00+03:00,79.36,79.36,79.36,79.36,3
Finam:BR,2021-09-28T07:52:00+03:00,79.36,79.36,79.36,79.36,9
Finam:BR,2021-09-28T07:53:00+03:00,79.36,79.36,79.35,79.35,177
Finam:BR,2021-09-28T07:54:00+03:00,79.35,79.35,79.35,79.35,12
Finam:BR,2021-09-28T07:55:00+03:00,79.35,79.35,79.34,79.34,117
Finam:BR,2021-09-28T07:56:00+03:00,79.34,79.35,79.33,79.33,37
Finam:BR,2021-09-28T07:57:00+03:00,79.34,79.34,79.34,79.34,6
Finam:BR,2021-09-28T07:59:00+03:00,79.33,79.34,79.33,79.34,86
Finam:BR,2021-09-28T08:00:00+03:00,79.33,79.33,79.33,79.33,1
Finam:BR,2021-09-28T08:01:00+03:00,79.34,79.34,79.31,79.31,42
Finam:BR,2021-09-28T08:02:00+03:00,79.30,79.30,79.29,79.30,11
Finam:BR,2021-09-28T08:03:00+03:00,79.30,79.30,79.28,79.29,29
Finam:BR,2021-09-28T08:04:00+03:00,79.28,79.29,79.28,79.29,20
Finam:BR,2021-09-28T08:05:00+03:00,79.29,79.29,79.27,79.27,106
Finam:BR,2021-09-28T08:06:00+03:00,79.27,79.27,79.27,79.27,82
Finam:BR,2021-09-28T08:07:00+03:00,79.26,79.26,79.22,79.25,162
Finam:BR,2021-09-28T08:08:00+03:00,79.25,79.27,79.25,79.27,75
Finam:BR,2021-09-28T08:09:00+03:00,79.25,79.27,79.25,79.27,7
Finam:BR,2021-09-28T08:10:00+03:00,79.27,79.27,79.26,79.26,13
Finam:BR,2021-09-28T08:11:00+03:00,79.27,79.27,79.26,79.26,11
Finam:BR,2021-09-28T08:12:00+03:00,79.25,79.25,79.24,79.24,18
Finam:BR,2021-09-28T08:13:00+03:00,79.26,79.28,79.26,79.28,17
Finam:BR,2021-09-28T08:14:00+03:00,79.28,79.29,79.28,79.29,57
Finam:BR,2021-09-28T08:15:00+03:00,79.28,79.31,79.28,79.31,91
Finam:BR,2021-09-28T08:16:00+03:00,79.30,79.32,79.28,79.32,78
Finam:BR,2021-09-28T08:17:00+03:00,79.33,79.34,79.33,79.34,8
Finam:BR,2021-09-28T08:18:00+03:00,79.33,79.33,79.33,79.33,8
Finam:BR,2021-09-28T08:19:00+03:00,79.34,79.34,79.34,79.34,4
Finam:BR,2021-09-28T08:20:00+03:00,79.33,79.33,79.31,79.31,5
Finam:BR,2021-09-28T08:21:00+03:00,79.31,79.31,79.31,79.31,3
Finam:BR,2021-09-28T08:22:00+03:00,79.32,79.34,79.32,79.34,31
Finam:BR,2021-09-28T08:23:00+03:00,79.32,79.34,79.32,79.34,7
Finam:BR,2021-09-28T08:24:00+03:00,79.32,79.33,79.32,79.32,4
Finam:BR,2021-09-28T08:25:00+03:00,79.33,79.34,79.32,79.33,14
Finam:BR,2021-09-28T08:26:00+03:00,79.34,79.34,79.34,79.34,6
Finam:BR,2021-09-28T08:27:00+03:00,79.34,79.34,79.34,79.34,8
Finam:BR,2021-09-28T08:28:00+03:00,79.34,79.34,79.33,79.33,31
Finam:BR,2021-09-28T08:29:00+03:00,79.33,79.33,79.33,79.33,2
Finam:BR,2021-09-28T08:30:00+03:00,79.33,79.37,79.33,79.36,48
Finam:BR,2021-09-28T08:31:00+03:00,79.35,79.45,79.35,79.38,215
Finam:BR,2021-09-28T08:32:00+03:00,79.39,79.43,79.39,79.43,62
Finam:BR,2021-09-28T08:33:00+03:00,79.44,79.45,79.42,79.44,40
Finam:BR,2021-09-28T08:34:00+03:00,79.44,79.53,79.44,79.51,332
Finam:BR,2021-09-28T08:35:00+03:00,79.50,79.52,79.47,79.49,89
Finam:BR,2021-09-28T08:36:00+03:00,79.49,79.50,79.47,79.47,37
Finam:BR,2021-09-28T08:37:00+03:00,79.48,79.49,79.47,79.47,35
Finam:BR,2021-09-28T08:38:00+03:00,79.48,79.49,79.47,79.47,31
Finam:BR,2021-09-28T08:39:00+03:00,79.48,79.51,79.48,79.50,38
Finam:BR,2021-09-28T08:40:00+03:00,79.50,79.53,79.49,79.51,173
Finam:BR,2021-09-28T08:41:00+03:00,79.51,79.51,79.50,79.50,16
Finam:BR,2021-09-28T08:42:00+03:00,79.51,79.51,79.45,79.47,33
Finam:BR,2021-09-28T08:43:00+03:00,79.46,79.46,79.44,79.44,34
Finam:BR,2021-09-28T08:44:00+03:00,79.44,79.44,79.40,79.41,62
Finam:BR,2021-09-28T08:45:00+03:00,79.41,79.47,79.40,79.45,164
Finam:BR,2021-09-28T08:46:00+03:00,79.46,79.46,79.46,79.46,6
Finam:BR,2021-09-28T08:47:00+03:00,79.47,79.51,79.46,79.50,34
Finam:BR,2021-09-28T08:48:00+03:00,79.51,79.52,79.49,79.49,75
Finam:BR,2021-09-28T08:49:00+03:00,79.49,79.51,79.49,79.49,41
Finam:BR,2021-09-28T08:50:00+03:00,79.49,79.51,79.49,79.50,9
Finam:BR,2021-09-28T08:51:00+03:00,79.51,79.54,79.51,79.53,92
Finam:BR,2021-09-28T08:52:00+03:00,79.53,79.54,79.51,79.52,17
Finam:BR,2021-09-28T08:53:00+03:00,79.52,79.58,79.52,79.55,219
Finam:BR,2021-09-28T08:54:00+03:00,79.56,79.58,79.52,79.53,55
Finam:BR,2021-09-28T08:55:00+03:00,79.54,79.56,79.52,79.52,25
Finam:BR,2021-09-28T08:56:00+03:00,79.53,79.54,79.52,79.53,46
Finam:BR,2021-09-28T08:57:00+03:00,79.55,79.58,79.55,79.58,39
Finam:BR,2021-09-28T08:58:00+03:00,79.58,79.62,79.58,79.61,78
Finam:BR,2021-09-28T08:59:00+03:00,79.61,79.65,79.61,79.62,89
Finam:BR,2021-09-28T09:00:00+03:00,79.61,79.62,79.56,79.59,85
Finam:BR,2021-09-28T09:01:00+03:00,79.59,79.62,79.59,79.62,18
Finam:BR,2021-09-28T09:02:00+03:00,79.64,79.65,79.64,79.64,61
Finam:BR,2021-09-28T09:03:00+03:00,79.64,79.65,79.63,79.63,80
Finam:BR,2021-09-28T09:04:00+03:00,79.64,79.65,79.62,79.64,79
Finam:BR,2021-09-28T09:05:00+03:00,79.63,79.64,79.61,79.62,46
Finam:BR,2021-09-28T09:06:00+03:00,79.62,79.63,79.61,79.62,46
Finam:BR,2021-09-28T09:07:00+03:00,79.62,79.64,79.62,79.64,40
Finam:BR,2021-09-28T09:08:00+03:00,79.64,79.65,79.63,79.65,147
Finam:BR,2021-09-28T09:09:00+03:00,79.65,79.77,79.63,79.73,489
Finam:BR,2021-09-28T09:10:00+03:00,79.72,79.79,79.70,79.78,269
Finam:BR,2021-09-28T09:11:00+03:00,79.77,79.80,79.77,79.79,219
Finam:BR,2021-09-28T09:12:00+03:00,79.78,79.79,79.71,79.73,302
Finam:BR,2021-09-28T09:13:00+03:00,79.74,79.78,79.71,79.71,265
Finam:BR,2021-09-28T09:14:00+03:00,79.71,79.80,79.71,79.79,167
Finam:BR,2021-09-28T09:15:00+03:00,79.79,79.80,79.76,79.79,180
Finam:BR,2021-09-28T09:16:00+03:00,79.80,79.80,79.76,79.77,68
Finam:BR,2021-09-28T09:17:00+03:00,79.76,79.80,79.76,79.80,180
Finam:BR,2021-09-28T09:18:00+03:00,79.81,79.81,79.77,79.80,117
Finam:BR,2021-09-28T09:19:00+03:00,79.79,79.80,79.77,79.79,100
Finam:BR,2021-09-28T09:20:00+03:00,79.78,79.87,79.78,79.87,293
Finam:BR,2021-09-28T09:21:00+03:00,79.86,79.87,79.84,79.86,157
Finam:BR,2021-09-28T09:22:00+03:00,79.85,79.86,79.84,79.84,161
Finam:BR,2021-09-28T09:23:00+03:00,79.85,79.87,79.84,79.84,161
Finam:BR,2021-09-28T09:24:00+03:00,79.84,79.84,79.82,79.82,79
Finam:BR,2021-09-28T09:25:00+03:00,79.83,79.85,79.83,79.84,67
Finam:BR,2021-09-28T09:26:00+03:00,79.85,79.88,79.83,79.88,139
Finam:BR,2021-09-28T09:27:00+03:00,79.89,79.95,79.89,79.92,576
Finam:BR,2021-09-28T09:28:00+03:00,79.93,79.95,79.89,79.89,252
Finam:BR,2021-09-28T09:29:00+03:00,79.88,79.92,79.87,79.87,226
Finam:BR,2021-09-28T09:30:00+03:00,79.87,79.87,79.83,79.84,193
Finam:BR,2021-09-28T09:31:00+03:00,79.84,79.87,79.83,79.84,184
Finam:BR,2021-09-28T09:32:00+03:00,79.83,79.92,79.82,79.90,302
Finam:BR,2021-09-28T09:33:00+03:00,79.91,79.93,79.89,79.90,58
Finam:BR,2021-09-28T09:34:00+03:00,79.88,79.91,79.87,79.91,24
Finam:BR,2021-09-28T09:35:00+03:00,79.90,79.92,79.88,79.89,28
Finam:BR,2021-09-28T09:36:00+03:00,79.89,79.89,79.87,79.88,69
Finam:BR,2021-09-28T09:37:00+03:00,79.88,79.89,79.87,79.88,73
Finam:BR,2021-09-28T09:38:00+03:00,79.86,79.86,79.82,79.83,93
Finam:BR,2021-09-28T09:39:00+03:00,79.83,79.84,79.82,79.83,124
Finam:BR,2021-09-28T09:40:00+03:00,79.83,79.84,79.82,79.83,79
Finam:BR,2021-09-28T09:41:00+03:00,79.82,79.85,79.80,79.80,201
Finam:BR,2021-09-28T09:42:00+03:00,79.79,79.84,79.78,79.83,107
Finam:BR,2021-09-28T09:43:00+03:00,79.84,79.84,79.82,79.83,73
Finam:BR,2021-09-28T09:44:00+03:00,79.84,79.84,79.80,79.82,123
Finam:BR,2021-09-28T09:45:00+03:00,79.83,79.83,79.77,79.78,95
Finam:BR,2021-09-28T09:46:00+03:00,79.78,79.82,79.78,79.81,242
Finam:BR,2021-09-28T09:47:00+03:00,79.80,79.81,79.77,79.79,159
Finam:BR,2021-09-28T09:48:00+03:00,79.79,79.79,79.75,79.77,166
Finam:BR,2021-09-28T09:49:00+03:00,79.77,79.77,79.76,79.77,57
Finam:BR,2021-09-28T09:50:00+03:00,79.77,79.78,79.77,79.77,60
Finam:BR,2021-09-28T09:51:00+03:00,79.77,79.77,79.76,79.76,104
Finam:BR,2021-09-28T09:52:00+03:00,79.76,79.79,79.76,79.76,365
Finam:BR,2021-09-28T09:53:00+03:00,79.76,79.76,79.75,79.76,114
Finam:BR,2021-09-28T09:54:00+03:00,79.77,79.81,79.77,79.80,144
Finam:BR,2021-09-28T09:55:00+03:00,79.80,79.80,79.77,79.77,112
Finam:BR,2021-09-28T09:56:00+03:00,79.77,79.77,79.71,79.72,132
Finam:BR,2021-09-28T09:57:00+03:00,79.72,79.72,79.65,79.67,150
Finam:BR,2021-09-28T09:58:00+03:00,79.67,79.71,79.67,79.71,129
Finam:BR,2021-09-28T09:59:00+03:00,79.71,79.75,79.71,79.72,105
Finam:BR,2021-09-28T10:00:00+03:00,79.72,79.72,79.65,79.69,147
Finam:BR,2021-09-28T10:01:00+03:00,79.69,79.69,79.64,79.65,81
Finam:BR,2021-09-28T10:02:00+03:00,79.64,79.64,79.61,79.64,100
Finam:BR,2021-09-28T10:03:00+03:00,79.65,79.65,79.61,79.64,57
Finam:BR,2021-09-28T10:04:00+03:00,79.63,79.63,79.60,79.60,67
Finam:BR,2021-09-28T10:05:00+03:00,79.60,79.61,79.54,79.56,296
Finam:BR,2021-09-28T10:06:00+03:00,79.57,79.58,79.55,79.58,353
Finam:BR,2021-09-28T10:07:00+03:00,79.57,79.59,79.54,79.54,99
Finam:BR,2021-09-28T10:08:00+03:00,79.55,79.55,79.53,79.55,96
Finam:BR,2021-09-28T10:09:00+03:00,79.55,79.59,79.52,79.54,383
Finam:BR,2021-09-28T10:10:00+03:00,79.53,79.55,79.51,79.54,46
Finam:BR,2021-09-28T10:11:00+03:00,79.54,79.61,79.54,79.59,162
Finam:BR,2021-09-28T10:12:00+03:00,79.59,79.60,79.56,79.57,76
Finam:BR,2021-09-28T10:13:00+03:00,79.56,79.56,79.54,79.55,132
Finam:BR,2021-09-28T10:14:00+03:00,79.55,79.56,79.50,79.53,317
Finam:BR,2021-09-28T10:15:00+03:00,79.54,79.54,79.48,79.50,210
Finam:BR,2021-09-28T10:16:00+03:00,79.51,79.58,79.51,79.56,98
Finam:BR,2021-09-28T10:17:00+03:00,79.56,79.60,79.53,79.58,169
Finam:BR,2021-09-28T10:18:00+03:00,79.57,79.57,79.52,79.53,37
Finam:BR,2021-09-28T10:19:00+03:00,79.52,79.54,79.49,79.49,77
Finam:BR,2021-09-28T10:20:00+03:00,79.48,79.49,79.46,79.49,68
Finam:BR,2021-09-28T10:21:00+03:00,79.49,79.49,79.46,79.47,42
Finam:BR,2021-09-28T10:22:00+03:00,79.46,79.46,79.43,79.46,110
Finam:BR,2021-09-28T10:23:00+03:00,79.46,79.48,79.44,79.46,60
Finam:BR,2021-09-28T10:24:00+03:00,79.47,79.48,79.46,79.48,83
Finam:BR,2021-09-28T10:25:00+03:00,79.47,79.48,79.44,79.44,47
Finam:BR,2021-09-28T10:26:00+03:00,79.43,79.44,79.39,79.42,220
Finam:BR,2021-09-28T10:27:00+03:00,79.41,79.44,79.37,79.44,124
Finam:BR,2021-09-28T10:28:00+03:00,79.43,79.43,79.38,79.39,112
Finam:BR,2021-09-28T10:29:00+03:00,79.38,79.38,79.31,79.33,73
Finam:BR,2021-09-28T10:30:00+03:00,79.33,79.37,79.28,79.37,353
Finam:BR,2021-09-28T10:31:00+03:00,79.38,79.41,79.38,79.40,190
Finam:BR,2021-09-28T10:32:00+03:00,79.39,79.39,79.38,79.39,98
Finam:BR,2021-09-28T10:33:00+03:00,79.39,79.40,79.38,79.40,314
Finam:BR,2021-09-28T10:34:00+03:00,79.39,79.46,79.38,79.45,151
Finam:BR,2021-09-28T10:35:00+03:00,79.44,79.44,79.36,79.42,89
Finam:BR,2021-09-28T10:36:00+03:00,79.41,79.41,79.38,79.38,69
Finam:BR,2021-09-28T10:37:00+03:00,79.39,79.42,79.38,79.42,126
Finam:BR,2021-09-28T10:38:00+03:00,79.40,79.42,79.39,79.41,78
Finam:BR,2021-09-28T10:39:00+03:00,79.41,79.48,79.41,79.46,216
Finam:BR,2021-09-28T10:40:00+03:00,79.47,79.48,79.41,79.42,138
Finam:BR,2021-09-28T10:41:00+03:00,79.42,79.44,79.41,79.44,288
Finam:BR,2021-09-28T10:42:00+03:00,79.43,79.45,79.41,79.41,43
Finam:BR,2021-09-28T10:43:00+03:00,79.41,79.42,79.37,79.40,119
Finam:BR,2021-09-28T10:44:00+03:00,79.40,79.41,79.34,79.35,79
Finam:BR,2021-09-28T10:45:00+03:00,79.35,79.37,79.33,79.34,150
Finam:BR,2021-09-28T10:46:00+03:00,79.35,79.36,79.34,79.35,81
Finam:BR,2021-09-28T10:47:00+03:00,79.36,79.38,79.31,79.32,104
Finam:BR,2021-09-28T10:48:00+03:00,79.31,79.32,79.29,79.30,65
Finam:BR,2021-09-28T10:49:00+03:00,79.30,79.32,79.28,79.32,231
Finam:BR,2021-09-28T10:50:00+03:00,79.30,79.30,79.27,79.29,63
Finam:BR,2021-09-28T10:51:00+03:00,79.29,79.36,79.29,79.36,223
Finam:BR,2021-09-28T10:52:00+03:00,79.35,79.41,79.35,79.40,342
Finam:BR,2021-09-28T10:53:00+03:00,79.39,79.44,79.38,79.40,227
Finam:BR,2021-09-28T10:54:00+03:00,79.39,79.41,79.38,79.40,90
Finam:BR,2021-09-28T10:55:00+03:00,79.40,79.43,79.39,79.42,52
Finam:BR,2021-09-28T10:56:00+03:00,79.42,79.44,79.38,79.43,355
Finam:BR,2021-09-28T10:57:00+03:00,79.43,79.52,79.43,79.52,142
Finam:BR,2021-09-28T10:58:00+03:00,79.51,79.51,79.44,79.45,275
Finam:BR,2021-09-28T10:59:00+03:00,79.45,79.50,79.45,79.48,195
Finam:BR,2021-09-28T11:00:00+03:00,79.48,79.51,79.46,79.50,247
Finam:BR,2021-09-28T11:01:00+03:00,79.48,79.48,79.45,79.47,41
Finam:BR,2021-09-28T11:02:00+03:00,79.47,79.50,79.46,79.48,106
Finam:BR,2021-09-28T11:03:00+03:00,79.47,79.48,79.45,79.47,55
Finam:BR,2021-09-28T11:04:00+03:00,79.48,79.51,79.48,79.48,314
Finam:BR,2021-09-28T11:05:00+03:00,79.47,79.50,79.45,79.50,150
Finam:BR,2021-09-28T11:06:00+03:00,79.50,79.52,79.50,79.51,46
Finam:BR,2021-09-28T11:07:00+03:00,79.51,79.51,79.48,79.49,93
Finam:BR,2021-09-28T11:08:00+03:00,79.49,79.51,79.48,79.50,122
Finam:BR,2021-09-28T11:09:00+03:00,79.49,79.49,79.45,79.46,131
Finam:BR,2021-09-28T11:10:00+03:00,79.45,79.46,79.38,79.40,179
Finam:BR,2021-09-28T11:11:00+03:00,79.39,79.39,79.33,79.36,526
Finam:BR,2021-09-28T11:12:00+03:00,79.34,79.42,79.34,79.40,150
Finam:BR,2021-09-28T11:13:00+03:00,79.40,79.45,79.39,79.45,68
Finam:BR,2021-09-28T11:14:00+03:00,79.46,79.47,79.43,79.45,90
Finam:BR,2021-09-28T11:15:00+03:00,79.45,79.46,79.40,79.40,84
Finam:BR,2021-09-28T11:16:00+03:00,79.40,79.43,79.38,79.39,150
Finam:BR,2021-09-28T11:17:00+03:00,79.39,79.43,79.39,79.42,76
Finam:BR,2021-09-28T11:18:00+03:00,79.42,79.42,79.39,79.42,44
Finam:BR,2021-09-28T11:19:00+03:00,79.42,79.44,79.40,79.42,68
Finam:BR,2021-09-28T11:20:00+03:00,79.43,79.45,79.39,79.40,183
Finam:BR,2021-09-28T11:21:00+03:00,79.40,79.42,79.39,79.41,80
Finam:BR,2021-09-28T11:22:00+03:00,79.42,79.52,79.42,79.49,155
Finam:BR,2021-09-28T11:23:00+03:00,79.49,79.50,79.46,79.50,102
Finam:BR,2021-09-28T11:24:00+03:00,79.49,79.50,79.45,79.48,126
Finam:BR,2021-09-28T11:25:00+03:00,79.47,79.48,79.42,79.42,127
Finam:BR,2021-09-28T11:26:00+03:00,79.43,79.44,79.39,79.39,205
Finam:BR,2021-09-28T11:27:00+03:00,79.39,79.44,79.38,79.41,263
Finam:BR,2021-09-28T11:28:00+03:00,79.41,79.41,79.32,79.33,1011
Finam:BR,2021-09-28T11:29:00+03:00,79.33,79.41,79.30,79.38,1689
Finam:BR,2021-09-28T11:30:00+03:00,79.39,79.41,79.27,79.34,1504
Finam:BR,2021-09-28T11:31:00+03:00,79.35,79.42,79.35,79.37,408
Finam:BR,2021-09-28T11:32:00+03:00,79.38,79.38,79.34,79.36,239
Finam:BR,2021-09-28T11:33:00+03:00,79.37,79.42,79.37,79.41,245
Finam:BR,2021-09-28T11:34:00+03:00,79.40,79.40,79.34,79.36,365
Finam:BR,2021-09-28T11:35:00+03:00,79.37,79.40,79.37,79.39,483
Finam:BR,2021-09-28T11:36:00+03:00,79.39,79.39,79.36,79.36,47
Finam:BR,2021-09-28T11:37:00+03:00,79.35,79.40,79.31,79.39,278
Finam:BR,2021-09-28T11:38:00+03:00,79.39,79.42,79.36,79.42,197
Finam:BR,2021-09-28T11:39:00+03:00,79.42,79.44,79.40,79.43,163
Finam:BR,2021-09-28T11:40:00+03:00,79.43,79.50,79.43,79.50,429
Finam:BR,2021-09-28T11:41:00+03:00,79.50,79.69,79.50,79.64,899
Finam:BR,2021-09-28T11:42:00+03:00,79.64,79.64,79.53,79.54,309
Finam:BR,2021-09-28T11:43:00+03:00,79.55,79.64,79.54,79.62,118
Finam:BR,2021-09-28T11:44:00+03:00,79.63,79.66,79.53,79.55,428
Finam:BR,2021-09-28T11:45:00+03:00,79.55,79.59,79.48,79.54,345
Finam:BR,2021-09-28T11:46:00+03:00,79.53,79.56,79.43,79.47,263
Finam:BR,2021-09-28T11:47:00+03:00,79.47,79.51,79.46,79.49,122
Finam:BR,2021-09-28T11:48:00+03:00,79.50,79.56,79.50,79.53,81
Finam:BR,2021-09-28T11:49:00+03:00,79.52,79.56,79.52,79.53,218
Finam:BR,2021-09-28T11:50:00+03:00,79.53,79.55,79.52,79.53,145
Finam:BR,2021-09-28T11:51:00+03:00,79.53,79.57,79.52,79.56,92
Finam:BR,2021-09-28T11:52:00+03:00,79.57,79.62,79.52,79.58,489
Finam:BR,2021-09-28T11:53:00+03:00,79.58,79.60,79.54,79.54,118
Finam:BR,2021-09-28T11:54:00+03:00,79.55,79.55,79.47,79.52,219
Finam:BR,2021-09-28T11:55:00+03:00,79.52,79.52,79.46,79.47,199
Finam:BR,2021-09-28T11:56:00+03:00,79.47,79.53,79.46,79.48,256
Finam:BR,2021-09-28T11:57:00+03:00,79.50,79.53,79.50,79.53,60
Finam:BR,2021-09-28T11:58:00+03:00,79.53,79.55,79.52,79.54,151
Finam:BR,2021-09-28T11:59:00+03:00,79.53,79.54,79.49,79.51,226
Finam:BR,2021-09-28T12:00:00+03:00,79.52,79.57,79.52,79.57,112
Finam:BR,2021-09-28T12:01:00+03:00,79.57,79.60,79.55,79.59,105
Finam:BR,2021-09-28T12:02:00+03:00,79.59,79.59,79.47,79.48,200
Finam:BR,2021-09-28T12:03:00+03:00,79.49,79.55,79.49,79.52,195
Finam:BR,2021-09-28T12:04:00+03:00,79.52,79.61,79.52,79.60,221
Finam:BR,2021-09-28T12:05:00+03:00,79.60,79.61,79.57,79.58,147
Finam:BR,2021-09-28T12:06:00+03:00,79.57,79.62,79.57,79.60,135
Finam:BR,2021-09-28T12:07:00+03:00,79.60,79.60,79.57,79.58,84
Finam:BR,2021-09-28T12:08:00+03:00,79.58,79.62,79.58,79.60,145
Finam:BR,2021-09-28T12:09:00+03:00,79.59,79.59,79.56,79.56,77
Finam:BR,2021-09-28T12:10:00+03:00,79.56,79.57,79.54,79.57,133
Finam:BR,2021-09-28T12:11:00+03:00,79.56,79.56,79.51,79.52,324
Finam:BR,2021-09-28T12:12:00+03:00,79.51,79.51,79.46,79.47,126
Finam:BR,2021-09-28T12:13:00+03:00,79.47,79.47,79.40,79.44,100
Finam:BR,2021-09-28T12:14:00+03:00,79.44,79.44,79.40,79.43,82
Finam:BR,2021-09-28T12:15:00+03:00,79.42,79.42,79.39,79.40,90
Finam:BR,2021-09-28T12:16:00+03:00,79.39,79.44,79.38,79.44,287
Finam:BR,2021-09-28T12:17:00+03:00,79.44,79.44,79.39,79.42,72
Finam:BR,2021-09-28T12:18:00+03:00,79.42,79.45,79.42,79.45,53
Finam:BR,2021-09-28T12:19:00+03:00,79.45,79.49,79.43,79.48,207
Finam:BR,2021-09-28T12:20:00+03:00,79.48,79.49,79.46,79.47,232
Finam:BR,2021-09-28T12:21:00+03:00,79.46,79.47,79.45,79.47,36
Finam:BR,2021-09-28T12:22:00+03:00,79.46,79.50,79.45,79.48,311
Finam:BR,2021-09-28T12:23:00+03:00,79.47,79.47,79.47,79.47,58
Finam:BR,2021-09-28T12:24:00+03:00,79.47,79.48,79.46,79.46,81
Finam:BR,2021-09-28T12:25:00+03:00,79.47,79.49,79.44,79.45,190
Finam:BR,2021-09-28T12:26:00+03:00,79.45,79.45,79.43,79.44,129
Finam:BR,2021-09-28T12:27:00+03:00,79.45,79.49,79.45,79.48,206
Finam:BR,2021-09-28T12:28:00+03:00,79.48,79.53,79.47,79.52,332
Finam:BR,2021-09-28T12:29:00+03:00,79.52,79.57,79.52,79.55,149
Finam:BR,2021-09-28T12:30:00+03:00,79.55,79.55,79.48,79.48,119
Finam:BR,2021-09-28T12:31:00+03:00,79.47,79.49,79.47,79.47,55
Finam:BR,2021-09-28T12:32:00+03:00,79.47,79.52,79.46,79.48,179
Finam:BR,2021-09-28T12:33:00+03:00,79.49,79.49,79.46,79.47,55
Finam:BR,2021-09-28T12:34:00+03:00,79.48,79.49,79.48,79.48,14
Finam:BR,2021-09-28T12:35:00+03:00,79.48,79.50,79.48,79.49,51
Finam:BR,2021-09-28T12:36:00+03:00,79.48,79.49,79.47,79.47,40
Finam:BR,2021-09-28T12:37:00+03:00,79.46,79.50,79.46,79.49,71
Finam:BR,2021-09-28T12:38:00+03:00,79.49,79.49,79.45,79.48,239
Finam:BR,2021-09-28T12:39:00+03:00,79.48,79.50,79.48,79.49,79
Finam:BR,2021-09-28T12:40:00+03:00,79.47,79.47,79.41,79.43,130
Finam:BR,2021-09-28T12:41:00+03:00,79.43,79.47,79.43,79.46,69
Finam:BR,2021-09-28T12:42:00+03:00,79.45,79.49,79.45,79.49,31
Finam:BR,2021-09-28T12:43:00+03:00,79.47,79.48,79.47,79.47,34
Finam:BR,2021-09-28T12:44:00+03:00,79.46,79.47,79.43,79.44,54
Finam:BR,2021-09-28T12:45:00+03:00,79.44,79.44,79.40,79.40,61
Finam:BR,2021-09-28T12:46:00+03:00,79.40,79.44,79.40,79.44,33
Finam:BR,2021-09-28T12:47:00+03:00,79.44,79.48,79.44,79.47,147
Finam:BR,2021-09-28T12:48:00+03:00,79.47,79.47,79.45,79.46,51
Finam:BR,2021-09-28T12:49:00+03:00,79.46,79.49,79.46,79.48,122
Finam:BR,2021-09-28T12:50:00+03:00,79.49,79.49,79.46,79.46,16
Finam:BR,2021-09-28T12:51:00+03:00,79.47,79.47,79.44,79.46,75
Finam:BR,2021-09-28T12:52:00+03:00,79.46,79.47,79.45,79.45,45
Finam:BR,2021-09-28T12:53:00+03:00,79.44,79.44,79.43,79.43,39
Finam:BR,2021-09-28T12:54:00+03:00,79.42,79.42,79.39,79.41,26
Finam:BR,2021-09-28T12:55:00+03:00,79.42,79.43,79.39,79.40,51
Finam:BR,2021-09-28T12:56:00+03:00,79.40,79.41,79.39,79.41,29
Finam:BR,2021-09-28T12:57:00+03:00,79.41,79.42,79.41,79.42,33
Finam:BR,2021-09-28T12:58:00+03:00,79.42,79.44,79.41,79.42,135
Finam:BR,2021-09-28T12:59:00+03:00,79.42,79.47,79.42,79.47,50
Finam:BR,2021-09-28T13:00:00+03:00,79.45,79.48,79.43,79.46,58
Finam:BR,2021-09-28T13:01:00+03:00,79.46,79.47,79.46,79.46,30
Finam:BR,2021-09-28T13:02:00+03:00,79.45,79.45,79.40,79.43,119
Finam:BR,2021-09-28T13:03:00+03:00,79.43,79.47,79.43,79.45,60
Finam:BR,2021-09-28T13:04:00+03:00,79.45,79.47,79.45,79.45,37
Finam:BR,2021-09-28T13:05:00+03:00,79.44,79.44,79.40,79.41,79
Finam:BR,2021-09-28T13:06:00+03:00,79.40,79.40,79.39,79.40,29
Finam:BR,2021-09-28T13:07:00+03:00,79.41,79.42,79.40,79.42,65
Finam:BR,2021-09-28T13:08:00+03:00,79.42,79.44,79.41,79.43,27
Finam:BR,2021-09-28T13:09:00+03:00,79.42,79.45,79.42,79.45,71
Finam:BR,2021-09-28T13:10:00+03:00,79.46,79.46,79.42,79.43,101
Finam:BR,2021-09-28T13:11:00+03:00,79.43,79.44,79.41,79.42,46
Finam:BR,2021-09-28T13:12:00+03:00,79.42,79.44,79.42,79.44,25
Finam:BR,2021-09-28T13:13:00+03:00,79.44,79.44,79.42,79.42,125
Finam:BR,2021-09-28T13:14:00+03:00,79.43,79.45,79.43,79.45,118
Finam:BR,2021-09-28T13:15:00+03:00,79.46,79.46,79.42,79.42,118
Finam:BR,2021-09-28T13:16:00+03:00,79.42,79.45,79.42,79.43,65
Finam:BR,2021-09-28T13:17:00+03:00,79.44,79.48,79.44,79.44,139
Finam:BR,2021-09-28T13:18:00+03:00,79.43,79.44,79.38,79.39,162
Finam:BR,2021-09-28T13:19:00+03:00,79.39,79.41,79.38,79.41,112
Finam:BR,2021-09-28T13:20:00+03:00,79.40,79.40,79.38,79.39,46
Finam:BR,2021-09-28T13:21:00+03:00,79.39,79.42,79.39,79.39,127
Finam:BR,2021-09-28T13:22:00+03:00,79.39,79.41,79.33,79.39,245
Finam:BR,2021-09-28T13:23:00+03:00,79.38,79.43,79.38,79.42,149
Finam:BR,2021-09-28T13:24:00+03:00,79.42,79.44,79.41,79.44,129
Finam:BR,2021-09-28T13:25:00+03:00,79.44,79.44,79.39,79.39,70
Finam:BR,2021-09-28T13:26:00+03:00,79.40,79.42,79.38,79.38,193
Finam:BR,2021-09-28T13:27:00+03:00,79.38,79.39,79.34,79.34,101
Finam:BR,2021-09-28T13:28:00+03:00,79.35,79.38,79.28,79.29,502
Finam:BR,2021-09-28T13:29:00+03:00,79.29,79.34,79.28,79.31,254
Finam:BR,2021-09-28T13:30:00+03:00,79.30,79.30,79.28,79.28,158
Finam:BR,2021-09-28T13:31:00+03:00,79.28,79.35,79.27,79.35,225
Finam:BR,2021-09-28T13:32:00+03:00,79.35,79.43,79.35,79.43,173
Finam:BR,2021-09-28T13:33:00+03:00,79.41,79.45,79.41,79.43,79
Finam:BR,2021-09-28T13:34:00+03:00,79.44,79.44,79.40,79.42,39
Finam:BR,2021-09-28T13:35:00+03:00,79.41,79.41,79.37,79.37,26
Finam:BR,2021-09-28T13:36:00+03:00,79.37,79.45,79.36,79.45,120
Finam:BR,2021-09-28T13:37:00+03:00,79.44,79.45,79.43,79.44,183
Finam:BR,2021-09-28T13:38:00+03:00,79.44,79.47,79.44,79.47,29
Finam:BR,2021-09-28T13:39:00+03:00,79.48,79.49,79.46,79.46,156
Finam:BR,2021-09-28T13:40:00+03:00,79.46,79.47,79.45,79.46,202
Finam:BR,2021-09-28T13:41:00+03:00,79.45,79.45,79.43,79.44,62
Finam:BR,2021-09-28T13:42:00+03:00,79.43,79.44,79.41,79.42,171
Finam:BR,2021-09-28T13:43:00+03:00,79.42,79.43,79.42,79.42,10
Finam:BR,2021-09-28T13:44:00+03:00,79.43,79.45,79.43,79.43,18
Finam:BR,2021-09-28T13:45:00+03:00,79.42,79.42,79.33,79.34,447
Finam:BR,2021-09-28T13:46:00+03:00,79.33,79.33,79.31,79.32,40
Finam:BR,2021-09-28T13:47:00+03:00,79.31,79.32,79.29,79.31,67
Finam:BR,2021-09-28T13:48:00+03:00,79.32,79.32,79.30,79.30,16
Finam:BR,2021-09-28T13:49:00+03:00,79.31,79.32,79.30,79.32,129
Finam:BR,2021-09-28T13:50:00+03:00,79.32,79.33,79.30,79.32,502
Finam:BR,2021-09-28T13:51:00+03:00,79.32,79.33,79.31,79.31,60
Finam:BR,2021-09-28T13:52:00+03:00,79.31,79.31,79.29,79.30,54
Finam:BR,2021-09-28T13:53:00+03:00,79.29,79.29,79.22,79.24,235
Finam:BR,2021-09-28T13:54:00+03:00,79.23,79.25,79.22,79.25,157
Finam:BR,2021-09-28T13:55:00+03:00,79.26,79.26,79.24,79.24,57
Finam:BR,2021-09-28T13:56:00+03:00,79.25,79.28,79.23,79.27,111
Finam:BR,2021-09-28T13:57:00+03:00,79.28,79.28,79.26,79.26,39
Finam:BR,2021-09-28T13:58:00+03:00,79.25,79.29,79.25,79.27,32
Finam:BR,2021-09-28T13:59:00+03:00,79.28,79.28,79.23,79.23,65
Finam:BR,2021-09-28T14:00:00+03:00,79.24,79.27,79.22,79.26,134
Finam:BR,2021-09-28T14:01:00+03:00,79.26,79.31,79.26,79.29,201
Finam:BR,2021-09-28T14:02:00+03:00,79.28,79.30,79.26,79.30,124
Finam:BR,2021-09-28T14:03:00+03:00,79.28,79.32,79.27,79.31,106
Finam:BR,2021-09-28T14:04:00+03:00,79.31,79.31,79.26,79.30,153
Finam:BR,2021-09-28T14:05:00+03:00,79.30,79.30,79.24,79.25,109
Finam:BR,2021-09-28T14:06:00+03:00,79.24,79.29,79.24,79.28,177
Finam:BR,2021-09-28T14:07:00+03:00,79.28,79.30,79.27,79.30,25
Finam:BR,2021-09-28T14:08:00+03:00,79.31,79.31,79.29,79.29,26
Finam:BR,2021-09-28T14:09:00+03:00,79.28,79.30,79.28,79.29,26
Finam:BR,2021-09-28T14:10:00+03:00,79.29,79.32,79.28,79.31,100
Finam:BR,2021-09-28T14:11:00+03:00,79.31,79.31,79.28,79.30,66
Finam:BR,2021-09-28T14:12:00+03:00,79.31,79.32,79.29,79.30,244
Finam:BR,2021-09-28T14:13:00+03:00,79.30,79.40,79.30,79.37,155
Finam:BR,2021-09-28T14:14:00+03:00,79.39,79.41,79.36,79.37,142
Finam:BR,2021-09-28T14:15:00+03:00,79.36,79.38,79.34,79.38,150
Finam:BR,2021-09-28T14:16:00+03:00,79.38,79.42,79.38,79.41,160
Finam:BR,2021-09-28T14:17:00+03:00,79.42,79.42,79.40,79.41,72
Finam:BR,2021-09-28T14:18:00+03:00,79.40,79.41,79.35,79.36,122
Finam:BR,2021-09-28T14:19:00+03:00,79.36,79.37,79.32,79.34,108
Finam:BR,2021-09-28T14:20:00+03:00,79.33,79.35,79.31,79.32,184
Finam:BR,2021-09-28T14:21:00+03:00,79.32,79.38,79.32,79.32,202
Finam:BR,2021-09-28T14:22:00+03:00,79.32,79.33,79.30,79.33,220
Finam:BR,2021-09-28T14:23:00+03:00,79.34,79.35,79.24,79.25,165
Finam:BR,2021-09-28T14:24:00+03:00,79.24,79.26,79.23,79.24,83
Finam:BR,2021-09-28T14:25:00+03:00,79.23,79.28,79.23,79.26,174
Finam:BR,2021-09-28T14:26:00+03:00,79.25,79.33,79.25,79.33,521
Finam:BR,2021-09-28T14:27:00+03:00,79.32,79.34,79.30,79.33,80
Finam:BR,2021-09-28T14:28:00+03:00,79.32,79.32,79.29,79.31,90
Finam:BR,2021-09-28T14:29:00+03:00,79.30,79.30,79.28,79.29,32
Finam:BR,2021-09-28T14:30:00+03:00,79.30,79.31,79.23,79.25,77
Finam:BR,2021-09-28T14:31:00+03:00,79.25,79.29,79.24,79.26,163
Finam:BR,2021-09-28T14:32:00+03:00,79.26,79.28,79.24,79.26,455
Finam:BR,2021-09-28T14:33:00+03:00,79.25,79.25,79.15,79.18,339
Finam:BR,2021-09-28T14:34:00+03:00,79.18,79.28,79.18,79.26,353
Finam:BR,2021-09-28T14:35:00+03:00,79.26,79.32,79.26,79.32,129
Finam:BR,2021-09-28T14:36:00+03:00,79.33,79.39,79.33,79.38,167
Finam:BR,2021-09-28T14:37:00+03:00,79.38,79.43,79.33,79.39,281
Finam:BR,2021-09-28T14:38:00+03:00,79.38,79.41,79.34,79.41,324
Finam:BR,2021-09-28T14:39:00+03:00,79.40,79.40,79.36,79.39,82
Finam:BR,2021-09-28T14:40:00+03:00,79.39,79.40,79.34,79.35,159
Finam:BR,2021-09-28T14:41:00+03:00,79.34,79.36,79.33,79.33,208
Finam:BR,2021-09-28T14:42:00+03:00,79.32,79.36,79.31,79.35,298
Finam:BR,2021-09-28T14:43:00+03:00,79.35,79.35,79.31,79.31,132
Finam:BR,2021-09-28T14:44:00+03:00,79.31,79.33,79.30,79.33,266
Finam:BR,2021-09-28T14:45:00+03:00,79.33,79.36,79.33,79.33,127
Finam:BR,2021-09-28T14:46:00+03:00,79.33,79.37,79.33,79.37,92
Finam:BR,2021-09-28T14:47:00+03:00,79.37,79.44,79.37,79.43,245
Finam:BR,2021-09-28T14:48:00+03:00,79.43,79.46,79.39,79.45,495
Finam:BR,2021-09-28T14:49:00+03:00,79.46,79.47,79.45,79.47,206
Finam:BR,2021-09-28T14:50:00+03:00,79.46,79.47,79.45,79.46,100
Finam:BR,2021-09-28T14:51:00+03:00,79.45,79.46,79.36,79.40,706
Finam:BR,2021-09-28T14:52:00+03:00,79.40,79.40,79.34,79.37,352
Finam:BR,2021-09-28T14:53:00+03:00,79.37,79.43,79.35,79.43,122
Finam:BR,2021-09-28T14:54:00+03:00,79.43,79.46,79.42,79.44,245
Finam:BR,2021-09-28T14:55:00+03:00,79.44,79.46,79.40,79.42,359
Finam:BR,2021-09-28T14:56:00+03:00,79.41,79.42,79.38,79.39,115
Finam:BR,2021-09-28T14:57:00+03:00,79.38,79.41,79.37,79.39,61
Finam:BR,2021-09-28T14:58:00+03:00,79.40,79.44,79.38,79.41,153
Finam:BR,2021-09-28T14:59:00+03:00,79.40,79.44,79.39,79.43,182
Finam:BR,2021-09-28T15:00:00+03:00,79.43,79.43,79.34,79.36,380
Finam:BR,2021-09-28T15:01:00+03:00,79.37,79.38,79.32,79.37,263
Finam:BR,2021-09-28T15:02:00+03:00,79.36,79.37,79.34,79.35,324
Finam:BR,2021-09-28T15:03:00+03:00,79.34,79.40,79.34,79.40,163
Finam:BR,2021-09-28T15:04:00+03:00,79.39,79.39,79.36,79.38,83
Finam:BR,2021-09-28T15:05:00+03:00,79.38,79.38,79.34,79.37,132
Finam:BR,2021-09-28T15:06:00+03:00,79.35,79.36,79.34,79.35,59
Finam:BR,2021-09-28T15:07:00+03:00,79.35,79.36,79.33,79.35,94
Finam:BR,2021-09-28T15:08:00+03:00,79.35,79.36,79.32,79.33,99
Finam:BR,2021-09-28T15:09:00+03:00,79.32,79.32,79.28,79.29,196
Finam:BR,2021-09-28T15:10:00+03:00,79.29,79.31,79.27,79.27,127
Finam:BR,2021-09-28T15:11:00+03:00,79.28,79.35,79.28,79.31,164
Finam:BR,2021-09-28T15:12:00+03:00,79.30,79.30,79.26,79.26,93
Finam:BR,2021-09-28T15:13:00+03:00,79.25,79.29,79.24,79.25,96
Finam:BR,2021-09-28T15:14:00+03:00,79.25,79.26,79.23,79.24,258
Finam:BR,2021-09-28T15:15:00+03:00,79.24,79.27,79.24,79.25,189
Finam:BR,2021-09-28T15:16:00+03:00,79.24,79.26,79.24,79.25,135
Finam:BR,2021-09-28T15:17:00+03:00,79.25,79.27,79.24,79.26,208
Finam:BR,2021-09-28T15:18:00+03:00,79.26,79.33,79.26,79.32,152
Finam:BR,2021-09-28T15:19:00+03:00,79.32,79.35,79.29,79.29,155
Finam:BR,2021-09-28T15:20:00+03:00,79.30,79.33,79.28,79.28,135
Finam:BR,2021-09-28T15:21:00+03:00,79.28,79.34,79.28,79.28,183
Finam:BR,2021-09-28T15:22:00+03:00,79.27,79.27,79.19,79.20,182
Finam:BR,2021-09-28T15:23:00+03:00,79.21,79.25,79.20,79.25,155
Finam:BR,2021-09-28T15:24:00+03:00,79.25,79.32,79.25,79.29,112
Finam:BR,2021-09-28T15:25:00+03:00,79.28,79.28,79.25,79.27,67
Finam:BR,2021-09-28T15:26:00+03:00,79.28,79.28,79.23,79.24,85
Finam:BR,2021-09-28T15:27:00+03:00,79.23,79.31,79.23,79.31,210
Finam:BR,2021-09-28T15:28:00+03:00,79.30,79.30,79.10,79.14,469
Finam:BR,2021-09-28T15:29:00+03:00,79.14,79.15,79.08,79.10,574
Finam:BR,2021-09-28T15:30:00+03:00,79.10,79.15,79.06,79.14,764
Finam:BR,2021-09-28T15:31:00+03:00,79.12,79.16,79.12,79.14,114
Finam:BR,2021-09-28T15:32:00+03:00,79.13,79.14,79.08,79.09,167
Finam:BR,2021-09-28T15:33:00+03:00,79.10,79.14,79.08,79.12,515
Finam:BR,2021-09-28T15:34:00+03:00,79.12,79.12,79.08,79.09,156
Finam:BR,2021-09-28T15:35:00+03:00,79.08,79.10,79.06,79.08,358
Finam:BR,2021-09-28T15:36:00+03:00,79.07,79.14,79.07,79.08,291
Finam:BR,2021-09-28T15:37:00+03:00,79.09,79.17,79.08,79.16,324
Finam:BR,2021-09-28T15:38:00+03:00,79.16,79.19,79.15,79.18,96
Finam:BR,2021-09-28T15:39:00+03:00,79.18,79.22,79.18,79.22,75
Finam:BR,2021-09-28T15:40:00+03:00,79.20,79.21,79.17,79.20,43
Finam:BR,2021-09-28T15:41:00+03:00,79.20,79.22,79.15,79.15,93
Finam:BR,2021-09-28T15:42:00+03:00,79.16,79.18,79.15,79.17,282
Finam:BR,2021-09-28T15:43:00+03:00,79.17,79.17,79.14,79.17,83
Finam:BR,2021-09-28T15:44:00+03:00,79.17,79.20,79.17,79.18,86
Finam:BR,2021-09-28T15:45:00+03:00,79.17,79.20,79.16,79.19,88
Finam:BR,2021-09-28T15:46:00+03:00,79.20,79.23,79.19,79.22,50
Finam:BR,2021-09-28T15:47:00+03:00,79.22,79.28,79.22,79.26,123
Finam:BR,2021-09-28T15:48:00+03:00,79.25,79.27,79.25,79.26,100
Finam:BR,2021-09-28T15:49:00+03:00,79.26,79.33,79.22,79.31,239
Finam:BR,2021-09-28T15:50:00+03:00,79.32,79.32,79.23,79.27,237
Finam:BR,2021-09-28T15:51:00+03:00,79.26,79.26,79.16,79.19,328
Finam:BR,2021-09-28T15:52:00+03:00,79.19,79.23,79.19,79.23,140
Finam:BR,2021-09-28T15:53:00+03:00,79.23,79.24,79.21,79.21,85
Finam:BR,2021-09-28T15:54:00+03:00,79.21,79.22,79.19,79.21,72
Finam:BR,2021-09-28T15:55:00+03:00,79.21,79.27,79.16,79.21,369
Finam:BR,2021-09-28T15:56:00+03:00,79.20,79.20,79.15,79.16,253
Finam:BR,2021-09-28T15:57:00+03:00,79.16,79.19,79.12,79.19,115
Finam:BR,2021-09-28T15:58:00+03:00,79.19,79.22,79.17,79.22,125
Finam:BR,2021-09-28T15:59:00+03:00,79.22,79.22,79.14,79.14,169
Finam:BR,2021-09-28T16:00:00+03:00,79.14,79.20,79.13,79.19,662
Finam:BR,2021-09-28T16:01:00+03:00,79.18,79.18,79.09,79.14,301
Finam:BR,2021-09-28T16:02:00+03:00,79.13,79.14,79.03,79.05,1050
Finam:BR,2021-09-28T16:03:00+03:00,79.04,79.04,78.96,78.97,913
Finam:BR,2021-09-28T16:04:00+03:00,78.97,78.99,78.92,78.96,715
Finam:BR,2021-09-28T16:05:00+03:00,78.95,79.06,78.87,79.05,842
Finam:BR,2021-09-28T16:06:00+03:00,79.06,79.13,79.05,79.08,528
Finam:BR,2021-09-28T16:07:00+03:00,79.09,79.11,79.04,79.06,371
Finam:BR,2021-09-28T16:08:00+03:00,79.05,79.06,78.97,78.99,281
Finam:BR,2021-09-28T16:09:00+03:00,78.98,79.02,78.95,78.98,165
Finam:BR,2021-09-28T16:10:00+03:00,78.98,79.02,78.94,79.02,194
Finam:BR,2021-09-28T16:11:00+03:00,79.03,79.09,79.01,79.04,554
Finam:BR,2021-09-28T16:12:00+03:00,79.04,79.15,79.04,79.12,186
Finam:BR,2021-09-28T16:13:00+03:00,79.14,79.25,79.14,79.25,389
Finam:BR,2021-09-28T16:14:00+03:00,79.24,79.31,79.21,79.24,481
Finam:BR,2021-09-28T16:15:00+03:00,79.25,79.36,79.21,79.36,515
Finam:BR,2021-09-28T16:16:00+03:00,79.36,79.38,79.32,79.36,471
Finam:BR,2021-09-28T16:17:00+03:00,79.36,79.36,79.25,79.26,460
Finam:BR,2021-09-28T16:18:00+03:00,79.26,79.35,79.22,79.35,265
Finam:BR,2021-09-28T16:19:00+03:00,79.34,79.38,79.33,79.35,419
Finam:BR,2021-09-28T16:20:00+03:00,79.33,79.44,79.33,79.41,618
Finam:BR,2021-09-28T16:21:00+03:00,79.41,79.47,79.40,79.45,790
Finam:BR,2021-09-28T16:22:00+03:00,79.45,79.50,79.41,79.47,928
Finam:BR,2021-09-28T16:23:00+03:00,79.48,79.55,79.47,79.53,1422
Finam:BR,2021-09-28T16:24:00+03:00,79.53,79.57,79.50,79.53,850
Finam:BR,2021-09-28T16:25:00+03:00,79.52,79.55,79.47,79.48,450
Finam:BR,2021-09-28T16:26:00+03:00,79.48,79.48,79.38,79.40,178
Finam:BR,2021-09-28T16:27:00+03:00,79.39,79.39,79.33,79.34,456
Finam:BR,2021-09-28T16:28:00+03:00,79.36,79.43,79.35,79.43,318
Finam:BR,2021-09-28T16:29:00+03:00,79.44,79.47,79.43,79.44,235
Finam:BR,2021-09-28T16:30:00+03:00,79.44,79.48,79.43,79.46,312
Finam:BR,2021-09-28T16:31:00+03:00,79.46,79.53,79.43,79.52,303
Finam:BR,2021-09-28T16:32:00+03:00,79.51,79.55,79.50,79.53,301
Finam:BR,2021-09-28T16:33:00+03:00,79.53,79.55,79.34,79.35,469
Finam:BR,2021-09-28T16:34:00+03:00,79.35,79.47,79.32,79.46,569
Finam:BR,2021-09-28T16:35:00+03:00,79.47,79.49,79.37,79.40,248
Finam:BR,2021-09-28T16:36:00+03:00,79.40,79.43,79.37,79.40,218
Finam:BR,2021-09-28T16:37:00+03:00,79.41,79.43,79.30,79.37,572
Finam:BR,2021-09-28T16:38:00+03:00,79.38,79.44,79.37,79.40,156
Finam:BR,2021-09-28T16:39:00+03:00,79.39,79.40,79.34,79.37,143
Finam:BR,2021-09-28T16:40:00+03:00,79.36,79.44,79.33,79.36,256
Finam:BR,2021-09-28T16:41:00+03:00,79.35,79.46,79.33,79.38,174
Finam:BR,2021-09-28T16:42:00+03:00,79.39,79.44,79.39,79.43,120
Finam:BR,2021-09-28T16:43:00+03:00,79.44,79.54,79.44,79.50,162
Finam:BR,2021-09-28T16:44:00+03:00,79.50,79.52,79.42,79.43,388
Finam:BR,2021-09-28T16:45:00+03:00,79.42,79.54,79.41,79.47,364
Finam:BR,2021-09-28T16:46:00+03:00,79.49,79.49,79.34,79.36,528
Finam:BR,2021-09-28T16:47:00+03:00,79.35,79.35,79.28,79.32,275
Finam:BR,2021-09-28T16:48:00+03:00,79.31,79.34,79.27,79.33,171
Finam:BR,2021-09-28T16:49:00+03:00,79.32,79.33,79.21,79.23,393
Finam:BR,2021-09-28T16:50:00+03:00,79.22,79.23,79.04,79.05,1579
Finam:BR,2021-09-28T16:51:00+03:00,79.06,79.07,78.95,78.95,979
Finam:BR,2021-09-28T16:52:00+03:00,78.96,79.04,78.92,78.93,677
Finam:BR,2021-09-28T16:53:00+03:00,78.92,78.96,78.84,78.85,945
Finam:BR,2021-09-28T16:54:00+03:00,78.85,78.87,78.64,78.70,2524
Finam:BR,2021-09-28T16:55:00+03:00,78.70,78.83,78.70,78.77,1427
Finam:BR,2021-09-28T16:56:00+03:00,78.78,78.92,78.75,78.90,785
Finam:BR,2021-09-28T16:57:00+03:00,78.90,78.93,78.85,78.89,996
Finam:BR,2021-09-28T16:58:00+03:00,78.89,78.91,78.84,78.90,807
Finam:BR,2021-09-28T16:59:00+03:00,78.90,78.96,78.87,78.96,317
Finam:BR,2021-09-28T17:00:00+03:00,78.95,78.95,78.84,78.87,356
Finam:BR,2021-09-28T17:01:00+03:00,78.85,78.86,78.71,78.73,379
Finam:BR,2021-09-28T17:02:00+03:00,78.72,78.75,78.65,78.68,641
Finam:BR,2021-09-28T17:03:00+03:00,78.70,78.85,78.69,78.82,877
Finam:BR,2021-09-28T17:04:00+03:00,78.83,78.91,78.82,78.86,299
Finam:BR,2021-09-28T17:05:00+03:00,78.86,79.00,78.82,79.00,532
Finam:BR,2021-09-28T17:06:00+03:00,79.01,79.01,78.89,78.92,392
Finam:BR,2021-09-28T17:07:00+03:00,78.92,78.98,78.81,78.82,519
Finam:BR,2021-09-28T17:08:00+03:00,78.83,78.84,78.71,78.73,322
Finam:BR,2021-09-28T17:09:00+03:00,78.72,78.76,78.69,78.72,505
Finam:BR,2021-09-28T17:10:00+03:00,78.74,78.87,78.72,78.85,270
Finam:BR,2021-09-28T17:11:00+03:00,78.85,78.94,78.82,78.92,472
Finam:BR,2021-09-28T17:12:00+03:00,78.93,78.97,78.87,78.92,338
Finam:BR,2021-09-28T17:13:00+03:00,78.92,78.98,78.87,78.95,234
Finam:BR,2021-09-28T17:14:00+03:00,78.94,78.94,78.87,78.89,133
Finam:BR,2021-09-28T17:15:00+03:00,78.89,78.91,78.79,78.80,243
Finam:BR,2021-09-28T17:16:00+03:00,78.80,78.84,78.78,78.78,213
Finam:BR,2021-09-28T17:17:00+03:00,78.78,78.81,78.72,78.72,308
Finam:BR,2021-09-28T17:18:00+03:00,78.73,78.77,78.70,78.74,713
Finam:BR,2021-09-28T17:19:00+03:00,78.74,78.79,78.72,78.77,275
Finam:BR,2021-09-28T17:20:00+03:00,78.77,78.77,78.67,78.69,680
Finam:BR,2021-09-28T17:21:00+03:00,78.69,78.70,78.60,78.62,822
Finam:BR,2021-09-28T17:22:00+03:00,78.62,78.67,78.56,78.56,565
Finam:BR,2021-09-28T17:23:00+03:00,78.56,78.62,78.55,78.57,1007
Finam:BR,2021-09-28T17:24:00+03:00,78.58,78.69,78.56,78.66,939
Finam:BR,2021-09-28T17:25:00+03:00,78.64,78.69,78.60,78.61,669
Finam:BR,2021-09-28T17:26:00+03:00,78.60,78.61,78.53,78.58,332
Finam:BR,2021-09-28T17:27:00+03:00,78.58,78.58,78.50,78.56,831
Finam:BR,2021-09-28T17:28:00+03:00,78.56,78.62,78.54,78.60,695
Finam:BR,2021-09-28T17:29:00+03:00,78.60,78.60,78.48,78.51,463
Finam:BR,2021-09-28T17:30:00+03:00,78.52,78.56,78.48,78.53,781
Finam:BR,2021-09-28T17:31:00+03:00,78.54,78.68,78.54,78.67,515
Finam:BR,2021-09-28T17:32:00+03:00,78.67,78.68,78.57,78.57,363
Finam:BR,2021-09-28T17:33:00+03:00,78.58,78.58,78.34,78.37,1404
Finam:BR,2021-09-28T17:34:00+03:00,78.38,78.47,78.37,78.43,618
Finam:BR,2021-09-28T17:35:00+03:00,78.43,78.53,78.41,78.44,598
Finam:BR,2021-09-28T17:36:00+03:00,78.45,78.53,78.45,78.47,482
Finam:BR,2021-09-28T17:37:00+03:00,78.46,78.46,78.36,78.42,414
Finam:BR,2021-09-28T17:38:00+03:00,78.41,78.47,78.36,78.43,623
Finam:BR,2021-09-28T17:39:00+03:00,78.43,78.52,78.43,78.50,508
Finam:BR,2021-09-28T17:40:00+03:00,78.50,78.57,78.46,78.54,456
Finam:BR,2021-09-28T17:41:00+03:00,78.54,78.54,78.45,78.45,227
Finam:BR,2021-09-28T17:42:00+03:00,78.46,78.55,78.46,78.51,691
Finam:BR,2021-09-28T17:43:00+03:00,78.51,78.53,78.46,78.48,328
Finam:BR,2021-09-28T17:44:00+03:00,78.48,78.48,78.40,78.45,228
Finam:BR,2021-09-28T17:45:00+03:00,78.45,78.45,78.40,78.44,313
Finam:BR,2021-09-28T17:46:00+03:00,78.43,78.52,78.39,78.49,558
Finam:BR,2021-09-28T17:47:00+03:00,78.48,78.55,78.48,78.49,428
Finam:BR,2021-09-28T17:48:00+03:00,78.48,78.53,78.46,78.47,290
Finam:BR,2021-09-28T17:49:00+03:00,78.47,78.49,78.45,78.45,222
Finam:BR,2021-09-28T17:50:00+03:00,78.43,78.43,78.29,78.31,825
Finam:BR,2021-09-28T17:51:00+03:00,78.32,78.44,78.31,78.39,584
Finam:BR,2021-09-28T17:52:00+03:00,78.38,78.45,78.35,78.42,359
Finam:BR,2021-09-28T17:53:00+03:00,78.43,78.43,78.35,78.36,214
Finam:BR,2021-09-28T17:54:00+03:00,78.37,78.39,78.34,78.35,222
Finam:BR,2021-09-28T17:55:00+03:00,78.33,78.40,78.32,78.38,276
Finam:BR,2021-09-28T17:56:00+03:00,78.38,78.39,78.32,78.34,151
Finam:BR,2021-09-28T17:57:00+03:00,78.34,78.40,78.31,78.34,197
Finam:BR,2021-09-28T17:58:00+03:00,78.33,78.37,78.30,78.34,460
Finam:BR,2021-09-28T17:59:00+03:00,78.34,78.34,78.25,78.32,787
Finam:BR,2021-09-28T18:00:00+03:00,78.31,78.38,78.25,78.27,561
Finam:BR,2021-09-28T18:01:00+03:00,78.26,78.29,78.19,78.25,1195
Finam:BR,2021-09-28T18:02:00+03:00,78.24,78.26,78.21,78.22,211
Finam:BR,2021-09-28T18:03:00+03:00,78.23,78.28,78.23,78.23,389
Finam:BR,2021-09-28T18:04:00+03:00,78.23,78.25,78.08,78.09,1261
Finam:BR,2021-09-28T18:05:00+03:00,78.09,78.16,78.08,78.16,496
Finam:BR,2021-09-28T18:06:00+03:00,78.17,78.24,78.13,78.14,592
Finam:BR,2021-09-28T18:07:00+03:00,78.14,78.18,78.12,78.14,278
Finam:BR,2021-09-28T18:08:00+03:00,78.16,78.16,78.06,78.10,346
Finam:BR,2021-09-28T18:09:00+03:00,78.09,78.11,78.06,78.08,242
Finam:BR,2021-09-28T18:10:00+03:00,78.08,78.10,77.93,77.94,1439
Finam:BR,2021-09-28T18:11:00+03:00,77.94,77.97,77.88,77.92,1212
Finam:BR,2021-09-28T18:12:00+03:00,77.92,77.93,77.81,77.85,1005
Finam:BR,2021-09-28T18:13:00+03:00,77.84,77.86,77.73,77.75,1441
Finam:BR,2021-09-28T18:14:00+03:00,77.74,77.78,77.65,77.65,1065
Finam:BR,2021-09-28T18:15:00+03:00,77.65,77.74,77.62,77.71,948
Finam:BR,2021-09-28T18:16:00+03:00,77.72,77.75,77.63,77.64,563
Finam:BR,2021-09-28T18:17:00+03:00,77.64,77.69,77.63,77.68,435
Finam:BR,2021-09-28T18:18:00+03:00,77.67,77.84,77.67,77.82,646
Finam:BR,2021-09-28T18:19:00+03:00,77.82,78.04,77.82,78.01,1671
Finam:BR,2021-09-28T18:20:00+03:00,78.01,78.14,78.00,78.12,1190
Finam:BR,2021-09-28T18:21:00+03:00,78.12,78.29,78.10,78.24,1767
Finam:BR,2021-09-28T18:22:00+03:00,78.24,78.31,78.23,78.26,989
Finam:BR,2021-09-28T18:23:00+03:00,78.26,78.37,78.26,78.35,688
Finam:BR,2021-09-28T18:24:00+03:00,78.35,78.36,78.26,78.35,488
Finam:BR,2021-09-28T18:25:00+03:00,78.35,78.44,78.35,78.42,710
Finam:BR,2021-09-28T18:26:00+03:00,78.42,78.49,78.35,78.39,867
Finam:BR,2021-09-28T18:27:00+03:00,78.39,78.40,78.35,78.38,383
Finam:BR,2021-09-28T18:28:00+03:00,78.36,78.39,78.30,78.30,453
Finam:BR,2021-09-28T18:29:00+03:00,78.30,78.35,78.29,78.31,1278
Finam:BR,2021-09-28T18:30:00+03:00,78.31,78.32,78.12,78.18,1353
Finam:BR,2021-09-28T18:31:00+03:00,78.18,78.18,78.05,78.09,536
Finam:BR,2021-09-28T18:32:00+03:00,78.09,78.09,78.02,78.06,431
Finam:BR,2021-09-28T18:33:00+03:00,78.06,78.13,78.03,78.10,337
Finam:BR,2021-09-28T18:34:00+03:00,78.10,78.26,78.08,78.22,571
Finam:BR,2021-09-28T18:35:00+03:00,78.24,78.32,78.24,78.30,813
Finam:BR,2021-09-28T18:36:00+03:00,78.30,78.30,78.14,78.14,318
Finam:BR,2021-09-28T18:37:00+03:00,78.14,78.15,78.02,78.05,636
Finam:BR,2021-09-28T18:38:00+03:00,78.05,78.05,77.97,77.97,341
Finam:BR,2021-09-28T18:39:00+03:00,77.97,78.03,77.84,78.01,567
Finam:BR,2021-09-28T18:40:00+03:00,78.02,78.05,77.98,77.98,311
Finam:BR,2021-09-28T18:41:00+03:00,77.98,78.06,77.94,78.04,181
Finam:BR,2021-09-28T18:42:00+03:00,78.05,78.09,77.99,78.01,152
Finam:BR,2021-09-28T18:43:00+03:00,78.01,78.01,77.93,77.94,265
Finam:BR,2021-09-28T18:44:00+03:00,77.93,78.01,77.93,77.98,310
Finam:BR,2021-09-28T18:45:00+03:00,77.99,78.03,77.94,77.96,152
Finam:BR,2021-09-28T18:46:00+03:00,77.95,77.96,77.91,77.91,178
Finam:BR,2021-09-28T18:47:00+03:00,77.91,78.00,77.91,78.00,126
Finam:BR,2021-09-28T18:48:00+03:00,78.00,78.10,77.98,78.10,160
Finam:BR,2021-09-28T18:49:00+03:00,78.09,78.11,78.06,78.07,217
Finam:BR,2021-09-28T18:50:00+03:00,78.06,78.09,78.01,78.02,229
Finam:BR,2021-09-28T18:51:00+03:00,78.03,78.05,77.94,78.04,304
Finam:BR,2021-09-28T18:52:00+03:00,78.03,78.04,77.99,77.99,385
Finam:BR,2021-09-28T18:53:00+03:00,77.99,78.02,77.95,77.98,290
Finam:BR,2021-09-28T18:54:00+03:00,77.98,78.03,77.97,77.98,141
Finam:BR,2021-09-28T18:55:00+03:00,78.00,78.02,77.95,77.96,135
Finam:BR,2021-09-28T18:56:00+03:00,77.96,77.96,77.89,77.89,91
Finam:BR,2021-09-28T18:57:00+03:00,77.90,77.90,77.82,77.83,257
Finam:BR,2021-09-28T18:58:00+03:00,77.82,77.94,77.82,77.94,285
Finam:BR,2021-09-28T18:59:00+03:00,77.93,77.94,77.84,77.89,133
Finam:BR,2021-09-28T19:00:00+03:00,77.88,77.88,77.84,77.88,187
Finam:BR,2021-09-28T19:01:00+03:00,77.88,77.91,77.85,77.85,274
Finam:BR,2021-09-28T19:02:00+03:00,77.85,77.98,77.85,77.93,153
Finam:BR,2021-09-28T19:03:00+03:00,77.93,78.03,77.91,78.03,184
Finam:BR,2021-09-28T19:04:00+03:00,78.02,78.05,77.96,78.02,533
Finam:BR,2021-09-28T19:05:00+03:00,78.02,78.04,77.97,77.99,145
Finam:BR,2021-09-28T19:06:00+03:00,77.99,78.01,77.91,77.95,72
Finam:BR,2021-09-28T19:07:00+03:00,77.94,77.99,77.94,77.97,113
Finam:BR,2021-09-28T19:08:00+03:00,77.96,77.96,77.87,77.88,163
Finam:BR,2021-09-28T19:09:00+03:00,77.88,77.93,77.86,77.93,136
Finam:BR,2021-09-28T19:10:00+03:00,77.94,78.00,77.92,77.99,106
Finam:BR,2021-09-28T19:11:00+03:00,77.99,78.08,77.99,78.07,215
Finam:BR,2021-09-28T19:12:00+03:00,78.09,78.11,78.06,78.10,265
Finam:BR,2021-09-28T19:13:00+03:00,78.10,78.14,78.10,78.14,235
Finam:BR,2021-09-28T19:14:00+03:00,78.14,78.15,78.11,78.11,167
Finam:BR,2021-09-28T19:15:00+03:00,78.12,78.17,78.11,78.16,363
Finam:BR,2021-09-28T19:16:00+03:00,78.15,78.18,78.13,78.17,194
Finam:BR,2021-09-28T19:17:00+03:00,78.18,78.22,78.16,78.20,130
Finam:BR,2021-09-28T19:18:00+03:00,78.20,78.22,78.19,78.20,309
Finam:BR,2021-09-28T19:19:00+03:00,78.20,78.22,78.14,78.16,303
Finam:BR,2021-09-28T19:20:00+03:00,78.17,78.20,78.14,78.20,150
Finam:BR,2021-09-28T19:21:00+03:00,78.19,78.19,78.14,78.15,106
Finam:BR,2021-09-28T19:22:00+03:00,78.15,78.16,78.13,78.14,121
Finam:BR,2021-09-28T19:23:00+03:00,78.14,78.14,78.10,78.10,81
Finam:BR,2021-09-28T19:24:00+03:00,78.11,78.11,78.07,78.08,97
Finam:BR,2021-09-28T19:25:00+03:00,78.07,78.14,78.06,78.14,121
Finam:BR,2021-09-28T19:26:00+03:00,78.15,78.21,78.15,78.20,83
Finam:BR,2021-09-28T19:27:00+03:00,78.19,78.20,78.16,78.17,40
Finam:BR,2021-09-28T19:28:00+03:00,78.18,78.19,78.11,78.14,184
Finam:BR,2021-09-28T19:29:00+03:00,78.14,78.14,78.09,78.11,60
Finam:BR,2021-09-28T19:30:00+03:00,78.11,78.12,78.05,78.05,92
Finam:BR,2021-09-28T19:31:00+03:00,78.05,78.05,77.97,78.00,212
Finam:BR,2021-09-28T19:32:00+03:00,78.00,78.04,78.00,78.04,32
Finam:BR,2021-09-28T19:33:00+03:00,78.05,78.08,78.02,78.07,186
Finam:BR,2021-09-28T19:34:00+03:00,78.08,78.09,78.05,78.06,114
Finam:BR,2021-09-28T19:35:00+03:00,78.06,78.08,78.04,78.08,28
Finam:BR,2021-09-28T19:36:00+03:00,78.08,78.08,78.04,78.04,46
Finam:BR,2021-09-28T19:37:00+03:00,78.04,78.06,78.03,78.04,136
Finam:BR,2021-09-28T19:38:00+03:00,78.04,78.07,78.03,78.07,141
Finam:BR,2021-09-28T19:39:00+03:00,78.08,78.08,78.04,78.04,15
Finam:BR,2021-09-28T19:40:00+03:00,78.03,78.03,77.94,77.95,132
Finam:BR,2021-09-28T19:41:00+03:00,77.94,77.96,77.92,77.95,147
Finam:BR,2021-09-28T19:42:00+03:00,77.95,77.97,77.92,77.93,119
Finam:BR,2021-09-28T19:43:00+03:00,77.92,77.93,77.90,77.92,172
Finam:BR,2021-09-28T19:44:00+03:00,77.92,77.95,77.92,77.94,135
Finam:BR,2021-09-28T19:45:00+03:00,77.94,77.94,77.88,77.90,111
Finam:BR,2021-09-28T19:46:00+03:00,77.90,77.95,77.89,77.93,155
Finam:BR,2021-09-28T19:47:00+03:00,77.92,77.92,77.90,77.92,305
Finam:BR,2021-09-28T19:48:00+03:00,77.92,77.93,77.86,77.89,209
Finam:BR,2021-09-28T19:49:00+03:00,77.88,77.91,77.86,77.90,403
Finam:BR,2021-09-28T19:50:00+03:00,77.89,77.99,77.89,77.98,278
Finam:BR,2021-09-28T19:51:00+03:00,77.98,78.00,77.96,77.99,127
Finam:BR,2021-09-28T19:52:00+03:00,78.00,78.02,77.98,78.01,203
Finam:BR,2021-09-28T19:53:00+03:00,78.00,78.01,77.98,77.99,19
Finam:BR,2021-09-28T19:54:00+03:00,77.99,78.03,77.98,78.01,89
Finam:BR,2021-09-28T19:55:00+03:00,78.01,78.04,78.01,78.03,72
Finam:BR,2021-09-28T19:56:00+03:00,78.05,78.07,78.02,78.04,161
Finam:BR,2021-09-28T19:57:00+03:00,78.02,78.02,77.91,77.91,322
Finam:BR,2021-09-28T19:58:00+03:00,77.90,77.92,77.88,77.89,112
Finam:BR,2021-09-28T19:59:00+03:00,77.89,77.99,77.88,77.97,227
Finam:BR,2021-09-28T20:00:00+03:00,77.97,78.05,77.97,77.98,371
Finam:BR,2021-09-28T20:01:00+03:00,77.98,78.00,77.97,77.98,163
Finam:BR,2021-09-28T20:02:00+03:00,77.98,77.98,77.94,77.94,178
Finam:BR,2021-09-28T20:03:00+03:00,77.95,78.00,77.95,77.98,226
Finam:BR,2021-09-28T20:04:00+03:00,77.99,78.03,77.97,78.03,105
Finam:BR,2021-09-28T20:05:00+03:00,78.03,78.03,77.97,77.97,120
Finam:BR,2021-09-28T20:06:00+03:00,77.98,78.12,77.98,78.11,395
Finam:BR,2021-09-28T20:07:00+03:00,78.10,78.12,78.09,78.10,156
Finam:BR,2021-09-28T20:08:00+03:00,78.09,78.16,78.09,78.16,221
Finam:BR,2021-09-28T20:09:00+03:00,78.15,78.21,78.15,78.19,461
Finam:BR,2021-09-28T20:10:00+03:00,78.19,78.23,78.14,78.21,346
Finam:BR,2021-09-28T20:11:00+03:00,78.20,78.20,78.18,78.18,32
Finam:BR,2021-09-28T20:12:00+03:00,78.15,78.16,78.11,78.11,12
Finam:BR,2021-09-28T20:13:00+03:00,78.13,78.14,78.12,78.13,33
Finam:BR,2021-09-28T20:14:00+03:00,78.13,78.13,78.10,78.12,193
Finam:BR,2021-09-28T20:15:00+03:00,78.12,78.21,78.12,78.17,260
Finam:BR,2021-09-28T20:16:00+03:00,78.17,78.22,78.17,78.18,152
Finam:BR,2021-09-28T20:17:00+03:00,78.19,78.21,78.19,78.21,80
Finam:BR,2021-09-28T20:18:00+03:00,78.22,78.28,78.22,78.27,311
Finam:BR,2021-09-28T20:19:00+03:00,78.26,78.26,78.24,78.25,64
Finam:BR,2021-09-28T20:20:00+03:00,78.30,78.30,78.29,78.29,11
Finam:BR,2021-09-28T20:21:00+03:00,78.30,78.34,78.30,78.33,120
Finam:BR,2021-09-28T20:22:00+03:00,78.32,78.36,78.31,78.34,330
Finam:BR,2021-09-28T20:23:00+03:00,78.35,78.35,78.31,78.33,189
Finam:BR,2021-09-28T20:24:00+03:00,78.34,78.35,78.30,78.33,176
Finam:BR,2021-09-28T20:25:00+03:00,78.34,78.37,78.33,78.34,97
Finam:BR,2021-09-28T20:26:00+03:00,78.34,78.34,78.31,78.33,122
Finam:BR,2021-09-28T20:27:00+03:00,78.33,78.33,78.30,78.33,135
Finam:BR,2021-09-28T20:28:00+03:00,78.34,78.36,78.31,78.34,160
Finam:BR,2021-09-28T20:29:00+03:00,78.34,78.35,78.34,78.35,20
Finam:BR,2021-09-28T20:30:00+03:00,78.36,78.36,78.24,78.24,195
Finam:BR,2021-09-28T20:31:00+03:00,78.24,78.29,78.24,78.27,80
Finam:BR,2021-09-28T20:32:00+03:00,78.25,78.26,78.23,78.25,56
Finam:BR,2021-09-28T20:33:00+03:00,78.25,78.25,78.19,78.21,167
Finam:BR,2021-09-28T20:34:00+03:00,78.21,78.23,78.20,78.23,22
Finam:BR,2021-09-28T20:35:00+03:00,78.24,78.25,78.22,78.23,211
Finam:BR,2021-09-28T20:36:00+03:00,78.24,78.30,78.24,78.29,117
Finam:BR,2021-09-28T20:37:00+03:00,78.29,78.34,78.28,78.34,187
Finam:BR,2021-09-28T20:38:00+03:00,78.35,78.35,78.32,78.35,96
Finam:BR,2021-09-28T20:39:00+03:00,78.35,78.37,78.33,78.34,63
Finam:BR,2021-09-28T20:40:00+03:00,78.33,78.34,78.31,78.33,81
Finam:BR,2021-09-28T20:41:00+03:00,78.34,78.37,78.33,78.33,51
Finam:BR,2021-09-28T20:42:00+03:00,78.34,78.35,78.30,78.32,52
Finam:BR,2021-09-28T20:43:00+03:00,78.31,78.34,78.31,78.33,74
Finam:BR,2021-09-28T20:44:00+03:00,78.33,78.33,78.31,78.32,15
Finam:BR,2021-09-28T20:45:00+03:00,78.32,78.36,78.32,78.35,215
Finam:BR,2021-09-28T20:46:00+03:00,78.35,78.35,78.32,78.32,38
Finam:BR,2021-09-28T20:47:00+03:00,78.31,78.33,78.30,78.32,28
Finam:BR,2021-09-28T20:48:00+03:00,78.30,78.30,78.27,78.28,92
Finam:BR,2021-09-28T20:49:00+03:00,78.28,78.30,78.27,78.30,21
Finam:BR,2021-09-28T20:50:00+03:00,78.31,78.34,78.31,78.34,77
Finam:BR,2021-09-28T20:51:00+03:00,78.35,78.36,78.30,78.32,46
Finam:BR,2021-09-28T20:52:00+03:00,78.32,78.33,78.31,78.31,31
Finam:BR,2021-09-28T20:53:00+03:00,78.32,78.32,78.28,78.28,75
Finam:BR,2021-09-28T20:54:00+03:00,78.29,78.29,78.24,78.27,182
Finam:BR,2021-09-28T20:55:00+03:00,78.27,78.28,78.25,78.25,27
Finam:BR,2021-09-28T20:56:00+03:00,78.27,78.32,78.26,78.32,132
Finam:BR,2021-09-28T20:57:00+03:00,78.32,78.34,78.31,78.32,74
Finam:BR,2021-09-28T20:58:00+03:00,78.33,78.35,78.32,78.34,208
Finam:BR,2021-09-28T20:59:00+03:00,78.35,78.36,78.31,78.32,188
Finam:BR,2021-09-28T21:00:00+03:00,78.33,78.38,78.32,78.38,242
Finam:BR,2021-09-28T21:01:00+03:00,78.37,78.37,78.29,78.29,287
Finam:BR,2021-09-28T21:02:00+03:00,78.28,78.31,78.21,78.22,308
Finam:BR,2021-09-28T21:03:00+03:00,78.23,78.24,78.18,78.18,75
Finam:BR,2021-09-28T21:04:00+03:00,78.19,78.21,78.17,78.21,189
Finam:BR,2021-09-28T21:05:00+03:00,78.21,78.22,78.17,78.19,100
Finam:BR,2021-09-28T21:06:00+03:00,78.20,78.21,78.16,78.20,163
Finam:BR,2021-09-28T21:07:00+03:00,78.19,78.19,78.12,78.12,165
Finam:BR,2021-09-28T21:08:00+03:00,78.12,78.14,78.08,78.09,200
Finam:BR,2021-09-28T21:09:00+03:00,78.09,78.12,78.08,78.10,247
Finam:BR,2021-09-28T21:10:00+03:00,78.10,78.10,78.01,78.03,456
Finam:BR,2021-09-28T21:11:00+03:00,78.03,78.04,78.00,78.00,235
Finam:BR,2021-09-28T21:12:00+03:00,78.00,78.00,77.94,77.95,889
Finam:BR,2021-09-28T21:13:00+03:00,77.95,77.98,77.93,77.95,273
Finam:BR,2021-09-28T21:14:00+03:00,77.96,77.96,77.93,77.93,103
Finam:BR,2021-09-28T21:15:00+03:00,77.94,78.03,77.94,78.03,248
Finam:BR,2021-09-28T21:16:00+03:00,78.04,78.18,78.04,78.16,529
Finam:BR,2021-09-28T21:17:00+03:00,78.16,78.22,78.14,78.21,283
Finam:BR,2021-09-28T21:18:00+03:00,78.21,78.22,78.16,78.18,169
Finam:BR,2021-09-28T21:19:00+03:00,78.18,78.24,78.17,78.19,273
Finam:BR,2021-09-28T21:20:00+03:00,78.20,78.34,78.20,78.33,837
Finam:BR,2021-09-28T21:21:00+03:00,78.34,78.39,78.33,78.34,665
Finam:BR,2021-09-28T21:22:00+03:00,78.33,78.35,78.30,78.31,379
Finam:BR,2021-09-28T21:23:00+03:00,78.31,78.33,78.23,78.23,432
Finam:BR,2021-09-28T21:24:00+03:00,78.23,78.33,78.22,78.32,322
Finam:BR,2021-09-28T21:25:00+03:00,78.32,78.37,78.30,78.36,333
Finam:BR,2021-09-28T21:26:00+03:00,78.35,78.35,78.17,78.23,965
Finam:BR,2021-09-28T21:27:00+03:00,78.22,78.44,78.19,78.41,990
Finam:BR,2021-09-28T21:28:00+03:00,78.41,78.41,78.30,78.35,1553
Finam:BR,2021-09-28T21:29:00+03:00,78.35,78.38,78.30,78.31,1393
Finam:BR,2021-09-28T21:30:00+03:00,78.31,78.31,78.15,78.16,481
Finam:BR,2021-09-28T21:31:00+03:00,78.16,78.17,78.12,78.12,235
Finam:BR,2021-09-28T21:32:00+03:00,78.12,78.12,78.09,78.12,200
Finam:BR,2021-09-28T21:33:00+03:00,78.11,78.15,78.10,78.11,87
Finam:BR,2021-09-28T21:34:00+03:00,78.11,78.13,78.06,78.11,141
Finam:BR,2021-09-28T21:35:00+03:00,78.10,78.11,78.07,78.07,52
Finam:BR,2021-09-28T21:36:00+03:00,78.08,78.35,78.03,78.06,462
Finam:BR,2021-09-28T21:37:00+03:00,78.05,78.07,78.04,78.05,394
Finam:BR,2021-09-28T21:38:00+03:00,78.04,78.15,78.04,78.13,275
Finam:BR,2021-09-28T21:39:00+03:00,78.12,78.13,78.11,78.11,54
Finam:BR,2021-09-28T21:40:00+03:00,78.11,78.14,78.09,78.09,146
Finam:BR,2021-09-28T21:41:00+03:00,78.09,78.09,78.08,78.08,15
Finam:BR,2021-09-28T21:42:00+03:00,78.09,78.10,78.07,78.10,66
Finam:BR,2021-09-28T21:43:00+03:00,78.09,78.10,78.09,78.09,30
Finam:BR,2021-09-28T21:44:00+03:00,78.08,78.09,78.06,78.09,29
Finam:BR,2021-09-28T21:45:00+03:00,78.08,78.08,78.04,78.05,280
Finam:BR,2021-09-28T21:46:00+03:00,78.05,78.05,78.00,78.01,175
Finam:BR,2021-09-28T21:47:00+03:00,78.02,78.03,77.98,78.01,215
Finam:BR,2021-09-28T21:48:00+03:00,78.01,78.03,77.99,78.03,109
Finam:BR,2021-09-28T21:49:00+03:00,78.03,78.10,78.03,78.10,607
Finam:BR,2021-09-28T21:50:00+03:00,78.09,78.13,78.09,78.13,89
Finam:BR,2021-09-28T21:51:00+03:00,78.14,78.14,78.08,78.09,64
Finam:BR,2021-09-28T21:52:00+03:00,78.09,78.09,78.05,78.06,46
Finam:BR,2021-09-28T21:53:00+03:00,78.06,78.07,78.05,78.06,24
Finam:BR,2021-09-28T21:54:00+03:00,78.05,78.05,78.04,78.04,9
Finam:BR,2021-09-28T21:55:00+03:00,78.03,78.08,78.03,78.07,136
Finam:BR,2021-09-28T21:56:00+03:00,78.08,78.08,78.05,78.06,32
Finam:BR,2021-09-28T21:57:00+03:00,78.06,78.08,78.06,78.08,26
Finam:BR,2021-09-28T21:58:00+03:00,78.08,78.08,78.03,78.03,67
Finam:BR,2021-09-28T21:59:00+03:00,78.04,78.06,78.04,78.04,23
Finam:BR,2021-09-28T22:00:00+03:00,78.04,78.07,78.04,78.07,31
Finam:BR,2021-09-28T22:01:00+03:00,78.08,78.09,78.06,78.07,52
Finam:BR,2021-09-28T22:02:00+03:00,78.06,78.06,78.05,78.06,68
Finam:BR,2021-09-28T22:03:00+03:00,78.06,78.07,78.06,78.07,29
Finam:BR,2021-09-28T22:04:00+03:00,78.06,78.07,78.06,78.07,25
Finam:BR,2021-09-28T22:05:00+03:00,78.08,78.09,78.06,78.06,137
Finam:BR,2021-09-28T22:06:00+03:00,78.06,78.08,78.06,78.06,26
Finam:BR,2021-09-28T22:07:00+03:00,78.06,78.06,78.06,78.06,7
Finam:BR,2021-09-28T22:08:00+03:00,78.06,78.07,78.06,78.07,31
Finam:BR,2021-09-28T22:09:00+03:00,78.07,78.07,78.05,78.06,45
Finam:BR,2021-09-28T22:10:00+03:00,78.05,78.06,78.04,78.06,39
Finam:BR,2021-09-28T22:11:00+03:00,78.05,78.05,78.04,78.05,17
Finam:BR,2021-09-28T22:12:00+03:00,78.05,78.05,78.05,78.05,4
Finam:BR,2021-09-28T22:13:00+03:00,78.05,78.06,78.05,78.06,45
Finam:BR,2021-09-28T22:14:00+03:00,78.06,78.06,78.06,78.06,18
Finam:BR,2021-09-28T22:15:00+03:00,78.06,78.09,78.06,78.09,32
Finam:BR,2021-09-28T22:16:00+03:00,78.10,78.11,78.09,78.10,8
Finam:BR,2021-09-28T22:17:00+03:00,78.10,78.10,78.10,78.10,7
Finam:BR,2021-09-28T22:18:00+03:00,78.10,78.10,78.09,78.09,11
Finam:BR,2021-09-28T22:19:00+03:00,78.09,78.09,78.08,78.08,10
Finam:BR,2021-09-28T22:20:00+03:00,78.07,78.09,78.07,78.09,20
Finam:BR,2021-09-28T22:21:00+03:00,78.08,78.08,78.08,78.08,5
Finam:BR,2021-09-28T22:22:00+03:00,78.07,78.07,78.06,78.06,39
Finam:BR,2021-09-28T22:23:00+03:00,78.07,78.07,78.01,78.02,21
Finam:BR,2021-09-28T22:24:00+03:00,78.02,78.02,78.01,78.02,8
Finam:BR,2021-09-28T22:25:00+03:00,78.01,78.01,78.00,78.00,25
Finam:BR,2021-09-28T22:26:00+03:00,78.00,78.00,78.00,78.00,9
Finam:BR,2021-09-28T22:27:00+03:00,77.98,77.98,77.96,77.98,20
Finam:BR,2021-09-28T22:28:00+03:00,77.97,77.97,77.97,77.97,10
Finam:BR,2021-09-28T22:29:00+03:00,77.96,77.96,77.92,77.92,245
Finam:BR,2021-09-28T22:30:00+03:00,77.91,77.91,77.90,77.90,74
Finam:BR,2021-09-28T22:31:00+03:00,77.90,77.91,77.90,77.91,36
Finam:BR,2021-09-28T22:32:00+03:00,77.92,77.94,77.91,77.91,135
Finam:BR,2021-09-28T22:33:00+03:00,77.91,77.91,77.91,77.91,4
Finam:BR,2021-09-28T22:34:00+03:00,77.91,77.91,77.91,77.91,14
Finam:BR,2021-09-28T22:35:00+03:00,77.90,77.90,77.86,77.87,54
Finam:BR,2021-09-28T22:36:00+03:00,77.87,77.87,77.80,77.84,389
Finam:BR,2021-09-28T22:37:00+03:00,77.85,77.86,77.83,77.85,46
Finam:BR,2021-09-28T22:38:00+03:00,77.85,77.85,77.82,77.82,95
Finam:BR,2021-09-28T22:39:00+03:00,77.82,77.82,77.81,77.81,8
Finam:BR,2021-09-28T22:40:00+03:00,77.82,77.85,77.82,77.84,40
Finam:BR,2021-09-28T22:41:00+03:00,77.85,77.85,77.83,77.83,32
Finam:BR,2021-09-28T22:42:00+03:00,77.82,77.82,77.80,77.82,106
Finam:BR,2021-09-28T22:43:00+03:00,77.81,77.83,77.81,77.81,175
Finam:BR,2021-09-28T22:44:00+03:00,77.80,77.80,77.78,77.79,138
Finam:BR,2021-09-28T22:45:00+03:00,77.79,77.80,77.77,77.80,21
Finam:BR,2021-09-28T22:46:00+03:00,77.80,77.80,77.79,77.79,12
Finam:BR,2021-09-28T22:47:00+03:00,77.79,77.80,77.79,77.80,11
Finam:BR,2021-09-28T22:48:00+03:00,77.80,77.80,77.79,77.80,4
Finam:BR,2021-09-28T22:49:00+03:00,77.80,77.80,77.79,77.79,52
Finam:BR,2021-09-28T22:50:00+03:00,77.79,77.81,77.77,77.77,14
Finam:BR,2021-09-28T22:51:00+03:00,77.77,77.78,77.77,77.77,11
Finam:BR,2021-09-28T22:52:00+03:00,77.78,77.78,77.77,77.78,14
Finam:BR,2021-09-28T22:53:00+03:00,77.78,77.80,77.78,77.80,33
Finam:BR,2021-09-28T22:54:00+03:00,77.80,77.81,77.79,77.79,53
Finam:BR,2021-09-28T22:55:00+03:00,77.80,77.80,77.78,77.78,25
Finam:BR,2021-09-28T22:56:00+03:00,77.78,77.79,77.77,77.78,17
Finam:BR,2021-09-28T22:57:00+03:00,77.78,77.79,77.78,77.79,6
Finam:BR,2021-09-28T22:58:00+03:00,77.80,77.80,77.78,77.79,10
Finam:BR,2021-09-28T22:59:00+03:00,77.78,77.80,77.78,77.80,9
Finam:BR,2021-09-28T23:00:00+03:00,77.80,77.85,77.80,77.85,77
Finam:BR,2021-09-28T23:01:00+03:00,77.84,77.84,77.84,77.84,19
Finam:BR,2021-09-28T23:02:00+03:00,77.85,77.87,77.85,77.85,22
Finam:BR,2021-09-28T23:03:00+03:00,77.85,77.85,77.85,77.85,4
Finam:BR,2021-09-28T23:04:00+03:00,77.85,77.85,77.85,77.85,5
Finam:BR,2021-09-28T23:05:00+03:00,77.85,77.85,77.85,77.85,1
Finam:BR,2021-09-28T23:06:00+03:00,77.86,77.86,77.85,77.85,7
Finam:BR,2021-09-28T23:07:00+03:00,77.85,77.85,77.85,77.85,1
Finam:BR,2021-09-28T23:08:00+03:00,77.85,77.85,77.83,77.84,53
Finam:BR,2021-09-28T23:09:00+03:00,77.85,77.85,77.84,77.84,2
Finam:BR,2021-09-28T23:10:00+03:00,77.84,77.84,77.84,77.84,4
Finam:BR,2021-09-28T23:11:00+03:00,77.84,77.84,77.84,77.84,5
Finam:BR,2021-09-28T23:12:00+03:00,77.84,77.86,77.84,77.84,28
Finam:BR,2021-09-28T23:13:00+03:00,77.85,77.86,77.84,77.84,20
Finam:BR,2021-09-28T23:14:00+03:00,77.84,77.85,77.84,77.84,5
Finam:BR,2021-09-28T23:16:00+03:00,77.83,77.83,77.83,77.83,4
Finam:BR,2021-09-28T23:17:00+03:00,77.83,77.84,77.83,77.84,10
Finam:BR,2021-09-28T23:18:00+03:00,77.83,77.83,77.83,77.83,1
Finam:BR,2021-09-28T23:20:00+03:00,77.84,77.84,77.84,77.84,10
Finam:BR,2021-09-28T23:21:00+03:00,77.84,77.84,77.84,77.84,13
Finam:BR,2021-09-28T23:22:00+03:00,77.85,77.86,77.84,77.86,14
Finam:BR,2021-09-28T23:23:00+03:00,77.86,77.86,77.85,77.86,18
Finam:BR,2021-09-28T23:24:00+03:00,77.85,77.86,77.84,77.85,82
Finam:BR,2021-09-28T23:25:00+03:00,77.85,77.86,77.85,77.85,43
Finam:BR,2021-09-28T23:26:00+03:00,77.86,77.87,77.85,77.86,52
Finam:BR,2021-09-28T23:27:00+03:00,77.86,77.87,77.85,77.87,29
Finam:BR,2021-09-28T23:28:00+03:00,77.87,77.89,77.86,77.88,62
Finam:BR,2021-09-28T23:29:00+03:00,77.89,77.89,77.88,77.88,11
Finam:BR,2021-09-28T23:30:00+03:00,77.89,77.89,77.69,77.71,934
Finam:BR,2021-09-28T23:31:00+03:00,77.71,77.73,77.65,77.68,427
Finam:BR,2021-09-28T23:32:00+03:00,77.69,77.69,77.65,77.66,165
Finam:BR,2021-09-28T23:33:00+03:00,77.67,77.67,77.56,77.58,360
Finam:BR,2021-09-28T23:34:00+03:00,77.57,77.57,77.51,77.55,225
Finam:BR,2021-09-28T23:35:00+03:00,77.54,77.54,77.50,77.50,189
Finam:BR,2021-09-28T23:36:00+03:00,77.49,77.50,77.41,77.43,249
Finam:BR,2021-09-28T23:37:00+03:00,77.43,77.44,77.41,77.42,88
Finam:BR,2021-09-28T23:38:00+03:00,77.43,77.43,77.41,77.43,239
Finam:BR,2021-09-28T23:39:00+03:00,77.43,77.49,77.42,77.46,292
Finam:BR,2021-09-28T23:40:00+03:00,77.46,77.47,77.46,77.47,18
Finam:BR,2021-09-28T23:41:00+03:00,77.47,77.50,77.47,77.48,59
Finam:BR,2021-09-28T23:42:00+03:00,77.48,77.48,77.44,77.45,41
Finam:BR,2021-09-28T23:43:00+03:00,77.46,77.46,77.38,77.40,293
Finam:BR,2021-09-28T23:44:00+03:00,77.40,77.41,77.38,77.40,62
Finam:BR,2021-09-28T23:45:00+03:00,77.40,77.40,77.37,77.38,1043
Finam:BR,2021-09-28T23:46:00+03:00,77.37,77.38,77.36,77.37,185
Finam:BR,2021-09-28T23:47:00+03:00,77.37,77.41,77.36,77.39,86
Finam:BR,2021-09-28T23:48:00+03:00,77.39,77.41,77.38,77.41,11
Finam:BR,2021-09-28T23:49:00+03:00,77.40,77.42,77.37,77.37,158
Finam:BR,2021-09-28T23:50:00+03:00,77.39,77.44,77.35,77.43,96
Finam:BR,2021-09-28T23:51:00+03:00,77.43,77.47,77.43,77.47,110
Finam:BR,2021-09-28T23:52:00+03:00,77.48,77.48,77.44,77.45,31
Finam:BR,2021-09-28T23:53:00+03:00,77.45,77.45,77.43,77.44,50
Finam:BR,2021-09-28T23:54:00+03:00,77.45,77.47,77.43,77.46,61
Finam:BR,2021-09-28T23:55:00+03:00,77.46,77.47,77.45,77.47,61
Finam:BR,2021-09-28T23:56:00+03:00,77.47,77.47,77.45,77.45,49
Finam:BR,2021-09-28T23:57:00+03:00,77.45,77.46,77.45,77.45,26
Finam:BR,2021-09-28T23:58:00+03:00,77.46,77.49,77.44,77.47,50
Finam:BR,2021-09-28T23:59:00+03:00,77.48,77.50,77.45,77.46,50
