Finam:AG,2021-09-14T01:00:00+03:00,23.78,23.78,23.76,23.77,38
Finam:AG,2021-09-14T01:01:00+03:00,23.77,23.77,23.77,23.77,1
Finam:AG,2021-09-14T01:02:00+03:00,23.77,23.77,23.77,23.77,2
Finam:AG,2021-09-14T01:04:00+03:00,23.76,23.77,23.76,23.77,3
Finam:AG,2021-09-14T01:05:00+03:00,23.77,23.78,23.77,23.78,9
Finam:AG,2021-09-14T01:06:00+03:00,23.78,23.78,23.77,23.77,3
Finam:AG,2021-09-14T01:07:00+03:00,23.77,23.77,23.77,23.77,10
Finam:AG,2021-09-14T01:08:00+03:00,23.77,23.77,23.77,23.77,2
Finam:AG,2021-09-14T01:09:00+03:00,23.77,23.77,23.77,23.77,2
Finam:AG,2021-09-14T01:10:00+03:00,23.77,23.77,23.77,23.77,1
Finam:AG,2021-09-14T01:11:00+03:00,23.77,23.77,23.76,23.77,12
Finam:AG,2021-09-14T01:14:00+03:00,23.77,23.77,23.77,23.77,2
Finam:AG,2021-09-14T01:15:00+03:00,23.77,23.78,23.77,23.78,6
Finam:AG,2021-09-14T01:16:00+03:00,23.77,23.78,23.77,23.78,8
Finam:AG,2021-09-14T01:17:00+03:00,23.78,23.78,23.78,23.78,2
Finam:AG,2021-09-14T01:19:00+03:00,23.77,23.77,23.77,23.77,2
Finam:AG,2021-09-14T01:20:00+03:00,23.78,23.78,23.78,23.78,1
Finam:AG,2021-09-14T01:21:00+03:00,23.77,23.77,23.76,23.76,2
Finam:AG,2021-09-14T01:24:00+03:00,23.78,23.78,23.78,23.78,1
Finam:AG,2021-09-14T01:29:00+03:00,23.78,23.78,23.78,23.78,1
Finam:AG,2021-09-14T01:32:00+03:00,23.77,23.77,23.77,23.77,3
Finam:AG,2021-09-14T01:34:00+03:00,23.77,23.77,23.76,23.77,10
Finam:AG,2021-09-14T01:36:00+03:00,23.77,23.77,23.77,23.77,5
Finam:AG,2021-09-14T01:37:00+03:00,23.77,23.78,23.77,23.78,5
Finam:AG,2021-09-14T01:38:00+03:00,23.77,23.77,23.76,23.76,9
Finam:AG,2021-09-14T01:39:00+03:00,23.77,23.77,23.76,23.76,3
Finam:AG,2021-09-14T01:40:00+03:00,23.76,23.77,23.76,23.77,2
Finam:AG,2021-09-14T01:41:00+03:00,23.77,23.77,23.76,23.76,14
Finam:AG,2021-09-14T01:42:00+03:00,23.77,23.77,23.76,23.76,8
Finam:AG,2021-09-14T01:43:00+03:00,23.76,23.77,23.76,23.77,7
Finam:AG,2021-09-14T01:44:00+03:00,23.76,23.76,23.76,23.76,2
Finam:AG,2021-09-14T01:45:00+03:00,23.76,23.76,23.76,23.76,5
Finam:AG,2021-09-14T01:46:00+03:00,23.76,23.76,23.76,23.76,9
Finam:AG,2021-09-14T01:47:00+03:00,23.76,23.76,23.76,23.76,1
Finam:AG,2021-09-14T01:49:00+03:00,23.76,23.76,23.76,23.76,2
Finam:AG,2021-09-14T01:51:00+03:00,23.76,23.76,23.76,23.76,3
Finam:AG,2021-09-14T01:54:00+03:00,23.76,23.76,23.76,23.76,1
Finam:AG,2021-09-14T01:55:00+03:00,23.76,23.76,23.76,23.76,1
Finam:AG,2021-09-14T01:56:00+03:00,23.76,23.76,23.76,23.76,6
Finam:AG,2021-09-14T01:58:00+03:00,23.76,23.76,23.76,23.76,2
Finam:AG,2021-09-14T02:00:00+03:00,23.77,23.78,23.77,23.78,3
Finam:AG,2021-09-14T02:01:00+03:00,23.77,23.77,23.77,23.77,15
Finam:AG,2021-09-14T02:02:00+03:00,23.76,23.76,23.76,23.76,1
Finam:AG,2021-09-14T02:04:00+03:00,23.76,23.77,23.76,23.76,4
Finam:AG,2021-09-14T02:05:00+03:00,23.76,23.76,23.76,23.76,3
Finam:AG,2021-09-14T02:06:00+03:00,23.76,23.76,23.76,23.76,1
Finam:AG,2021-09-14T02:07:00+03:00,23.76,23.76,23.76,23.76,2
Finam:AG,2021-09-14T02:09:00+03:00,23.76,23.76,23.76,23.76,1
Finam:AG,2021-09-14T02:10:00+03:00,23.76,23.76,23.76,23.76,2
Finam:AG,2021-09-14T02:11:00+03:00,23.76,23.76,23.76,23.76,1
Finam:AG,2021-09-14T02:14:00+03:00,23.77,23.77,23.77,23.77,1
Finam:AG,2021-09-14T02:15:00+03:00,23.76,23.76,23.76,23.76,5
Finam:AG,2021-09-14T02:18:00+03:00,23.76,23.76,23.76,23.76,2
Finam:AG,2021-09-14T02:19:00+03:00,23.76,23.76,23.76,23.76,4
Finam:AG,2021-09-14T02:22:00+03:00,23.76,23.76,23.76,23.76,1
Finam:AG,2021-09-14T02:23:00+03:00,23.77,23.77,23.77,23.77,1
Finam:AG,2021-09-14T02:24:00+03:00,23.77,23.77,23.76,23.76,4
Finam:AG,2021-09-14T02:27:00+03:00,23.76,23.76,23.76,23.76,6
Finam:AG,2021-09-14T02:28:00+03:00,23.76,23.76,23.76,23.76,6
Finam:AG,2021-09-14T02:29:00+03:00,23.76,23.76,23.76,23.76,1
Finam:AG,2021-09-14T02:31:00+03:00,23.77,23.77,23.77,23.77,3
Finam:AG,2021-09-14T02:32:00+03:00,23.77,23.77,23.77,23.77,2
Finam:AG,2021-09-14T02:33:00+03:00,23.76,23.76,23.76,23.76,4
Finam:AG,2021-09-14T02:35:00+03:00,23.76,23.76,23.76,23.76,1
Finam:AG,2021-09-14T02:36:00+03:00,23.76,23.76,23.76,23.76,1
Finam:AG,2021-09-14T02:39:00+03:00,23.76,23.76,23.76,23.76,2
Finam:AG,2021-09-14T02:45:00+03:00,23.76,23.76,23.76,23.76,6
Finam:AG,2021-09-14T02:46:00+03:00,23.76,23.76,23.76,23.76,2
Finam:AG,2021-09-14T02:47:00+03:00,23.77,23.77,23.77,23.77,3
Finam:AG,2021-09-14T02:49:00+03:00,23.76,23.76,23.76,23.76,8
Finam:AG,2021-09-14T02:50:00+03:00,23.76,23.76,23.76,23.76,4
Finam:AG,2021-09-14T02:51:00+03:00,23.77,23.77,23.77,23.77,1
Finam:AG,2021-09-14T02:52:00+03:00,23.77,23.77,23.77,23.77,1
Finam:AG,2021-09-14T02:53:00+03:00,23.77,23.77,23.77,23.77,1
Finam:AG,2021-09-14T02:55:00+03:00,23.77,23.77,23.77,23.77,2
Finam:AG,2021-09-14T02:56:00+03:00,23.77,23.77,23.77,23.77,2
Finam:AG,2021-09-14T02:58:00+03:00,23.76,23.76,23.76,23.76,1
Finam:AG,2021-09-14T03:00:00+03:00,23.76,23.77,23.76,23.77,11
Finam:AG,2021-09-14T03:01:00+03:00,23.77,23.77,23.76,23.76,9
Finam:AG,2021-09-14T03:02:00+03:00,23.76,23.76,23.76,23.76,1
Finam:AG,2021-09-14T03:04:00+03:00,23.76,23.76,23.76,23.76,3
Finam:AG,2021-09-14T03:05:00+03:00,23.76,23.76,23.76,23.76,4
Finam:AG,2021-09-14T03:06:00+03:00,23.76,23.76,23.75,23.75,2
Finam:AG,2021-09-14T03:07:00+03:00,23.76,23.77,23.76,23.77,5
Finam:AG,2021-09-14T03:08:00+03:00,23.76,23.76,23.76,23.76,6
Finam:AG,2021-09-14T03:09:00+03:00,23.76,23.76,23.75,23.75,6
Finam:AG,2021-09-14T03:10:00+03:00,23.76,23.76,23.76,23.76,2
Finam:AG,2021-09-14T03:12:00+03:00,23.75,23.75,23.75,23.75,2
Finam:AG,2021-09-14T03:13:00+03:00,23.76,23.76,23.76,23.76,1
Finam:AG,2021-09-14T03:14:00+03:00,23.76,23.76,23.76,23.76,1
Finam:AG,2021-09-14T03:15:00+03:00,23.76,23.77,23.76,23.77,6
Finam:AG,2021-09-14T03:17:00+03:00,23.75,23.75,23.75,23.75,1
Finam:AG,2021-09-14T03:18:00+03:00,23.75,23.76,23.74,23.76,15
Finam:AG,2021-09-14T03:20:00+03:00,23.76,23.76,23.76,23.76,5
Finam:AG,2021-09-14T03:21:00+03:00,23.75,23.76,23.75,23.76,14
Finam:AG,2021-09-14T03:22:00+03:00,23.75,23.75,23.75,23.75,4
Finam:AG,2021-09-14T03:25:00+03:00,23.75,23.75,23.75,23.75,4
Finam:AG,2021-09-14T03:26:00+03:00,23.75,23.75,23.75,23.75,2
Finam:AG,2021-09-14T03:28:00+03:00,23.75,23.75,23.75,23.75,2
Finam:AG,2021-09-14T03:29:00+03:00,23.76,23.76,23.76,23.76,3
Finam:AG,2021-09-14T03:30:00+03:00,23.76,23.76,23.76,23.76,3
Finam:AG,2021-09-14T03:31:00+03:00,23.75,23.75,23.75,23.75,5
Finam:AG,2021-09-14T03:32:00+03:00,23.75,23.75,23.75,23.75,1
Finam:AG,2021-09-14T03:33:00+03:00,23.76,23.77,23.76,23.77,3
Finam:AG,2021-09-14T03:34:00+03:00,23.76,23.76,23.76,23.76,3
Finam:AG,2021-09-14T03:36:00+03:00,23.75,23.75,23.75,23.75,1
Finam:AG,2021-09-14T03:38:00+03:00,23.76,23.76,23.76,23.76,1
Finam:AG,2021-09-14T03:39:00+03:00,23.76,23.76,23.75,23.75,4
Finam:AG,2021-09-14T03:41:00+03:00,23.76,23.77,23.76,23.77,6
Finam:AG,2021-09-14T03:42:00+03:00,23.76,23.76,23.76,23.76,21
Finam:AG,2021-09-14T03:43:00+03:00,23.76,23.76,23.75,23.75,47
Finam:AG,2021-09-14T03:44:00+03:00,23.75,23.75,23.74,23.74,12
Finam:AG,2021-09-14T03:45:00+03:00,23.74,23.75,23.74,23.75,18
Finam:AG,2021-09-14T03:46:00+03:00,23.75,23.75,23.75,23.75,5
Finam:AG,2021-09-14T03:47:00+03:00,23.75,23.76,23.74,23.74,16
Finam:AG,2021-09-14T03:48:00+03:00,23.74,23.75,23.74,23.74,5
Finam:AG,2021-09-14T03:50:00+03:00,23.74,23.74,23.74,23.74,5
Finam:AG,2021-09-14T03:51:00+03:00,23.74,23.74,23.73,23.73,40
Finam:AG,2021-09-14T03:52:00+03:00,23.74,23.74,23.73,23.74,13
Finam:AG,2021-09-14T03:54:00+03:00,23.73,23.73,23.73,23.73,4
Finam:AG,2021-09-14T03:55:00+03:00,23.73,23.73,23.73,23.73,6
Finam:AG,2021-09-14T03:56:00+03:00,23.73,23.73,23.72,23.72,8
Finam:AG,2021-09-14T03:57:00+03:00,23.73,23.73,23.73,23.73,6
Finam:AG,2021-09-14T03:58:00+03:00,23.73,23.73,23.73,23.73,1
Finam:AG,2021-09-14T03:59:00+03:00,23.73,23.73,23.73,23.73,1
Finam:AG,2021-09-14T04:00:00+03:00,23.73,23.74,23.72,23.73,115
Finam:AG,2021-09-14T04:01:00+03:00,23.73,23.73,23.72,23.73,55
Finam:AG,2021-09-14T04:02:00+03:00,23.72,23.74,23.71,23.73,23
Finam:AG,2021-09-14T04:03:00+03:00,23.73,23.73,23.72,23.73,15
Finam:AG,2021-09-14T04:04:00+03:00,23.74,23.74,23.72,23.72,33
Finam:AG,2021-09-14T04:05:00+03:00,23.73,23.74,23.73,23.73,14
Finam:AG,2021-09-14T04:06:00+03:00,23.73,23.74,23.73,23.73,8
Finam:AG,2021-09-14T04:07:00+03:00,23.73,23.73,23.72,23.72,9
Finam:AG,2021-09-14T04:08:00+03:00,23.72,23.72,23.71,23.71,21
Finam:AG,2021-09-14T04:09:00+03:00,23.71,23.72,23.71,23.72,55
Finam:AG,2021-09-14T04:10:00+03:00,23.72,23.72,23.71,23.72,23
Finam:AG,2021-09-14T04:11:00+03:00,23.72,23.72,23.69,23.70,54
Finam:AG,2021-09-14T04:12:00+03:00,23.71,23.72,23.71,23.72,7
Finam:AG,2021-09-14T04:13:00+03:00,23.71,23.72,23.71,23.72,7
Finam:AG,2021-09-14T04:14:00+03:00,23.73,23.73,23.73,23.73,1
Finam:AG,2021-09-14T04:15:00+03:00,23.72,23.72,23.72,23.72,5
Finam:AG,2021-09-14T04:16:00+03:00,23.73,23.74,23.73,23.74,13
Finam:AG,2021-09-14T04:17:00+03:00,23.73,23.74,23.73,23.74,7
Finam:AG,2021-09-14T04:18:00+03:00,23.73,23.74,23.73,23.74,6
Finam:AG,2021-09-14T04:19:00+03:00,23.74,23.74,23.74,23.74,5
Finam:AG,2021-09-14T04:20:00+03:00,23.73,23.74,23.73,23.74,6
Finam:AG,2021-09-14T04:21:00+03:00,23.74,23.74,23.73,23.74,13
Finam:AG,2021-09-14T04:22:00+03:00,23.74,23.74,23.74,23.74,14
Finam:AG,2021-09-14T04:23:00+03:00,23.74,23.74,23.74,23.74,14
Finam:AG,2021-09-14T04:24:00+03:00,23.75,23.75,23.74,23.75,9
Finam:AG,2021-09-14T04:25:00+03:00,23.75,23.76,23.75,23.76,10
Finam:AG,2021-09-14T04:26:00+03:00,23.75,23.75,23.75,23.75,4
Finam:AG,2021-09-14T04:27:00+03:00,23.75,23.75,23.74,23.74,7
Finam:AG,2021-09-14T04:28:00+03:00,23.75,23.76,23.74,23.74,21
Finam:AG,2021-09-14T04:29:00+03:00,23.74,23.74,23.74,23.74,4
Finam:AG,2021-09-14T04:30:00+03:00,23.75,23.76,23.75,23.76,13
Finam:AG,2021-09-14T04:31:00+03:00,23.75,23.76,23.74,23.74,12
Finam:AG,2021-09-14T04:32:00+03:00,23.74,23.74,23.74,23.74,2
Finam:AG,2021-09-14T04:33:00+03:00,23.75,23.76,23.75,23.76,10
Finam:AG,2021-09-14T04:34:00+03:00,23.76,23.76,23.75,23.75,2
Finam:AG,2021-09-14T04:35:00+03:00,23.75,23.75,23.75,23.75,1
Finam:AG,2021-09-14T04:38:00+03:00,23.74,23.74,23.73,23.74,21
Finam:AG,2021-09-14T04:39:00+03:00,23.74,23.74,23.73,23.73,4
Finam:AG,2021-09-14T04:40:00+03:00,23.74,23.74,23.73,23.73,15
Finam:AG,2021-09-14T04:41:00+03:00,23.73,23.74,23.73,23.74,5
Finam:AG,2021-09-14T04:42:00+03:00,23.74,23.74,23.73,23.73,61
Finam:AG,2021-09-14T04:43:00+03:00,23.73,23.73,23.73,23.73,3
Finam:AG,2021-09-14T04:44:00+03:00,23.74,23.74,23.73,23.73,7
Finam:AG,2021-09-14T04:45:00+03:00,23.73,23.74,23.73,23.73,5
Finam:AG,2021-09-14T04:46:00+03:00,23.72,23.72,23.72,23.72,1
Finam:AG,2021-09-14T04:47:00+03:00,23.73,23.73,23.72,23.72,7
Finam:AG,2021-09-14T04:48:00+03:00,23.73,23.73,23.72,23.72,4
Finam:AG,2021-09-14T04:49:00+03:00,23.73,23.73,23.72,23.72,8
Finam:AG,2021-09-14T04:50:00+03:00,23.72,23.73,23.72,23.72,32
Finam:AG,2021-09-14T04:51:00+03:00,23.72,23.73,23.72,23.73,5
Finam:AG,2021-09-14T04:52:00+03:00,23.73,23.73,23.73,23.73,13
Finam:AG,2021-09-14T04:53:00+03:00,23.73,23.73,23.73,23.73,1
Finam:AG,2021-09-14T04:54:00+03:00,23.73,23.73,23.73,23.73,12
Finam:AG,2021-09-14T04:55:00+03:00,23.73,23.74,23.73,23.74,2
Finam:AG,2021-09-14T04:56:00+03:00,23.74,23.74,23.74,23.74,1
Finam:AG,2021-09-14T04:57:00+03:00,23.74,23.74,23.73,23.74,5
Finam:AG,2021-09-14T04:58:00+03:00,23.75,23.75,23.75,23.75,6
Finam:AG,2021-09-14T04:59:00+03:00,23.75,23.75,23.73,23.73,7
Finam:AG,2021-09-14T05:00:00+03:00,23.73,23.73,23.71,23.71,24
Finam:AG,2021-09-14T05:01:00+03:00,23.72,23.73,23.72,23.72,14
Finam:AG,2021-09-14T05:02:00+03:00,23.73,23.74,23.73,23.74,8
Finam:AG,2021-09-14T05:03:00+03:00,23.74,23.74,23.74,23.74,3
Finam:AG,2021-09-14T05:04:00+03:00,23.74,23.74,23.74,23.74,1
Finam:AG,2021-09-14T05:06:00+03:00,23.75,23.75,23.74,23.74,6
Finam:AG,2021-09-14T05:07:00+03:00,23.74,23.74,23.74,23.74,2
Finam:AG,2021-09-14T05:08:00+03:00,23.75,23.75,23.75,23.75,3
Finam:AG,2021-09-14T05:09:00+03:00,23.75,23.75,23.74,23.74,2
Finam:AG,2021-09-14T05:10:00+03:00,23.74,23.74,23.74,23.74,3
Finam:AG,2021-09-14T05:11:00+03:00,23.73,23.73,23.72,23.72,14
Finam:AG,2021-09-14T05:13:00+03:00,23.73,23.74,23.73,23.73,13
Finam:AG,2021-09-14T05:14:00+03:00,23.73,23.73,23.72,23.72,25
Finam:AG,2021-09-14T05:15:00+03:00,23.73,23.73,23.72,23.73,11
Finam:AG,2021-09-14T05:16:00+03:00,23.74,23.74,23.74,23.74,2
Finam:AG,2021-09-14T05:17:00+03:00,23.74,23.74,23.74,23.74,5
Finam:AG,2021-09-14T05:19:00+03:00,23.74,23.75,23.74,23.75,4
Finam:AG,2021-09-14T05:20:00+03:00,23.75,23.75,23.75,23.75,4
Finam:AG,2021-09-14T05:23:00+03:00,23.75,23.76,23.75,23.76,12
Finam:AG,2021-09-14T05:24:00+03:00,23.75,23.75,23.75,23.75,3
Finam:AG,2021-09-14T05:26:00+03:00,23.75,23.75,23.75,23.75,1
Finam:AG,2021-09-14T05:27:00+03:00,23.75,23.75,23.75,23.75,1
Finam:AG,2021-09-14T05:28:00+03:00,23.75,23.75,23.75,23.75,3
Finam:AG,2021-09-14T05:29:00+03:00,23.75,23.75,23.75,23.75,3
Finam:AG,2021-09-14T05:30:00+03:00,23.76,23.76,23.75,23.75,15
Finam:AG,2021-09-14T05:31:00+03:00,23.75,23.75,23.74,23.74,24
Finam:AG,2021-09-14T05:32:00+03:00,23.74,23.74,23.74,23.74,3
Finam:AG,2021-09-14T05:33:00+03:00,23.74,23.74,23.73,23.73,2
Finam:AG,2021-09-14T05:34:00+03:00,23.73,23.74,23.72,23.74,4
Finam:AG,2021-09-14T05:35:00+03:00,23.74,23.74,23.74,23.74,3
Finam:AG,2021-09-14T05:36:00+03:00,23.74,23.74,23.74,23.74,1
Finam:AG,2021-09-14T05:37:00+03:00,23.74,23.74,23.74,23.74,2
Finam:AG,2021-09-14T05:38:00+03:00,23.73,23.73,23.73,23.73,2
Finam:AG,2021-09-14T05:39:00+03:00,23.74,23.74,23.74,23.74,1
Finam:AG,2021-09-14T05:40:00+03:00,23.74,23.74,23.73,23.73,8
Finam:AG,2021-09-14T05:41:00+03:00,23.73,23.74,23.73,23.74,14
Finam:AG,2021-09-14T05:42:00+03:00,23.73,23.73,23.73,23.73,2
Finam:AG,2021-09-14T05:43:00+03:00,23.72,23.72,23.72,23.72,1
Finam:AG,2021-09-14T05:44:00+03:00,23.72,23.73,23.72,23.73,5
Finam:AG,2021-09-14T05:46:00+03:00,23.72,23.72,23.71,23.72,35
Finam:AG,2021-09-14T05:47:00+03:00,23.72,23.72,23.71,23.71,22
Finam:AG,2021-09-14T05:48:00+03:00,23.71,23.71,23.71,23.71,3
Finam:AG,2021-09-14T05:49:00+03:00,23.72,23.72,23.72,23.72,4
Finam:AG,2021-09-14T05:50:00+03:00,23.72,23.72,23.72,23.72,2
Finam:AG,2021-09-14T05:51:00+03:00,23.72,23.72,23.72,23.72,6
Finam:AG,2021-09-14T05:52:00+03:00,23.72,23.73,23.72,23.73,5
Finam:AG,2021-09-14T05:53:00+03:00,23.73,23.73,23.73,23.73,1
Finam:AG,2021-09-14T05:54:00+03:00,23.73,23.73,23.73,23.73,1
Finam:AG,2021-09-14T05:55:00+03:00,23.72,23.72,23.72,23.72,1
Finam:AG,2021-09-14T05:56:00+03:00,23.72,23.72,23.72,23.72,2
Finam:AG,2021-09-14T05:57:00+03:00,23.71,23.71,23.71,23.71,24
Finam:AG,2021-09-14T05:58:00+03:00,23.71,23.72,23.71,23.71,9
Finam:AG,2021-09-14T05:59:00+03:00,23.72,23.72,23.72,23.72,5
Finam:AG,2021-09-14T06:00:00+03:00,23.71,23.71,23.70,23.70,13
Finam:AG,2021-09-14T06:01:00+03:00,23.70,23.71,23.70,23.71,29
Finam:AG,2021-09-14T06:02:00+03:00,23.71,23.71,23.70,23.70,17
Finam:AG,2021-09-14T06:03:00+03:00,23.70,23.70,23.68,23.69,46
Finam:AG,2021-09-14T06:04:00+03:00,23.69,23.70,23.69,23.70,35
Finam:AG,2021-09-14T06:05:00+03:00,23.70,23.70,23.70,23.70,5
Finam:AG,2021-09-14T06:06:00+03:00,23.69,23.69,23.69,23.69,8
Finam:AG,2021-09-14T06:07:00+03:00,23.70,23.71,23.70,23.71,20
Finam:AG,2021-09-14T06:08:00+03:00,23.71,23.71,23.70,23.70,14
Finam:AG,2021-09-14T06:09:00+03:00,23.70,23.70,23.70,23.70,1
Finam:AG,2021-09-14T06:10:00+03:00,23.70,23.70,23.68,23.68,23
Finam:AG,2021-09-14T06:11:00+03:00,23.68,23.69,23.67,23.69,54
Finam:AG,2021-09-14T06:12:00+03:00,23.68,23.69,23.68,23.69,48
Finam:AG,2021-09-14T06:13:00+03:00,23.69,23.70,23.69,23.70,6
Finam:AG,2021-09-14T06:14:00+03:00,23.69,23.69,23.68,23.68,5
Finam:AG,2021-09-14T06:15:00+03:00,23.69,23.70,23.69,23.70,17
Finam:AG,2021-09-14T06:16:00+03:00,23.70,23.71,23.70,23.71,4
Finam:AG,2021-09-14T06:17:00+03:00,23.70,23.70,23.70,23.70,1
Finam:AG,2021-09-14T06:18:00+03:00,23.70,23.70,23.70,23.70,4
Finam:AG,2021-09-14T06:19:00+03:00,23.71,23.71,23.70,23.71,7
Finam:AG,2021-09-14T06:20:00+03:00,23.71,23.71,23.71,23.71,2
Finam:AG,2021-09-14T06:21:00+03:00,23.70,23.70,23.69,23.70,4
Finam:AG,2021-09-14T06:24:00+03:00,23.70,23.70,23.69,23.70,12
Finam:AG,2021-09-14T06:25:00+03:00,23.69,23.70,23.69,23.69,4
Finam:AG,2021-09-14T06:26:00+03:00,23.69,23.69,23.69,23.69,1
Finam:AG,2021-09-14T06:27:00+03:00,23.70,23.70,23.70,23.70,1
Finam:AG,2021-09-14T06:29:00+03:00,23.70,23.70,23.70,23.70,2
Finam:AG,2021-09-14T06:30:00+03:00,23.70,23.70,23.69,23.69,4
Finam:AG,2021-09-14T06:31:00+03:00,23.69,23.69,23.69,23.69,6
Finam:AG,2021-09-14T06:32:00+03:00,23.69,23.69,23.69,23.69,1
Finam:AG,2021-09-14T06:34:00+03:00,23.69,23.69,23.69,23.69,2
Finam:AG,2021-09-14T06:35:00+03:00,23.69,23.69,23.69,23.69,1
Finam:AG,2021-09-14T06:36:00+03:00,23.69,23.69,23.69,23.69,1
Finam:AG,2021-09-14T06:38:00+03:00,23.69,23.69,23.69,23.69,1
Finam:AG,2021-09-14T06:40:00+03:00,23.69,23.69,23.68,23.68,15
Finam:AG,2021-09-14T06:42:00+03:00,23.68,23.68,23.68,23.68,7
Finam:AG,2021-09-14T06:43:00+03:00,23.68,23.68,23.68,23.68,1
Finam:AG,2021-09-14T06:44:00+03:00,23.68,23.68,23.68,23.68,6
Finam:AG,2021-09-14T06:45:00+03:00,23.68,23.68,23.68,23.68,6
Finam:AG,2021-09-14T06:46:00+03:00,23.68,23.68,23.68,23.68,5
Finam:AG,2021-09-14T06:47:00+03:00,23.69,23.70,23.69,23.70,9
Finam:AG,2021-09-14T06:48:00+03:00,23.70,23.70,23.69,23.69,3
Finam:AG,2021-09-14T06:49:00+03:00,23.69,23.69,23.68,23.69,23
Finam:AG,2021-09-14T06:50:00+03:00,23.69,23.69,23.68,23.68,3
Finam:AG,2021-09-14T06:55:00+03:00,23.69,23.69,23.69,23.69,1
Finam:AG,2021-09-14T06:56:00+03:00,23.69,23.70,23.69,23.70,6
Finam:AG,2021-09-14T06:58:00+03:00,23.70,23.71,23.70,23.70,6
Finam:AG,2021-09-14T06:59:00+03:00,23.70,23.70,23.69,23.69,3
Finam:AG,2021-09-14T07:00:00+03:00,23.69,23.69,23.69,23.69,1
Finam:AG,2021-09-14T07:01:00+03:00,23.69,23.69,23.69,23.69,7
Finam:AG,2021-09-14T07:02:00+03:00,23.70,23.70,23.70,23.70,8
Finam:AG,2021-09-14T07:03:00+03:00,23.70,23.70,23.70,23.70,3
Finam:AG,2021-09-14T07:05:00+03:00,23.70,23.70,23.70,23.70,7
Finam:AG,2021-09-14T07:07:00+03:00,23.70,23.70,23.70,23.70,1
Finam:AG,2021-09-14T07:08:00+03:00,23.70,23.70,23.70,23.70,6
Finam:AG,2021-09-14T07:09:00+03:00,23.70,23.70,23.70,23.70,2
Finam:AG,2021-09-14T07:10:00+03:00,23.70,23.71,23.70,23.71,5
Finam:AG,2021-09-14T07:11:00+03:00,23.70,23.70,23.69,23.69,9
Finam:AG,2021-09-14T07:13:00+03:00,23.70,23.70,23.70,23.70,2
Finam:AG,2021-09-14T07:14:00+03:00,23.70,23.70,23.70,23.70,2
Finam:AG,2021-09-14T07:15:00+03:00,23.70,23.70,23.70,23.70,7
Finam:AG,2021-09-14T07:17:00+03:00,23.70,23.70,23.70,23.70,4
Finam:AG,2021-09-14T07:18:00+03:00,23.70,23.71,23.70,23.71,9
Finam:AG,2021-09-14T07:20:00+03:00,23.70,23.70,23.70,23.70,4
Finam:AG,2021-09-14T07:21:00+03:00,23.70,23.70,23.70,23.70,2
Finam:AG,2021-09-14T07:25:00+03:00,23.70,23.70,23.70,23.70,1
Finam:AG,2021-09-14T07:26:00+03:00,23.70,23.70,23.70,23.70,4
Finam:AG,2021-09-14T07:27:00+03:00,23.70,23.70,23.70,23.70,3
Finam:AG,2021-09-14T07:28:00+03:00,23.70,23.70,23.69,23.69,3
Finam:AG,2021-09-14T07:30:00+03:00,23.70,23.70,23.70,23.70,10
Finam:AG,2021-09-14T07:33:00+03:00,23.71,23.71,23.71,23.71,1
Finam:AG,2021-09-14T07:34:00+03:00,23.71,23.71,23.71,23.71,8
Finam:AG,2021-09-14T07:36:00+03:00,23.71,23.71,23.71,23.71,2
Finam:AG,2021-09-14T07:37:00+03:00,23.71,23.71,23.71,23.71,2
Finam:AG,2021-09-14T07:38:00+03:00,23.71,23.71,23.71,23.71,1
Finam:AG,2021-09-14T07:39:00+03:00,23.71,23.71,23.71,23.71,4
Finam:AG,2021-09-14T07:40:00+03:00,23.70,23.71,23.70,23.71,3
Finam:AG,2021-09-14T07:42:00+03:00,23.70,23.70,23.70,23.70,7
Finam:AG,2021-09-14T07:43:00+03:00,23.70,23.70,23.70,23.70,4
Finam:AG,2021-09-14T07:45:00+03:00,23.70,23.71,23.70,23.71,2
Finam:AG,2021-09-14T07:46:00+03:00,23.70,23.70,23.70,23.70,1
Finam:AG,2021-09-14T07:47:00+03:00,23.70,23.70,23.70,23.70,4
Finam:AG,2021-09-14T07:48:00+03:00,23.69,23.69,23.69,23.69,5
Finam:AG,2021-09-14T07:49:00+03:00,23.69,23.69,23.69,23.69,2
Finam:AG,2021-09-14T07:50:00+03:00,23.69,23.69,23.69,23.69,7
Finam:AG,2021-09-14T07:51:00+03:00,23.69,23.70,23.69,23.70,8
Finam:AG,2021-09-14T07:53:00+03:00,23.69,23.69,23.69,23.69,1
Finam:AG,2021-09-14T07:54:00+03:00,23.69,23.69,23.69,23.69,18
Finam:AG,2021-09-14T07:55:00+03:00,23.68,23.68,23.67,23.67,7
Finam:AG,2021-09-14T07:56:00+03:00,23.68,23.68,23.68,23.68,6
Finam:AG,2021-09-14T07:58:00+03:00,23.69,23.69,23.69,23.69,2
Finam:AG,2021-09-14T07:59:00+03:00,23.68,23.68,23.67,23.68,4
Finam:AG,2021-09-14T08:00:00+03:00,23.68,23.69,23.68,23.69,4
Finam:AG,2021-09-14T08:01:00+03:00,23.69,23.69,23.69,23.69,2
Finam:AG,2021-09-14T08:02:00+03:00,23.68,23.68,23.68,23.68,1
Finam:AG,2021-09-14T08:03:00+03:00,23.68,23.69,23.68,23.68,5
Finam:AG,2021-09-14T08:04:00+03:00,23.68,23.68,23.68,23.68,3
Finam:AG,2021-09-14T08:05:00+03:00,23.68,23.68,23.68,23.68,3
Finam:AG,2021-09-14T08:06:00+03:00,23.68,23.69,23.68,23.68,8
Finam:AG,2021-09-14T08:07:00+03:00,23.68,23.68,23.67,23.67,15
Finam:AG,2021-09-14T08:08:00+03:00,23.68,23.68,23.67,23.67,3
Finam:AG,2021-09-14T08:10:00+03:00,23.67,23.67,23.66,23.67,11
Finam:AG,2021-09-14T08:11:00+03:00,23.67,23.68,23.67,23.68,12
Finam:AG,2021-09-14T08:12:00+03:00,23.67,23.68,23.67,23.68,15
Finam:AG,2021-09-14T08:13:00+03:00,23.68,23.69,23.68,23.69,4
Finam:AG,2021-09-14T08:14:00+03:00,23.69,23.70,23.68,23.70,5
Finam:AG,2021-09-14T08:15:00+03:00,23.69,23.69,23.68,23.68,15
Finam:AG,2021-09-14T08:16:00+03:00,23.69,23.69,23.68,23.68,6
Finam:AG,2021-09-14T08:17:00+03:00,23.69,23.69,23.69,23.69,1
Finam:AG,2021-09-14T08:18:00+03:00,23.69,23.69,23.69,23.69,2
Finam:AG,2021-09-14T08:19:00+03:00,23.68,23.68,23.68,23.68,2
Finam:AG,2021-09-14T08:20:00+03:00,23.68,23.69,23.68,23.69,3
Finam:AG,2021-09-14T08:21:00+03:00,23.69,23.69,23.69,23.69,1
Finam:AG,2021-09-14T08:22:00+03:00,23.70,23.71,23.70,23.71,17
Finam:AG,2021-09-14T08:23:00+03:00,23.70,23.70,23.69,23.69,11
Finam:AG,2021-09-14T08:24:00+03:00,23.70,23.70,23.70,23.70,1
Finam:AG,2021-09-14T08:25:00+03:00,23.70,23.70,23.70,23.70,4
Finam:AG,2021-09-14T08:26:00+03:00,23.70,23.70,23.70,23.70,6
Finam:AG,2021-09-14T08:27:00+03:00,23.70,23.70,23.70,23.70,1
Finam:AG,2021-09-14T08:28:00+03:00,23.69,23.69,23.69,23.69,3
Finam:AG,2021-09-14T08:29:00+03:00,23.69,23.69,23.69,23.69,2
Finam:AG,2021-09-14T08:30:00+03:00,23.69,23.70,23.68,23.68,10
Finam:AG,2021-09-14T08:31:00+03:00,23.68,23.68,23.67,23.68,7
Finam:AG,2021-09-14T08:32:00+03:00,23.68,23.68,23.68,23.68,2
Finam:AG,2021-09-14T08:33:00+03:00,23.69,23.69,23.68,23.68,4
Finam:AG,2021-09-14T08:34:00+03:00,23.68,23.70,23.68,23.70,83
Finam:AG,2021-09-14T08:35:00+03:00,23.70,23.70,23.69,23.69,14
Finam:AG,2021-09-14T08:36:00+03:00,23.70,23.72,23.70,23.72,32
Finam:AG,2021-09-14T08:37:00+03:00,23.71,23.71,23.70,23.70,10
Finam:AG,2021-09-14T08:38:00+03:00,23.70,23.70,23.69,23.69,3
Finam:AG,2021-09-14T08:39:00+03:00,23.70,23.70,23.70,23.70,1
Finam:AG,2021-09-14T08:40:00+03:00,23.70,23.70,23.70,23.70,4
Finam:AG,2021-09-14T08:42:00+03:00,23.71,23.72,23.71,23.72,7
Finam:AG,2021-09-14T08:43:00+03:00,23.71,23.71,23.70,23.71,7
Finam:AG,2021-09-14T08:44:00+03:00,23.72,23.74,23.72,23.73,48
Finam:AG,2021-09-14T08:45:00+03:00,23.73,23.74,23.73,23.74,6
Finam:AG,2021-09-14T08:46:00+03:00,23.74,23.74,23.73,23.73,9
Finam:AG,2021-09-14T08:47:00+03:00,23.73,23.73,23.73,23.73,8
Finam:AG,2021-09-14T08:48:00+03:00,23.73,23.74,23.72,23.72,24
Finam:AG,2021-09-14T08:49:00+03:00,23.72,23.73,23.72,23.73,21
Finam:AG,2021-09-14T08:50:00+03:00,23.72,23.73,23.72,23.72,4
Finam:AG,2021-09-14T08:52:00+03:00,23.72,23.72,23.72,23.72,2
Finam:AG,2021-09-14T08:53:00+03:00,23.73,23.73,23.73,23.73,1
Finam:AG,2021-09-14T08:54:00+03:00,23.72,23.72,23.71,23.71,2
Finam:AG,2021-09-14T08:55:00+03:00,23.72,23.72,23.71,23.71,9
Finam:AG,2021-09-14T08:56:00+03:00,23.72,23.73,23.71,23.73,22
Finam:AG,2021-09-14T08:57:00+03:00,23.73,23.73,23.72,23.73,17
Finam:AG,2021-09-14T08:58:00+03:00,23.72,23.73,23.72,23.73,33
Finam:AG,2021-09-14T08:59:00+03:00,23.73,23.74,23.73,23.74,10
Finam:AG,2021-09-14T09:00:00+03:00,23.73,23.74,23.72,23.72,39
Finam:AG,2021-09-14T09:01:00+03:00,23.73,23.73,23.72,23.72,24
Finam:AG,2021-09-14T09:02:00+03:00,23.72,23.73,23.72,23.73,4
Finam:AG,2021-09-14T09:03:00+03:00,23.73,23.73,23.72,23.72,7
Finam:AG,2021-09-14T09:04:00+03:00,23.72,23.72,23.71,23.72,18
Finam:AG,2021-09-14T09:05:00+03:00,23.72,23.72,23.71,23.71,17
Finam:AG,2021-09-14T09:06:00+03:00,23.71,23.71,23.70,23.70,7
Finam:AG,2021-09-14T09:07:00+03:00,23.71,23.72,23.71,23.72,5
Finam:AG,2021-09-14T09:08:00+03:00,23.71,23.71,23.70,23.71,5
Finam:AG,2021-09-14T09:09:00+03:00,23.71,23.72,23.71,23.72,2
Finam:AG,2021-09-14T09:10:00+03:00,23.71,23.71,23.70,23.70,3
Finam:AG,2021-09-14T09:11:00+03:00,23.70,23.70,23.70,23.70,5
Finam:AG,2021-09-14T09:12:00+03:00,23.70,23.70,23.70,23.70,1
Finam:AG,2021-09-14T09:13:00+03:00,23.70,23.71,23.69,23.71,9
Finam:AG,2021-09-14T09:14:00+03:00,23.71,23.71,23.71,23.71,7
Finam:AG,2021-09-14T09:15:00+03:00,23.71,23.72,23.71,23.72,2
Finam:AG,2021-09-14T09:16:00+03:00,23.73,23.74,23.73,23.73,28
Finam:AG,2021-09-14T09:17:00+03:00,23.73,23.73,23.73,23.73,8
Finam:AG,2021-09-14T09:18:00+03:00,23.73,23.74,23.73,23.74,15
Finam:AG,2021-09-14T09:19:00+03:00,23.74,23.74,23.73,23.73,7
Finam:AG,2021-09-14T09:20:00+03:00,23.74,23.74,23.74,23.74,1
Finam:AG,2021-09-14T09:21:00+03:00,23.73,23.73,23.73,23.73,11
Finam:AG,2021-09-14T09:23:00+03:00,23.73,23.74,23.73,23.74,11
Finam:AG,2021-09-14T09:24:00+03:00,23.73,23.73,23.73,23.73,3
Finam:AG,2021-09-14T09:25:00+03:00,23.73,23.74,23.73,23.74,5
Finam:AG,2021-09-14T09:26:00+03:00,23.74,23.75,23.74,23.75,24
Finam:AG,2021-09-14T09:27:00+03:00,23.74,23.74,23.74,23.74,4
Finam:AG,2021-09-14T09:28:00+03:00,23.74,23.74,23.72,23.72,31
Finam:AG,2021-09-14T09:29:00+03:00,23.72,23.74,23.72,23.74,20
Finam:AG,2021-09-14T09:30:00+03:00,23.73,23.73,23.73,23.73,2
Finam:AG,2021-09-14T09:31:00+03:00,23.73,23.73,23.73,23.73,6
Finam:AG,2021-09-14T09:32:00+03:00,23.74,23.74,23.74,23.74,5
Finam:AG,2021-09-14T09:33:00+03:00,23.74,23.74,23.74,23.74,6
Finam:AG,2021-09-14T09:34:00+03:00,23.74,23.75,23.74,23.74,5
Finam:AG,2021-09-14T09:35:00+03:00,23.74,23.74,23.73,23.73,9
Finam:AG,2021-09-14T09:36:00+03:00,23.73,23.73,23.72,23.72,7
Finam:AG,2021-09-14T09:37:00+03:00,23.72,23.73,23.72,23.73,8
Finam:AG,2021-09-14T09:38:00+03:00,23.73,23.73,23.73,23.73,4
Finam:AG,2021-09-14T09:39:00+03:00,23.72,23.73,23.72,23.73,20
Finam:AG,2021-09-14T09:40:00+03:00,23.73,23.74,23.73,23.74,16
Finam:AG,2021-09-14T09:41:00+03:00,23.74,23.75,23.74,23.74,24
Finam:AG,2021-09-14T09:42:00+03:00,23.74,23.75,23.74,23.75,23
Finam:AG,2021-09-14T09:43:00+03:00,23.74,23.75,23.74,23.74,15
Finam:AG,2021-09-14T09:44:00+03:00,23.74,23.74,23.74,23.74,23
Finam:AG,2021-09-14T09:45:00+03:00,23.73,23.73,23.71,23.71,32
Finam:AG,2021-09-14T09:46:00+03:00,23.71,23.72,23.70,23.72,38
Finam:AG,2021-09-14T09:47:00+03:00,23.72,23.73,23.71,23.71,50
Finam:AG,2021-09-14T09:48:00+03:00,23.71,23.72,23.71,23.72,16
Finam:AG,2021-09-14T09:49:00+03:00,23.72,23.72,23.71,23.72,12
Finam:AG,2021-09-14T09:50:00+03:00,23.72,23.73,23.72,23.73,13
Finam:AG,2021-09-14T09:51:00+03:00,23.73,23.73,23.72,23.72,11
Finam:AG,2021-09-14T09:52:00+03:00,23.73,23.73,23.72,23.72,7
Finam:AG,2021-09-14T09:53:00+03:00,23.72,23.72,23.71,23.72,14
Finam:AG,2021-09-14T09:54:00+03:00,23.72,23.73,23.72,23.73,5
Finam:AG,2021-09-14T09:55:00+03:00,23.72,23.74,23.72,23.73,17
Finam:AG,2021-09-14T09:56:00+03:00,23.73,23.73,23.73,23.73,3
Finam:AG,2021-09-14T09:57:00+03:00,23.72,23.73,23.72,23.73,9
Finam:AG,2021-09-14T09:58:00+03:00,23.73,23.73,23.73,23.73,4
Finam:AG,2021-09-14T09:59:00+03:00,23.73,23.73,23.72,23.72,19
Finam:AG,2021-09-14T10:00:00+03:00,23.72,23.72,23.71,23.72,25
Finam:AG,2021-09-14T10:01:00+03:00,23.73,23.73,23.72,23.72,14
Finam:AG,2021-09-14T10:02:00+03:00,23.73,23.73,23.72,23.72,15
Finam:AG,2021-09-14T10:03:00+03:00,23.72,23.72,23.71,23.71,3
Finam:AG,2021-09-14T10:04:00+03:00,23.72,23.72,23.71,23.72,5
Finam:AG,2021-09-14T10:05:00+03:00,23.73,23.75,23.73,23.74,29
Finam:AG,2021-09-14T10:06:00+03:00,23.73,23.73,23.72,23.73,5
Finam:AG,2021-09-14T10:07:00+03:00,23.73,23.74,23.73,23.74,4
Finam:AG,2021-09-14T10:08:00+03:00,23.74,23.75,23.74,23.75,14
Finam:AG,2021-09-14T10:09:00+03:00,23.75,23.75,23.75,23.75,7
Finam:AG,2021-09-14T10:10:00+03:00,23.75,23.75,23.74,23.74,15
Finam:AG,2021-09-14T10:11:00+03:00,23.74,23.74,23.73,23.74,16
Finam:AG,2021-09-14T10:12:00+03:00,23.74,23.75,23.74,23.75,3
Finam:AG,2021-09-14T10:13:00+03:00,23.74,23.75,23.74,23.75,4
Finam:AG,2021-09-14T10:14:00+03:00,23.74,23.75,23.74,23.75,7
Finam:AG,2021-09-14T10:15:00+03:00,23.75,23.75,23.73,23.74,15
Finam:AG,2021-09-14T10:16:00+03:00,23.74,23.75,23.74,23.75,5
Finam:AG,2021-09-14T10:17:00+03:00,23.74,23.75,23.74,23.75,9
Finam:AG,2021-09-14T10:18:00+03:00,23.75,23.76,23.75,23.76,4
Finam:AG,2021-09-14T10:19:00+03:00,23.75,23.76,23.75,23.76,6
Finam:AG,2021-09-14T10:20:00+03:00,23.76,23.77,23.76,23.76,28
Finam:AG,2021-09-14T10:21:00+03:00,23.76,23.77,23.76,23.76,55
Finam:AG,2021-09-14T10:22:00+03:00,23.77,23.78,23.76,23.78,93
Finam:AG,2021-09-14T10:23:00+03:00,23.77,23.78,23.77,23.77,10
Finam:AG,2021-09-14T10:24:00+03:00,23.77,23.77,23.76,23.76,10
Finam:AG,2021-09-14T10:25:00+03:00,23.76,23.76,23.75,23.75,17
Finam:AG,2021-09-14T10:26:00+03:00,23.75,23.76,23.75,23.76,6
Finam:AG,2021-09-14T10:27:00+03:00,23.75,23.76,23.75,23.76,12
Finam:AG,2021-09-14T10:28:00+03:00,23.76,23.77,23.76,23.77,11
Finam:AG,2021-09-14T10:29:00+03:00,23.76,23.77,23.75,23.77,10
Finam:AG,2021-09-14T10:30:00+03:00,23.77,23.77,23.76,23.76,7
Finam:AG,2021-09-14T10:31:00+03:00,23.76,23.76,23.76,23.76,18
Finam:AG,2021-09-14T10:32:00+03:00,23.76,23.76,23.76,23.76,1
Finam:AG,2021-09-14T10:33:00+03:00,23.76,23.76,23.75,23.75,18
Finam:AG,2021-09-14T10:34:00+03:00,23.75,23.76,23.74,23.74,25
Finam:AG,2021-09-14T10:35:00+03:00,23.74,23.75,23.73,23.75,19
Finam:AG,2021-09-14T10:36:00+03:00,23.75,23.76,23.75,23.76,7
Finam:AG,2021-09-14T10:37:00+03:00,23.75,23.75,23.75,23.75,7
Finam:AG,2021-09-14T10:38:00+03:00,23.75,23.76,23.75,23.76,18
Finam:AG,2021-09-14T10:39:00+03:00,23.75,23.75,23.74,23.74,10
Finam:AG,2021-09-14T10:40:00+03:00,23.74,23.74,23.72,23.72,37
Finam:AG,2021-09-14T10:41:00+03:00,23.72,23.73,23.71,23.71,41
Finam:AG,2021-09-14T10:42:00+03:00,23.72,23.73,23.72,23.73,26
Finam:AG,2021-09-14T10:43:00+03:00,23.72,23.72,23.71,23.71,12
Finam:AG,2021-09-14T10:44:00+03:00,23.72,23.73,23.72,23.72,8
Finam:AG,2021-09-14T10:45:00+03:00,23.72,23.72,23.71,23.71,12
Finam:AG,2021-09-14T10:46:00+03:00,23.71,23.71,23.70,23.71,5
Finam:AG,2021-09-14T10:47:00+03:00,23.71,23.72,23.71,23.72,4
Finam:AG,2021-09-14T10:48:00+03:00,23.72,23.72,23.71,23.72,25
Finam:AG,2021-09-14T10:49:00+03:00,23.71,23.72,23.71,23.72,16
Finam:AG,2021-09-14T10:50:00+03:00,23.72,23.72,23.71,23.71,11
Finam:AG,2021-09-14T10:51:00+03:00,23.72,23.73,23.72,23.73,5
Finam:AG,2021-09-14T10:52:00+03:00,23.72,23.72,23.72,23.72,4
Finam:AG,2021-09-14T10:53:00+03:00,23.72,23.73,23.72,23.73,8
Finam:AG,2021-09-14T10:54:00+03:00,23.73,23.73,23.72,23.72,33
Finam:AG,2021-09-14T10:55:00+03:00,23.73,23.73,23.72,23.73,9
Finam:AG,2021-09-14T10:56:00+03:00,23.73,23.73,23.73,23.73,13
Finam:AG,2021-09-14T10:57:00+03:00,23.73,23.75,23.73,23.75,36
Finam:AG,2021-09-14T10:58:00+03:00,23.75,23.75,23.74,23.74,7
Finam:AG,2021-09-14T10:59:00+03:00,23.74,23.74,23.73,23.73,13
Finam:AG,2021-09-14T11:00:00+03:00,23.73,23.73,23.73,23.73,8
Finam:AG,2021-09-14T11:01:00+03:00,23.73,23.74,23.73,23.74,7
Finam:AG,2021-09-14T11:02:00+03:00,23.73,23.73,23.73,23.73,4
Finam:AG,2021-09-14T11:03:00+03:00,23.73,23.73,23.72,23.72,6
Finam:AG,2021-09-14T11:04:00+03:00,23.72,23.72,23.70,23.71,29
Finam:AG,2021-09-14T11:05:00+03:00,23.71,23.71,23.70,23.71,15
Finam:AG,2021-09-14T11:06:00+03:00,23.70,23.71,23.70,23.70,5
Finam:AG,2021-09-14T11:07:00+03:00,23.70,23.70,23.69,23.70,10
Finam:AG,2021-09-14T11:08:00+03:00,23.70,23.71,23.70,23.71,3
Finam:AG,2021-09-14T11:09:00+03:00,23.70,23.70,23.69,23.69,20
Finam:AG,2021-09-14T11:10:00+03:00,23.70,23.71,23.69,23.69,12
Finam:AG,2021-09-14T11:11:00+03:00,23.69,23.70,23.69,23.70,9
Finam:AG,2021-09-14T11:12:00+03:00,23.70,23.71,23.70,23.71,15
Finam:AG,2021-09-14T11:13:00+03:00,23.70,23.71,23.70,23.71,23
Finam:AG,2021-09-14T11:14:00+03:00,23.70,23.72,23.70,23.72,20
Finam:AG,2021-09-14T11:15:00+03:00,23.72,23.72,23.71,23.71,30
Finam:AG,2021-09-14T11:16:00+03:00,23.70,23.71,23.70,23.70,16
Finam:AG,2021-09-14T11:17:00+03:00,23.70,23.70,23.69,23.70,5
Finam:AG,2021-09-14T11:18:00+03:00,23.71,23.72,23.71,23.72,6
Finam:AG,2021-09-14T11:19:00+03:00,23.71,23.72,23.71,23.71,5
Finam:AG,2021-09-14T11:20:00+03:00,23.72,23.73,23.72,23.73,11
Finam:AG,2021-09-14T11:21:00+03:00,23.72,23.73,23.72,23.73,3
Finam:AG,2021-09-14T11:22:00+03:00,23.73,23.73,23.73,23.73,6
Finam:AG,2021-09-14T11:23:00+03:00,23.73,23.73,23.73,23.73,6
Finam:AG,2021-09-14T11:24:00+03:00,23.73,23.74,23.73,23.74,15
Finam:AG,2021-09-14T11:25:00+03:00,23.74,23.74,23.73,23.73,30
Finam:AG,2021-09-14T11:26:00+03:00,23.73,23.74,23.73,23.74,2
Finam:AG,2021-09-14T11:27:00+03:00,23.74,23.75,23.74,23.75,4
Finam:AG,2021-09-14T11:28:00+03:00,23.74,23.74,23.74,23.74,2
Finam:AG,2021-09-14T11:29:00+03:00,23.74,23.75,23.73,23.74,17
Finam:AG,2021-09-14T11:30:00+03:00,23.74,23.75,23.74,23.74,5
Finam:AG,2021-09-14T11:32:00+03:00,23.74,23.74,23.73,23.73,6
Finam:AG,2021-09-14T11:33:00+03:00,23.74,23.74,23.74,23.74,5
Finam:AG,2021-09-14T11:34:00+03:00,23.74,23.75,23.74,23.74,12
Finam:AG,2021-09-14T11:35:00+03:00,23.75,23.75,23.75,23.75,4
Finam:AG,2021-09-14T11:36:00+03:00,23.75,23.75,23.74,23.74,10
Finam:AG,2021-09-14T11:37:00+03:00,23.74,23.75,23.74,23.74,9
Finam:AG,2021-09-14T11:38:00+03:00,23.74,23.74,23.74,23.74,2
Finam:AG,2021-09-14T11:39:00+03:00,23.74,23.75,23.74,23.75,2
Finam:AG,2021-09-14T11:40:00+03:00,23.74,23.74,23.74,23.74,3
Finam:AG,2021-09-14T11:41:00+03:00,23.73,23.74,23.73,23.74,9
Finam:AG,2021-09-14T11:43:00+03:00,23.74,23.74,23.74,23.74,2
Finam:AG,2021-09-14T11:44:00+03:00,23.74,23.74,23.73,23.73,5
Finam:AG,2021-09-14T11:45:00+03:00,23.73,23.73,23.73,23.73,6
Finam:AG,2021-09-14T11:46:00+03:00,23.73,23.73,23.73,23.73,1
Finam:AG,2021-09-14T11:47:00+03:00,23.73,23.74,23.73,23.74,4
Finam:AG,2021-09-14T11:48:00+03:00,23.74,23.74,23.74,23.74,2
Finam:AG,2021-09-14T11:49:00+03:00,23.73,23.73,23.73,23.73,2
Finam:AG,2021-09-14T11:50:00+03:00,23.73,23.73,23.72,23.72,25
Finam:AG,2021-09-14T11:51:00+03:00,23.73,23.73,23.73,23.73,1
Finam:AG,2021-09-14T11:52:00+03:00,23.72,23.72,23.72,23.72,5
Finam:AG,2021-09-14T11:53:00+03:00,23.72,23.73,23.72,23.73,25
Finam:AG,2021-09-14T11:54:00+03:00,23.72,23.72,23.71,23.71,5
Finam:AG,2021-09-14T11:55:00+03:00,23.72,23.73,23.72,23.73,5
Finam:AG,2021-09-14T11:57:00+03:00,23.72,23.72,23.71,23.71,3
Finam:AG,2021-09-14T11:58:00+03:00,23.71,23.71,23.70,23.70,5
Finam:AG,2021-09-14T11:59:00+03:00,23.71,23.71,23.70,23.70,2
Finam:AG,2021-09-14T12:00:00+03:00,23.71,23.71,23.71,23.71,6
Finam:AG,2021-09-14T12:01:00+03:00,23.71,23.72,23.71,23.72,13
Finam:AG,2021-09-14T12:02:00+03:00,23.71,23.71,23.71,23.71,7
Finam:AG,2021-09-14T12:03:00+03:00,23.71,23.72,23.71,23.72,7
Finam:AG,2021-09-14T12:04:00+03:00,23.71,23.71,23.70,23.71,15
Finam:AG,2021-09-14T12:05:00+03:00,23.71,23.71,23.71,23.71,5
Finam:AG,2021-09-14T12:06:00+03:00,23.70,23.70,23.70,23.70,1
Finam:AG,2021-09-14T12:07:00+03:00,23.70,23.70,23.70,23.70,1
Finam:AG,2021-09-14T12:08:00+03:00,23.70,23.70,23.70,23.70,3
Finam:AG,2021-09-14T12:09:00+03:00,23.70,23.71,23.70,23.70,11
Finam:AG,2021-09-14T12:10:00+03:00,23.70,23.70,23.69,23.70,8
Finam:AG,2021-09-14T12:11:00+03:00,23.70,23.70,23.70,23.70,11
Finam:AG,2021-09-14T12:12:00+03:00,23.69,23.70,23.69,23.70,10
Finam:AG,2021-09-14T12:13:00+03:00,23.70,23.71,23.70,23.71,27
Finam:AG,2021-09-14T12:14:00+03:00,23.71,23.72,23.70,23.71,42
Finam:AG,2021-09-14T12:15:00+03:00,23.71,23.71,23.70,23.70,18
Finam:AG,2021-09-14T12:16:00+03:00,23.71,23.71,23.70,23.70,6
Finam:AG,2021-09-14T12:17:00+03:00,23.70,23.70,23.70,23.70,4
Finam:AG,2021-09-14T12:18:00+03:00,23.71,23.71,23.70,23.70,15
Finam:AG,2021-09-14T12:19:00+03:00,23.70,23.70,23.69,23.70,23
Finam:AG,2021-09-14T12:20:00+03:00,23.69,23.70,23.68,23.69,38
Finam:AG,2021-09-14T12:21:00+03:00,23.69,23.70,23.69,23.69,21
Finam:AG,2021-09-14T12:22:00+03:00,23.69,23.69,23.68,23.69,21
Finam:AG,2021-09-14T12:23:00+03:00,23.69,23.70,23.69,23.69,7
Finam:AG,2021-09-14T12:24:00+03:00,23.69,23.69,23.69,23.69,8
Finam:AG,2021-09-14T12:25:00+03:00,23.69,23.69,23.68,23.68,8
Finam:AG,2021-09-14T12:27:00+03:00,23.68,23.69,23.67,23.69,8
Finam:AG,2021-09-14T12:28:00+03:00,23.68,23.69,23.68,23.69,8
Finam:AG,2021-09-14T12:29:00+03:00,23.69,23.69,23.69,23.69,5
Finam:AG,2021-09-14T12:30:00+03:00,23.68,23.69,23.68,23.69,19
Finam:AG,2021-09-14T12:31:00+03:00,23.70,23.70,23.70,23.70,5
Finam:AG,2021-09-14T12:32:00+03:00,23.70,23.71,23.70,23.70,8
Finam:AG,2021-09-14T12:34:00+03:00,23.69,23.69,23.69,23.69,6
Finam:AG,2021-09-14T12:35:00+03:00,23.69,23.70,23.69,23.70,10
Finam:AG,2021-09-14T12:36:00+03:00,23.68,23.68,23.68,23.68,1
Finam:AG,2021-09-14T12:37:00+03:00,23.68,23.68,23.67,23.67,23
Finam:AG,2021-09-14T12:38:00+03:00,23.68,23.68,23.67,23.68,7
Finam:AG,2021-09-14T12:40:00+03:00,23.68,23.68,23.68,23.68,3
Finam:AG,2021-09-14T12:41:00+03:00,23.68,23.68,23.67,23.67,5
Finam:AG,2021-09-14T12:42:00+03:00,23.68,23.68,23.67,23.67,33
Finam:AG,2021-09-14T12:43:00+03:00,23.67,23.67,23.66,23.66,6
Finam:AG,2021-09-14T12:44:00+03:00,23.67,23.68,23.67,23.68,7
Finam:AG,2021-09-14T12:45:00+03:00,23.68,23.68,23.67,23.67,27
Finam:AG,2021-09-14T12:46:00+03:00,23.67,23.67,23.66,23.66,37
Finam:AG,2021-09-14T12:47:00+03:00,23.66,23.66,23.65,23.65,40
Finam:AG,2021-09-14T12:48:00+03:00,23.65,23.66,23.65,23.66,13
Finam:AG,2021-09-14T12:49:00+03:00,23.65,23.65,23.64,23.64,20
Finam:AG,2021-09-14T12:50:00+03:00,23.65,23.65,23.65,23.65,12
Finam:AG,2021-09-14T12:51:00+03:00,23.65,23.66,23.65,23.65,53
Finam:AG,2021-09-14T12:52:00+03:00,23.65,23.66,23.63,23.64,98
Finam:AG,2021-09-14T12:53:00+03:00,23.64,23.65,23.63,23.63,24
Finam:AG,2021-09-14T12:54:00+03:00,23.63,23.64,23.63,23.63,18
Finam:AG,2021-09-14T12:55:00+03:00,23.63,23.64,23.62,23.63,30
Finam:AG,2021-09-14T12:56:00+03:00,23.62,23.63,23.61,23.63,30
Finam:AG,2021-09-14T12:57:00+03:00,23.63,23.64,23.63,23.64,11
Finam:AG,2021-09-14T12:58:00+03:00,23.63,23.64,23.63,23.64,33
Finam:AG,2021-09-14T12:59:00+03:00,23.64,23.64,23.64,23.64,1
Finam:AG,2021-09-14T13:00:00+03:00,23.63,23.63,23.62,23.63,25
Finam:AG,2021-09-14T13:01:00+03:00,23.63,23.63,23.62,23.62,8
Finam:AG,2021-09-14T13:02:00+03:00,23.62,23.63,23.61,23.63,14
Finam:AG,2021-09-14T13:03:00+03:00,23.63,23.63,23.63,23.63,13
Finam:AG,2021-09-14T13:04:00+03:00,23.63,23.63,23.62,23.62,14
Finam:AG,2021-09-14T13:05:00+03:00,23.62,23.63,23.62,23.63,5
Finam:AG,2021-09-14T13:06:00+03:00,23.62,23.62,23.61,23.61,3
Finam:AG,2021-09-14T13:07:00+03:00,23.62,23.62,23.62,23.62,3
Finam:AG,2021-09-14T13:08:00+03:00,23.62,23.62,23.61,23.62,16
Finam:AG,2021-09-14T13:09:00+03:00,23.62,23.62,23.60,23.60,86
Finam:AG,2021-09-14T13:10:00+03:00,23.60,23.61,23.59,23.60,67
Finam:AG,2021-09-14T13:11:00+03:00,23.60,23.61,23.60,23.60,9
Finam:AG,2021-09-14T13:12:00+03:00,23.60,23.61,23.59,23.61,19
Finam:AG,2021-09-14T13:13:00+03:00,23.61,23.62,23.61,23.62,16
Finam:AG,2021-09-14T13:14:00+03:00,23.61,23.62,23.61,23.62,8
Finam:AG,2021-09-14T13:15:00+03:00,23.61,23.61,23.59,23.60,16
Finam:AG,2021-09-14T13:16:00+03:00,23.60,23.60,23.59,23.59,15
Finam:AG,2021-09-14T13:17:00+03:00,23.59,23.59,23.58,23.59,23
Finam:AG,2021-09-14T13:18:00+03:00,23.59,23.60,23.59,23.59,15
Finam:AG,2021-09-14T13:19:00+03:00,23.59,23.60,23.59,23.60,39
Finam:AG,2021-09-14T13:20:00+03:00,23.59,23.59,23.59,23.59,1
Finam:AG,2021-09-14T13:21:00+03:00,23.59,23.59,23.58,23.58,18
Finam:AG,2021-09-14T13:22:00+03:00,23.59,23.59,23.58,23.59,20
Finam:AG,2021-09-14T13:23:00+03:00,23.59,23.60,23.59,23.59,7
Finam:AG,2021-09-14T13:24:00+03:00,23.59,23.59,23.58,23.58,6
Finam:AG,2021-09-14T13:25:00+03:00,23.58,23.59,23.58,23.58,14
Finam:AG,2021-09-14T13:26:00+03:00,23.59,23.59,23.58,23.59,14
Finam:AG,2021-09-14T13:27:00+03:00,23.59,23.60,23.59,23.60,18
Finam:AG,2021-09-14T13:28:00+03:00,23.60,23.61,23.60,23.60,6
Finam:AG,2021-09-14T13:29:00+03:00,23.60,23.61,23.59,23.59,7
Finam:AG,2021-09-14T13:30:00+03:00,23.60,23.60,23.59,23.59,36
Finam:AG,2021-09-14T13:31:00+03:00,23.59,23.60,23.58,23.59,44
Finam:AG,2021-09-14T13:32:00+03:00,23.59,23.59,23.58,23.58,4
Finam:AG,2021-09-14T13:33:00+03:00,23.59,23.60,23.59,23.60,6
Finam:AG,2021-09-14T13:34:00+03:00,23.59,23.59,23.59,23.59,6
Finam:AG,2021-09-14T13:35:00+03:00,23.59,23.59,23.59,23.59,4
Finam:AG,2021-09-14T13:36:00+03:00,23.59,23.59,23.59,23.59,1
Finam:AG,2021-09-14T13:37:00+03:00,23.59,23.59,23.59,23.59,5
Finam:AG,2021-09-14T13:38:00+03:00,23.59,23.60,23.59,23.60,10
Finam:AG,2021-09-14T13:39:00+03:00,23.59,23.59,23.59,23.59,9
Finam:AG,2021-09-14T13:40:00+03:00,23.59,23.60,23.58,23.60,10
Finam:AG,2021-09-14T13:41:00+03:00,23.58,23.59,23.58,23.59,3
Finam:AG,2021-09-14T13:42:00+03:00,23.58,23.59,23.58,23.58,21
Finam:AG,2021-09-14T13:43:00+03:00,23.58,23.58,23.58,23.58,10
Finam:AG,2021-09-14T13:44:00+03:00,23.58,23.59,23.58,23.59,10
Finam:AG,2021-09-14T13:45:00+03:00,23.58,23.58,23.57,23.58,27
Finam:AG,2021-09-14T13:46:00+03:00,23.57,23.57,23.56,23.56,9
Finam:AG,2021-09-14T13:47:00+03:00,23.57,23.58,23.57,23.58,16
Finam:AG,2021-09-14T13:48:00+03:00,23.57,23.58,23.57,23.57,9
Finam:AG,2021-09-14T13:49:00+03:00,23.57,23.58,23.56,23.56,46
Finam:AG,2021-09-14T13:50:00+03:00,23.56,23.57,23.55,23.57,9
Finam:AG,2021-09-14T13:51:00+03:00,23.57,23.57,23.57,23.57,10
Finam:AG,2021-09-14T13:53:00+03:00,23.57,23.58,23.57,23.58,11
Finam:AG,2021-09-14T13:54:00+03:00,23.57,23.58,23.57,23.58,7
Finam:AG,2021-09-14T13:55:00+03:00,23.57,23.58,23.57,23.57,15
Finam:AG,2021-09-14T13:56:00+03:00,23.57,23.58,23.56,23.58,26
Finam:AG,2021-09-14T13:57:00+03:00,23.58,23.59,23.58,23.59,13
Finam:AG,2021-09-14T13:58:00+03:00,23.58,23.58,23.57,23.57,6
Finam:AG,2021-09-14T13:59:00+03:00,23.58,23.58,23.56,23.56,14
Finam:AG,2021-09-14T14:00:00+03:00,23.57,23.60,23.55,23.58,268
Finam:AG,2021-09-14T14:01:00+03:00,23.58,23.60,23.57,23.59,103
Finam:AG,2021-09-14T14:02:00+03:00,23.59,23.62,23.58,23.61,81
Finam:AG,2021-09-14T14:03:00+03:00,23.61,23.62,23.61,23.62,39
Finam:AG,2021-09-14T14:04:00+03:00,23.62,23.63,23.61,23.63,75
Finam:AG,2021-09-14T14:05:00+03:00,23.63,23.64,23.61,23.64,62
Finam:AG,2021-09-14T14:06:00+03:00,23.64,23.65,23.63,23.64,24
Finam:AG,2021-09-14T14:07:00+03:00,23.64,23.65,23.64,23.64,43
Finam:AG,2021-09-14T14:08:00+03:00,23.64,23.64,23.63,23.63,23
Finam:AG,2021-09-14T14:09:00+03:00,23.64,23.64,23.63,23.63,10
Finam:AG,2021-09-14T14:10:00+03:00,23.62,23.63,23.62,23.63,13
Finam:AG,2021-09-14T14:11:00+03:00,23.62,23.63,23.62,23.62,3
Finam:AG,2021-09-14T14:12:00+03:00,23.62,23.62,23.62,23.62,3
Finam:AG,2021-09-14T14:13:00+03:00,23.62,23.63,23.62,23.63,12
Finam:AG,2021-09-14T14:14:00+03:00,23.63,23.64,23.63,23.64,10
Finam:AG,2021-09-14T14:15:00+03:00,23.63,23.64,23.62,23.62,19
Finam:AG,2021-09-14T14:16:00+03:00,23.62,23.62,23.62,23.62,2
Finam:AG,2021-09-14T14:17:00+03:00,23.63,23.63,23.61,23.61,61
Finam:AG,2021-09-14T14:18:00+03:00,23.61,23.63,23.61,23.62,10
Finam:AG,2021-09-14T14:19:00+03:00,23.62,23.62,23.61,23.61,4
Finam:AG,2021-09-14T14:20:00+03:00,23.62,23.63,23.61,23.61,14
Finam:AG,2021-09-14T14:21:00+03:00,23.62,23.62,23.61,23.61,34
Finam:AG,2021-09-14T14:22:00+03:00,23.61,23.61,23.60,23.61,22
Finam:AG,2021-09-14T14:23:00+03:00,23.62,23.62,23.62,23.62,18
Finam:AG,2021-09-14T14:24:00+03:00,23.62,23.63,23.62,23.62,10
Finam:AG,2021-09-14T14:25:00+03:00,23.62,23.62,23.60,23.61,20
Finam:AG,2021-09-14T14:26:00+03:00,23.62,23.62,23.61,23.61,17
Finam:AG,2021-09-14T14:27:00+03:00,23.62,23.62,23.61,23.61,17
Finam:AG,2021-09-14T14:28:00+03:00,23.61,23.61,23.61,23.61,3
Finam:AG,2021-09-14T14:29:00+03:00,23.61,23.61,23.60,23.60,10
Finam:AG,2021-09-14T14:30:00+03:00,23.61,23.62,23.61,23.62,6
Finam:AG,2021-09-14T14:31:00+03:00,23.61,23.62,23.61,23.61,8
Finam:AG,2021-09-14T14:32:00+03:00,23.61,23.61,23.60,23.61,16
Finam:AG,2021-09-14T14:34:00+03:00,23.61,23.62,23.61,23.61,4
Finam:AG,2021-09-14T14:35:00+03:00,23.61,23.61,23.60,23.60,4
Finam:AG,2021-09-14T14:36:00+03:00,23.61,23.61,23.61,23.61,1
Finam:AG,2021-09-14T14:37:00+03:00,23.61,23.61,23.60,23.60,22
Finam:AG,2021-09-14T14:38:00+03:00,23.60,23.60,23.58,23.59,26
Finam:AG,2021-09-14T14:39:00+03:00,23.59,23.59,23.57,23.58,26
Finam:AG,2021-09-14T14:40:00+03:00,23.58,23.59,23.58,23.59,4
Finam:AG,2021-09-14T14:41:00+03:00,23.58,23.58,23.57,23.57,6
Finam:AG,2021-09-14T14:42:00+03:00,23.58,23.59,23.58,23.59,12
Finam:AG,2021-09-14T14:43:00+03:00,23.58,23.58,23.58,23.58,1
Finam:AG,2021-09-14T14:44:00+03:00,23.58,23.59,23.57,23.59,20
Finam:AG,2021-09-14T14:45:00+03:00,23.59,23.59,23.58,23.58,10
Finam:AG,2021-09-14T14:46:00+03:00,23.58,23.58,23.57,23.57,40
Finam:AG,2021-09-14T14:47:00+03:00,23.57,23.57,23.56,23.56,27
Finam:AG,2021-09-14T14:48:00+03:00,23.56,23.56,23.54,23.54,76
Finam:AG,2021-09-14T14:49:00+03:00,23.54,23.54,23.52,23.52,77
Finam:AG,2021-09-14T14:50:00+03:00,23.52,23.53,23.47,23.49,263
Finam:AG,2021-09-14T14:51:00+03:00,23.50,23.53,23.49,23.52,108
Finam:AG,2021-09-14T14:52:00+03:00,23.51,23.51,23.46,23.50,275
Finam:AG,2021-09-14T14:53:00+03:00,23.50,23.50,23.46,23.49,153
Finam:AG,2021-09-14T14:54:00+03:00,23.49,23.50,23.48,23.49,78
Finam:AG,2021-09-14T14:55:00+03:00,23.49,23.53,23.48,23.53,125
Finam:AG,2021-09-14T14:56:00+03:00,23.53,23.55,23.53,23.54,64
Finam:AG,2021-09-14T14:57:00+03:00,23.54,23.55,23.53,23.54,15
Finam:AG,2021-09-14T14:58:00+03:00,23.54,23.54,23.53,23.54,19
Finam:AG,2021-09-14T14:59:00+03:00,23.54,23.55,23.53,23.53,23
Finam:AG,2021-09-14T15:00:00+03:00,23.54,23.54,23.50,23.50,161
Finam:AG,2021-09-14T15:01:00+03:00,23.50,23.50,23.48,23.50,165
Finam:AG,2021-09-14T15:02:00+03:00,23.50,23.53,23.49,23.53,81
Finam:AG,2021-09-14T15:03:00+03:00,23.53,23.54,23.51,23.54,67
Finam:AG,2021-09-14T15:04:00+03:00,23.53,23.53,23.51,23.51,61
Finam:AG,2021-09-14T15:05:00+03:00,23.51,23.52,23.50,23.52,95
Finam:AG,2021-09-14T15:06:00+03:00,23.52,23.53,23.51,23.51,91
Finam:AG,2021-09-14T15:07:00+03:00,23.52,23.52,23.50,23.50,63
Finam:AG,2021-09-14T15:08:00+03:00,23.50,23.50,23.48,23.49,29
Finam:AG,2021-09-14T15:09:00+03:00,23.49,23.52,23.49,23.52,46
Finam:AG,2021-09-14T15:10:00+03:00,23.52,23.53,23.51,23.53,48
Finam:AG,2021-09-14T15:11:00+03:00,23.52,23.54,23.51,23.51,55
Finam:AG,2021-09-14T15:12:00+03:00,23.51,23.51,23.50,23.51,28
Finam:AG,2021-09-14T15:13:00+03:00,23.52,23.54,23.52,23.54,87
Finam:AG,2021-09-14T15:14:00+03:00,23.54,23.54,23.53,23.54,113
Finam:AG,2021-09-14T15:15:00+03:00,23.54,23.55,23.52,23.53,56
Finam:AG,2021-09-14T15:16:00+03:00,23.54,23.55,23.53,23.55,48
Finam:AG,2021-09-14T15:17:00+03:00,23.54,23.54,23.52,23.52,39
Finam:AG,2021-09-14T15:18:00+03:00,23.53,23.53,23.51,23.52,46
Finam:AG,2021-09-14T15:19:00+03:00,23.52,23.54,23.51,23.54,80
Finam:AG,2021-09-14T15:20:00+03:00,23.53,23.53,23.51,23.52,38
Finam:AG,2021-09-14T15:21:00+03:00,23.52,23.52,23.50,23.51,68
Finam:AG,2021-09-14T15:22:00+03:00,23.50,23.52,23.50,23.51,36
Finam:AG,2021-09-14T15:23:00+03:00,23.51,23.52,23.50,23.51,24
Finam:AG,2021-09-14T15:24:00+03:00,23.51,23.52,23.50,23.51,47
Finam:AG,2021-09-14T15:25:00+03:00,23.51,23.52,23.49,23.49,139
Finam:AG,2021-09-14T15:26:00+03:00,23.50,23.50,23.47,23.49,106
Finam:AG,2021-09-14T15:27:00+03:00,23.48,23.50,23.47,23.50,88
Finam:AG,2021-09-14T15:28:00+03:00,23.49,23.51,23.49,23.51,42
Finam:AG,2021-09-14T15:29:00+03:00,23.51,23.53,23.50,23.51,74
Finam:AG,2021-09-14T15:30:00+03:00,23.51,23.65,23.44,23.60,908
Finam:AG,2021-09-14T15:31:00+03:00,23.59,23.65,23.59,23.63,357
Finam:AG,2021-09-14T15:32:00+03:00,23.63,23.71,23.61,23.68,401
Finam:AG,2021-09-14T15:33:00+03:00,23.68,23.73,23.68,23.72,251
Finam:AG,2021-09-14T15:34:00+03:00,23.72,23.76,23.71,23.75,201
Finam:AG,2021-09-14T15:35:00+03:00,23.75,23.81,23.74,23.80,477
Finam:AG,2021-09-14T15:36:00+03:00,23.81,23.81,23.78,23.78,219
Finam:AG,2021-09-14T15:37:00+03:00,23.78,23.79,23.72,23.73,398
Finam:AG,2021-09-14T15:38:00+03:00,23.73,23.77,23.71,23.77,259
Finam:AG,2021-09-14T15:39:00+03:00,23.77,23.78,23.73,23.73,135
Finam:AG,2021-09-14T15:40:00+03:00,23.73,23.77,23.73,23.76,172
Finam:AG,2021-09-14T15:41:00+03:00,23.76,23.76,23.72,23.72,157
Finam:AG,2021-09-14T15:42:00+03:00,23.72,23.75,23.71,23.73,127
Finam:AG,2021-09-14T15:43:00+03:00,23.73,23.74,23.72,23.72,65
Finam:AG,2021-09-14T15:44:00+03:00,23.72,23.73,23.69,23.70,240
Finam:AG,2021-09-14T15:45:00+03:00,23.70,23.70,23.67,23.69,146
Finam:AG,2021-09-14T15:46:00+03:00,23.68,23.70,23.66,23.67,142
Finam:AG,2021-09-14T15:47:00+03:00,23.68,23.69,23.66,23.67,62
Finam:AG,2021-09-14T15:48:00+03:00,23.67,23.67,23.64,23.66,126
Finam:AG,2021-09-14T15:49:00+03:00,23.66,23.69,23.66,23.69,114
Finam:AG,2021-09-14T15:50:00+03:00,23.68,23.69,23.66,23.66,219
Finam:AG,2021-09-14T15:51:00+03:00,23.67,23.69,23.66,23.69,43
Finam:AG,2021-09-14T15:52:00+03:00,23.68,23.72,23.68,23.71,241
Finam:AG,2021-09-14T15:53:00+03:00,23.71,23.76,23.71,23.76,139
Finam:AG,2021-09-14T15:54:00+03:00,23.75,23.78,23.75,23.78,166
Finam:AG,2021-09-14T15:55:00+03:00,23.78,23.85,23.77,23.83,502
Finam:AG,2021-09-14T15:56:00+03:00,23.83,23.84,23.80,23.82,230
Finam:AG,2021-09-14T15:57:00+03:00,23.83,23.85,23.81,23.81,123
Finam:AG,2021-09-14T15:58:00+03:00,23.82,23.83,23.80,23.81,136
Finam:AG,2021-09-14T15:59:00+03:00,23.80,23.84,23.80,23.81,151
Finam:AG,2021-09-14T16:00:00+03:00,23.81,23.86,23.81,23.83,544
Finam:AG,2021-09-14T16:01:00+03:00,23.84,23.86,23.83,23.84,213
Finam:AG,2021-09-14T16:02:00+03:00,23.84,23.85,23.81,23.83,83
Finam:AG,2021-09-14T16:03:00+03:00,23.82,23.83,23.80,23.81,130
Finam:AG,2021-09-14T16:04:00+03:00,23.82,23.86,23.82,23.84,90
Finam:AG,2021-09-14T16:05:00+03:00,23.83,23.85,23.81,23.81,130
Finam:AG,2021-09-14T16:06:00+03:00,23.81,23.82,23.79,23.79,93
Finam:AG,2021-09-14T16:07:00+03:00,23.79,23.80,23.78,23.79,60
Finam:AG,2021-09-14T16:08:00+03:00,23.79,23.82,23.79,23.80,77
Finam:AG,2021-09-14T16:09:00+03:00,23.81,23.84,23.81,23.83,121
Finam:AG,2021-09-14T16:10:00+03:00,23.83,23.84,23.82,23.83,105
Finam:AG,2021-09-14T16:11:00+03:00,23.83,23.85,23.83,23.85,117
Finam:AG,2021-09-14T16:12:00+03:00,23.84,23.85,23.83,23.83,95
Finam:AG,2021-09-14T16:13:00+03:00,23.83,23.84,23.82,23.82,59
Finam:AG,2021-09-14T16:14:00+03:00,23.82,23.83,23.81,23.81,73
Finam:AG,2021-09-14T16:15:00+03:00,23.82,23.85,23.82,23.85,73
Finam:AG,2021-09-14T16:16:00+03:00,23.84,23.85,23.83,23.85,74
Finam:AG,2021-09-14T16:17:00+03:00,23.85,23.86,23.82,23.82,94
Finam:AG,2021-09-14T16:18:00+03:00,23.83,23.83,23.81,23.82,113
Finam:AG,2021-09-14T16:19:00+03:00,23.82,23.83,23.80,23.81,46
Finam:AG,2021-09-14T16:20:00+03:00,23.81,23.83,23.80,23.83,67
Finam:AG,2021-09-14T16:21:00+03:00,23.82,23.82,23.79,23.80,40
Finam:AG,2021-09-14T16:22:00+03:00,23.81,23.81,23.78,23.79,100
Finam:AG,2021-09-14T16:23:00+03:00,23.79,23.79,23.78,23.79,31
Finam:AG,2021-09-14T16:24:00+03:00,23.80,23.82,23.80,23.81,44
Finam:AG,2021-09-14T16:25:00+03:00,23.80,23.82,23.80,23.81,36
Finam:AG,2021-09-14T16:26:00+03:00,23.81,23.82,23.80,23.80,68
Finam:AG,2021-09-14T16:27:00+03:00,23.81,23.81,23.80,23.81,47
Finam:AG,2021-09-14T16:28:00+03:00,23.81,23.82,23.80,23.82,73
Finam:AG,2021-09-14T16:29:00+03:00,23.82,23.83,23.81,23.82,51
Finam:AG,2021-09-14T16:30:00+03:00,23.82,23.85,23.81,23.84,222
Finam:AG,2021-09-14T16:31:00+03:00,23.84,23.84,23.81,23.82,211
Finam:AG,2021-09-14T16:32:00+03:00,23.82,23.83,23.80,23.82,155
Finam:AG,2021-09-14T16:33:00+03:00,23.82,23.82,23.78,23.78,113
Finam:AG,2021-09-14T16:34:00+03:00,23.78,23.78,23.72,23.73,447
Finam:AG,2021-09-14T16:35:00+03:00,23.73,23.77,23.72,23.75,203
Finam:AG,2021-09-14T16:36:00+03:00,23.75,23.77,23.74,23.75,72
Finam:AG,2021-09-14T16:37:00+03:00,23.74,23.74,23.71,23.72,93
Finam:AG,2021-09-14T16:38:00+03:00,23.73,23.73,23.70,23.70,90
Finam:AG,2021-09-14T16:39:00+03:00,23.70,23.71,23.67,23.67,145
Finam:AG,2021-09-14T16:40:00+03:00,23.67,23.72,23.66,23.72,391
Finam:AG,2021-09-14T16:41:00+03:00,23.71,23.72,23.70,23.71,81
Finam:AG,2021-09-14T16:42:00+03:00,23.71,23.71,23.70,23.70,76
Finam:AG,2021-09-14T16:43:00+03:00,23.70,23.71,23.68,23.69,160
Finam:AG,2021-09-14T16:44:00+03:00,23.69,23.72,23.68,23.71,65
Finam:AG,2021-09-14T16:45:00+03:00,23.71,23.71,23.67,23.67,151
Finam:AG,2021-09-14T16:46:00+03:00,23.67,23.71,23.66,23.71,179
Finam:AG,2021-09-14T16:47:00+03:00,23.71,23.72,23.70,23.72,119
Finam:AG,2021-09-14T16:48:00+03:00,23.72,23.73,23.71,23.72,55
Finam:AG,2021-09-14T16:49:00+03:00,23.72,23.72,23.70,23.70,54
Finam:AG,2021-09-14T16:50:00+03:00,23.70,23.71,23.69,23.70,53
Finam:AG,2021-09-14T16:51:00+03:00,23.70,23.71,23.69,23.70,47
Finam:AG,2021-09-14T16:52:00+03:00,23.70,23.70,23.67,23.70,88
Finam:AG,2021-09-14T16:53:00+03:00,23.70,23.70,23.67,23.67,72
Finam:AG,2021-09-14T16:54:00+03:00,23.67,23.71,23.67,23.71,78
Finam:AG,2021-09-14T16:55:00+03:00,23.70,23.70,23.68,23.69,62
Finam:AG,2021-09-14T16:56:00+03:00,23.69,23.69,23.68,23.68,72
Finam:AG,2021-09-14T16:57:00+03:00,23.69,23.70,23.68,23.70,41
Finam:AG,2021-09-14T16:58:00+03:00,23.70,23.70,23.67,23.68,63
Finam:AG,2021-09-14T16:59:00+03:00,23.68,23.71,23.67,23.70,60
Finam:AG,2021-09-14T17:00:00+03:00,23.69,23.70,23.66,23.67,109
Finam:AG,2021-09-14T17:01:00+03:00,23.67,23.68,23.65,23.65,227
Finam:AG,2021-09-14T17:02:00+03:00,23.65,23.67,23.65,23.66,80
Finam:AG,2021-09-14T17:03:00+03:00,23.66,23.66,23.65,23.65,99
Finam:AG,2021-09-14T17:04:00+03:00,23.65,23.66,23.64,23.64,106
Finam:AG,2021-09-14T17:05:00+03:00,23.65,23.65,23.63,23.65,111
Finam:AG,2021-09-14T17:06:00+03:00,23.65,23.66,23.63,23.64,94
Finam:AG,2021-09-14T17:07:00+03:00,23.65,23.67,23.65,23.67,98
Finam:AG,2021-09-14T17:08:00+03:00,23.66,23.66,23.65,23.65,42
Finam:AG,2021-09-14T17:09:00+03:00,23.66,23.67,23.65,23.66,25
Finam:AG,2021-09-14T17:10:00+03:00,23.66,23.68,23.66,23.68,68
Finam:AG,2021-09-14T17:11:00+03:00,23.67,23.70,23.66,23.69,77
Finam:AG,2021-09-14T17:12:00+03:00,23.68,23.71,23.68,23.71,71
Finam:AG,2021-09-14T17:13:00+03:00,23.70,23.72,23.70,23.72,114
Finam:AG,2021-09-14T17:14:00+03:00,23.73,23.75,23.72,23.75,86
Finam:AG,2021-09-14T17:15:00+03:00,23.74,23.76,23.73,23.75,188
Finam:AG,2021-09-14T17:16:00+03:00,23.75,23.75,23.74,23.74,42
Finam:AG,2021-09-14T17:17:00+03:00,23.75,23.77,23.74,23.77,63
Finam:AG,2021-09-14T17:18:00+03:00,23.76,23.77,23.73,23.73,97
Finam:AG,2021-09-14T17:19:00+03:00,23.73,23.74,23.72,23.72,20
Finam:AG,2021-09-14T17:20:00+03:00,23.73,23.76,23.73,23.76,78
Finam:AG,2021-09-14T17:21:00+03:00,23.76,23.77,23.75,23.77,46
Finam:AG,2021-09-14T17:22:00+03:00,23.76,23.76,23.74,23.74,39
Finam:AG,2021-09-14T17:23:00+03:00,23.75,23.76,23.74,23.75,53
Finam:AG,2021-09-14T17:24:00+03:00,23.75,23.76,23.74,23.75,46
Finam:AG,2021-09-14T17:25:00+03:00,23.75,23.76,23.73,23.73,51
Finam:AG,2021-09-14T17:26:00+03:00,23.72,23.74,23.70,23.74,120
Finam:AG,2021-09-14T17:27:00+03:00,23.74,23.74,23.73,23.73,42
Finam:AG,2021-09-14T17:28:00+03:00,23.72,23.74,23.72,23.73,74
Finam:AG,2021-09-14T17:29:00+03:00,23.73,23.75,23.72,23.75,57
Finam:AG,2021-09-14T17:30:00+03:00,23.76,23.77,23.75,23.75,89
Finam:AG,2021-09-14T17:31:00+03:00,23.75,23.75,23.73,23.74,66
Finam:AG,2021-09-14T17:32:00+03:00,23.75,23.75,23.72,23.73,77
Finam:AG,2021-09-14T17:33:00+03:00,23.73,23.74,23.72,23.74,47
Finam:AG,2021-09-14T17:34:00+03:00,23.74,23.74,23.72,23.72,31
Finam:AG,2021-09-14T17:35:00+03:00,23.73,23.74,23.73,23.73,70
Finam:AG,2021-09-14T17:36:00+03:00,23.73,23.75,23.73,23.73,34
Finam:AG,2021-09-14T17:37:00+03:00,23.73,23.82,23.73,23.81,439
Finam:AG,2021-09-14T17:38:00+03:00,23.81,23.85,23.80,23.82,457
Finam:AG,2021-09-14T17:39:00+03:00,23.81,23.82,23.78,23.79,134
Finam:AG,2021-09-14T17:40:00+03:00,23.80,23.83,23.79,23.83,143
Finam:AG,2021-09-14T17:41:00+03:00,23.82,23.83,23.80,23.81,68
Finam:AG,2021-09-14T17:42:00+03:00,23.82,23.84,23.82,23.84,113
Finam:AG,2021-09-14T17:43:00+03:00,23.84,23.85,23.82,23.85,188
Finam:AG,2021-09-14T17:44:00+03:00,23.85,23.86,23.83,23.84,247
Finam:AG,2021-09-14T17:45:00+03:00,23.84,23.86,23.84,23.85,197
Finam:AG,2021-09-14T17:46:00+03:00,23.85,23.86,23.84,23.86,165
Finam:AG,2021-09-14T17:47:00+03:00,23.86,23.88,23.86,23.87,172
Finam:AG,2021-09-14T17:48:00+03:00,23.86,23.87,23.85,23.86,99
Finam:AG,2021-09-14T17:49:00+03:00,23.86,23.86,23.84,23.84,102
Finam:AG,2021-09-14T17:50:00+03:00,23.85,23.88,23.84,23.88,187
Finam:AG,2021-09-14T17:51:00+03:00,23.88,23.89,23.87,23.87,108
Finam:AG,2021-09-14T17:52:00+03:00,23.88,23.89,23.86,23.86,78
Finam:AG,2021-09-14T17:53:00+03:00,23.86,23.86,23.83,23.83,117
Finam:AG,2021-09-14T17:54:00+03:00,23.84,23.85,23.83,23.85,72
Finam:AG,2021-09-14T17:55:00+03:00,23.84,23.86,23.83,23.86,136
Finam:AG,2021-09-14T17:56:00+03:00,23.86,23.87,23.85,23.85,88
Finam:AG,2021-09-14T17:57:00+03:00,23.86,23.87,23.84,23.84,61
Finam:AG,2021-09-14T17:58:00+03:00,23.84,23.84,23.82,23.82,121
Finam:AG,2021-09-14T17:59:00+03:00,23.82,23.83,23.79,23.79,238
Finam:AG,2021-09-14T18:00:00+03:00,23.80,23.81,23.79,23.81,62
Finam:AG,2021-09-14T18:01:00+03:00,23.81,23.84,23.81,23.83,70
Finam:AG,2021-09-14T18:02:00+03:00,23.83,23.84,23.82,23.82,118
Finam:AG,2021-09-14T18:03:00+03:00,23.82,23.83,23.81,23.81,44
Finam:AG,2021-09-14T18:04:00+03:00,23.81,23.83,23.81,23.82,37
Finam:AG,2021-09-14T18:05:00+03:00,23.82,23.83,23.82,23.83,31
Finam:AG,2021-09-14T18:06:00+03:00,23.83,23.84,23.83,23.84,71
Finam:AG,2021-09-14T18:07:00+03:00,23.84,23.85,23.83,23.83,148
Finam:AG,2021-09-14T18:08:00+03:00,23.83,23.84,23.83,23.84,17
Finam:AG,2021-09-14T18:09:00+03:00,23.84,23.84,23.83,23.84,29
Finam:AG,2021-09-14T18:10:00+03:00,23.83,23.85,23.82,23.85,54
Finam:AG,2021-09-14T18:11:00+03:00,23.85,23.85,23.84,23.84,34
Finam:AG,2021-09-14T18:12:00+03:00,23.84,23.84,23.83,23.84,24
Finam:AG,2021-09-14T18:13:00+03:00,23.84,23.85,23.83,23.85,46
Finam:AG,2021-09-14T18:14:00+03:00,23.85,23.87,23.85,23.86,88
Finam:AG,2021-09-14T18:15:00+03:00,23.86,23.88,23.86,23.88,86
Finam:AG,2021-09-14T18:16:00+03:00,23.87,23.88,23.87,23.88,64
Finam:AG,2021-09-14T18:17:00+03:00,23.88,23.89,23.87,23.89,75
Finam:AG,2021-09-14T18:18:00+03:00,23.88,23.89,23.88,23.88,43
Finam:AG,2021-09-14T18:19:00+03:00,23.89,23.90,23.89,23.89,71
Finam:AG,2021-09-14T18:20:00+03:00,23.89,23.90,23.88,23.90,146
Finam:AG,2021-09-14T18:21:00+03:00,23.90,23.91,23.88,23.88,93
Finam:AG,2021-09-14T18:22:00+03:00,23.88,23.89,23.87,23.89,49
Finam:AG,2021-09-14T18:23:00+03:00,23.89,23.90,23.88,23.89,84
Finam:AG,2021-09-14T18:24:00+03:00,23.89,23.89,23.88,23.89,59
Finam:AG,2021-09-14T18:25:00+03:00,23.89,23.90,23.88,23.88,88
Finam:AG,2021-09-14T18:26:00+03:00,23.88,23.89,23.86,23.87,73
Finam:AG,2021-09-14T18:27:00+03:00,23.87,23.88,23.86,23.87,52
Finam:AG,2021-09-14T18:28:00+03:00,23.87,23.87,23.85,23.85,124
Finam:AG,2021-09-14T18:29:00+03:00,23.85,23.85,23.84,23.85,44
Finam:AG,2021-09-14T18:30:00+03:00,23.85,23.88,23.85,23.86,123
Finam:AG,2021-09-14T18:31:00+03:00,23.85,23.85,23.84,23.84,35
Finam:AG,2021-09-14T18:32:00+03:00,23.85,23.85,23.84,23.84,31
Finam:AG,2021-09-14T18:33:00+03:00,23.84,23.86,23.84,23.85,35
Finam:AG,2021-09-14T18:34:00+03:00,23.85,23.85,23.85,23.85,23
Finam:AG,2021-09-14T18:35:00+03:00,23.84,23.86,23.84,23.86,41
Finam:AG,2021-09-14T18:36:00+03:00,23.86,23.86,23.85,23.85,33
Finam:AG,2021-09-14T18:37:00+03:00,23.86,23.86,23.85,23.85,3
Finam:AG,2021-09-14T18:38:00+03:00,23.86,23.86,23.85,23.86,46
Finam:AG,2021-09-14T18:39:00+03:00,23.85,23.86,23.85,23.86,16
Finam:AG,2021-09-14T18:40:00+03:00,23.86,23.86,23.86,23.86,2
Finam:AG,2021-09-14T18:41:00+03:00,23.85,23.85,23.84,23.84,30
Finam:AG,2021-09-14T18:42:00+03:00,23.84,23.85,23.84,23.84,32
Finam:AG,2021-09-14T18:43:00+03:00,23.85,23.86,23.85,23.86,18
Finam:AG,2021-09-14T18:44:00+03:00,23.86,23.87,23.85,23.86,34
Finam:AG,2021-09-14T18:45:00+03:00,23.86,23.86,23.85,23.85,12
Finam:AG,2021-09-14T18:46:00+03:00,23.85,23.86,23.85,23.86,20
Finam:AG,2021-09-14T18:47:00+03:00,23.86,23.86,23.86,23.86,11
Finam:AG,2021-09-14T18:48:00+03:00,23.87,23.87,23.86,23.86,15
Finam:AG,2021-09-14T18:49:00+03:00,23.87,23.87,23.86,23.86,11
Finam:AG,2021-09-14T18:50:00+03:00,23.86,23.87,23.85,23.86,39
Finam:AG,2021-09-14T18:51:00+03:00,23.86,23.86,23.86,23.86,1
Finam:AG,2021-09-14T18:52:00+03:00,23.86,23.87,23.86,23.87,15
Finam:AG,2021-09-14T18:53:00+03:00,23.86,23.86,23.86,23.86,10
Finam:AG,2021-09-14T18:54:00+03:00,23.86,23.87,23.85,23.87,16
Finam:AG,2021-09-14T18:55:00+03:00,23.86,23.87,23.86,23.86,23
Finam:AG,2021-09-14T18:56:00+03:00,23.86,23.87,23.86,23.87,18
Finam:AG,2021-09-14T18:57:00+03:00,23.86,23.86,23.85,23.85,8
Finam:AG,2021-09-14T18:58:00+03:00,23.86,23.87,23.86,23.87,10
Finam:AG,2021-09-14T18:59:00+03:00,23.86,23.86,23.85,23.85,15
Finam:AG,2021-09-14T19:00:00+03:00,23.86,23.87,23.86,23.87,26
Finam:AG,2021-09-14T19:01:00+03:00,23.86,23.86,23.85,23.85,8
Finam:AG,2021-09-14T19:02:00+03:00,23.86,23.87,23.85,23.87,34
Finam:AG,2021-09-14T19:03:00+03:00,23.86,23.87,23.85,23.87,31
Finam:AG,2021-09-14T19:04:00+03:00,23.87,23.88,23.86,23.86,46
Finam:AG,2021-09-14T19:05:00+03:00,23.86,23.88,23.86,23.87,39
Finam:AG,2021-09-14T19:06:00+03:00,23.87,23.88,23.86,23.86,41
Finam:AG,2021-09-14T19:07:00+03:00,23.86,23.86,23.85,23.85,45
Finam:AG,2021-09-14T19:08:00+03:00,23.85,23.85,23.84,23.85,33
Finam:AG,2021-09-14T19:09:00+03:00,23.85,23.85,23.85,23.85,21
Finam:AG,2021-09-14T19:10:00+03:00,23.85,23.86,23.85,23.85,44
Finam:AG,2021-09-14T19:11:00+03:00,23.84,23.85,23.84,23.85,7
Finam:AG,2021-09-14T19:12:00+03:00,23.84,23.85,23.84,23.85,26
Finam:AG,2021-09-14T19:13:00+03:00,23.84,23.85,23.83,23.85,26
Finam:AG,2021-09-14T19:14:00+03:00,23.85,23.85,23.85,23.85,6
Finam:AG,2021-09-14T19:15:00+03:00,23.85,23.85,23.85,23.85,17
Finam:AG,2021-09-14T19:16:00+03:00,23.85,23.86,23.84,23.86,15
Finam:AG,2021-09-14T19:17:00+03:00,23.85,23.86,23.85,23.85,17
Finam:AG,2021-09-14T19:18:00+03:00,23.85,23.85,23.85,23.85,11
Finam:AG,2021-09-14T19:20:00+03:00,23.85,23.86,23.85,23.86,13
Finam:AG,2021-09-14T19:21:00+03:00,23.85,23.85,23.84,23.85,19
Finam:AG,2021-09-14T19:22:00+03:00,23.85,23.85,23.85,23.85,24
Finam:AG,2021-09-14T19:23:00+03:00,23.85,23.86,23.85,23.86,9
Finam:AG,2021-09-14T19:24:00+03:00,23.86,23.86,23.86,23.86,12
Finam:AG,2021-09-14T19:25:00+03:00,23.86,23.86,23.86,23.86,8
Finam:AG,2021-09-14T19:26:00+03:00,23.86,23.87,23.86,23.86,20
Finam:AG,2021-09-14T19:27:00+03:00,23.86,23.86,23.85,23.85,25
Finam:AG,2021-09-14T19:28:00+03:00,23.85,23.85,23.84,23.85,42
Finam:AG,2021-09-14T19:29:00+03:00,23.85,23.85,23.84,23.84,33
Finam:AG,2021-09-14T19:30:00+03:00,23.85,23.86,23.85,23.86,37
Finam:AG,2021-09-14T19:31:00+03:00,23.86,23.86,23.85,23.86,14
Finam:AG,2021-09-14T19:32:00+03:00,23.85,23.86,23.85,23.86,8
Finam:AG,2021-09-14T19:33:00+03:00,23.86,23.87,23.86,23.87,14
Finam:AG,2021-09-14T19:34:00+03:00,23.86,23.86,23.86,23.86,13
Finam:AG,2021-09-14T19:35:00+03:00,23.86,23.86,23.85,23.85,12
Finam:AG,2021-09-14T19:36:00+03:00,23.86,23.87,23.85,23.85,27
Finam:AG,2021-09-14T19:37:00+03:00,23.85,23.85,23.85,23.85,7
Finam:AG,2021-09-14T19:38:00+03:00,23.85,23.86,23.85,23.86,22
Finam:AG,2021-09-14T19:39:00+03:00,23.86,23.86,23.86,23.86,7
Finam:AG,2021-09-14T19:40:00+03:00,23.86,23.86,23.85,23.86,23
Finam:AG,2021-09-14T19:41:00+03:00,23.86,23.86,23.86,23.86,13
Finam:AG,2021-09-14T19:42:00+03:00,23.86,23.86,23.86,23.86,23
Finam:AG,2021-09-14T19:43:00+03:00,23.87,23.88,23.87,23.88,25
Finam:AG,2021-09-14T19:44:00+03:00,23.87,23.87,23.87,23.87,8
Finam:AG,2021-09-14T19:45:00+03:00,23.87,23.88,23.87,23.88,69
Finam:AG,2021-09-14T19:46:00+03:00,23.88,23.88,23.87,23.87,25
Finam:AG,2021-09-14T19:47:00+03:00,23.88,23.88,23.87,23.87,17
Finam:AG,2021-09-14T19:48:00+03:00,23.86,23.87,23.86,23.87,25
Finam:AG,2021-09-14T19:49:00+03:00,23.86,23.86,23.86,23.86,7
Finam:AG,2021-09-14T19:50:00+03:00,23.86,23.86,23.86,23.86,14
Finam:AG,2021-09-14T19:51:00+03:00,23.86,23.86,23.85,23.85,25
Finam:AG,2021-09-14T19:52:00+03:00,23.86,23.86,23.86,23.86,10
Finam:AG,2021-09-14T19:53:00+03:00,23.86,23.86,23.86,23.86,1
Finam:AG,2021-09-14T19:54:00+03:00,23.86,23.86,23.85,23.86,24
Finam:AG,2021-09-14T19:55:00+03:00,23.86,23.86,23.86,23.86,22
Finam:AG,2021-09-14T19:56:00+03:00,23.86,23.87,23.86,23.86,23
Finam:AG,2021-09-14T19:57:00+03:00,23.86,23.87,23.86,23.87,40
Finam:AG,2021-09-14T19:58:00+03:00,23.87,23.88,23.87,23.88,18
Finam:AG,2021-09-14T19:59:00+03:00,23.87,23.88,23.87,23.88,79
Finam:AG,2021-09-14T20:00:00+03:00,23.87,23.88,23.87,23.88,36
Finam:AG,2021-09-14T20:01:00+03:00,23.88,23.89,23.88,23.89,18
Finam:AG,2021-09-14T20:02:00+03:00,23.88,23.89,23.88,23.88,28
Finam:AG,2021-09-14T20:03:00+03:00,23.88,23.88,23.88,23.88,22
Finam:AG,2021-09-14T20:04:00+03:00,23.88,23.88,23.88,23.88,16
Finam:AG,2021-09-14T20:05:00+03:00,23.87,23.87,23.87,23.87,19
Finam:AG,2021-09-14T20:06:00+03:00,23.87,23.89,23.87,23.89,34
Finam:AG,2021-09-14T20:07:00+03:00,23.87,23.87,23.87,23.87,6
Finam:AG,2021-09-14T20:08:00+03:00,23.87,23.87,23.86,23.86,22
Finam:AG,2021-09-14T20:09:00+03:00,23.86,23.86,23.85,23.85,44
Finam:AG,2021-09-14T20:10:00+03:00,23.86,23.86,23.85,23.86,39
Finam:AG,2021-09-14T20:11:00+03:00,23.86,23.88,23.86,23.88,26
Finam:AG,2021-09-14T20:12:00+03:00,23.87,23.87,23.86,23.87,15
Finam:AG,2021-09-14T20:13:00+03:00,23.86,23.87,23.86,23.87,7
Finam:AG,2021-09-14T20:14:00+03:00,23.87,23.87,23.86,23.86,15
Finam:AG,2021-09-14T20:15:00+03:00,23.87,23.88,23.87,23.87,21
Finam:AG,2021-09-14T20:16:00+03:00,23.86,23.86,23.86,23.86,28
Finam:AG,2021-09-14T20:17:00+03:00,23.87,23.88,23.87,23.88,23
Finam:AG,2021-09-14T20:18:00+03:00,23.87,23.88,23.87,23.88,12
Finam:AG,2021-09-14T20:19:00+03:00,23.88,23.89,23.88,23.89,26
Finam:AG,2021-09-14T20:20:00+03:00,23.88,23.88,23.87,23.87,47
Finam:AG,2021-09-14T20:21:00+03:00,23.88,23.88,23.87,23.88,27
Finam:AG,2021-09-14T20:22:00+03:00,23.88,23.88,23.87,23.88,12
Finam:AG,2021-09-14T20:23:00+03:00,23.88,23.89,23.88,23.89,53
Finam:AG,2021-09-14T20:24:00+03:00,23.89,23.90,23.87,23.88,414
Finam:AG,2021-09-14T20:25:00+03:00,23.88,23.90,23.88,23.89,67
Finam:AG,2021-09-14T20:26:00+03:00,23.89,23.89,23.89,23.89,10
Finam:AG,2021-09-14T20:27:00+03:00,23.89,23.89,23.89,23.89,4
Finam:AG,2021-09-14T20:28:00+03:00,23.89,23.90,23.89,23.89,20
Finam:AG,2021-09-14T20:29:00+03:00,23.89,23.90,23.89,23.90,54
Finam:AG,2021-09-14T20:30:00+03:00,23.90,23.91,23.87,23.88,108
Finam:AG,2021-09-14T20:31:00+03:00,23.88,23.89,23.87,23.87,52
Finam:AG,2021-09-14T20:32:00+03:00,23.88,23.88,23.88,23.88,13
Finam:AG,2021-09-14T20:33:00+03:00,23.88,23.88,23.88,23.88,21
Finam:AG,2021-09-14T20:34:00+03:00,23.88,23.89,23.88,23.88,15
Finam:AG,2021-09-14T20:35:00+03:00,23.88,23.88,23.87,23.88,26
Finam:AG,2021-09-14T20:36:00+03:00,23.88,23.89,23.88,23.89,20
Finam:AG,2021-09-14T20:37:00+03:00,23.88,23.88,23.87,23.87,20
Finam:AG,2021-09-14T20:38:00+03:00,23.88,23.88,23.87,23.87,27
Finam:AG,2021-09-14T20:39:00+03:00,23.87,23.87,23.86,23.87,19
Finam:AG,2021-09-14T20:41:00+03:00,23.87,23.87,23.87,23.87,9
Finam:AG,2021-09-14T20:43:00+03:00,23.87,23.87,23.87,23.87,2
Finam:AG,2021-09-14T20:44:00+03:00,23.87,23.89,23.87,23.89,16
Finam:AG,2021-09-14T20:45:00+03:00,23.89,23.89,23.88,23.88,18
Finam:AG,2021-09-14T20:46:00+03:00,23.89,23.89,23.89,23.89,4
Finam:AG,2021-09-14T20:47:00+03:00,23.88,23.89,23.88,23.89,8
Finam:AG,2021-09-14T20:48:00+03:00,23.89,23.90,23.89,23.90,8
Finam:AG,2021-09-14T20:49:00+03:00,23.89,23.89,23.89,23.89,6
Finam:AG,2021-09-14T20:50:00+03:00,23.89,23.89,23.89,23.89,7
Finam:AG,2021-09-14T20:51:00+03:00,23.89,23.89,23.88,23.88,13
Finam:AG,2021-09-14T20:52:00+03:00,23.89,23.89,23.89,23.89,15
Finam:AG,2021-09-14T20:53:00+03:00,23.89,23.90,23.89,23.90,10
Finam:AG,2021-09-14T20:55:00+03:00,23.90,23.90,23.90,23.90,14
Finam:AG,2021-09-14T20:56:00+03:00,23.90,23.91,23.90,23.91,11
Finam:AG,2021-09-14T20:57:00+03:00,23.90,23.91,23.90,23.91,28
Finam:AG,2021-09-14T20:58:00+03:00,23.91,23.93,23.90,23.93,145
Finam:AG,2021-09-14T20:59:00+03:00,23.93,23.94,23.92,23.93,50
Finam:AG,2021-09-14T21:00:00+03:00,23.93,23.95,23.93,23.95,84
Finam:AG,2021-09-14T21:01:00+03:00,23.94,23.95,23.94,23.95,50
Finam:AG,2021-09-14T21:02:00+03:00,23.95,23.96,23.95,23.96,54
Finam:AG,2021-09-14T21:03:00+03:00,23.96,23.97,23.95,23.96,40
Finam:AG,2021-09-14T21:04:00+03:00,23.96,23.96,23.95,23.96,11
Finam:AG,2021-09-14T21:05:00+03:00,23.96,23.97,23.95,23.97,52
Finam:AG,2021-09-14T21:06:00+03:00,23.97,23.97,23.96,23.96,44
Finam:AG,2021-09-14T21:07:00+03:00,23.96,23.97,23.96,23.97,18
Finam:AG,2021-09-14T21:08:00+03:00,23.97,23.98,23.97,23.98,23
Finam:AG,2021-09-14T21:09:00+03:00,23.97,23.98,23.97,23.97,71
Finam:AG,2021-09-14T21:10:00+03:00,23.97,23.98,23.96,23.97,15
Finam:AG,2021-09-14T21:11:00+03:00,23.97,23.98,23.96,23.98,80
Finam:AG,2021-09-14T21:12:00+03:00,23.97,23.98,23.97,23.98,20
Finam:AG,2021-09-14T21:13:00+03:00,23.98,23.98,23.97,23.97,26
Finam:AG,2021-09-14T21:14:00+03:00,23.97,23.97,23.97,23.97,2
Finam:AG,2021-09-14T21:15:00+03:00,23.97,23.98,23.97,23.97,37
Finam:AG,2021-09-14T21:16:00+03:00,23.97,23.97,23.96,23.97,27
Finam:AG,2021-09-14T21:17:00+03:00,23.97,23.98,23.97,23.98,28
Finam:AG,2021-09-14T21:18:00+03:00,23.98,23.98,23.97,23.97,24
Finam:AG,2021-09-14T21:19:00+03:00,23.98,23.98,23.97,23.98,16
Finam:AG,2021-09-14T21:20:00+03:00,23.97,23.97,23.96,23.96,59
Finam:AG,2021-09-14T21:21:00+03:00,23.97,23.97,23.96,23.96,30
Finam:AG,2021-09-14T21:22:00+03:00,23.96,23.96,23.95,23.95,13
Finam:AG,2021-09-14T21:23:00+03:00,23.96,23.96,23.95,23.95,37
Finam:AG,2021-09-14T21:24:00+03:00,23.95,23.95,23.94,23.94,11
Finam:AG,2021-09-14T21:25:00+03:00,23.95,23.95,23.94,23.95,16
Finam:AG,2021-09-14T21:26:00+03:00,23.95,23.96,23.94,23.95,19
Finam:AG,2021-09-14T21:27:00+03:00,23.95,23.95,23.94,23.94,5
Finam:AG,2021-09-14T21:28:00+03:00,23.94,23.94,23.93,23.93,55
Finam:AG,2021-09-14T21:29:00+03:00,23.93,23.93,23.93,23.93,18
Finam:AG,2021-09-14T21:30:00+03:00,23.93,23.93,23.92,23.92,59
Finam:AG,2021-09-14T21:31:00+03:00,23.92,23.92,23.91,23.92,22
Finam:AG,2021-09-14T21:32:00+03:00,23.92,23.92,23.91,23.91,20
Finam:AG,2021-09-14T21:33:00+03:00,23.91,23.92,23.91,23.92,11
Finam:AG,2021-09-14T21:34:00+03:00,23.91,23.91,23.90,23.90,22
Finam:AG,2021-09-14T21:35:00+03:00,23.90,23.90,23.87,23.88,130
Finam:AG,2021-09-14T21:36:00+03:00,23.87,23.87,23.87,23.87,10
Finam:AG,2021-09-14T21:37:00+03:00,23.87,23.87,23.85,23.85,78
Finam:AG,2021-09-14T21:38:00+03:00,23.86,23.87,23.86,23.87,30
Finam:AG,2021-09-14T21:39:00+03:00,23.87,23.87,23.86,23.87,20
Finam:AG,2021-09-14T21:40:00+03:00,23.87,23.87,23.87,23.87,8
Finam:AG,2021-09-14T21:41:00+03:00,23.87,23.89,23.86,23.88,30
Finam:AG,2021-09-14T21:42:00+03:00,23.88,23.89,23.87,23.88,25
Finam:AG,2021-09-14T21:43:00+03:00,23.87,23.87,23.87,23.87,4
Finam:AG,2021-09-14T21:44:00+03:00,23.87,23.87,23.86,23.87,9
Finam:AG,2021-09-14T21:45:00+03:00,23.86,23.86,23.86,23.86,12
Finam:AG,2021-09-14T21:46:00+03:00,23.86,23.87,23.86,23.87,20
Finam:AG,2021-09-14T21:47:00+03:00,23.87,23.87,23.86,23.86,16
Finam:AG,2021-09-14T21:48:00+03:00,23.85,23.85,23.85,23.85,7
Finam:AG,2021-09-14T21:49:00+03:00,23.85,23.86,23.85,23.85,39
Finam:AG,2021-09-14T21:50:00+03:00,23.84,23.85,23.84,23.85,17
Finam:AG,2021-09-14T21:51:00+03:00,23.85,23.85,23.84,23.85,11
Finam:AG,2021-09-14T21:52:00+03:00,23.85,23.85,23.85,23.85,1
Finam:AG,2021-09-14T21:53:00+03:00,23.85,23.85,23.85,23.85,10
Finam:AG,2021-09-14T21:54:00+03:00,23.85,23.86,23.85,23.85,15
Finam:AG,2021-09-14T21:55:00+03:00,23.85,23.85,23.84,23.84,33
Finam:AG,2021-09-14T21:56:00+03:00,23.84,23.85,23.84,23.85,33
Finam:AG,2021-09-14T21:57:00+03:00,23.84,23.87,23.84,23.86,65
Finam:AG,2021-09-14T21:58:00+03:00,23.86,23.86,23.85,23.85,20
Finam:AG,2021-09-14T21:59:00+03:00,23.85,23.86,23.85,23.86,23
Finam:AG,2021-09-14T22:00:00+03:00,23.86,23.86,23.85,23.85,20
Finam:AG,2021-09-14T22:01:00+03:00,23.85,23.85,23.84,23.84,9
Finam:AG,2021-09-14T22:02:00+03:00,23.85,23.86,23.84,23.86,16
Finam:AG,2021-09-14T22:03:00+03:00,23.85,23.85,23.85,23.85,4
Finam:AG,2021-09-14T22:04:00+03:00,23.84,23.86,23.84,23.85,7
Finam:AG,2021-09-14T22:05:00+03:00,23.85,23.85,23.84,23.85,13
Finam:AG,2021-09-14T22:06:00+03:00,23.85,23.86,23.85,23.86,22
Finam:AG,2021-09-14T22:07:00+03:00,23.86,23.86,23.86,23.86,2
Finam:AG,2021-09-14T22:08:00+03:00,23.86,23.86,23.86,23.86,7
Finam:AG,2021-09-14T22:09:00+03:00,23.85,23.85,23.85,23.85,5
Finam:AG,2021-09-14T22:10:00+03:00,23.86,23.86,23.86,23.86,9
Finam:AG,2021-09-14T22:11:00+03:00,23.86,23.87,23.86,23.87,13
Finam:AG,2021-09-14T22:12:00+03:00,23.87,23.87,23.86,23.87,19
Finam:AG,2021-09-14T22:13:00+03:00,23.86,23.86,23.86,23.86,1
Finam:AG,2021-09-14T22:14:00+03:00,23.86,23.87,23.85,23.85,8
Finam:AG,2021-09-14T22:15:00+03:00,23.86,23.87,23.86,23.87,14
Finam:AG,2021-09-14T22:16:00+03:00,23.86,23.86,23.85,23.85,8
Finam:AG,2021-09-14T22:17:00+03:00,23.85,23.86,23.85,23.86,6
Finam:AG,2021-09-14T22:18:00+03:00,23.85,23.86,23.85,23.85,12
Finam:AG,2021-09-14T22:19:00+03:00,23.85,23.85,23.85,23.85,2
Finam:AG,2021-09-14T22:20:00+03:00,23.85,23.85,23.83,23.83,23
Finam:AG,2021-09-14T22:21:00+03:00,23.84,23.85,23.84,23.85,27
Finam:AG,2021-09-14T22:22:00+03:00,23.85,23.85,23.85,23.85,10
Finam:AG,2021-09-14T22:23:00+03:00,23.84,23.84,23.84,23.84,6
Finam:AG,2021-09-14T22:24:00+03:00,23.84,23.85,23.84,23.85,25
Finam:AG,2021-09-14T22:25:00+03:00,23.84,23.84,23.84,23.84,6
Finam:AG,2021-09-14T22:26:00+03:00,23.84,23.84,23.84,23.84,9
Finam:AG,2021-09-14T22:27:00+03:00,23.84,23.84,23.84,23.84,5
Finam:AG,2021-09-14T22:28:00+03:00,23.84,23.84,23.83,23.84,49
Finam:AG,2021-09-14T22:29:00+03:00,23.83,23.83,23.82,23.82,14
Finam:AG,2021-09-14T22:30:00+03:00,23.83,23.83,23.83,23.83,6
Finam:AG,2021-09-14T22:31:00+03:00,23.83,23.83,23.83,23.83,1
Finam:AG,2021-09-14T22:32:00+03:00,23.83,23.83,23.83,23.83,4
Finam:AG,2021-09-14T22:33:00+03:00,23.84,23.85,23.84,23.84,15
Finam:AG,2021-09-14T22:34:00+03:00,23.84,23.84,23.83,23.84,9
Finam:AG,2021-09-14T22:35:00+03:00,23.84,23.84,23.84,23.84,9
Finam:AG,2021-09-14T22:36:00+03:00,23.84,23.84,23.83,23.83,17
Finam:AG,2021-09-14T22:37:00+03:00,23.84,23.85,23.84,23.85,17
Finam:AG,2021-09-14T22:38:00+03:00,23.85,23.85,23.84,23.84,8
Finam:AG,2021-09-14T22:39:00+03:00,23.84,23.85,23.84,23.85,14
Finam:AG,2021-09-14T22:40:00+03:00,23.84,23.84,23.84,23.84,5
Finam:AG,2021-09-14T22:41:00+03:00,23.85,23.86,23.85,23.86,16
Finam:AG,2021-09-14T22:42:00+03:00,23.85,23.85,23.85,23.85,4
Finam:AG,2021-09-14T22:43:00+03:00,23.85,23.86,23.85,23.86,6
Finam:AG,2021-09-14T22:44:00+03:00,23.85,23.85,23.85,23.85,3
Finam:AG,2021-09-14T22:45:00+03:00,23.85,23.86,23.85,23.86,9
Finam:AG,2021-09-14T22:46:00+03:00,23.86,23.86,23.86,23.86,10
Finam:AG,2021-09-14T22:47:00+03:00,23.86,23.86,23.86,23.86,5
Finam:AG,2021-09-14T22:48:00+03:00,23.86,23.86,23.85,23.86,21
Finam:AG,2021-09-14T22:49:00+03:00,23.86,23.86,23.86,23.86,12
Finam:AG,2021-09-14T22:50:00+03:00,23.86,23.87,23.86,23.86,13
Finam:AG,2021-09-14T22:51:00+03:00,23.86,23.87,23.86,23.87,15
Finam:AG,2021-09-14T22:52:00+03:00,23.87,23.87,23.87,23.87,16
Finam:AG,2021-09-14T22:53:00+03:00,23.87,23.88,23.87,23.87,8
Finam:AG,2021-09-14T22:54:00+03:00,23.87,23.88,23.87,23.88,36
Finam:AG,2021-09-14T22:55:00+03:00,23.88,23.89,23.87,23.87,48
Finam:AG,2021-09-14T22:56:00+03:00,23.88,23.88,23.87,23.88,15
Finam:AG,2021-09-14T22:57:00+03:00,23.88,23.89,23.88,23.88,8
Finam:AG,2021-09-14T22:58:00+03:00,23.88,23.88,23.88,23.88,13
Finam:AG,2021-09-14T22:59:00+03:00,23.89,23.90,23.88,23.89,54
Finam:AG,2021-09-14T23:00:00+03:00,23.89,23.89,23.88,23.88,34
Finam:AG,2021-09-14T23:01:00+03:00,23.88,23.88,23.87,23.87,16
Finam:AG,2021-09-14T23:02:00+03:00,23.87,23.87,23.87,23.87,5
Finam:AG,2021-09-14T23:03:00+03:00,23.87,23.87,23.87,23.87,2
Finam:AG,2021-09-14T23:04:00+03:00,23.87,23.87,23.87,23.87,7
Finam:AG,2021-09-14T23:05:00+03:00,23.87,23.87,23.86,23.86,10
Finam:AG,2021-09-14T23:06:00+03:00,23.87,23.88,23.87,23.88,22
Finam:AG,2021-09-14T23:07:00+03:00,23.87,23.87,23.86,23.86,2
Finam:AG,2021-09-14T23:08:00+03:00,23.87,23.87,23.87,23.87,5
Finam:AG,2021-09-14T23:09:00+03:00,23.87,23.87,23.87,23.87,4
Finam:AG,2021-09-14T23:10:00+03:00,23.87,23.87,23.86,23.87,3
Finam:AG,2021-09-14T23:11:00+03:00,23.87,23.88,23.87,23.88,4
Finam:AG,2021-09-14T23:12:00+03:00,23.87,23.87,23.87,23.87,3
Finam:AG,2021-09-14T23:13:00+03:00,23.87,23.87,23.87,23.87,3
Finam:AG,2021-09-14T23:15:00+03:00,23.88,23.88,23.88,23.88,4
Finam:AG,2021-09-14T23:16:00+03:00,23.87,23.87,23.87,23.87,3
Finam:AG,2021-09-14T23:20:00+03:00,23.87,23.87,23.87,23.87,1
Finam:AG,2021-09-14T23:21:00+03:00,23.87,23.87,23.87,23.87,2
Finam:AG,2021-09-14T23:23:00+03:00,23.87,23.88,23.87,23.88,7
Finam:AG,2021-09-14T23:24:00+03:00,23.87,23.87,23.87,23.87,1
Finam:AG,2021-09-14T23:25:00+03:00,23.87,23.87,23.87,23.87,2
Finam:AG,2021-09-14T23:28:00+03:00,23.88,23.88,23.88,23.88,1
Finam:AG,2021-09-14T23:29:00+03:00,23.87,23.87,23.86,23.86,8
Finam:AG,2021-09-14T23:30:00+03:00,23.88,23.88,23.87,23.87,13
Finam:AG,2021-09-14T23:33:00+03:00,23.87,23.87,23.87,23.87,2
Finam:AG,2021-09-14T23:34:00+03:00,23.87,23.87,23.87,23.87,2
Finam:AG,2021-09-14T23:37:00+03:00,23.88,23.88,23.88,23.88,6
Finam:AG,2021-09-14T23:38:00+03:00,23.88,23.88,23.88,23.88,3
Finam:AG,2021-09-14T23:40:00+03:00,23.88,23.88,23.87,23.87,5
Finam:AG,2021-09-14T23:41:00+03:00,23.87,23.87,23.87,23.87,3
Finam:AG,2021-09-14T23:42:00+03:00,23.87,23.87,23.87,23.87,10
Finam:AG,2021-09-14T23:43:00+03:00,23.87,23.87,23.87,23.87,1
Finam:AG,2021-09-14T23:44:00+03:00,23.87,23.87,23.87,23.87,2
Finam:AG,2021-09-14T23:45:00+03:00,23.88,23.88,23.88,23.88,5
Finam:AG,2021-09-14T23:47:00+03:00,23.88,23.88,23.88,23.88,2
Finam:AG,2021-09-14T23:48:00+03:00,23.88,23.88,23.88,23.88,4
Finam:AG,2021-09-14T23:49:00+03:00,23.87,23.88,23.87,23.87,13
Finam:AG,2021-09-14T23:50:00+03:00,23.87,23.87,23.87,23.87,5
Finam:AG,2021-09-14T23:51:00+03:00,23.88,23.88,23.87,23.88,9
Finam:AG,2021-09-14T23:52:00+03:00,23.88,23.88,23.87,23.87,8
Finam:AG,2021-09-14T23:53:00+03:00,23.87,23.87,23.87,23.87,4
Finam:AG,2021-09-14T23:55:00+03:00,23.87,23.87,23.87,23.87,3
Finam:AG,2021-09-14T23:57:00+03:00,23.87,23.88,23.87,23.88,4
Finam:AG,2021-09-14T23:58:00+03:00,23.87,23.88,23.87,23.88,31
Finam:AG,2021-09-14T23:59:00+03:00,23.88,23.89,23.88,23.89,10
