MOEX:USDRUB,2021-08-26T07:00:00+03:00,73.9025,74.0125,73.8875,73.9375,2099
MOEX:USDRUB,2021-08-26T07:01:00+03:00,73.9625,73.9850,73.9625,73.9850,935
MOEX:USDRUB,2021-08-26T07:02:00+03:00,74.0000,74.0200,73.9900,73.9950,864
MOEX:USDRUB,2021-08-26T07:03:00+03:00,73.9850,73.9850,73.9600,73.9700,488
MOEX:USDRUB,2021-08-26T07:04:00+03:00,73.9675,73.9700,73.9250,73.9250,658
MOEX:USDRUB,2021-08-26T07:05:00+03:00,73.9250,73.9300,73.9225,73.9275,654
MOEX:USDRUB,2021-08-26T07:06:00+03:00,73.9325,73.9400,73.9325,73.9375,1477
MOEX:USDRUB,2021-08-26T07:07:00+03:00,73.9250,73.9425,73.9250,73.9350,748
MOEX:USDRUB,2021-08-26T07:08:00+03:00,73.9400,73.9450,73.9375,73.9375,752
MOEX:USDRUB,2021-08-26T07:09:00+03:00,73.9450,73.9550,73.9450,73.9550,1249
MOEX:USDRUB,2021-08-26T07:10:00+03:00,73.9550,73.9700,73.9525,73.9650,1171
MOEX:USDRUB,2021-08-26T07:11:00+03:00,73.9650,73.9725,73.9650,73.9725,1422
MOEX:USDRUB,2021-08-26T07:12:00+03:00,73.9750,73.9900,73.9750,73.9850,1740
MOEX:USDRUB,2021-08-26T07:13:00+03:00,73.9850,73.9925,73.9850,73.9900,1750
MOEX:USDRUB,2021-08-26T07:14:00+03:00,73.9900,73.9950,73.9900,73.9950,677
MOEX:USDRUB,2021-08-26T07:15:00+03:00,73.9900,73.9900,73.9775,73.9825,2027
MOEX:USDRUB,2021-08-26T07:16:00+03:00,73.9850,73.9875,73.9825,73.9825,1217
MOEX:USDRUB,2021-08-26T07:17:00+03:00,73.9875,73.9900,73.9825,73.9850,1479
MOEX:USDRUB,2021-08-26T07:18:00+03:00,73.9800,73.9850,73.9800,73.9850,1174
MOEX:USDRUB,2021-08-26T07:19:00+03:00,73.9825,73.9975,73.9825,73.9900,1341
MOEX:USDRUB,2021-08-26T07:20:00+03:00,73.9900,74.0000,73.9900,73.9975,588
MOEX:USDRUB,2021-08-26T07:21:00+03:00,74.0000,74.0050,73.9950,74.0000,206
MOEX:USDRUB,2021-08-26T07:22:00+03:00,73.9950,74.0000,73.9875,74.0000,1354
MOEX:USDRUB,2021-08-26T07:23:00+03:00,74.0025,74.0075,73.9900,73.9900,1437
MOEX:USDRUB,2021-08-26T07:24:00+03:00,73.9900,73.9900,73.9900,73.9900,250
MOEX:USDRUB,2021-08-26T07:25:00+03:00,73.9900,73.9900,73.9850,73.9875,550
MOEX:USDRUB,2021-08-26T07:26:00+03:00,73.9875,73.9875,73.9850,73.9875,1498
MOEX:USDRUB,2021-08-26T07:27:00+03:00,73.9875,73.9950,73.9875,73.9900,1322
MOEX:USDRUB,2021-08-26T07:28:00+03:00,73.9900,74.0000,73.9900,73.9975,1061
MOEX:USDRUB,2021-08-26T07:29:00+03:00,73.9900,73.9925,73.9850,73.9850,937
MOEX:USDRUB,2021-08-26T07:30:00+03:00,73.9875,73.9950,73.9875,73.9950,1100
MOEX:USDRUB,2021-08-26T07:31:00+03:00,73.9950,74.0050,73.9925,73.9925,1203
MOEX:USDRUB,2021-08-26T07:32:00+03:00,73.9975,74.0125,73.9975,74.0125,945
MOEX:USDRUB,2021-08-26T07:33:00+03:00,74.0125,74.0200,74.0125,74.0200,169
MOEX:USDRUB,2021-08-26T07:34:00+03:00,74.0125,74.0125,74.0075,74.0125,669
MOEX:USDRUB,2021-08-26T07:35:00+03:00,74.0125,74.0300,74.0125,74.0300,371
MOEX:USDRUB,2021-08-26T07:36:00+03:00,74.0250,74.0250,74.0200,74.0200,712
MOEX:USDRUB,2021-08-26T07:37:00+03:00,74.0225,74.0250,74.0200,74.0250,901
MOEX:USDRUB,2021-08-26T07:38:00+03:00,74.0300,74.0500,74.0175,74.0200,3043
MOEX:USDRUB,2021-08-26T07:39:00+03:00,74.0150,74.0175,74.0125,74.0175,246
MOEX:USDRUB,2021-08-26T07:40:00+03:00,74.0200,74.0250,74.0200,74.0250,137
MOEX:USDRUB,2021-08-26T07:41:00+03:00,74.0250,74.0250,74.0250,74.0250,800
MOEX:USDRUB,2021-08-26T07:42:00+03:00,74.0250,74.0300,74.0225,74.0250,280
MOEX:USDRUB,2021-08-26T07:43:00+03:00,74.0250,74.0300,74.0225,74.0250,840
MOEX:USDRUB,2021-08-26T07:44:00+03:00,74.0250,74.0250,74.0250,74.0250,2
MOEX:USDRUB,2021-08-26T07:45:00+03:00,74.0250,74.0300,74.0225,74.0250,1095
MOEX:USDRUB,2021-08-26T07:46:00+03:00,74.0250,74.0250,74.0250,74.0250,230
MOEX:USDRUB,2021-08-26T07:48:00+03:00,74.0250,74.0250,74.0250,74.0250,250
MOEX:USDRUB,2021-08-26T07:49:00+03:00,74.0250,74.0350,74.0250,74.0275,1217
MOEX:USDRUB,2021-08-26T07:50:00+03:00,74.0275,74.0300,74.0200,74.0250,610
MOEX:USDRUB,2021-08-26T07:51:00+03:00,74.0250,74.0350,74.0225,74.0350,1769
MOEX:USDRUB,2021-08-26T07:52:00+03:00,74.0375,74.0400,74.0250,74.0250,1014
MOEX:USDRUB,2021-08-26T07:53:00+03:00,74.0250,74.0300,74.0250,74.0250,1183
MOEX:USDRUB,2021-08-26T07:54:00+03:00,74.0250,74.0500,74.0250,74.0425,616
MOEX:USDRUB,2021-08-26T07:55:00+03:00,74.0500,74.0500,74.0400,74.0400,255
MOEX:USDRUB,2021-08-26T07:56:00+03:00,74.0400,74.0400,74.0400,74.0400,15
MOEX:USDRUB,2021-08-26T07:57:00+03:00,74.0475,74.0475,74.0400,74.0475,56
MOEX:USDRUB,2021-08-26T07:58:00+03:00,74.0500,74.0500,74.0475,74.0475,265
MOEX:USDRUB,2021-08-26T07:59:00+03:00,74.0475,74.0550,74.0475,74.0550,257
MOEX:USDRUB,2021-08-26T08:00:00+03:00,74.0525,74.0525,74.0500,74.0525,74
MOEX:USDRUB,2021-08-26T08:01:00+03:00,74.0500,74.0625,74.0500,74.0575,639
MOEX:USDRUB,2021-08-26T08:02:00+03:00,74.0550,74.0575,74.0475,74.0475,875
MOEX:USDRUB,2021-08-26T08:03:00+03:00,74.0475,74.0500,74.0425,74.0425,497
MOEX:USDRUB,2021-08-26T08:04:00+03:00,74.0400,74.0400,74.0350,74.0350,62
MOEX:USDRUB,2021-08-26T08:05:00+03:00,74.0450,74.0450,74.0300,74.0300,377
MOEX:USDRUB,2021-08-26T08:06:00+03:00,74.0375,74.0425,74.0375,74.0425,105
MOEX:USDRUB,2021-08-26T08:07:00+03:00,74.0375,74.0375,74.0375,74.0375,1
MOEX:USDRUB,2021-08-26T08:08:00+03:00,74.0350,74.0375,74.0325,74.0325,456
MOEX:USDRUB,2021-08-26T08:09:00+03:00,74.0400,74.0450,74.0400,74.0450,181
MOEX:USDRUB,2021-08-26T08:10:00+03:00,74.0300,74.0300,74.0300,74.0300,21
MOEX:USDRUB,2021-08-26T08:11:00+03:00,74.0375,74.0400,74.0350,74.0400,401
MOEX:USDRUB,2021-08-26T08:12:00+03:00,74.0425,74.0525,74.0425,74.0525,202
MOEX:USDRUB,2021-08-26T08:13:00+03:00,74.0500,74.0500,74.0500,74.0500,1
MOEX:USDRUB,2021-08-26T08:14:00+03:00,74.0500,74.0500,74.0450,74.0500,170
MOEX:USDRUB,2021-08-26T08:15:00+03:00,74.0500,74.0625,74.0500,74.0575,616
MOEX:USDRUB,2021-08-26T08:17:00+03:00,74.0600,74.0800,74.0600,74.0800,1876
MOEX:USDRUB,2021-08-26T08:18:00+03:00,74.0700,74.0725,74.0675,74.0725,174
MOEX:USDRUB,2021-08-26T08:19:00+03:00,74.0750,74.0750,74.0675,74.0725,21
MOEX:USDRUB,2021-08-26T08:20:00+03:00,74.0600,74.0725,74.0525,74.0675,157
MOEX:USDRUB,2021-08-26T08:21:00+03:00,74.0550,74.0625,74.0550,74.0625,70
MOEX:USDRUB,2021-08-26T08:22:00+03:00,74.0525,74.0525,74.0450,74.0450,151
MOEX:USDRUB,2021-08-26T08:23:00+03:00,74.0450,74.0500,74.0450,74.0450,351
MOEX:USDRUB,2021-08-26T08:24:00+03:00,74.0525,74.0575,74.0525,74.0575,201
MOEX:USDRUB,2021-08-26T08:25:00+03:00,74.0500,74.0550,74.0450,74.0475,478
MOEX:USDRUB,2021-08-26T08:26:00+03:00,74.0450,74.0450,74.0400,74.0400,227
MOEX:USDRUB,2021-08-26T08:27:00+03:00,74.0475,74.0500,74.0425,74.0500,156
MOEX:USDRUB,2021-08-26T08:28:00+03:00,74.0425,74.0425,74.0350,74.0350,265
MOEX:USDRUB,2021-08-26T08:29:00+03:00,74.0400,74.0450,74.0300,74.0300,441
MOEX:USDRUB,2021-08-26T08:30:00+03:00,74.0375,74.0400,74.0325,74.0400,414
MOEX:USDRUB,2021-08-26T08:31:00+03:00,74.0325,74.0325,74.0275,74.0275,302
MOEX:USDRUB,2021-08-26T08:32:00+03:00,74.0350,74.0400,74.0225,74.0225,737
MOEX:USDRUB,2021-08-26T08:33:00+03:00,74.0225,74.0225,74.0225,74.0225,660
MOEX:USDRUB,2021-08-26T08:34:00+03:00,74.0225,74.0300,74.0175,74.0175,124
MOEX:USDRUB,2021-08-26T08:35:00+03:00,74.0200,74.0275,74.0200,74.0275,3
MOEX:USDRUB,2021-08-26T08:36:00+03:00,74.0200,74.0250,74.0200,74.0250,12
MOEX:USDRUB,2021-08-26T08:37:00+03:00,74.0250,74.0250,74.0225,74.0225,98
MOEX:USDRUB,2021-08-26T08:38:00+03:00,74.0300,74.0325,74.0300,74.0300,3
MOEX:USDRUB,2021-08-26T08:39:00+03:00,74.0400,74.0400,74.0400,74.0400,229
MOEX:USDRUB,2021-08-26T08:40:00+03:00,74.0450,74.0550,74.0450,74.0550,68
MOEX:USDRUB,2021-08-26T08:41:00+03:00,74.0525,74.0900,74.0525,74.0700,2406
MOEX:USDRUB,2021-08-26T08:42:00+03:00,74.0700,74.0800,74.0700,74.0800,8
MOEX:USDRUB,2021-08-26T08:43:00+03:00,74.0725,74.0725,74.0725,74.0725,20
MOEX:USDRUB,2021-08-26T08:44:00+03:00,74.0725,74.0875,74.0725,74.0800,233
MOEX:USDRUB,2021-08-26T08:45:00+03:00,74.0825,74.1000,74.0700,74.0700,438
MOEX:USDRUB,2021-08-26T08:46:00+03:00,74.0700,74.0775,74.0650,74.0650,64
MOEX:USDRUB,2021-08-26T08:47:00+03:00,74.0650,74.0775,74.0650,74.0775,29
MOEX:USDRUB,2021-08-26T08:48:00+03:00,74.0650,74.0700,74.0550,74.0625,222
MOEX:USDRUB,2021-08-26T08:49:00+03:00,74.0625,74.0625,74.0625,74.0625,1
MOEX:USDRUB,2021-08-26T08:50:00+03:00,74.0600,74.0600,74.0600,74.0600,5
MOEX:USDRUB,2021-08-26T08:51:00+03:00,74.0750,74.0750,74.0600,74.0600,880
MOEX:USDRUB,2021-08-26T08:52:00+03:00,74.0700,74.0700,74.0650,74.0650,300
MOEX:USDRUB,2021-08-26T08:53:00+03:00,74.0700,74.0700,74.0650,74.0650,51
MOEX:USDRUB,2021-08-26T08:54:00+03:00,74.0675,74.0800,74.0650,74.0650,214
MOEX:USDRUB,2021-08-26T08:55:00+03:00,74.0700,74.0700,74.0625,74.0625,67
MOEX:USDRUB,2021-08-26T08:56:00+03:00,74.0700,74.0800,74.0650,74.0800,21
MOEX:USDRUB,2021-08-26T08:57:00+03:00,74.0700,74.0700,74.0675,74.0675,6
MOEX:USDRUB,2021-08-26T08:58:00+03:00,74.0750,74.0750,74.0675,74.0675,22
MOEX:USDRUB,2021-08-26T08:59:00+03:00,74.0775,74.0775,74.0675,74.0675,20
MOEX:USDRUB,2021-08-26T09:00:00+03:00,74.0675,74.0675,74.0675,74.0675,143
MOEX:USDRUB,2021-08-26T09:01:00+03:00,74.0625,74.0725,74.0625,74.0650,30
MOEX:USDRUB,2021-08-26T09:02:00+03:00,74.0650,74.0975,74.0625,74.0925,1073
MOEX:USDRUB,2021-08-26T09:03:00+03:00,74.0925,74.0925,74.0850,74.0850,68
MOEX:USDRUB,2021-08-26T09:04:00+03:00,74.0875,74.1200,74.0875,74.1175,1690
MOEX:USDRUB,2021-08-26T09:05:00+03:00,74.1200,74.1275,74.1175,74.1175,62
MOEX:USDRUB,2021-08-26T09:06:00+03:00,74.1275,74.1325,74.1175,74.1200,1604
MOEX:USDRUB,2021-08-26T09:07:00+03:00,74.1250,74.1250,74.1125,74.1150,637
MOEX:USDRUB,2021-08-26T09:08:00+03:00,74.1200,74.1275,74.1150,74.1200,1676
MOEX:USDRUB,2021-08-26T09:09:00+03:00,74.1200,74.1200,74.1125,74.1200,320
MOEX:USDRUB,2021-08-26T09:10:00+03:00,74.1150,74.1300,74.1075,74.1225,3296
MOEX:USDRUB,2021-08-26T09:11:00+03:00,74.1200,74.1300,74.1150,74.1275,419
MOEX:USDRUB,2021-08-26T09:12:00+03:00,74.1275,74.1275,74.1200,74.1200,257
MOEX:USDRUB,2021-08-26T09:13:00+03:00,74.1125,74.1250,74.1125,74.1225,553
MOEX:USDRUB,2021-08-26T09:14:00+03:00,74.1175,74.1250,74.1175,74.1225,191
MOEX:USDRUB,2021-08-26T09:15:00+03:00,74.1250,74.1275,74.1200,74.1225,465
MOEX:USDRUB,2021-08-26T09:16:00+03:00,74.1150,74.1325,74.1150,74.1325,1025
MOEX:USDRUB,2021-08-26T09:17:00+03:00,74.1175,74.1175,74.1025,74.1025,468
MOEX:USDRUB,2021-08-26T09:18:00+03:00,74.1000,74.1025,74.0975,74.0975,87
MOEX:USDRUB,2021-08-26T09:19:00+03:00,74.0925,74.1000,74.0875,74.1000,1815
MOEX:USDRUB,2021-08-26T09:20:00+03:00,74.1025,74.1175,74.1025,74.1125,1583
MOEX:USDRUB,2021-08-26T09:21:00+03:00,74.1125,74.1200,74.1000,74.1200,1725
MOEX:USDRUB,2021-08-26T09:22:00+03:00,74.1200,74.1250,74.1150,74.1200,535
MOEX:USDRUB,2021-08-26T09:23:00+03:00,74.1275,74.1300,74.1175,74.1175,1430
MOEX:USDRUB,2021-08-26T09:24:00+03:00,74.1175,74.1175,74.1100,74.1100,508
MOEX:USDRUB,2021-08-26T09:25:00+03:00,74.1100,74.1175,74.1075,74.1075,1901
MOEX:USDRUB,2021-08-26T09:26:00+03:00,74.1025,74.1125,74.1000,74.1125,187
MOEX:USDRUB,2021-08-26T09:27:00+03:00,74.1050,74.1050,74.1025,74.1050,26
MOEX:USDRUB,2021-08-26T09:28:00+03:00,74.1025,74.1075,74.0975,74.0975,466
MOEX:USDRUB,2021-08-26T09:29:00+03:00,74.1000,74.1025,74.0975,74.1025,629
MOEX:USDRUB,2021-08-26T09:30:00+03:00,74.1000,74.1050,74.0975,74.1000,1200
MOEX:USDRUB,2021-08-26T09:31:00+03:00,74.1025,74.1025,74.1000,74.1000,154
MOEX:USDRUB,2021-08-26T09:32:00+03:00,74.1025,74.1025,74.1025,74.1025,105
MOEX:USDRUB,2021-08-26T09:33:00+03:00,74.0975,74.1050,74.0975,74.1050,662
MOEX:USDRUB,2021-08-26T09:34:00+03:00,74.1000,74.1075,74.1000,74.1000,195
MOEX:USDRUB,2021-08-26T09:35:00+03:00,74.1050,74.1050,74.0950,74.0950,456
MOEX:USDRUB,2021-08-26T09:36:00+03:00,74.0925,74.1000,74.0925,74.0925,110
MOEX:USDRUB,2021-08-26T09:37:00+03:00,74.1000,74.1050,74.0975,74.0975,217
MOEX:USDRUB,2021-08-26T09:38:00+03:00,74.1050,74.1050,74.0850,74.0925,1628
MOEX:USDRUB,2021-08-26T09:39:00+03:00,74.0900,74.0925,74.0900,74.0900,3
MOEX:USDRUB,2021-08-26T09:40:00+03:00,74.0950,74.0975,74.0900,74.0900,142
MOEX:USDRUB,2021-08-26T09:41:00+03:00,74.0975,74.1000,74.0925,74.1000,645
MOEX:USDRUB,2021-08-26T09:42:00+03:00,74.1000,74.1050,74.0950,74.1000,173
MOEX:USDRUB,2021-08-26T09:43:00+03:00,74.1050,74.1075,74.0950,74.0950,1051
MOEX:USDRUB,2021-08-26T09:44:00+03:00,74.0925,74.0950,74.0925,74.0925,1036
MOEX:USDRUB,2021-08-26T09:45:00+03:00,74.0975,74.0975,74.0850,74.0850,284
MOEX:USDRUB,2021-08-26T09:46:00+03:00,74.0850,74.0975,74.0850,74.0975,944
MOEX:USDRUB,2021-08-26T09:47:00+03:00,74.0950,74.1125,74.0950,74.1125,1435
MOEX:USDRUB,2021-08-26T09:48:00+03:00,74.1000,74.1175,74.1000,74.1000,1805
MOEX:USDRUB,2021-08-26T09:49:00+03:00,74.1000,74.1050,74.1000,74.1000,36
MOEX:USDRUB,2021-08-26T09:50:00+03:00,74.1025,74.1050,74.1025,74.1025,16
MOEX:USDRUB,2021-08-26T09:51:00+03:00,74.1025,74.1050,74.0925,74.1050,632
MOEX:USDRUB,2021-08-26T09:52:00+03:00,74.1050,74.1100,74.1000,74.1050,143
MOEX:USDRUB,2021-08-26T09:53:00+03:00,74.1125,74.1125,74.1025,74.1050,1294
MOEX:USDRUB,2021-08-26T09:54:00+03:00,74.1100,74.1125,74.1025,74.1025,767
MOEX:USDRUB,2021-08-26T09:55:00+03:00,74.1000,74.1150,74.0975,74.1050,1204
MOEX:USDRUB,2021-08-26T09:56:00+03:00,74.1000,74.1050,74.1000,74.1000,403
MOEX:USDRUB,2021-08-26T09:57:00+03:00,74.1050,74.1100,74.1000,74.1075,604
MOEX:USDRUB,2021-08-26T09:58:00+03:00,74.1000,74.1125,74.0975,74.1000,2001
MOEX:USDRUB,2021-08-26T09:59:00+03:00,74.0975,74.1050,74.0975,74.1000,72
MOEX:USDRUB,2021-08-26T10:00:00+03:00,74.1000,74.1125,74.0450,74.0550,5430
MOEX:USDRUB,2021-08-26T10:01:00+03:00,74.0500,74.0500,74.0325,74.0375,2039
MOEX:USDRUB,2021-08-26T10:02:00+03:00,74.0450,74.0550,74.0375,74.0400,3369
MOEX:USDRUB,2021-08-26T10:03:00+03:00,74.0400,74.0475,74.0375,74.0400,1517
MOEX:USDRUB,2021-08-26T10:04:00+03:00,74.0375,74.0550,74.0350,74.0475,3945
MOEX:USDRUB,2021-08-26T10:05:00+03:00,74.0500,74.0525,74.0250,74.0275,4875
MOEX:USDRUB,2021-08-26T10:06:00+03:00,74.0250,74.0250,74.0050,74.0075,3262
MOEX:USDRUB,2021-08-26T10:07:00+03:00,74.0125,74.0250,74.0050,74.0225,3703
MOEX:USDRUB,2021-08-26T10:08:00+03:00,74.0225,74.0450,74.0200,74.0325,3950
MOEX:USDRUB,2021-08-26T10:09:00+03:00,74.0300,74.0500,74.0275,74.0375,5615
MOEX:USDRUB,2021-08-26T10:10:00+03:00,74.0400,74.0475,74.0225,74.0250,3613
MOEX:USDRUB,2021-08-26T10:11:00+03:00,74.0325,74.0450,74.0225,74.0425,2854
MOEX:USDRUB,2021-08-26T10:12:00+03:00,74.0400,74.0475,74.0375,74.0375,2717
MOEX:USDRUB,2021-08-26T10:13:00+03:00,74.0375,74.0450,74.0225,74.0275,5250
MOEX:USDRUB,2021-08-26T10:14:00+03:00,74.0250,74.0300,74.0200,74.0225,3455
MOEX:USDRUB,2021-08-26T10:15:00+03:00,74.0275,74.0300,74.0175,74.0175,2284
MOEX:USDRUB,2021-08-26T10:16:00+03:00,74.0175,74.0200,74.0100,74.0125,1831
MOEX:USDRUB,2021-08-26T10:17:00+03:00,74.0125,74.0200,74.0025,74.0150,8122
MOEX:USDRUB,2021-08-26T10:18:00+03:00,74.0200,74.0325,74.0150,74.0250,3046
MOEX:USDRUB,2021-08-26T10:19:00+03:00,74.0250,74.0375,74.0175,74.0175,4411
MOEX:USDRUB,2021-08-26T10:20:00+03:00,74.0225,74.0225,74.0100,74.0150,1814
MOEX:USDRUB,2021-08-26T10:21:00+03:00,74.0200,74.0275,74.0150,74.0275,1888
MOEX:USDRUB,2021-08-26T10:22:00+03:00,74.0200,74.0375,74.0200,74.0350,1893
MOEX:USDRUB,2021-08-26T10:23:00+03:00,74.0375,74.0425,74.0300,74.0350,1557
MOEX:USDRUB,2021-08-26T10:24:00+03:00,74.0300,74.0350,74.0225,74.0225,2751
MOEX:USDRUB,2021-08-26T10:25:00+03:00,74.0275,74.0275,74.0100,74.0175,923
MOEX:USDRUB,2021-08-26T10:26:00+03:00,74.0100,74.0175,73.9950,74.0050,2458
MOEX:USDRUB,2021-08-26T10:27:00+03:00,74.0050,74.0075,73.9900,73.9950,1913
MOEX:USDRUB,2021-08-26T10:28:00+03:00,73.9950,74.0100,73.9950,74.0075,2479
MOEX:USDRUB,2021-08-26T10:29:00+03:00,74.0075,74.0075,73.9900,73.9925,2748
MOEX:USDRUB,2021-08-26T10:30:00+03:00,73.9900,73.9900,73.9725,73.9825,7242
MOEX:USDRUB,2021-08-26T10:31:00+03:00,73.9875,73.9900,73.9800,73.9825,2337
MOEX:USDRUB,2021-08-26T10:32:00+03:00,73.9825,73.9975,73.9825,73.9975,1692
MOEX:USDRUB,2021-08-26T10:33:00+03:00,73.9925,73.9925,73.9800,73.9800,2119
MOEX:USDRUB,2021-08-26T10:34:00+03:00,73.9850,73.9900,73.9800,73.9825,1471
MOEX:USDRUB,2021-08-26T10:35:00+03:00,73.9825,73.9875,73.9750,73.9800,5255
MOEX:USDRUB,2021-08-26T10:36:00+03:00,73.9750,73.9750,73.9575,73.9600,3315
MOEX:USDRUB,2021-08-26T10:37:00+03:00,73.9600,73.9650,73.9525,73.9550,5311
MOEX:USDRUB,2021-08-26T10:38:00+03:00,73.9575,73.9575,73.9500,73.9525,4791
MOEX:USDRUB,2021-08-26T10:39:00+03:00,73.9500,73.9725,73.9500,73.9725,1449
MOEX:USDRUB,2021-08-26T10:40:00+03:00,73.9650,73.9800,73.9600,73.9700,5345
MOEX:USDRUB,2021-08-26T10:41:00+03:00,73.9750,73.9825,73.9700,73.9725,1958
MOEX:USDRUB,2021-08-26T10:42:00+03:00,73.9725,73.9725,73.9625,73.9650,2194
MOEX:USDRUB,2021-08-26T10:43:00+03:00,73.9625,73.9675,73.9600,73.9600,807
MOEX:USDRUB,2021-08-26T10:44:00+03:00,73.9700,73.9700,73.9575,73.9575,674
MOEX:USDRUB,2021-08-26T10:45:00+03:00,73.9525,73.9650,73.9500,73.9550,2088
MOEX:USDRUB,2021-08-26T10:46:00+03:00,73.9600,73.9650,73.9500,73.9525,2584
MOEX:USDRUB,2021-08-26T10:47:00+03:00,73.9500,73.9575,73.9300,73.9500,6072
MOEX:USDRUB,2021-08-26T10:48:00+03:00,73.9550,73.9650,73.9475,73.9625,4121
MOEX:USDRUB,2021-08-26T10:49:00+03:00,73.9650,73.9650,73.9500,73.9550,1942
MOEX:USDRUB,2021-08-26T10:50:00+03:00,73.9550,73.9600,73.9450,73.9450,5206
MOEX:USDRUB,2021-08-26T10:51:00+03:00,73.9525,73.9725,73.9475,73.9650,5721
MOEX:USDRUB,2021-08-26T10:52:00+03:00,73.9650,73.9700,73.9525,73.9675,23547
MOEX:USDRUB,2021-08-26T10:53:00+03:00,73.9675,73.9775,73.9675,73.9675,1850
MOEX:USDRUB,2021-08-26T10:54:00+03:00,73.9775,73.9825,73.9725,73.9725,2683
MOEX:USDRUB,2021-08-26T10:55:00+03:00,73.9725,73.9750,73.9625,73.9700,2901
MOEX:USDRUB,2021-08-26T10:56:00+03:00,73.9625,73.9700,73.9600,73.9625,2490
MOEX:USDRUB,2021-08-26T10:57:00+03:00,73.9600,73.9700,73.9575,73.9575,749
MOEX:USDRUB,2021-08-26T10:58:00+03:00,73.9550,73.9600,73.9500,73.9600,626
MOEX:USDRUB,2021-08-26T10:59:00+03:00,73.9525,73.9675,73.9525,73.9600,2140
MOEX:USDRUB,2021-08-26T11:00:00+03:00,73.9625,73.9725,73.9550,73.9700,2188
MOEX:USDRUB,2021-08-26T11:01:00+03:00,73.9725,73.9725,73.9575,73.9575,994
MOEX:USDRUB,2021-08-26T11:02:00+03:00,73.9600,73.9675,73.9525,73.9600,1963
MOEX:USDRUB,2021-08-26T11:03:00+03:00,73.9550,73.9650,73.9550,73.9600,621
MOEX:USDRUB,2021-08-26T11:04:00+03:00,73.9650,73.9700,73.9550,73.9700,3657
MOEX:USDRUB,2021-08-26T11:05:00+03:00,73.9600,73.9775,73.9575,73.9725,1549
MOEX:USDRUB,2021-08-26T11:06:00+03:00,73.9775,73.9900,73.9775,73.9900,1019
MOEX:USDRUB,2021-08-26T11:07:00+03:00,73.9900,73.9925,73.9825,73.9900,1939
MOEX:USDRUB,2021-08-26T11:08:00+03:00,73.9850,73.9875,73.9750,73.9800,4004
MOEX:USDRUB,2021-08-26T11:09:00+03:00,73.9750,73.9825,73.9725,73.9725,528
MOEX:USDRUB,2021-08-26T11:10:00+03:00,73.9750,73.9825,73.9650,73.9650,1494
MOEX:USDRUB,2021-08-26T11:11:00+03:00,73.9650,73.9825,73.9575,73.9825,6933
MOEX:USDRUB,2021-08-26T11:12:00+03:00,73.9800,73.9825,73.9750,73.9775,1484
MOEX:USDRUB,2021-08-26T11:13:00+03:00,73.9800,73.9825,73.9650,73.9675,972
MOEX:USDRUB,2021-08-26T11:14:00+03:00,73.9700,73.9750,73.9650,73.9675,3424
MOEX:USDRUB,2021-08-26T11:15:00+03:00,73.9700,73.9750,73.9600,73.9625,5538
MOEX:USDRUB,2021-08-26T11:16:00+03:00,73.9625,73.9725,73.9625,73.9700,773
MOEX:USDRUB,2021-08-26T11:17:00+03:00,73.9625,73.9700,73.9600,73.9625,2968
MOEX:USDRUB,2021-08-26T11:18:00+03:00,73.9675,73.9750,73.9675,73.9700,453
MOEX:USDRUB,2021-08-26T11:19:00+03:00,73.9700,73.9900,73.9700,73.9800,5124
MOEX:USDRUB,2021-08-26T11:20:00+03:00,73.9725,73.9725,73.9675,73.9675,519
MOEX:USDRUB,2021-08-26T11:21:00+03:00,73.9675,73.9800,73.9675,73.9800,815
MOEX:USDRUB,2021-08-26T11:22:00+03:00,73.9700,73.9725,73.9675,73.9675,349
MOEX:USDRUB,2021-08-26T11:23:00+03:00,73.9700,73.9800,73.9675,73.9775,993
MOEX:USDRUB,2021-08-26T11:24:00+03:00,73.9825,73.9900,73.9750,73.9850,3221
MOEX:USDRUB,2021-08-26T11:25:00+03:00,73.9925,73.9925,73.9850,73.9875,1022
MOEX:USDRUB,2021-08-26T11:26:00+03:00,73.9875,73.9975,73.9875,73.9950,3766
MOEX:USDRUB,2021-08-26T11:27:00+03:00,73.9950,74.0025,73.9950,73.9950,3721
MOEX:USDRUB,2021-08-26T11:28:00+03:00,73.9950,74.0100,73.9950,74.0100,5585
MOEX:USDRUB,2021-08-26T11:29:00+03:00,74.0100,74.0225,74.0050,74.0175,5400
MOEX:USDRUB,2021-08-26T11:30:00+03:00,74.0125,74.0150,74.0075,74.0100,427
MOEX:USDRUB,2021-08-26T11:31:00+03:00,74.0125,74.0125,74.0000,74.0025,678
MOEX:USDRUB,2021-08-26T11:32:00+03:00,74.0025,74.0075,73.9975,73.9975,1188
MOEX:USDRUB,2021-08-26T11:33:00+03:00,74.0000,74.0000,73.9925,73.9975,4197
MOEX:USDRUB,2021-08-26T11:34:00+03:00,74.0025,74.0025,73.9925,73.9975,982
MOEX:USDRUB,2021-08-26T11:35:00+03:00,73.9925,74.0000,73.9875,73.9925,2790
MOEX:USDRUB,2021-08-26T11:36:00+03:00,73.9975,73.9975,73.9825,73.9825,2447
MOEX:USDRUB,2021-08-26T11:37:00+03:00,73.9825,73.9825,73.9625,73.9675,4166
MOEX:USDRUB,2021-08-26T11:38:00+03:00,73.9650,73.9725,73.9650,73.9700,1829
MOEX:USDRUB,2021-08-26T11:39:00+03:00,73.9775,73.9825,73.9700,73.9775,1971
MOEX:USDRUB,2021-08-26T11:40:00+03:00,73.9775,73.9800,73.9675,73.9800,690
MOEX:USDRUB,2021-08-26T11:41:00+03:00,73.9775,73.9800,73.9625,73.9625,1109
MOEX:USDRUB,2021-08-26T11:42:00+03:00,73.9600,73.9625,73.9500,73.9575,2819
MOEX:USDRUB,2021-08-26T11:43:00+03:00,73.9575,73.9725,73.9575,73.9675,12830
MOEX:USDRUB,2021-08-26T11:44:00+03:00,73.9675,73.9725,73.9575,73.9575,561
MOEX:USDRUB,2021-08-26T11:45:00+03:00,73.9550,73.9625,73.9525,73.9525,723
MOEX:USDRUB,2021-08-26T11:46:00+03:00,73.9525,73.9525,73.9400,73.9425,2571
MOEX:USDRUB,2021-08-26T11:47:00+03:00,73.9400,73.9475,73.9400,73.9425,1614
MOEX:USDRUB,2021-08-26T11:48:00+03:00,73.9475,73.9575,73.9425,73.9500,796
MOEX:USDRUB,2021-08-26T11:49:00+03:00,73.9575,73.9700,73.9475,73.9475,3805
MOEX:USDRUB,2021-08-26T11:50:00+03:00,73.9500,73.9600,73.9450,73.9575,778
MOEX:USDRUB,2021-08-26T11:51:00+03:00,73.9525,73.9675,73.9525,73.9675,748
MOEX:USDRUB,2021-08-26T11:52:00+03:00,73.9625,73.9850,73.9625,73.9800,5795
MOEX:USDRUB,2021-08-26T11:53:00+03:00,73.9800,73.9900,73.9750,73.9800,1969
MOEX:USDRUB,2021-08-26T11:54:00+03:00,73.9825,73.9875,73.9800,73.9800,2288
MOEX:USDRUB,2021-08-26T11:55:00+03:00,73.9850,73.9925,73.9800,73.9925,4911
MOEX:USDRUB,2021-08-26T11:56:00+03:00,73.9925,74.0000,73.9925,73.9925,781
MOEX:USDRUB,2021-08-26T11:57:00+03:00,73.9925,74.0050,73.9925,74.0025,4494
MOEX:USDRUB,2021-08-26T11:58:00+03:00,74.0025,74.0075,74.0000,74.0000,15021
MOEX:USDRUB,2021-08-26T11:59:00+03:00,74.0000,74.0100,73.9950,74.0100,10002
MOEX:USDRUB,2021-08-26T12:00:00+03:00,74.0050,74.0200,74.0000,74.0025,9636
MOEX:USDRUB,2021-08-26T12:01:00+03:00,74.0000,74.0000,73.9925,74.0000,20007
MOEX:USDRUB,2021-08-26T12:02:00+03:00,74.0000,74.0275,73.9975,74.0275,2070
MOEX:USDRUB,2021-08-26T12:03:00+03:00,74.0225,74.0300,74.0200,74.0225,7055
MOEX:USDRUB,2021-08-26T12:04:00+03:00,74.0200,74.0300,74.0200,74.0275,1155
MOEX:USDRUB,2021-08-26T12:05:00+03:00,74.0200,74.0300,74.0200,74.0200,5164
MOEX:USDRUB,2021-08-26T12:06:00+03:00,74.0250,74.0275,74.0200,74.0200,2631
MOEX:USDRUB,2021-08-26T12:07:00+03:00,74.0200,74.0300,74.0200,74.0225,2006
MOEX:USDRUB,2021-08-26T12:08:00+03:00,74.0250,74.0275,74.0200,74.0200,1196
MOEX:USDRUB,2021-08-26T12:09:00+03:00,74.0200,74.0400,74.0200,74.0275,5328
MOEX:USDRUB,2021-08-26T12:10:00+03:00,74.0225,74.0300,74.0200,74.0200,680
MOEX:USDRUB,2021-08-26T12:11:00+03:00,74.0250,74.0250,74.0100,74.0200,1169
MOEX:USDRUB,2021-08-26T12:12:00+03:00,74.0200,74.0325,74.0175,74.0250,2187
MOEX:USDRUB,2021-08-26T12:13:00+03:00,74.0250,74.0350,74.0250,74.0275,2259
MOEX:USDRUB,2021-08-26T12:14:00+03:00,74.0250,74.0300,74.0200,74.0225,573
MOEX:USDRUB,2021-08-26T12:15:00+03:00,74.0275,74.0350,74.0200,74.0350,1196
MOEX:USDRUB,2021-08-26T12:16:00+03:00,74.0250,74.0300,74.0225,74.0300,405
MOEX:USDRUB,2021-08-26T12:17:00+03:00,74.0225,74.0425,74.0225,74.0425,1041
MOEX:USDRUB,2021-08-26T12:18:00+03:00,74.0350,74.0375,74.0325,74.0325,1153
MOEX:USDRUB,2021-08-26T12:19:00+03:00,74.0350,74.0375,74.0300,74.0300,320
MOEX:USDRUB,2021-08-26T12:20:00+03:00,74.0300,74.0375,74.0300,74.0375,670
MOEX:USDRUB,2021-08-26T12:21:00+03:00,74.0350,74.0450,74.0350,74.0375,1906
MOEX:USDRUB,2021-08-26T12:22:00+03:00,74.0450,74.0525,74.0425,74.0500,3626
MOEX:USDRUB,2021-08-26T12:23:00+03:00,74.0475,74.0550,74.0450,74.0475,1528
MOEX:USDRUB,2021-08-26T12:24:00+03:00,74.0450,74.0450,74.0425,74.0425,524
MOEX:USDRUB,2021-08-26T12:25:00+03:00,74.0450,74.0500,74.0400,74.0475,2994
MOEX:USDRUB,2021-08-26T12:26:00+03:00,74.0450,74.0500,74.0375,74.0375,3733
MOEX:USDRUB,2021-08-26T12:27:00+03:00,74.0400,74.0425,74.0350,74.0350,2293
MOEX:USDRUB,2021-08-26T12:28:00+03:00,74.0325,74.0375,74.0300,74.0300,551
MOEX:USDRUB,2021-08-26T12:29:00+03:00,74.0325,74.0450,74.0325,74.0450,3811
MOEX:USDRUB,2021-08-26T12:30:00+03:00,74.0475,74.0625,74.0425,74.0425,1908
MOEX:USDRUB,2021-08-26T12:31:00+03:00,74.0450,74.0675,74.0375,74.0450,13627
MOEX:USDRUB,2021-08-26T12:32:00+03:00,74.0475,74.0700,74.0450,74.0625,3801
MOEX:USDRUB,2021-08-26T12:33:00+03:00,74.0650,74.0650,74.0500,74.0500,1691
MOEX:USDRUB,2021-08-26T12:34:00+03:00,74.0500,74.0575,74.0475,74.0475,1023
MOEX:USDRUB,2021-08-26T12:35:00+03:00,74.0500,74.0575,74.0450,74.0525,1215
MOEX:USDRUB,2021-08-26T12:36:00+03:00,74.0525,74.0625,74.0500,74.0525,2339
MOEX:USDRUB,2021-08-26T12:37:00+03:00,74.0500,74.0575,74.0500,74.0500,2639
MOEX:USDRUB,2021-08-26T12:38:00+03:00,74.0575,74.0575,74.0425,74.0425,994
MOEX:USDRUB,2021-08-26T12:39:00+03:00,74.0450,74.0450,74.0325,74.0400,2668
MOEX:USDRUB,2021-08-26T12:40:00+03:00,74.0350,74.0425,74.0300,74.0375,1124
MOEX:USDRUB,2021-08-26T12:41:00+03:00,74.0325,74.0400,74.0300,74.0375,2624
MOEX:USDRUB,2021-08-26T12:42:00+03:00,74.0350,74.0375,74.0300,74.0325,505
MOEX:USDRUB,2021-08-26T12:43:00+03:00,74.0350,74.0425,74.0325,74.0425,1773
MOEX:USDRUB,2021-08-26T12:44:00+03:00,74.0425,74.0500,74.0425,74.0425,896
MOEX:USDRUB,2021-08-26T12:45:00+03:00,74.0500,74.0500,74.0275,74.0325,1662
MOEX:USDRUB,2021-08-26T12:46:00+03:00,74.0250,74.0325,74.0175,74.0175,2585
MOEX:USDRUB,2021-08-26T12:47:00+03:00,74.0175,74.0200,74.0125,74.0200,1220
MOEX:USDRUB,2021-08-26T12:48:00+03:00,74.0200,74.0200,74.0050,74.0150,853
MOEX:USDRUB,2021-08-26T12:49:00+03:00,74.0100,74.0200,74.0075,74.0125,2891
MOEX:USDRUB,2021-08-26T12:50:00+03:00,74.0125,74.0200,74.0100,74.0100,2552
MOEX:USDRUB,2021-08-26T12:51:00+03:00,74.0100,74.0100,74.0000,74.0025,3955
MOEX:USDRUB,2021-08-26T12:52:00+03:00,74.0050,74.0100,74.0000,74.0050,1360
MOEX:USDRUB,2021-08-26T12:53:00+03:00,74.0050,74.0125,74.0050,74.0050,599
MOEX:USDRUB,2021-08-26T12:54:00+03:00,74.0050,74.0100,73.9975,74.0025,619
MOEX:USDRUB,2021-08-26T12:55:00+03:00,73.9975,74.0025,73.9925,73.9950,1874
MOEX:USDRUB,2021-08-26T12:56:00+03:00,73.9950,74.0050,73.9950,74.0050,846
MOEX:USDRUB,2021-08-26T12:57:00+03:00,74.0050,74.0100,74.0000,74.0025,1654
MOEX:USDRUB,2021-08-26T12:58:00+03:00,74.0025,74.0175,74.0000,74.0125,1159
MOEX:USDRUB,2021-08-26T12:59:00+03:00,74.0125,74.0200,74.0125,74.0200,595
MOEX:USDRUB,2021-08-26T13:00:00+03:00,74.0100,74.0175,74.0100,74.0100,731
MOEX:USDRUB,2021-08-26T13:01:00+03:00,74.0075,74.0200,74.0075,74.0150,1391
MOEX:USDRUB,2021-08-26T13:02:00+03:00,74.0150,74.0175,74.0075,74.0100,336
MOEX:USDRUB,2021-08-26T13:03:00+03:00,74.0175,74.0225,74.0100,74.0175,4041
MOEX:USDRUB,2021-08-26T13:04:00+03:00,74.0175,74.0225,74.0100,74.0200,712
MOEX:USDRUB,2021-08-26T13:05:00+03:00,74.0150,74.0225,74.0100,74.0225,2241
MOEX:USDRUB,2021-08-26T13:06:00+03:00,74.0225,74.0300,74.0175,74.0225,3859
MOEX:USDRUB,2021-08-26T13:07:00+03:00,74.0300,74.0350,74.0225,74.0300,905
MOEX:USDRUB,2021-08-26T13:08:00+03:00,74.0325,74.0325,74.0275,74.0300,1296
MOEX:USDRUB,2021-08-26T13:09:00+03:00,74.0275,74.0350,74.0275,74.0300,580
MOEX:USDRUB,2021-08-26T13:10:00+03:00,74.0275,74.0375,74.0275,74.0300,1319
MOEX:USDRUB,2021-08-26T13:11:00+03:00,74.0350,74.0425,74.0300,74.0425,1100
MOEX:USDRUB,2021-08-26T13:12:00+03:00,74.0425,74.0450,74.0300,74.0300,1419
MOEX:USDRUB,2021-08-26T13:13:00+03:00,74.0350,74.0375,74.0275,74.0350,7411
MOEX:USDRUB,2021-08-26T13:14:00+03:00,74.0400,74.0400,74.0225,74.0225,14095
MOEX:USDRUB,2021-08-26T13:15:00+03:00,74.0225,74.0275,74.0200,74.0250,671
MOEX:USDRUB,2021-08-26T13:16:00+03:00,74.0300,74.0300,74.0200,74.0200,3162
MOEX:USDRUB,2021-08-26T13:17:00+03:00,74.0200,74.0225,74.0075,74.0225,7595
MOEX:USDRUB,2021-08-26T13:18:00+03:00,74.0200,74.0300,74.0200,74.0300,755
MOEX:USDRUB,2021-08-26T13:19:00+03:00,74.0300,74.0300,74.0225,74.0250,4727
MOEX:USDRUB,2021-08-26T13:20:00+03:00,74.0250,74.0300,74.0050,74.0050,4994
MOEX:USDRUB,2021-08-26T13:21:00+03:00,74.0050,74.0200,74.0025,74.0100,1641
MOEX:USDRUB,2021-08-26T13:22:00+03:00,74.0125,74.0150,74.0025,74.0025,625
MOEX:USDRUB,2021-08-26T13:23:00+03:00,74.0025,74.0075,74.0025,74.0025,426
MOEX:USDRUB,2021-08-26T13:24:00+03:00,74.0025,74.0150,74.0025,74.0100,927
MOEX:USDRUB,2021-08-26T13:25:00+03:00,74.0075,74.0150,74.0025,74.0025,1255
MOEX:USDRUB,2021-08-26T13:26:00+03:00,74.0100,74.0125,74.0025,74.0050,1417
MOEX:USDRUB,2021-08-26T13:27:00+03:00,74.0050,74.0100,74.0025,74.0050,384
MOEX:USDRUB,2021-08-26T13:28:00+03:00,74.0100,74.0125,74.0000,74.0050,822
MOEX:USDRUB,2021-08-26T13:29:00+03:00,74.0050,74.0100,74.0025,74.0075,440
MOEX:USDRUB,2021-08-26T13:30:00+03:00,74.0050,74.0050,74.0000,74.0000,1332
MOEX:USDRUB,2021-08-26T13:31:00+03:00,73.9975,74.0000,73.9875,73.9925,1566
MOEX:USDRUB,2021-08-26T13:32:00+03:00,73.9925,74.0100,73.9925,74.0100,1063
MOEX:USDRUB,2021-08-26T13:33:00+03:00,74.0025,74.0175,74.0025,74.0100,698
MOEX:USDRUB,2021-08-26T13:34:00+03:00,74.0100,74.0200,74.0100,74.0125,1604
MOEX:USDRUB,2021-08-26T13:35:00+03:00,74.0175,74.0175,74.0075,74.0100,1041
MOEX:USDRUB,2021-08-26T13:36:00+03:00,74.0150,74.0200,74.0100,74.0200,457
MOEX:USDRUB,2021-08-26T13:37:00+03:00,74.0125,74.0225,74.0125,74.0175,2308
MOEX:USDRUB,2021-08-26T13:38:00+03:00,74.0150,74.0225,74.0150,74.0175,464
MOEX:USDRUB,2021-08-26T13:39:00+03:00,74.0125,74.0225,74.0025,74.0025,1864
MOEX:USDRUB,2021-08-26T13:40:00+03:00,74.0050,74.0150,74.0025,74.0150,861
MOEX:USDRUB,2021-08-26T13:41:00+03:00,74.0075,74.0225,74.0075,74.0225,701
MOEX:USDRUB,2021-08-26T13:42:00+03:00,74.0200,74.0200,74.0125,74.0125,550
MOEX:USDRUB,2021-08-26T13:43:00+03:00,74.0150,74.0200,74.0125,74.0125,296
MOEX:USDRUB,2021-08-26T13:44:00+03:00,74.0125,74.0200,74.0125,74.0175,505
MOEX:USDRUB,2021-08-26T13:45:00+03:00,74.0175,74.0225,74.0150,74.0150,802
MOEX:USDRUB,2021-08-26T13:46:00+03:00,74.0200,74.0225,74.0150,74.0150,2473
MOEX:USDRUB,2021-08-26T13:47:00+03:00,74.0150,74.0200,74.0125,74.0150,308
MOEX:USDRUB,2021-08-26T13:48:00+03:00,74.0125,74.0175,74.0125,74.0125,513
MOEX:USDRUB,2021-08-26T13:49:00+03:00,74.0125,74.0175,74.0125,74.0125,417
MOEX:USDRUB,2021-08-26T13:50:00+03:00,74.0100,74.0100,74.0025,74.0100,653
MOEX:USDRUB,2021-08-26T13:51:00+03:00,74.0075,74.0150,74.0025,74.0100,623
MOEX:USDRUB,2021-08-26T13:52:00+03:00,74.0150,74.0175,74.0050,74.0125,1170
MOEX:USDRUB,2021-08-26T13:53:00+03:00,74.0150,74.0175,74.0100,74.0100,962
MOEX:USDRUB,2021-08-26T13:54:00+03:00,74.0125,74.0200,74.0050,74.0200,3914
MOEX:USDRUB,2021-08-26T13:55:00+03:00,74.0125,74.0225,74.0100,74.0175,767
MOEX:USDRUB,2021-08-26T13:56:00+03:00,74.0125,74.0175,74.0125,74.0125,408
MOEX:USDRUB,2021-08-26T13:57:00+03:00,74.0175,74.0200,74.0125,74.0175,1672
MOEX:USDRUB,2021-08-26T13:58:00+03:00,74.0125,74.0200,74.0100,74.0200,692
MOEX:USDRUB,2021-08-26T13:59:00+03:00,74.0175,74.0175,74.0050,74.0100,2049
MOEX:USDRUB,2021-08-26T14:00:00+03:00,74.0175,74.0175,74.0075,74.0075,547
MOEX:USDRUB,2021-08-26T14:01:00+03:00,74.0050,74.0150,74.0050,74.0125,441
MOEX:USDRUB,2021-08-26T14:02:00+03:00,74.0125,74.0225,74.0125,74.0225,2823
MOEX:USDRUB,2021-08-26T14:03:00+03:00,74.0225,74.0225,74.0100,74.0150,2001
MOEX:USDRUB,2021-08-26T14:04:00+03:00,74.0200,74.0200,74.0125,74.0150,1158
MOEX:USDRUB,2021-08-26T14:05:00+03:00,74.0100,74.0200,74.0100,74.0125,1626
MOEX:USDRUB,2021-08-26T14:06:00+03:00,74.0175,74.0175,74.0050,74.0050,740
MOEX:USDRUB,2021-08-26T14:07:00+03:00,74.0050,74.0150,74.0050,74.0075,1354
MOEX:USDRUB,2021-08-26T14:08:00+03:00,74.0075,74.0075,73.9950,74.0000,5254
MOEX:USDRUB,2021-08-26T14:09:00+03:00,74.0000,74.0025,73.9925,73.9975,587
MOEX:USDRUB,2021-08-26T14:10:00+03:00,73.9975,73.9975,73.9875,73.9875,2867
MOEX:USDRUB,2021-08-26T14:11:00+03:00,73.9875,74.0000,73.9875,73.9925,569
MOEX:USDRUB,2021-08-26T14:12:00+03:00,73.9925,74.0000,73.9900,74.0000,444
MOEX:USDRUB,2021-08-26T14:13:00+03:00,73.9900,74.0000,73.9875,73.9900,1135
MOEX:USDRUB,2021-08-26T14:14:00+03:00,73.9925,73.9975,73.9875,73.9875,1195
MOEX:USDRUB,2021-08-26T14:15:00+03:00,73.9875,73.9950,73.9875,73.9900,432
MOEX:USDRUB,2021-08-26T14:16:00+03:00,73.9900,74.0000,73.9825,73.9825,1843
MOEX:USDRUB,2021-08-26T14:17:00+03:00,73.9850,73.9975,73.9850,73.9925,1392
MOEX:USDRUB,2021-08-26T14:18:00+03:00,73.9950,73.9950,73.9625,73.9650,5511
MOEX:USDRUB,2021-08-26T14:19:00+03:00,73.9700,73.9700,73.9500,73.9575,2909
MOEX:USDRUB,2021-08-26T14:20:00+03:00,73.9500,73.9550,73.9500,73.9525,1410
MOEX:USDRUB,2021-08-26T14:21:00+03:00,73.9600,73.9625,73.9500,73.9525,5295
MOEX:USDRUB,2021-08-26T14:22:00+03:00,73.9575,73.9650,73.9575,73.9650,544
MOEX:USDRUB,2021-08-26T14:23:00+03:00,73.9625,73.9675,73.9550,73.9550,812
MOEX:USDRUB,2021-08-26T14:24:00+03:00,73.9525,73.9600,73.9525,73.9550,301
MOEX:USDRUB,2021-08-26T14:25:00+03:00,73.9575,73.9600,73.9500,73.9525,3446
MOEX:USDRUB,2021-08-26T14:26:00+03:00,73.9525,73.9575,73.9400,73.9425,1281
MOEX:USDRUB,2021-08-26T14:27:00+03:00,73.9425,73.9475,73.9400,73.9475,4197
MOEX:USDRUB,2021-08-26T14:28:00+03:00,73.9425,73.9550,73.9425,73.9475,718
MOEX:USDRUB,2021-08-26T14:29:00+03:00,73.9450,73.9625,73.9450,73.9550,1127
MOEX:USDRUB,2021-08-26T14:30:00+03:00,73.9525,73.9550,73.9425,73.9450,1362
MOEX:USDRUB,2021-08-26T14:31:00+03:00,73.9450,73.9600,73.9425,73.9600,643
MOEX:USDRUB,2021-08-26T14:32:00+03:00,73.9600,73.9650,73.9550,73.9650,600
MOEX:USDRUB,2021-08-26T14:33:00+03:00,73.9575,73.9800,73.9575,73.9750,2211
MOEX:USDRUB,2021-08-26T14:34:00+03:00,73.9750,73.9850,73.9650,73.9825,3218
MOEX:USDRUB,2021-08-26T14:35:00+03:00,73.9750,73.9850,73.9725,73.9725,632
MOEX:USDRUB,2021-08-26T14:36:00+03:00,73.9825,73.9825,73.9725,73.9725,1255
MOEX:USDRUB,2021-08-26T14:37:00+03:00,73.9725,73.9775,73.9600,73.9600,6509
MOEX:USDRUB,2021-08-26T14:38:00+03:00,73.9600,73.9750,73.9575,73.9725,3716
MOEX:USDRUB,2021-08-26T14:39:00+03:00,73.9775,73.9900,73.9700,73.9825,3840
MOEX:USDRUB,2021-08-26T14:40:00+03:00,73.9850,73.9925,73.9825,73.9875,761
MOEX:USDRUB,2021-08-26T14:41:00+03:00,73.9825,73.9900,73.9825,73.9825,1978
MOEX:USDRUB,2021-08-26T14:42:00+03:00,73.9875,73.9900,73.9825,73.9850,1065
MOEX:USDRUB,2021-08-26T14:43:00+03:00,73.9825,73.9900,73.9825,73.9850,350
MOEX:USDRUB,2021-08-26T14:44:00+03:00,73.9850,73.9900,73.9825,73.9850,1674
MOEX:USDRUB,2021-08-26T14:45:00+03:00,73.9825,73.9900,73.9825,73.9850,2809
MOEX:USDRUB,2021-08-26T14:46:00+03:00,73.9825,73.9900,73.9825,73.9850,305
MOEX:USDRUB,2021-08-26T14:47:00+03:00,73.9850,73.9925,73.9825,73.9850,1245
MOEX:USDRUB,2021-08-26T14:48:00+03:00,73.9850,73.9925,73.9825,73.9825,2666
MOEX:USDRUB,2021-08-26T14:49:00+03:00,73.9875,73.9875,73.9825,73.9825,410
MOEX:USDRUB,2021-08-26T14:50:00+03:00,73.9825,73.9850,73.9675,73.9850,4869
MOEX:USDRUB,2021-08-26T14:51:00+03:00,73.9850,73.9875,73.9800,73.9800,5593
MOEX:USDRUB,2021-08-26T14:52:00+03:00,73.9800,73.9825,73.9675,73.9675,3689
MOEX:USDRUB,2021-08-26T14:53:00+03:00,73.9650,73.9775,73.9625,73.9775,818
MOEX:USDRUB,2021-08-26T14:54:00+03:00,73.9750,73.9825,73.9700,73.9700,957
MOEX:USDRUB,2021-08-26T14:55:00+03:00,73.9700,73.9825,73.9650,73.9775,794
MOEX:USDRUB,2021-08-26T14:56:00+03:00,73.9725,73.9800,73.9700,73.9725,355
MOEX:USDRUB,2021-08-26T14:57:00+03:00,73.9800,73.9825,73.9750,73.9825,1091
MOEX:USDRUB,2021-08-26T14:58:00+03:00,73.9800,73.9825,73.9750,73.9800,581
MOEX:USDRUB,2021-08-26T14:59:00+03:00,73.9750,73.9825,73.9725,73.9750,599
MOEX:USDRUB,2021-08-26T15:00:00+03:00,73.9750,73.9800,73.9700,73.9725,547
MOEX:USDRUB,2021-08-26T15:01:00+03:00,73.9700,73.9750,73.9625,73.9650,670
MOEX:USDRUB,2021-08-26T15:02:00+03:00,73.9650,73.9775,73.9650,73.9700,1175
MOEX:USDRUB,2021-08-26T15:03:00+03:00,73.9675,73.9775,73.9625,73.9725,2687
MOEX:USDRUB,2021-08-26T15:04:00+03:00,73.9800,73.9800,73.9725,73.9750,629
MOEX:USDRUB,2021-08-26T15:05:00+03:00,73.9725,73.9825,73.9725,73.9775,1251
MOEX:USDRUB,2021-08-26T15:06:00+03:00,73.9775,73.9775,73.9625,73.9675,990
MOEX:USDRUB,2021-08-26T15:07:00+03:00,73.9700,73.9800,73.9650,73.9675,943
MOEX:USDRUB,2021-08-26T15:08:00+03:00,73.9625,73.9675,73.9600,73.9650,578
MOEX:USDRUB,2021-08-26T15:09:00+03:00,73.9625,73.9725,73.9600,73.9625,399
MOEX:USDRUB,2021-08-26T15:10:00+03:00,73.9600,73.9725,73.9600,73.9650,501
MOEX:USDRUB,2021-08-26T15:11:00+03:00,73.9650,73.9725,73.9650,73.9700,350
MOEX:USDRUB,2021-08-26T15:12:00+03:00,73.9700,73.9950,73.9700,73.9900,1784
MOEX:USDRUB,2021-08-26T15:13:00+03:00,73.9900,73.9950,73.9825,73.9900,5428
MOEX:USDRUB,2021-08-26T15:14:00+03:00,73.9900,74.0025,73.9875,74.0025,2219
MOEX:USDRUB,2021-08-26T15:15:00+03:00,74.0000,74.0075,74.0000,74.0050,2219
MOEX:USDRUB,2021-08-26T15:16:00+03:00,74.0075,74.0075,74.0000,74.0050,2031
MOEX:USDRUB,2021-08-26T15:17:00+03:00,74.0050,74.0075,73.9975,74.0000,5287
MOEX:USDRUB,2021-08-26T15:18:00+03:00,74.0000,74.0050,74.0000,74.0050,995
MOEX:USDRUB,2021-08-26T15:19:00+03:00,74.0000,74.0050,73.9975,74.0050,962
MOEX:USDRUB,2021-08-26T15:20:00+03:00,74.0000,74.0050,74.0000,74.0050,1065
MOEX:USDRUB,2021-08-26T15:21:00+03:00,74.0050,74.0150,74.0050,74.0150,1151
MOEX:USDRUB,2021-08-26T15:22:00+03:00,74.0100,74.0175,74.0100,74.0150,655
MOEX:USDRUB,2021-08-26T15:23:00+03:00,74.0100,74.0150,74.0025,74.0050,2383
MOEX:USDRUB,2021-08-26T15:24:00+03:00,74.0050,74.0100,73.9975,74.0050,2889
MOEX:USDRUB,2021-08-26T15:25:00+03:00,74.0050,74.0200,74.0050,74.0200,1677
MOEX:USDRUB,2021-08-26T15:26:00+03:00,74.0125,74.0175,74.0125,74.0125,763
MOEX:USDRUB,2021-08-26T15:27:00+03:00,74.0125,74.0175,74.0125,74.0150,767
MOEX:USDRUB,2021-08-26T15:28:00+03:00,74.0175,74.0200,74.0125,74.0125,980
MOEX:USDRUB,2021-08-26T15:29:00+03:00,74.0125,74.0200,74.0125,74.0175,1433
MOEX:USDRUB,2021-08-26T15:30:00+03:00,74.0150,74.0200,73.9950,74.0100,4033
MOEX:USDRUB,2021-08-26T15:31:00+03:00,74.0125,74.0225,74.0100,74.0100,2318
MOEX:USDRUB,2021-08-26T15:32:00+03:00,74.0100,74.0175,74.0100,74.0100,781
MOEX:USDRUB,2021-08-26T15:33:00+03:00,74.0100,74.0175,74.0100,74.0150,1092
MOEX:USDRUB,2021-08-26T15:34:00+03:00,74.0150,74.0200,74.0100,74.0125,1116
MOEX:USDRUB,2021-08-26T15:35:00+03:00,74.0100,74.0500,74.0100,74.0475,6477
MOEX:USDRUB,2021-08-26T15:36:00+03:00,74.0425,74.1475,74.0425,74.1225,25775
MOEX:USDRUB,2021-08-26T15:37:00+03:00,74.1250,74.1325,74.1025,74.1225,7707
MOEX:USDRUB,2021-08-26T15:38:00+03:00,74.1125,74.1500,74.1125,74.1400,13068
MOEX:USDRUB,2021-08-26T15:39:00+03:00,74.1450,74.1675,74.1400,74.1500,8605
MOEX:USDRUB,2021-08-26T15:40:00+03:00,74.1525,74.1700,74.1450,74.1475,3181
MOEX:USDRUB,2021-08-26T15:41:00+03:00,74.1500,74.2150,74.1450,74.2025,11087
MOEX:USDRUB,2021-08-26T15:42:00+03:00,74.2100,74.2500,74.1975,74.1975,13855
MOEX:USDRUB,2021-08-26T15:43:00+03:00,74.2000,74.2300,74.1975,74.2225,6632
MOEX:USDRUB,2021-08-26T15:44:00+03:00,74.2125,74.2250,74.2075,74.2100,3154
MOEX:USDRUB,2021-08-26T15:45:00+03:00,74.2125,74.2250,74.2100,74.2150,5105
MOEX:USDRUB,2021-08-26T15:46:00+03:00,74.2175,74.2175,74.1800,74.1800,8788
MOEX:USDRUB,2021-08-26T15:47:00+03:00,74.1875,74.1900,74.1650,74.1675,7324
MOEX:USDRUB,2021-08-26T15:48:00+03:00,74.1725,74.1775,74.1650,74.1725,7097
MOEX:USDRUB,2021-08-26T15:49:00+03:00,74.1775,74.1925,74.1600,74.1825,10230
MOEX:USDRUB,2021-08-26T15:50:00+03:00,74.1825,74.1975,74.1775,74.1850,2343
MOEX:USDRUB,2021-08-26T15:51:00+03:00,74.1750,74.1975,74.1700,74.1975,2002
MOEX:USDRUB,2021-08-26T15:52:00+03:00,74.2000,74.2400,74.2000,74.2250,7705
MOEX:USDRUB,2021-08-26T15:53:00+03:00,74.2300,74.2300,74.2225,74.2250,2060
MOEX:USDRUB,2021-08-26T15:54:00+03:00,74.2250,74.2300,74.2125,74.2125,3053
MOEX:USDRUB,2021-08-26T15:55:00+03:00,74.2200,74.2275,74.2125,74.2200,2052
MOEX:USDRUB,2021-08-26T15:56:00+03:00,74.2275,74.2600,74.2275,74.2450,8919
MOEX:USDRUB,2021-08-26T15:57:00+03:00,74.2475,74.2500,74.2250,74.2275,2534
MOEX:USDRUB,2021-08-26T15:58:00+03:00,74.2250,74.2275,74.2200,74.2200,870
MOEX:USDRUB,2021-08-26T15:59:00+03:00,74.2200,74.2275,74.2125,74.2225,7345
MOEX:USDRUB,2021-08-26T16:00:00+03:00,74.2250,74.2350,74.2125,74.2125,6139
MOEX:USDRUB,2021-08-26T16:01:00+03:00,74.2100,74.2375,74.2075,74.2375,2216
MOEX:USDRUB,2021-08-26T16:02:00+03:00,74.2325,74.2400,74.2325,74.2375,1336
MOEX:USDRUB,2021-08-26T16:03:00+03:00,74.2400,74.2450,74.2325,74.2350,3444
MOEX:USDRUB,2021-08-26T16:04:00+03:00,74.2425,74.2450,74.2250,74.2375,3453
MOEX:USDRUB,2021-08-26T16:05:00+03:00,74.2350,74.2550,74.2225,74.2500,8514
MOEX:USDRUB,2021-08-26T16:06:00+03:00,74.2500,74.2850,74.2500,74.2850,12604
MOEX:USDRUB,2021-08-26T16:07:00+03:00,74.2825,74.3175,74.2725,74.3175,14266
MOEX:USDRUB,2021-08-26T16:08:00+03:00,74.3150,74.3300,74.3075,74.3125,5080
MOEX:USDRUB,2021-08-26T16:09:00+03:00,74.3150,74.3225,74.3050,74.3200,1331
MOEX:USDRUB,2021-08-26T16:10:00+03:00,74.3200,74.3875,74.3200,74.3700,19144
MOEX:USDRUB,2021-08-26T16:11:00+03:00,74.3650,74.3650,74.3500,74.3600,4052
MOEX:USDRUB,2021-08-26T16:12:00+03:00,74.3600,74.4000,74.3550,74.4000,12178
MOEX:USDRUB,2021-08-26T16:13:00+03:00,74.4000,74.4250,74.3975,74.4175,8957
MOEX:USDRUB,2021-08-26T16:14:00+03:00,74.4200,74.4450,74.4075,74.4425,20517
MOEX:USDRUB,2021-08-26T16:15:00+03:00,74.4475,74.4800,74.4300,74.4550,18873
MOEX:USDRUB,2021-08-26T16:16:00+03:00,74.4550,74.4575,74.3825,74.3900,17547
MOEX:USDRUB,2021-08-26T16:17:00+03:00,74.3925,74.4100,74.3875,74.4025,4232
MOEX:USDRUB,2021-08-26T16:18:00+03:00,74.4025,74.4225,74.4000,74.4000,1858
MOEX:USDRUB,2021-08-26T16:19:00+03:00,74.4000,74.4000,74.3875,74.3950,4809
MOEX:USDRUB,2021-08-26T16:20:00+03:00,74.3975,74.4025,74.3775,74.3875,1877
MOEX:USDRUB,2021-08-26T16:21:00+03:00,74.3875,74.3950,74.3675,74.3875,1704
MOEX:USDRUB,2021-08-26T16:22:00+03:00,74.3925,74.3975,74.3800,74.3800,520
MOEX:USDRUB,2021-08-26T16:23:00+03:00,74.3800,74.3975,74.3800,74.3925,1030
MOEX:USDRUB,2021-08-26T16:24:00+03:00,74.3950,74.4000,74.3825,74.3900,2583
MOEX:USDRUB,2021-08-26T16:25:00+03:00,74.3900,74.3900,74.3300,74.3400,10952
MOEX:USDRUB,2021-08-26T16:26:00+03:00,74.3475,74.3575,74.3400,74.3500,3301
MOEX:USDRUB,2021-08-26T16:27:00+03:00,74.3450,74.3575,74.3450,74.3525,467
MOEX:USDRUB,2021-08-26T16:28:00+03:00,74.3525,74.3525,74.3050,74.3150,10557
MOEX:USDRUB,2021-08-26T16:29:00+03:00,74.3175,74.3225,74.3100,74.3100,2800
MOEX:USDRUB,2021-08-26T16:30:00+03:00,74.3100,74.3550,74.3100,74.3450,9561
MOEX:USDRUB,2021-08-26T16:31:00+03:00,74.3450,74.3450,74.3025,74.3375,12446
MOEX:USDRUB,2021-08-26T16:32:00+03:00,74.3250,74.3250,74.2925,74.3000,12767
MOEX:USDRUB,2021-08-26T16:33:00+03:00,74.3050,74.3050,74.2700,74.2750,9377
MOEX:USDRUB,2021-08-26T16:34:00+03:00,74.2800,74.3100,74.2775,74.2900,4718
MOEX:USDRUB,2021-08-26T16:35:00+03:00,74.2900,74.3275,74.2875,74.3250,4337
MOEX:USDRUB,2021-08-26T16:36:00+03:00,74.3200,74.3225,74.2825,74.2825,7655
MOEX:USDRUB,2021-08-26T16:37:00+03:00,74.2850,74.2925,74.2800,74.2900,744
MOEX:USDRUB,2021-08-26T16:38:00+03:00,74.2900,74.2975,74.2700,74.2775,3487
MOEX:USDRUB,2021-08-26T16:39:00+03:00,74.2750,74.3025,74.2675,74.3000,4787
MOEX:USDRUB,2021-08-26T16:40:00+03:00,74.3050,74.3200,74.3025,74.3025,3226
MOEX:USDRUB,2021-08-26T16:41:00+03:00,74.3075,74.3225,74.2900,74.2925,5546
MOEX:USDRUB,2021-08-26T16:42:00+03:00,74.3000,74.3050,74.2775,74.2950,6532
MOEX:USDRUB,2021-08-26T16:43:00+03:00,74.2950,74.3000,74.2850,74.2900,1379
MOEX:USDRUB,2021-08-26T16:44:00+03:00,74.2875,74.2925,74.2650,74.2650,4020
MOEX:USDRUB,2021-08-26T16:45:00+03:00,74.2625,74.2750,74.2600,74.2725,3170
MOEX:USDRUB,2021-08-26T16:46:00+03:00,74.2650,74.2675,74.2550,74.2675,7107
MOEX:USDRUB,2021-08-26T16:47:00+03:00,74.2600,74.2825,74.2575,74.2825,2419
MOEX:USDRUB,2021-08-26T16:48:00+03:00,74.2750,74.2900,74.2725,74.2875,905
MOEX:USDRUB,2021-08-26T16:49:00+03:00,74.2850,74.3100,74.2850,74.3100,3805
MOEX:USDRUB,2021-08-26T16:50:00+03:00,74.3075,74.3075,74.3000,74.3050,202
MOEX:USDRUB,2021-08-26T16:51:00+03:00,74.3000,74.3050,74.2925,74.2925,1162
MOEX:USDRUB,2021-08-26T16:52:00+03:00,74.2925,74.3025,74.2900,74.3000,294
MOEX:USDRUB,2021-08-26T16:53:00+03:00,74.3050,74.3200,74.3025,74.3025,1478
MOEX:USDRUB,2021-08-26T16:54:00+03:00,74.3000,74.3075,74.2925,74.3000,2178
MOEX:USDRUB,2021-08-26T16:55:00+03:00,74.2975,74.2975,74.2900,74.2975,526
MOEX:USDRUB,2021-08-26T16:56:00+03:00,74.2975,74.2975,74.2850,74.2925,535
MOEX:USDRUB,2021-08-26T16:57:00+03:00,74.2925,74.3000,74.2775,74.2850,2465
MOEX:USDRUB,2021-08-26T16:58:00+03:00,74.2775,74.2875,74.2775,74.2825,558
MOEX:USDRUB,2021-08-26T16:59:00+03:00,74.2825,74.2900,74.2700,74.2750,4045
MOEX:USDRUB,2021-08-26T17:00:00+03:00,74.2800,74.2800,74.2525,74.2575,2901
MOEX:USDRUB,2021-08-26T17:01:00+03:00,74.2525,74.2775,74.2500,74.2700,1897
MOEX:USDRUB,2021-08-26T17:02:00+03:00,74.2650,74.2700,74.2525,74.2625,5963
MOEX:USDRUB,2021-08-26T17:03:00+03:00,74.2600,74.2675,74.2600,74.2625,311
MOEX:USDRUB,2021-08-26T17:04:00+03:00,74.2650,74.2675,74.2525,74.2575,6010
MOEX:USDRUB,2021-08-26T17:05:00+03:00,74.2550,74.2575,74.2400,74.2500,7758
MOEX:USDRUB,2021-08-26T17:06:00+03:00,74.2425,74.2500,74.2375,74.2400,4638
MOEX:USDRUB,2021-08-26T17:07:00+03:00,74.2400,74.2500,74.2250,74.2250,4473
MOEX:USDRUB,2021-08-26T17:08:00+03:00,74.2325,74.2475,74.2325,74.2350,1668
MOEX:USDRUB,2021-08-26T17:09:00+03:00,74.2375,74.2400,74.2325,74.2325,529
MOEX:USDRUB,2021-08-26T17:10:00+03:00,74.2300,74.2375,74.2250,74.2250,457
MOEX:USDRUB,2021-08-26T17:11:00+03:00,74.2225,74.2300,74.2150,74.2200,2509
MOEX:USDRUB,2021-08-26T17:12:00+03:00,74.2150,74.2350,74.2150,74.2175,3418
MOEX:USDRUB,2021-08-26T17:13:00+03:00,74.2225,74.2225,74.1900,74.2100,8359
MOEX:USDRUB,2021-08-26T17:14:00+03:00,74.2050,74.2200,74.1975,74.2125,11210
MOEX:USDRUB,2021-08-26T17:15:00+03:00,74.2175,74.2300,74.2100,74.2100,3204
MOEX:USDRUB,2021-08-26T17:16:00+03:00,74.2150,74.2150,74.1950,74.2000,3986
MOEX:USDRUB,2021-08-26T17:17:00+03:00,74.2025,74.2075,74.1950,74.2075,1375
MOEX:USDRUB,2021-08-26T17:18:00+03:00,74.2025,74.2200,74.2000,74.2100,3464
MOEX:USDRUB,2021-08-26T17:19:00+03:00,74.2025,74.2100,74.2025,74.2100,579
MOEX:USDRUB,2021-08-26T17:20:00+03:00,74.2100,74.2300,74.2100,74.2250,2422
MOEX:USDRUB,2021-08-26T17:21:00+03:00,74.2300,74.2400,74.2300,74.2375,2015
MOEX:USDRUB,2021-08-26T17:22:00+03:00,74.2400,74.2400,74.2100,74.2100,1266
MOEX:USDRUB,2021-08-26T17:23:00+03:00,74.2075,74.2250,74.2025,74.2150,5666
MOEX:USDRUB,2021-08-26T17:24:00+03:00,74.2175,74.2375,74.2125,74.2350,1151
MOEX:USDRUB,2021-08-26T17:25:00+03:00,74.2300,74.2525,74.2175,74.2475,1813
MOEX:USDRUB,2021-08-26T17:26:00+03:00,74.2475,74.2775,74.2475,74.2675,14395
MOEX:USDRUB,2021-08-26T17:27:00+03:00,74.2750,74.2900,74.2650,74.2850,14857
MOEX:USDRUB,2021-08-26T17:28:00+03:00,74.2850,74.2925,74.2600,74.2600,3170
MOEX:USDRUB,2021-08-26T17:29:00+03:00,74.2700,74.2800,74.2600,74.2600,3351
MOEX:USDRUB,2021-08-26T17:30:00+03:00,74.2600,74.2600,74.2425,74.2525,616
MOEX:USDRUB,2021-08-26T17:31:00+03:00,74.2500,74.2500,74.2175,74.2300,2511
MOEX:USDRUB,2021-08-26T17:32:00+03:00,74.2325,74.2475,74.2300,74.2425,1362
MOEX:USDRUB,2021-08-26T17:33:00+03:00,74.2325,74.2575,74.2325,74.2450,269
MOEX:USDRUB,2021-08-26T17:34:00+03:00,74.2600,74.2725,74.2525,74.2625,1137
MOEX:USDRUB,2021-08-26T17:35:00+03:00,74.2600,74.2650,74.2450,74.2550,688
MOEX:USDRUB,2021-08-26T17:36:00+03:00,74.2500,74.2625,74.2425,74.2500,1032
MOEX:USDRUB,2021-08-26T17:37:00+03:00,74.2450,74.2500,74.2400,74.2500,317
MOEX:USDRUB,2021-08-26T17:38:00+03:00,74.2500,74.2600,74.2400,74.2425,1295
MOEX:USDRUB,2021-08-26T17:39:00+03:00,74.2450,74.2600,74.2450,74.2600,657
MOEX:USDRUB,2021-08-26T17:40:00+03:00,74.2600,74.2775,74.2600,74.2675,1174
MOEX:USDRUB,2021-08-26T17:41:00+03:00,74.2675,74.2725,74.2600,74.2675,1061
MOEX:USDRUB,2021-08-26T17:42:00+03:00,74.2700,74.2750,74.2650,74.2750,758
MOEX:USDRUB,2021-08-26T17:43:00+03:00,74.2775,74.3000,74.2775,74.3000,9106
MOEX:USDRUB,2021-08-26T17:44:00+03:00,74.3025,74.3075,74.2900,74.2975,5031
MOEX:USDRUB,2021-08-26T17:45:00+03:00,74.3025,74.3025,74.2925,74.3000,596
MOEX:USDRUB,2021-08-26T17:46:00+03:00,74.2925,74.3025,74.2900,74.3025,846
MOEX:USDRUB,2021-08-26T17:47:00+03:00,74.2975,74.3075,74.2925,74.3000,1322
MOEX:USDRUB,2021-08-26T17:48:00+03:00,74.3000,74.3250,74.3000,74.3200,5614
MOEX:USDRUB,2021-08-26T17:49:00+03:00,74.3250,74.3250,74.3150,74.3250,2085
MOEX:USDRUB,2021-08-26T17:50:00+03:00,74.3150,74.3225,74.2925,74.3000,2535
MOEX:USDRUB,2021-08-26T17:51:00+03:00,74.3000,74.3000,74.2875,74.2925,3292
MOEX:USDRUB,2021-08-26T17:52:00+03:00,74.2925,74.2925,74.2750,74.2825,3989
MOEX:USDRUB,2021-08-26T17:53:00+03:00,74.2750,74.2900,74.2750,74.2825,545
MOEX:USDRUB,2021-08-26T17:54:00+03:00,74.2800,74.2975,74.2800,74.2975,378
MOEX:USDRUB,2021-08-26T17:55:00+03:00,74.2925,74.2975,74.2875,74.2875,487
MOEX:USDRUB,2021-08-26T17:56:00+03:00,74.2800,74.2850,74.2700,74.2750,3572
MOEX:USDRUB,2021-08-26T17:57:00+03:00,74.2800,74.2800,74.2550,74.2600,1664
MOEX:USDRUB,2021-08-26T17:58:00+03:00,74.2625,74.2800,74.2625,74.2800,476
MOEX:USDRUB,2021-08-26T17:59:00+03:00,74.2750,74.2775,74.2700,74.2700,635
MOEX:USDRUB,2021-08-26T18:00:00+03:00,74.2700,74.2825,74.2700,74.2825,1585
MOEX:USDRUB,2021-08-26T18:01:00+03:00,74.2875,74.2975,74.2825,74.2900,215
MOEX:USDRUB,2021-08-26T18:02:00+03:00,74.2975,74.3050,74.2900,74.3050,4662
MOEX:USDRUB,2021-08-26T18:03:00+03:00,74.3075,74.3100,74.2975,74.2975,390
MOEX:USDRUB,2021-08-26T18:04:00+03:00,74.2975,74.3100,74.2975,74.3025,1084
MOEX:USDRUB,2021-08-26T18:05:00+03:00,74.3050,74.3075,74.2950,74.2950,2322
MOEX:USDRUB,2021-08-26T18:06:00+03:00,74.3000,74.3000,74.2800,74.2900,1317
MOEX:USDRUB,2021-08-26T18:07:00+03:00,74.2875,74.2900,74.2675,74.2725,1461
MOEX:USDRUB,2021-08-26T18:08:00+03:00,74.2700,74.2775,74.2675,74.2675,266
MOEX:USDRUB,2021-08-26T18:09:00+03:00,74.2650,74.2650,74.2475,74.2475,1162
MOEX:USDRUB,2021-08-26T18:10:00+03:00,74.2525,74.2600,74.2400,74.2600,503
MOEX:USDRUB,2021-08-26T18:11:00+03:00,74.2550,74.2625,74.2550,74.2625,182
MOEX:USDRUB,2021-08-26T18:12:00+03:00,74.2575,74.2625,74.2475,74.2550,1405
MOEX:USDRUB,2021-08-26T18:13:00+03:00,74.2575,74.2650,74.2425,74.2650,865
MOEX:USDRUB,2021-08-26T18:14:00+03:00,74.2625,74.2650,74.2600,74.2650,273
MOEX:USDRUB,2021-08-26T18:15:00+03:00,74.2650,74.2650,74.2525,74.2575,760
MOEX:USDRUB,2021-08-26T18:16:00+03:00,74.2600,74.2600,74.2425,74.2500,267
MOEX:USDRUB,2021-08-26T18:17:00+03:00,74.2425,74.2475,74.2300,74.2300,697
MOEX:USDRUB,2021-08-26T18:18:00+03:00,74.2350,74.2350,74.2150,74.2175,3467
MOEX:USDRUB,2021-08-26T18:19:00+03:00,74.2125,74.2150,74.2025,74.2150,4187
MOEX:USDRUB,2021-08-26T18:20:00+03:00,74.2125,74.2200,74.2000,74.2050,3053
MOEX:USDRUB,2021-08-26T18:21:00+03:00,74.2100,74.2100,74.1825,74.1900,1859
MOEX:USDRUB,2021-08-26T18:22:00+03:00,74.1975,74.1975,74.1700,74.1750,12217
MOEX:USDRUB,2021-08-26T18:23:00+03:00,74.1775,74.2000,74.1775,74.2000,3817
MOEX:USDRUB,2021-08-26T18:24:00+03:00,74.1975,74.2000,74.1900,74.2000,478
MOEX:USDRUB,2021-08-26T18:25:00+03:00,74.1950,74.2050,74.1900,74.2050,804
MOEX:USDRUB,2021-08-26T18:26:00+03:00,74.2025,74.2100,74.1900,74.2025,338
MOEX:USDRUB,2021-08-26T18:27:00+03:00,74.1925,74.2025,74.1925,74.1925,453
MOEX:USDRUB,2021-08-26T18:28:00+03:00,74.1925,74.2050,74.1925,74.1925,314
MOEX:USDRUB,2021-08-26T18:29:00+03:00,74.1925,74.1925,74.1875,74.1900,927
MOEX:USDRUB,2021-08-26T18:30:00+03:00,74.1850,74.1975,74.1800,74.1875,3468
MOEX:USDRUB,2021-08-26T18:31:00+03:00,74.1925,74.1975,74.1775,74.1975,4848
MOEX:USDRUB,2021-08-26T18:32:00+03:00,74.1900,74.1975,74.1850,74.1975,1708
MOEX:USDRUB,2021-08-26T18:33:00+03:00,74.1925,74.1925,74.1825,74.1900,2340
MOEX:USDRUB,2021-08-26T18:34:00+03:00,74.1850,74.1925,74.1800,74.1925,1134
MOEX:USDRUB,2021-08-26T18:35:00+03:00,74.1875,74.1950,74.1850,74.1925,1891
MOEX:USDRUB,2021-08-26T18:36:00+03:00,74.1925,74.1925,74.1850,74.1925,277
MOEX:USDRUB,2021-08-26T18:37:00+03:00,74.1925,74.1950,74.1850,74.1925,896
MOEX:USDRUB,2021-08-26T18:38:00+03:00,74.1950,74.2000,74.1925,74.1925,1561
MOEX:USDRUB,2021-08-26T18:39:00+03:00,74.1975,74.1975,74.1850,74.1975,374
MOEX:USDRUB,2021-08-26T18:40:00+03:00,74.1875,74.1925,74.1850,74.1850,505
MOEX:USDRUB,2021-08-26T18:41:00+03:00,74.1900,74.2000,74.1900,74.2000,605
MOEX:USDRUB,2021-08-26T18:42:00+03:00,74.1950,74.2000,74.1950,74.2000,98
MOEX:USDRUB,2021-08-26T18:43:00+03:00,74.2025,74.2050,74.1975,74.1975,889
MOEX:USDRUB,2021-08-26T18:44:00+03:00,74.1950,74.2000,74.1875,74.1900,63
MOEX:USDRUB,2021-08-26T18:45:00+03:00,74.1900,74.2125,74.1900,74.2100,1573
MOEX:USDRUB,2021-08-26T18:46:00+03:00,74.2100,74.2100,74.2075,74.2100,398
MOEX:USDRUB,2021-08-26T18:47:00+03:00,74.2050,74.2100,74.2050,74.2050,254
MOEX:USDRUB,2021-08-26T18:48:00+03:00,74.2100,74.2250,74.2100,74.2175,1807
MOEX:USDRUB,2021-08-26T18:49:00+03:00,74.2175,74.2225,74.2175,74.2200,670
MOEX:USDRUB,2021-08-26T18:50:00+03:00,74.2200,74.2200,74.2100,74.2150,26
MOEX:USDRUB,2021-08-26T18:51:00+03:00,74.2025,74.2050,74.1925,74.2000,1064
MOEX:USDRUB,2021-08-26T18:52:00+03:00,74.1950,74.2000,74.1900,74.2000,1059
MOEX:USDRUB,2021-08-26T18:53:00+03:00,74.2075,74.2075,74.1975,74.2000,60
MOEX:USDRUB,2021-08-26T18:54:00+03:00,74.2000,74.2225,74.2000,74.2200,1040
MOEX:USDRUB,2021-08-26T18:55:00+03:00,74.2200,74.2250,74.2175,74.2175,196
MOEX:USDRUB,2021-08-26T18:56:00+03:00,74.2200,74.2225,74.2150,74.2225,202
MOEX:USDRUB,2021-08-26T18:57:00+03:00,74.2225,74.2300,74.2225,74.2250,466
MOEX:USDRUB,2021-08-26T18:58:00+03:00,74.2300,74.2375,74.2300,74.2375,879
MOEX:USDRUB,2021-08-26T18:59:00+03:00,74.2400,74.2400,74.2275,74.2275,1936
MOEX:USDRUB,2021-08-26T19:00:00+03:00,74.2225,74.2275,74.2025,74.2075,335
MOEX:USDRUB,2021-08-26T19:01:00+03:00,74.2125,74.2125,74.2125,74.2125,13
MOEX:USDRUB,2021-08-26T19:02:00+03:00,74.2175,74.2175,74.2100,74.2100,94
MOEX:USDRUB,2021-08-26T19:03:00+03:00,74.2175,74.2175,74.2150,74.2150,69
MOEX:USDRUB,2021-08-26T19:04:00+03:00,74.2175,74.2175,74.2175,74.2175,355
MOEX:USDRUB,2021-08-26T19:05:00+03:00,74.2175,74.2175,74.1875,74.1975,2221
MOEX:USDRUB,2021-08-26T19:06:00+03:00,74.1975,74.2000,74.1850,74.1975,783
MOEX:USDRUB,2021-08-26T19:07:00+03:00,74.1925,74.2000,74.1825,74.1900,1468
MOEX:USDRUB,2021-08-26T19:08:00+03:00,74.1875,74.1925,74.1875,74.1900,176
MOEX:USDRUB,2021-08-26T19:09:00+03:00,74.1850,74.1875,74.1825,74.1875,437
MOEX:USDRUB,2021-08-26T19:10:00+03:00,74.1825,74.1825,74.1800,74.1800,18
MOEX:USDRUB,2021-08-26T19:11:00+03:00,74.1875,74.1875,74.1775,74.1775,1276
MOEX:USDRUB,2021-08-26T19:12:00+03:00,74.1725,74.1825,74.1600,74.1775,2374
MOEX:USDRUB,2021-08-26T19:13:00+03:00,74.1775,74.1875,74.1775,74.1875,51
MOEX:USDRUB,2021-08-26T19:14:00+03:00,74.1850,74.1875,74.1825,74.1825,267
MOEX:USDRUB,2021-08-26T19:15:00+03:00,74.1900,74.1900,74.1550,74.1725,6019
MOEX:USDRUB,2021-08-26T19:16:00+03:00,74.1850,74.1900,74.1800,74.1875,256
MOEX:USDRUB,2021-08-26T19:17:00+03:00,74.1875,74.1975,74.1875,74.1975,204
MOEX:USDRUB,2021-08-26T19:18:00+03:00,74.1925,74.2050,74.1900,74.2025,706
MOEX:USDRUB,2021-08-26T19:19:00+03:00,74.2100,74.2175,74.2100,74.2175,222
MOEX:USDRUB,2021-08-26T19:20:00+03:00,74.2075,74.2075,74.2050,74.2050,57
MOEX:USDRUB,2021-08-26T19:21:00+03:00,74.2050,74.2150,74.2050,74.2050,18
MOEX:USDRUB,2021-08-26T19:22:00+03:00,74.2050,74.2075,74.1975,74.2025,789
MOEX:USDRUB,2021-08-26T19:23:00+03:00,74.2000,74.2075,74.2000,74.2075,241
MOEX:USDRUB,2021-08-26T19:24:00+03:00,74.2100,74.2125,74.2025,74.2025,229
MOEX:USDRUB,2021-08-26T19:25:00+03:00,74.2025,74.2075,74.1950,74.1950,14
MOEX:USDRUB,2021-08-26T19:26:00+03:00,74.1900,74.1900,74.1900,74.1900,10
MOEX:USDRUB,2021-08-26T19:27:00+03:00,74.2000,74.2100,74.2000,74.2100,62
MOEX:USDRUB,2021-08-26T19:28:00+03:00,74.2100,74.2125,74.2100,74.2125,2
MOEX:USDRUB,2021-08-26T19:29:00+03:00,74.2100,74.2100,74.1950,74.1950,88
MOEX:USDRUB,2021-08-26T19:30:00+03:00,74.1975,74.1975,74.1925,74.1925,3
MOEX:USDRUB,2021-08-26T19:31:00+03:00,74.1925,74.1975,74.1925,74.1925,77
MOEX:USDRUB,2021-08-26T19:32:00+03:00,74.1925,74.1975,74.1825,74.1825,322
MOEX:USDRUB,2021-08-26T19:33:00+03:00,74.1900,74.1900,74.1825,74.1900,152
MOEX:USDRUB,2021-08-26T19:34:00+03:00,74.1925,74.1925,74.1925,74.1925,1
MOEX:USDRUB,2021-08-26T19:36:00+03:00,74.1825,74.1900,74.1825,74.1900,39
MOEX:USDRUB,2021-08-26T19:37:00+03:00,74.1900,74.1900,74.1850,74.1875,41
MOEX:USDRUB,2021-08-26T19:38:00+03:00,74.1925,74.1950,74.1925,74.1950,7
MOEX:USDRUB,2021-08-26T19:39:00+03:00,74.1900,74.1950,74.1850,74.1850,603
MOEX:USDRUB,2021-08-26T19:40:00+03:00,74.1900,74.1900,74.1825,74.1850,15
MOEX:USDRUB,2021-08-26T19:41:00+03:00,74.1950,74.2000,74.1950,74.2000,154
MOEX:USDRUB,2021-08-26T19:42:00+03:00,74.1975,74.1975,74.1950,74.1950,56
MOEX:USDRUB,2021-08-26T19:43:00+03:00,74.1975,74.1975,74.1975,74.1975,365
MOEX:USDRUB,2021-08-26T19:44:00+03:00,74.1975,74.1975,74.1850,74.1850,364
MOEX:USDRUB,2021-08-26T19:45:00+03:00,74.1950,74.1950,74.1850,74.1850,15
MOEX:USDRUB,2021-08-26T19:46:00+03:00,74.1825,74.1875,74.1800,74.1875,625
MOEX:USDRUB,2021-08-26T19:47:00+03:00,74.1900,74.1925,74.1900,74.1925,31
MOEX:USDRUB,2021-08-26T19:48:00+03:00,74.1925,74.1925,74.1925,74.1925,57
MOEX:USDRUB,2021-08-26T19:50:00+03:00,74.1900,74.2100,74.1900,74.2025,258
MOEX:USDRUB,2021-08-26T19:51:00+03:00,74.2025,74.2025,74.1925,74.1925,105
MOEX:USDRUB,2021-08-26T19:52:00+03:00,74.1975,74.1975,74.1925,74.1975,17
MOEX:USDRUB,2021-08-26T19:53:00+03:00,74.1875,74.2000,74.1875,74.2000,445
MOEX:USDRUB,2021-08-26T19:55:00+03:00,74.1975,74.1975,74.1900,74.1950,201
MOEX:USDRUB,2021-08-26T19:56:00+03:00,74.1925,74.1975,74.1925,74.1975,32
MOEX:USDRUB,2021-08-26T19:57:00+03:00,74.2025,74.2025,74.1975,74.1975,23
MOEX:USDRUB,2021-08-26T19:58:00+03:00,74.1925,74.2000,74.1900,74.2000,1232
MOEX:USDRUB,2021-08-26T19:59:00+03:00,74.2025,74.2025,74.2025,74.2025,49
MOEX:USDRUB,2021-08-26T20:00:00+03:00,74.2000,74.2175,74.2000,74.2150,717
MOEX:USDRUB,2021-08-26T20:01:00+03:00,74.2150,74.2175,74.2100,74.2100,852
MOEX:USDRUB,2021-08-26T20:02:00+03:00,74.2075,74.2100,74.1900,74.2025,2468
MOEX:USDRUB,2021-08-26T20:03:00+03:00,74.2025,74.2025,74.1975,74.2025,289
MOEX:USDRUB,2021-08-26T20:04:00+03:00,74.1950,74.2025,74.1950,74.2025,32
MOEX:USDRUB,2021-08-26T20:05:00+03:00,74.1950,74.1975,74.1800,74.1800,308
MOEX:USDRUB,2021-08-26T20:06:00+03:00,74.1900,74.1900,74.1900,74.1900,25
MOEX:USDRUB,2021-08-26T20:07:00+03:00,74.1800,74.1850,74.1775,74.1850,54
MOEX:USDRUB,2021-08-26T20:08:00+03:00,74.1825,74.1875,74.1775,74.1850,83
MOEX:USDRUB,2021-08-26T20:10:00+03:00,74.1775,74.1875,74.1775,74.1875,95
MOEX:USDRUB,2021-08-26T20:11:00+03:00,74.1875,74.1925,74.1875,74.1925,41
MOEX:USDRUB,2021-08-26T20:12:00+03:00,74.1900,74.1900,74.1900,74.1900,46
MOEX:USDRUB,2021-08-26T20:13:00+03:00,74.1900,74.1900,74.1900,74.1900,8
MOEX:USDRUB,2021-08-26T20:14:00+03:00,74.1975,74.1975,74.1950,74.1975,72
MOEX:USDRUB,2021-08-26T20:15:00+03:00,74.1975,74.1975,74.1875,74.1950,158
MOEX:USDRUB,2021-08-26T20:16:00+03:00,74.1900,74.1975,74.1900,74.1925,18
MOEX:USDRUB,2021-08-26T20:17:00+03:00,74.1925,74.1925,74.1925,74.1925,1
MOEX:USDRUB,2021-08-26T20:18:00+03:00,74.1950,74.2000,74.1950,74.2000,52
MOEX:USDRUB,2021-08-26T20:19:00+03:00,74.1950,74.2000,74.1950,74.2000,152
MOEX:USDRUB,2021-08-26T20:20:00+03:00,74.2025,74.2050,74.1950,74.2000,271
MOEX:USDRUB,2021-08-26T20:21:00+03:00,74.2025,74.2100,74.2025,74.2100,433
MOEX:USDRUB,2021-08-26T20:22:00+03:00,74.2125,74.2125,74.2050,74.2075,241
MOEX:USDRUB,2021-08-26T20:23:00+03:00,74.2150,74.2175,74.2125,74.2125,76
MOEX:USDRUB,2021-08-26T20:24:00+03:00,74.2200,74.2200,74.2200,74.2200,4
MOEX:USDRUB,2021-08-26T20:25:00+03:00,74.2200,74.2275,74.2200,74.2200,401
MOEX:USDRUB,2021-08-26T20:26:00+03:00,74.2200,74.2200,74.2125,74.2200,12
MOEX:USDRUB,2021-08-26T20:27:00+03:00,74.2125,74.2200,74.2125,74.2125,82
MOEX:USDRUB,2021-08-26T20:28:00+03:00,74.2125,74.2200,74.2125,74.2200,9
MOEX:USDRUB,2021-08-26T20:29:00+03:00,74.2150,74.2150,74.2075,74.2125,4
MOEX:USDRUB,2021-08-26T20:30:00+03:00,74.2150,74.2175,74.2150,74.2150,129
MOEX:USDRUB,2021-08-26T20:31:00+03:00,74.2150,74.2150,74.2150,74.2150,24
MOEX:USDRUB,2021-08-26T20:32:00+03:00,74.2200,74.2200,74.2100,74.2175,43
MOEX:USDRUB,2021-08-26T20:33:00+03:00,74.2175,74.2175,74.2075,74.2075,252
MOEX:USDRUB,2021-08-26T20:34:00+03:00,74.2050,74.2175,74.2050,74.2125,181
MOEX:USDRUB,2021-08-26T20:35:00+03:00,74.2125,74.2225,74.2125,74.2225,242
MOEX:USDRUB,2021-08-26T20:36:00+03:00,74.2175,74.2275,74.2175,74.2275,114
MOEX:USDRUB,2021-08-26T20:37:00+03:00,74.2275,74.2300,74.2225,74.2225,185
MOEX:USDRUB,2021-08-26T20:38:00+03:00,74.2300,74.2300,74.2225,74.2300,33
MOEX:USDRUB,2021-08-26T20:39:00+03:00,74.2225,74.2300,74.2225,74.2300,8
MOEX:USDRUB,2021-08-26T20:40:00+03:00,74.2275,74.2275,74.2225,74.2225,33
MOEX:USDRUB,2021-08-26T20:41:00+03:00,74.2275,74.2300,74.2200,74.2250,598
MOEX:USDRUB,2021-08-26T20:42:00+03:00,74.2225,74.2250,74.2225,74.2250,2
MOEX:USDRUB,2021-08-26T20:43:00+03:00,74.2250,74.2275,74.2200,74.2200,12
MOEX:USDRUB,2021-08-26T20:44:00+03:00,74.2200,74.2200,74.2200,74.2200,2
MOEX:USDRUB,2021-08-26T20:45:00+03:00,74.2200,74.2200,74.2175,74.2175,4
MOEX:USDRUB,2021-08-26T20:46:00+03:00,74.2175,74.2200,74.2175,74.2200,57
MOEX:USDRUB,2021-08-26T20:47:00+03:00,74.2175,74.2175,74.2175,74.2175,20
MOEX:USDRUB,2021-08-26T20:48:00+03:00,74.2150,74.2200,74.2150,74.2200,13
MOEX:USDRUB,2021-08-26T20:49:00+03:00,74.2150,74.2225,74.2150,74.2225,80
MOEX:USDRUB,2021-08-26T20:50:00+03:00,74.2200,74.2250,74.2150,74.2200,416
MOEX:USDRUB,2021-08-26T20:51:00+03:00,74.2175,74.2200,74.2125,74.2125,305
MOEX:USDRUB,2021-08-26T20:52:00+03:00,74.2100,74.2150,74.2075,74.2100,703
MOEX:USDRUB,2021-08-26T20:53:00+03:00,74.2075,74.2175,74.2075,74.2175,206
MOEX:USDRUB,2021-08-26T20:54:00+03:00,74.2075,74.2175,74.2075,74.2175,191
MOEX:USDRUB,2021-08-26T20:55:00+03:00,74.2100,74.2175,74.2100,74.2100,55
MOEX:USDRUB,2021-08-26T20:56:00+03:00,74.2175,74.2175,74.2150,74.2150,57
MOEX:USDRUB,2021-08-26T20:57:00+03:00,74.2150,74.2175,74.2150,74.2175,4
MOEX:USDRUB,2021-08-26T20:58:00+03:00,74.2100,74.2100,74.2075,74.2075,293
MOEX:USDRUB,2021-08-26T20:59:00+03:00,74.2075,74.2075,74.2000,74.2050,303
MOEX:USDRUB,2021-08-26T21:00:00+03:00,74.2100,74.2125,74.2050,74.2100,209
MOEX:USDRUB,2021-08-26T21:01:00+03:00,74.2100,74.2100,74.2025,74.2050,673
MOEX:USDRUB,2021-08-26T21:02:00+03:00,74.2025,74.2075,74.2025,74.2075,5
MOEX:USDRUB,2021-08-26T21:03:00+03:00,74.2175,74.2175,74.2175,74.2175,1
MOEX:USDRUB,2021-08-26T21:04:00+03:00,74.2175,74.2200,74.2125,74.2200,83
MOEX:USDRUB,2021-08-26T21:05:00+03:00,74.2200,74.2200,74.2200,74.2200,63
MOEX:USDRUB,2021-08-26T21:06:00+03:00,74.2225,74.2250,74.2225,74.2250,127
MOEX:USDRUB,2021-08-26T21:07:00+03:00,74.2200,74.2200,74.2200,74.2200,1
MOEX:USDRUB,2021-08-26T21:08:00+03:00,74.2275,74.2275,74.2200,74.2275,46
MOEX:USDRUB,2021-08-26T21:09:00+03:00,74.2300,74.2375,74.2300,74.2375,530
MOEX:USDRUB,2021-08-26T21:10:00+03:00,74.2400,74.2400,74.2275,74.2400,1250
MOEX:USDRUB,2021-08-26T21:11:00+03:00,74.2400,74.2425,74.2400,74.2425,258
MOEX:USDRUB,2021-08-26T21:12:00+03:00,74.2375,74.2450,74.2375,74.2450,525
MOEX:USDRUB,2021-08-26T21:13:00+03:00,74.2425,74.2475,74.2425,74.2475,24
MOEX:USDRUB,2021-08-26T21:14:00+03:00,74.2450,74.2625,74.2450,74.2600,311
MOEX:USDRUB,2021-08-26T21:15:00+03:00,74.2550,74.2625,74.2450,74.2500,959
MOEX:USDRUB,2021-08-26T21:16:00+03:00,74.2500,74.2500,74.2475,74.2500,42
MOEX:USDRUB,2021-08-26T21:17:00+03:00,74.2550,74.2575,74.2525,74.2575,20
MOEX:USDRUB,2021-08-26T21:18:00+03:00,74.2575,74.2600,74.2575,74.2600,58
MOEX:USDRUB,2021-08-26T21:19:00+03:00,74.2575,74.2700,74.2575,74.2700,2187
MOEX:USDRUB,2021-08-26T21:20:00+03:00,74.2625,74.2650,74.2600,74.2600,363
MOEX:USDRUB,2021-08-26T21:21:00+03:00,74.2500,74.2500,74.2500,74.2500,4
MOEX:USDRUB,2021-08-26T21:22:00+03:00,74.2575,74.2575,74.2550,74.2575,27
MOEX:USDRUB,2021-08-26T21:23:00+03:00,74.2575,74.2625,74.2575,74.2600,140
MOEX:USDRUB,2021-08-26T21:24:00+03:00,74.2575,74.2575,74.2575,74.2575,100
MOEX:USDRUB,2021-08-26T21:25:00+03:00,74.2600,74.2675,74.2600,74.2600,15
MOEX:USDRUB,2021-08-26T21:26:00+03:00,74.2600,74.2600,74.2600,74.2600,1
MOEX:USDRUB,2021-08-26T21:27:00+03:00,74.2600,74.2650,74.2475,74.2475,227
MOEX:USDRUB,2021-08-26T21:28:00+03:00,74.2500,74.2575,74.2475,74.2575,243
MOEX:USDRUB,2021-08-26T21:29:00+03:00,74.2600,74.2600,74.2525,74.2525,67
MOEX:USDRUB,2021-08-26T21:30:00+03:00,74.2550,74.2600,74.2550,74.2575,177
MOEX:USDRUB,2021-08-26T21:31:00+03:00,74.2600,74.2625,74.2500,74.2500,128
MOEX:USDRUB,2021-08-26T21:33:00+03:00,74.2550,74.2575,74.2550,74.2575,38
MOEX:USDRUB,2021-08-26T21:34:00+03:00,74.2550,74.2575,74.2550,74.2550,51
MOEX:USDRUB,2021-08-26T21:35:00+03:00,74.2600,74.2600,74.2525,74.2575,39
MOEX:USDRUB,2021-08-26T21:36:00+03:00,74.2575,74.2600,74.2525,74.2575,168
MOEX:USDRUB,2021-08-26T21:37:00+03:00,74.2500,74.2575,74.2450,74.2450,381
MOEX:USDRUB,2021-08-26T21:38:00+03:00,74.2450,74.2500,74.2450,74.2500,12
MOEX:USDRUB,2021-08-26T21:39:00+03:00,74.2525,74.2525,74.2525,74.2525,47
MOEX:USDRUB,2021-08-26T21:40:00+03:00,74.2450,74.2500,74.2450,74.2500,22
MOEX:USDRUB,2021-08-26T21:41:00+03:00,74.2425,74.2425,74.2375,74.2375,84
MOEX:USDRUB,2021-08-26T21:42:00+03:00,74.2425,74.2425,74.2425,74.2425,2
MOEX:USDRUB,2021-08-26T21:43:00+03:00,74.2350,74.2425,74.2350,74.2425,13
MOEX:USDRUB,2021-08-26T21:44:00+03:00,74.2425,74.2450,74.2400,74.2450,11
MOEX:USDRUB,2021-08-26T21:45:00+03:00,74.2350,74.2350,74.2350,74.2350,1
MOEX:USDRUB,2021-08-26T21:46:00+03:00,74.2475,74.2500,74.2425,74.2425,567
MOEX:USDRUB,2021-08-26T21:47:00+03:00,74.2350,74.2500,74.2350,74.2500,78
MOEX:USDRUB,2021-08-26T21:48:00+03:00,74.2500,74.2525,74.2500,74.2525,713
MOEX:USDRUB,2021-08-26T21:49:00+03:00,74.2500,74.2550,74.2500,74.2550,460
MOEX:USDRUB,2021-08-26T21:50:00+03:00,74.2475,74.2475,74.2400,74.2475,750
MOEX:USDRUB,2021-08-26T21:51:00+03:00,74.2425,74.2450,74.2375,74.2450,253
MOEX:USDRUB,2021-08-26T21:52:00+03:00,74.2400,74.2450,74.2375,74.2375,47
MOEX:USDRUB,2021-08-26T21:53:00+03:00,74.2400,74.2400,74.2400,74.2400,10
MOEX:USDRUB,2021-08-26T21:54:00+03:00,74.2450,74.2450,74.2350,74.2375,113
MOEX:USDRUB,2021-08-26T21:55:00+03:00,74.2350,74.2375,74.2350,74.2375,80
MOEX:USDRUB,2021-08-26T21:56:00+03:00,74.2425,74.2450,74.2375,74.2450,65
MOEX:USDRUB,2021-08-26T21:57:00+03:00,74.2450,74.2475,74.2400,74.2400,178
MOEX:USDRUB,2021-08-26T21:58:00+03:00,74.2375,74.2400,74.2375,74.2400,22
MOEX:USDRUB,2021-08-26T21:59:00+03:00,74.2500,74.2575,74.2500,74.2575,7
MOEX:USDRUB,2021-08-26T22:00:00+03:00,74.2525,74.2525,74.2450,74.2475,124
MOEX:USDRUB,2021-08-26T22:01:00+03:00,74.2500,74.2600,74.2475,74.2575,297
MOEX:USDRUB,2021-08-26T22:02:00+03:00,74.2600,74.2600,74.2600,74.2600,3
MOEX:USDRUB,2021-08-26T22:03:00+03:00,74.2600,74.2675,74.2600,74.2675,817
MOEX:USDRUB,2021-08-26T22:04:00+03:00,74.2675,74.2675,74.2550,74.2550,53
MOEX:USDRUB,2021-08-26T22:05:00+03:00,74.2550,74.2625,74.2550,74.2625,6
MOEX:USDRUB,2021-08-26T22:06:00+03:00,74.2550,74.2750,74.2550,74.2750,201
MOEX:USDRUB,2021-08-26T22:07:00+03:00,74.2750,74.2825,74.2750,74.2825,540
MOEX:USDRUB,2021-08-26T22:08:00+03:00,74.2775,74.2825,74.2775,74.2825,318
MOEX:USDRUB,2021-08-26T22:09:00+03:00,74.2875,74.2875,74.2825,74.2825,76
MOEX:USDRUB,2021-08-26T22:10:00+03:00,74.2800,74.2900,74.2800,74.2900,189
MOEX:USDRUB,2021-08-26T22:11:00+03:00,74.2825,74.2925,74.2825,74.2875,1125
MOEX:USDRUB,2021-08-26T22:12:00+03:00,74.2900,74.2900,74.2725,74.2725,1920
MOEX:USDRUB,2021-08-26T22:13:00+03:00,74.2725,74.2875,74.2725,74.2875,41
MOEX:USDRUB,2021-08-26T22:14:00+03:00,74.2875,74.2875,74.2775,74.2800,56
MOEX:USDRUB,2021-08-26T22:15:00+03:00,74.2800,74.2800,74.2750,74.2750,152
MOEX:USDRUB,2021-08-26T22:16:00+03:00,74.2875,74.2875,74.2750,74.2750,204
MOEX:USDRUB,2021-08-26T22:17:00+03:00,74.2825,74.2875,74.2775,74.2875,178
MOEX:USDRUB,2021-08-26T22:18:00+03:00,74.2875,74.2875,74.2700,74.2750,593
MOEX:USDRUB,2021-08-26T22:19:00+03:00,74.2700,74.2700,74.2700,74.2700,145
MOEX:USDRUB,2021-08-26T22:20:00+03:00,74.2750,74.2750,74.2625,74.2700,118
MOEX:USDRUB,2021-08-26T22:21:00+03:00,74.2675,74.2775,74.2675,74.2675,8
MOEX:USDRUB,2021-08-26T22:22:00+03:00,74.2800,74.2800,74.2725,74.2725,6
MOEX:USDRUB,2021-08-26T22:23:00+03:00,74.2725,74.2825,74.2700,74.2700,78
MOEX:USDRUB,2021-08-26T22:24:00+03:00,74.2775,74.2775,74.2775,74.2775,1
MOEX:USDRUB,2021-08-26T22:25:00+03:00,74.2800,74.2800,74.2725,74.2800,99
MOEX:USDRUB,2021-08-26T22:26:00+03:00,74.2825,74.2825,74.2775,74.2775,5
MOEX:USDRUB,2021-08-26T22:27:00+03:00,74.2825,74.2850,74.2750,74.2750,58
MOEX:USDRUB,2021-08-26T22:28:00+03:00,74.2750,74.2825,74.2750,74.2775,21
MOEX:USDRUB,2021-08-26T22:29:00+03:00,74.2800,74.2800,74.2525,74.2625,2646
MOEX:USDRUB,2021-08-26T22:30:00+03:00,74.2575,74.2625,74.2525,74.2525,82
MOEX:USDRUB,2021-08-26T22:31:00+03:00,74.2525,74.2575,74.2525,74.2525,14
MOEX:USDRUB,2021-08-26T22:32:00+03:00,74.2600,74.2600,74.2525,74.2525,4
MOEX:USDRUB,2021-08-26T22:33:00+03:00,74.2550,74.2575,74.2550,74.2575,12
MOEX:USDRUB,2021-08-26T22:34:00+03:00,74.2600,74.2600,74.2550,74.2550,34
MOEX:USDRUB,2021-08-26T22:35:00+03:00,74.2550,74.2550,74.2475,74.2475,824
MOEX:USDRUB,2021-08-26T22:36:00+03:00,74.2475,74.2475,74.2400,74.2400,11
MOEX:USDRUB,2021-08-26T22:37:00+03:00,74.2425,74.2450,74.2425,74.2450,4
MOEX:USDRUB,2021-08-26T22:38:00+03:00,74.2500,74.2600,74.2500,74.2550,352
MOEX:USDRUB,2021-08-26T22:39:00+03:00,74.2550,74.2625,74.2525,74.2575,187
MOEX:USDRUB,2021-08-26T22:40:00+03:00,74.2575,74.2650,74.2575,74.2575,91
MOEX:USDRUB,2021-08-26T22:41:00+03:00,74.2650,74.2650,74.2525,74.2525,8
MOEX:USDRUB,2021-08-26T22:42:00+03:00,74.2600,74.2600,74.2525,74.2525,7
MOEX:USDRUB,2021-08-26T22:43:00+03:00,74.2525,74.2625,74.2525,74.2600,457
MOEX:USDRUB,2021-08-26T22:44:00+03:00,74.2650,74.2675,74.2500,74.2500,1129
MOEX:USDRUB,2021-08-26T22:45:00+03:00,74.2600,74.2700,74.2500,74.2675,81
MOEX:USDRUB,2021-08-26T22:46:00+03:00,74.2625,74.2675,74.2625,74.2625,9
MOEX:USDRUB,2021-08-26T22:47:00+03:00,74.2600,74.2625,74.2550,74.2550,44
MOEX:USDRUB,2021-08-26T22:48:00+03:00,74.2550,74.2600,74.2550,74.2550,44
MOEX:USDRUB,2021-08-26T22:49:00+03:00,74.2550,74.2600,74.2550,74.2550,6
MOEX:USDRUB,2021-08-26T22:50:00+03:00,74.2550,74.2675,74.2550,74.2600,523
MOEX:USDRUB,2021-08-26T22:51:00+03:00,74.2550,74.2650,74.2550,74.2650,12
MOEX:USDRUB,2021-08-26T22:52:00+03:00,74.2650,74.2650,74.2550,74.2550,69
MOEX:USDRUB,2021-08-26T22:53:00+03:00,74.2550,74.2550,74.2500,74.2500,229
MOEX:USDRUB,2021-08-26T22:54:00+03:00,74.2600,74.2600,74.2525,74.2525,31
MOEX:USDRUB,2021-08-26T22:55:00+03:00,74.2525,74.2625,74.2525,74.2625,17
MOEX:USDRUB,2021-08-26T22:56:00+03:00,74.2625,74.2650,74.2625,74.2650,162
MOEX:USDRUB,2021-08-26T22:57:00+03:00,74.2625,74.2625,74.2525,74.2550,232
MOEX:USDRUB,2021-08-26T22:58:00+03:00,74.2525,74.2625,74.2525,74.2550,105
MOEX:USDRUB,2021-08-26T22:59:00+03:00,74.2525,74.2600,74.2500,74.2525,69
MOEX:USDRUB,2021-08-26T23:00:00+03:00,74.2500,74.2525,74.2450,74.2450,211
MOEX:USDRUB,2021-08-26T23:01:00+03:00,74.2450,74.2500,74.2400,74.2400,80
MOEX:USDRUB,2021-08-26T23:02:00+03:00,74.2375,74.2450,74.2350,74.2350,119
MOEX:USDRUB,2021-08-26T23:03:00+03:00,74.2375,74.2475,74.2375,74.2375,22
MOEX:USDRUB,2021-08-26T23:04:00+03:00,74.2475,74.2475,74.2375,74.2375,7
MOEX:USDRUB,2021-08-26T23:05:00+03:00,74.2375,74.2425,74.2350,74.2350,94
MOEX:USDRUB,2021-08-26T23:06:00+03:00,74.2350,74.2350,74.2250,74.2250,2006
MOEX:USDRUB,2021-08-26T23:07:00+03:00,74.2250,74.2350,74.2250,74.2250,412
MOEX:USDRUB,2021-08-26T23:08:00+03:00,74.2300,74.2350,74.2300,74.2350,523
MOEX:USDRUB,2021-08-26T23:09:00+03:00,74.2400,74.2425,74.2300,74.2300,661
MOEX:USDRUB,2021-08-26T23:10:00+03:00,74.2400,74.2400,74.2350,74.2350,100
MOEX:USDRUB,2021-08-26T23:11:00+03:00,74.2450,74.2525,74.2425,74.2425,525
MOEX:USDRUB,2021-08-26T23:12:00+03:00,74.2475,74.2475,74.2450,74.2450,2
MOEX:USDRUB,2021-08-26T23:13:00+03:00,74.2450,74.2450,74.2450,74.2450,63
MOEX:USDRUB,2021-08-26T23:14:00+03:00,74.2425,74.2425,74.2425,74.2425,2
MOEX:USDRUB,2021-08-26T23:16:00+03:00,74.2425,74.2500,74.2425,74.2500,31
MOEX:USDRUB,2021-08-26T23:17:00+03:00,74.2525,74.2575,74.2525,74.2575,1264
MOEX:USDRUB,2021-08-26T23:18:00+03:00,74.2550,74.2625,74.2550,74.2600,70
MOEX:USDRUB,2021-08-26T23:19:00+03:00,74.2600,74.2625,74.2575,74.2575,153
MOEX:USDRUB,2021-08-26T23:20:00+03:00,74.2600,74.2675,74.2600,74.2650,1390
MOEX:USDRUB,2021-08-26T23:21:00+03:00,74.2700,74.2700,74.2700,74.2700,12
MOEX:USDRUB,2021-08-26T23:22:00+03:00,74.2575,74.2650,74.2550,74.2550,136
MOEX:USDRUB,2021-08-26T23:23:00+03:00,74.2525,74.2525,74.2525,74.2525,8
MOEX:USDRUB,2021-08-26T23:24:00+03:00,74.2525,74.2625,74.2525,74.2525,4
MOEX:USDRUB,2021-08-26T23:25:00+03:00,74.2625,74.2650,74.2525,74.2650,67
MOEX:USDRUB,2021-08-26T23:26:00+03:00,74.2550,74.2625,74.2550,74.2625,4
MOEX:USDRUB,2021-08-26T23:27:00+03:00,74.2650,74.2700,74.2650,74.2700,500
MOEX:USDRUB,2021-08-26T23:28:00+03:00,74.2550,74.2550,74.2550,74.2550,1
MOEX:USDRUB,2021-08-26T23:29:00+03:00,74.2600,74.2675,74.2600,74.2675,39
MOEX:USDRUB,2021-08-26T23:30:00+03:00,74.2600,74.2800,74.2600,74.2675,483
MOEX:USDRUB,2021-08-26T23:31:00+03:00,74.2650,74.2675,74.2650,74.2675,14
MOEX:USDRUB,2021-08-26T23:32:00+03:00,74.2800,74.2800,74.2675,74.2675,10
MOEX:USDRUB,2021-08-26T23:33:00+03:00,74.2675,74.2800,74.2675,74.2675,150
MOEX:USDRUB,2021-08-26T23:34:00+03:00,74.2700,74.2700,74.2650,74.2675,172
MOEX:USDRUB,2021-08-26T23:36:00+03:00,74.2700,74.2700,74.2700,74.2700,7
MOEX:USDRUB,2021-08-26T23:37:00+03:00,74.2775,74.2775,74.2700,74.2700,7
MOEX:USDRUB,2021-08-26T23:38:00+03:00,74.2700,74.2700,74.2600,74.2625,33
MOEX:USDRUB,2021-08-26T23:39:00+03:00,74.2625,74.2775,74.2625,74.2775,6
MOEX:USDRUB,2021-08-26T23:40:00+03:00,74.2625,74.2625,74.2625,74.2625,25
MOEX:USDRUB,2021-08-26T23:41:00+03:00,74.2700,74.2700,74.2700,74.2700,11
MOEX:USDRUB,2021-08-26T23:42:00+03:00,74.2700,74.2775,74.2625,74.2625,322
MOEX:USDRUB,2021-08-26T23:43:00+03:00,74.2625,74.2625,74.2625,74.2625,2
MOEX:USDRUB,2021-08-26T23:44:00+03:00,74.2650,74.2650,74.2650,74.2650,1
MOEX:USDRUB,2021-08-26T23:45:00+03:00,74.2625,74.2625,74.2500,74.2625,62
MOEX:USDRUB,2021-08-26T23:46:00+03:00,74.2500,74.2500,74.2500,74.2500,3
MOEX:USDRUB,2021-08-26T23:47:00+03:00,74.2500,74.2500,74.2500,74.2500,146
MOEX:USDRUB,2021-08-26T23:48:00+03:00,74.2500,74.2650,74.2250,74.2450,6476
MOEX:USDRUB,2021-08-26T23:49:00+03:00,74.2300,74.2325,74.2275,74.2300,1844
