MOEX:ALRS,2022-10-12T10:00:00+03:00,68.56,68.77,68.05,68.53,17481
MOEX:ALRS,2022-10-12T10:01:00+03:00,68.53,68.62,68.22,68.50,14059
MOEX:ALRS,2022-10-12T10:02:00+03:00,68.50,68.50,68.38,68.38,5745
MOEX:ALRS,2022-10-12T10:03:00+03:00,68.31,68.38,68.03,68.15,4146
MOEX:ALRS,2022-10-12T10:04:00+03:00,68.14,68.18,68.00,68.05,6792
MOEX:ALRS,2022-10-12T10:05:00+03:00,68.04,68.15,68.00,68.07,1647
MOEX:ALRS,2022-10-12T10:06:00+03:00,68.10,68.14,68.04,68.14,1352
MOEX:ALRS,2022-10-12T10:07:00+03:00,68.10,68.21,68.06,68.15,2865
MOEX:ALRS,2022-10-12T10:08:00+03:00,68.20,68.26,68.00,68.10,5446
MOEX:ALRS,2022-10-12T10:09:00+03:00,68.07,68.15,68.02,68.02,1524
MOEX:ALRS,2022-10-12T10:10:00+03:00,68.02,68.02,67.70,67.78,6598
MOEX:ALRS,2022-10-12T10:11:00+03:00,67.73,67.77,67.61,67.63,3306
MOEX:ALRS,2022-10-12T10:12:00+03:00,67.68,67.69,67.63,67.64,1596
MOEX:ALRS,2022-10-12T10:13:00+03:00,67.64,67.84,67.64,67.80,1991
MOEX:ALRS,2022-10-12T10:14:00+03:00,67.81,67.96,67.72,67.80,1321
MOEX:ALRS,2022-10-12T10:15:00+03:00,67.80,67.90,67.75,67.86,2279
MOEX:ALRS,2022-10-12T10:16:00+03:00,67.83,68.04,67.80,67.98,2027
MOEX:ALRS,2022-10-12T10:17:00+03:00,67.98,68.19,67.91,68.10,4055
MOEX:ALRS,2022-10-12T10:18:00+03:00,68.12,68.14,67.97,68.06,2135
MOEX:ALRS,2022-10-12T10:19:00+03:00,68.11,68.11,67.85,67.89,3581
MOEX:ALRS,2022-10-12T10:20:00+03:00,67.94,68.00,67.88,67.93,753
MOEX:ALRS,2022-10-12T10:21:00+03:00,67.94,67.96,67.90,67.94,1594
MOEX:ALRS,2022-10-12T10:22:00+03:00,67.94,67.95,67.85,67.85,1487
MOEX:ALRS,2022-10-12T10:23:00+03:00,67.84,67.90,67.81,67.86,1132
MOEX:ALRS,2022-10-12T10:24:00+03:00,67.84,67.87,67.82,67.82,363
MOEX:ALRS,2022-10-12T10:25:00+03:00,67.83,67.85,67.82,67.85,598
MOEX:ALRS,2022-10-12T10:26:00+03:00,67.83,67.87,67.82,67.83,448
MOEX:ALRS,2022-10-12T10:27:00+03:00,67.84,67.87,67.83,67.86,536
MOEX:ALRS,2022-10-12T10:28:00+03:00,67.87,67.87,67.79,67.79,3137
MOEX:ALRS,2022-10-12T10:29:00+03:00,67.79,67.85,67.68,67.75,2381
MOEX:ALRS,2022-10-12T10:30:00+03:00,67.85,67.86,67.68,67.75,1282
MOEX:ALRS,2022-10-12T10:31:00+03:00,67.71,67.80,67.71,67.75,4012
MOEX:ALRS,2022-10-12T10:32:00+03:00,67.79,67.99,67.74,67.97,7770
MOEX:ALRS,2022-10-12T10:33:00+03:00,67.93,68.08,67.93,67.97,5782
MOEX:ALRS,2022-10-12T10:34:00+03:00,67.97,68.09,67.90,68.09,1873
MOEX:ALRS,2022-10-12T10:35:00+03:00,68.07,68.15,68.05,68.13,2192
MOEX:ALRS,2022-10-12T10:36:00+03:00,68.14,68.15,68.12,68.15,735
MOEX:ALRS,2022-10-12T10:37:00+03:00,68.14,68.17,68.13,68.17,996
MOEX:ALRS,2022-10-12T10:38:00+03:00,68.16,68.16,67.98,68.04,2987
MOEX:ALRS,2022-10-12T10:39:00+03:00,68.01,68.01,67.97,67.97,214
MOEX:ALRS,2022-10-12T10:40:00+03:00,68.00,68.07,68.00,68.06,175
MOEX:ALRS,2022-10-12T10:41:00+03:00,68.07,68.12,67.88,67.97,1402
MOEX:ALRS,2022-10-12T10:42:00+03:00,68.01,68.11,67.99,68.05,734
MOEX:ALRS,2022-10-12T10:43:00+03:00,68.00,68.08,68.00,68.02,973
MOEX:ALRS,2022-10-12T10:44:00+03:00,68.01,68.08,67.99,68.07,1097
MOEX:ALRS,2022-10-12T10:45:00+03:00,68.07,68.09,67.99,68.04,921
MOEX:ALRS,2022-10-12T10:46:00+03:00,67.99,68.04,67.97,67.99,147
MOEX:ALRS,2022-10-12T10:47:00+03:00,67.99,68.00,67.99,68.00,215
MOEX:ALRS,2022-10-12T10:48:00+03:00,68.00,68.00,67.90,67.98,873
MOEX:ALRS,2022-10-12T10:49:00+03:00,67.96,68.07,67.93,68.07,741
MOEX:ALRS,2022-10-12T10:50:00+03:00,68.08,68.12,67.97,67.97,1508
MOEX:ALRS,2022-10-12T10:51:00+03:00,68.04,68.12,67.97,68.05,878
MOEX:ALRS,2022-10-12T10:52:00+03:00,68.08,68.09,68.01,68.06,556
MOEX:ALRS,2022-10-12T10:53:00+03:00,68.05,68.12,68.05,68.12,752
MOEX:ALRS,2022-10-12T10:54:00+03:00,68.08,68.12,68.04,68.12,610
MOEX:ALRS,2022-10-12T10:55:00+03:00,68.11,68.15,68.02,68.05,2195
MOEX:ALRS,2022-10-12T10:56:00+03:00,68.11,68.16,68.04,68.14,992
MOEX:ALRS,2022-10-12T10:57:00+03:00,68.11,68.11,68.10,68.11,29
MOEX:ALRS,2022-10-12T10:58:00+03:00,68.11,68.16,68.08,68.15,181
MOEX:ALRS,2022-10-12T10:59:00+03:00,68.14,68.15,68.11,68.11,310
MOEX:ALRS,2022-10-12T11:00:00+03:00,68.14,68.18,68.11,68.11,544
MOEX:ALRS,2022-10-12T11:01:00+03:00,68.11,68.18,68.11,68.13,1271
MOEX:ALRS,2022-10-12T11:02:00+03:00,68.12,68.35,68.08,68.34,4692
MOEX:ALRS,2022-10-12T11:03:00+03:00,68.35,68.43,68.31,68.33,2235
MOEX:ALRS,2022-10-12T11:04:00+03:00,68.29,68.39,68.22,68.22,1012
MOEX:ALRS,2022-10-12T11:05:00+03:00,68.23,68.31,68.21,68.21,1085
MOEX:ALRS,2022-10-12T11:06:00+03:00,68.23,68.23,68.11,68.11,1079
MOEX:ALRS,2022-10-12T11:07:00+03:00,68.11,68.17,68.06,68.14,823
MOEX:ALRS,2022-10-12T11:08:00+03:00,68.11,68.11,68.02,68.06,1294
MOEX:ALRS,2022-10-12T11:09:00+03:00,68.05,68.11,67.70,67.76,5675
MOEX:ALRS,2022-10-12T11:10:00+03:00,67.76,67.89,67.70,67.77,4897
MOEX:ALRS,2022-10-12T11:11:00+03:00,67.80,67.84,67.77,67.81,222
MOEX:ALRS,2022-10-12T11:12:00+03:00,67.81,67.96,67.65,67.65,4235
MOEX:ALRS,2022-10-12T11:13:00+03:00,67.66,67.70,67.52,67.53,4159
MOEX:ALRS,2022-10-12T11:14:00+03:00,67.53,67.61,67.51,67.60,1222
MOEX:ALRS,2022-10-12T11:15:00+03:00,67.59,67.59,67.48,67.48,5924
MOEX:ALRS,2022-10-12T11:16:00+03:00,67.48,67.53,67.48,67.48,1682
MOEX:ALRS,2022-10-12T11:17:00+03:00,67.48,67.49,67.18,67.28,6005
MOEX:ALRS,2022-10-12T11:18:00+03:00,67.19,67.26,67.16,67.26,1862
MOEX:ALRS,2022-10-12T11:19:00+03:00,67.28,67.28,67.16,67.17,1842
MOEX:ALRS,2022-10-12T11:20:00+03:00,67.18,67.22,67.12,67.15,1735
MOEX:ALRS,2022-10-12T11:21:00+03:00,67.16,67.18,67.04,67.04,3398
MOEX:ALRS,2022-10-12T11:22:00+03:00,67.06,67.08,67.03,67.05,1699
MOEX:ALRS,2022-10-12T11:23:00+03:00,67.05,67.05,66.90,67.01,5965
MOEX:ALRS,2022-10-12T11:24:00+03:00,66.98,67.17,66.95,67.15,4012
MOEX:ALRS,2022-10-12T11:25:00+03:00,67.12,67.14,66.97,67.09,2493
MOEX:ALRS,2022-10-12T11:26:00+03:00,67.07,67.09,66.96,67.05,2041
MOEX:ALRS,2022-10-12T11:27:00+03:00,67.05,67.30,67.05,67.21,1528
MOEX:ALRS,2022-10-12T11:28:00+03:00,67.21,67.25,67.11,67.13,1466
MOEX:ALRS,2022-10-12T11:29:00+03:00,67.13,67.13,67.02,67.13,1819
MOEX:ALRS,2022-10-12T11:30:00+03:00,67.13,67.19,67.11,67.14,981
MOEX:ALRS,2022-10-12T11:31:00+03:00,67.11,67.16,67.11,67.15,700
MOEX:ALRS,2022-10-12T11:32:00+03:00,67.15,67.20,67.12,67.16,1101
MOEX:ALRS,2022-10-12T11:33:00+03:00,67.13,67.19,67.12,67.17,618
MOEX:ALRS,2022-10-12T11:34:00+03:00,67.15,67.18,67.10,67.10,799
MOEX:ALRS,2022-10-12T11:35:00+03:00,67.10,67.15,66.90,66.90,6107
MOEX:ALRS,2022-10-12T11:36:00+03:00,66.90,66.98,66.66,66.74,7931
MOEX:ALRS,2022-10-12T11:37:00+03:00,66.74,66.80,66.70,66.79,1592
MOEX:ALRS,2022-10-12T11:38:00+03:00,66.75,66.79,66.73,66.76,385
MOEX:ALRS,2022-10-12T11:39:00+03:00,66.80,66.81,66.65,66.68,6116
MOEX:ALRS,2022-10-12T11:40:00+03:00,66.65,66.70,66.62,66.65,2820
MOEX:ALRS,2022-10-12T11:41:00+03:00,66.69,66.69,66.59,66.60,3051
MOEX:ALRS,2022-10-12T11:42:00+03:00,66.60,66.66,66.55,66.56,1935
MOEX:ALRS,2022-10-12T11:43:00+03:00,66.56,66.61,66.55,66.58,606
MOEX:ALRS,2022-10-12T11:44:00+03:00,66.55,66.58,66.53,66.58,909
MOEX:ALRS,2022-10-12T11:45:00+03:00,66.55,66.68,66.53,66.67,3647
MOEX:ALRS,2022-10-12T11:46:00+03:00,66.67,66.77,66.58,66.66,8902
MOEX:ALRS,2022-10-12T11:47:00+03:00,66.68,66.71,66.63,66.71,680
MOEX:ALRS,2022-10-12T11:48:00+03:00,66.71,66.71,66.59,66.65,1445
MOEX:ALRS,2022-10-12T11:49:00+03:00,66.68,66.81,66.68,66.78,1975
MOEX:ALRS,2022-10-12T11:50:00+03:00,66.78,66.80,66.69,66.76,1443
MOEX:ALRS,2022-10-12T11:51:00+03:00,66.72,66.75,66.70,66.74,676
MOEX:ALRS,2022-10-12T11:52:00+03:00,66.74,66.95,66.74,66.87,2253
MOEX:ALRS,2022-10-12T11:53:00+03:00,66.90,66.94,66.87,66.91,2605
MOEX:ALRS,2022-10-12T11:54:00+03:00,66.91,67.00,66.90,66.99,6375
MOEX:ALRS,2022-10-12T11:55:00+03:00,66.96,67.00,66.90,66.99,1201
MOEX:ALRS,2022-10-12T11:56:00+03:00,66.94,67.00,66.93,66.99,1064
MOEX:ALRS,2022-10-12T11:57:00+03:00,66.97,67.00,66.97,67.00,1851
MOEX:ALRS,2022-10-12T11:58:00+03:00,66.97,67.00,66.97,67.00,553
MOEX:ALRS,2022-10-12T11:59:00+03:00,66.99,67.00,66.97,66.99,165
MOEX:ALRS,2022-10-12T12:00:00+03:00,66.97,66.99,66.90,66.94,944
MOEX:ALRS,2022-10-12T12:01:00+03:00,66.94,66.94,66.86,66.88,604
MOEX:ALRS,2022-10-12T12:02:00+03:00,66.88,66.90,66.86,66.88,333
MOEX:ALRS,2022-10-12T12:03:00+03:00,66.88,66.95,66.87,66.87,370
MOEX:ALRS,2022-10-12T12:04:00+03:00,66.87,66.94,66.86,66.86,838
MOEX:ALRS,2022-10-12T12:05:00+03:00,66.86,66.97,66.85,66.96,1854
MOEX:ALRS,2022-10-12T12:06:00+03:00,66.96,67.00,66.92,66.94,1642
MOEX:ALRS,2022-10-12T12:07:00+03:00,66.94,66.99,66.94,66.99,199
MOEX:ALRS,2022-10-12T12:08:00+03:00,66.99,66.99,66.94,66.96,788
MOEX:ALRS,2022-10-12T12:09:00+03:00,66.98,66.99,66.96,66.96,99
MOEX:ALRS,2022-10-12T12:10:00+03:00,66.96,66.98,66.94,66.94,447
MOEX:ALRS,2022-10-12T12:11:00+03:00,66.94,66.97,66.94,66.94,192
MOEX:ALRS,2022-10-12T12:12:00+03:00,66.94,66.97,66.92,66.92,256
MOEX:ALRS,2022-10-12T12:13:00+03:00,66.92,66.96,66.92,66.92,26
MOEX:ALRS,2022-10-12T12:14:00+03:00,66.92,66.97,66.92,66.92,85
MOEX:ALRS,2022-10-12T12:15:00+03:00,66.92,66.97,66.90,66.97,266
MOEX:ALRS,2022-10-12T12:16:00+03:00,66.91,66.97,66.91,66.92,450
MOEX:ALRS,2022-10-12T12:17:00+03:00,66.97,66.97,66.90,66.91,613
MOEX:ALRS,2022-10-12T12:18:00+03:00,66.91,66.91,66.85,66.90,588
MOEX:ALRS,2022-10-12T12:19:00+03:00,66.85,66.93,66.70,66.87,4767
MOEX:ALRS,2022-10-12T12:20:00+03:00,66.80,66.88,66.80,66.81,300
MOEX:ALRS,2022-10-12T12:21:00+03:00,66.80,66.87,66.80,66.80,125
MOEX:ALRS,2022-10-12T12:22:00+03:00,66.82,66.89,66.82,66.84,243
MOEX:ALRS,2022-10-12T12:23:00+03:00,66.83,66.87,66.82,66.82,152
MOEX:ALRS,2022-10-12T12:24:00+03:00,66.82,66.88,66.82,66.88,183
MOEX:ALRS,2022-10-12T12:25:00+03:00,66.84,66.98,66.84,66.90,583
MOEX:ALRS,2022-10-12T12:26:00+03:00,66.91,66.91,66.55,66.66,8833
MOEX:ALRS,2022-10-12T12:27:00+03:00,66.66,66.75,66.66,66.75,464
MOEX:ALRS,2022-10-12T12:28:00+03:00,66.74,66.78,66.70,66.77,369
MOEX:ALRS,2022-10-12T12:29:00+03:00,66.77,66.80,66.73,66.77,76
MOEX:ALRS,2022-10-12T12:30:00+03:00,66.80,66.80,66.75,66.76,649
MOEX:ALRS,2022-10-12T12:31:00+03:00,66.79,66.79,66.67,66.72,793
MOEX:ALRS,2022-10-12T12:32:00+03:00,66.76,66.82,66.72,66.81,801
MOEX:ALRS,2022-10-12T12:33:00+03:00,66.77,66.92,66.77,66.80,1297
MOEX:ALRS,2022-10-12T12:34:00+03:00,66.83,66.92,66.80,66.89,692
MOEX:ALRS,2022-10-12T12:35:00+03:00,66.88,66.89,66.84,66.86,91
MOEX:ALRS,2022-10-12T12:36:00+03:00,66.86,66.88,66.85,66.85,565
MOEX:ALRS,2022-10-12T12:37:00+03:00,66.85,66.91,66.85,66.91,410
MOEX:ALRS,2022-10-12T12:38:00+03:00,66.88,66.90,66.87,66.88,18
MOEX:ALRS,2022-10-12T12:39:00+03:00,66.88,66.90,66.88,66.90,126
MOEX:ALRS,2022-10-12T12:40:00+03:00,66.89,66.95,66.89,66.93,419
MOEX:ALRS,2022-10-12T12:41:00+03:00,66.93,67.00,66.93,67.00,3624
MOEX:ALRS,2022-10-12T12:42:00+03:00,66.99,67.00,66.97,66.99,1748
MOEX:ALRS,2022-10-12T12:43:00+03:00,66.99,66.99,66.94,66.97,1907
MOEX:ALRS,2022-10-12T12:44:00+03:00,66.97,67.00,66.93,67.00,1052
MOEX:ALRS,2022-10-12T12:45:00+03:00,67.00,67.00,66.93,66.97,528
MOEX:ALRS,2022-10-12T12:46:00+03:00,66.97,66.97,66.92,66.92,141
MOEX:ALRS,2022-10-12T12:47:00+03:00,66.95,66.99,66.92,66.94,954
MOEX:ALRS,2022-10-12T12:48:00+03:00,66.94,66.98,66.93,66.93,164
MOEX:ALRS,2022-10-12T12:49:00+03:00,66.97,67.00,66.95,66.99,3330
MOEX:ALRS,2022-10-12T12:50:00+03:00,66.99,67.00,66.88,66.88,1599
MOEX:ALRS,2022-10-12T12:51:00+03:00,66.88,66.94,66.86,66.89,278
MOEX:ALRS,2022-10-12T12:52:00+03:00,66.89,66.94,66.89,66.89,258
MOEX:ALRS,2022-10-12T12:53:00+03:00,66.92,66.96,66.88,66.90,211
MOEX:ALRS,2022-10-12T12:54:00+03:00,66.90,66.95,66.88,66.89,253
MOEX:ALRS,2022-10-12T12:55:00+03:00,66.89,66.93,66.89,66.90,801
MOEX:ALRS,2022-10-12T12:56:00+03:00,66.90,66.90,66.87,66.87,95
MOEX:ALRS,2022-10-12T12:57:00+03:00,66.90,66.96,66.87,66.91,604
MOEX:ALRS,2022-10-12T12:58:00+03:00,66.95,66.95,66.90,66.94,58
MOEX:ALRS,2022-10-12T12:59:00+03:00,66.90,66.99,66.90,66.91,866
MOEX:ALRS,2022-10-12T13:00:00+03:00,66.92,66.94,66.91,66.91,39
MOEX:ALRS,2022-10-12T13:01:00+03:00,66.91,66.95,66.81,66.84,1569
MOEX:ALRS,2022-10-12T13:02:00+03:00,66.85,66.89,66.83,66.89,223
MOEX:ALRS,2022-10-12T13:03:00+03:00,66.90,66.93,66.90,66.93,28
MOEX:ALRS,2022-10-12T13:04:00+03:00,66.90,66.93,66.90,66.90,45
MOEX:ALRS,2022-10-12T13:05:00+03:00,66.93,66.94,66.90,66.90,323
MOEX:ALRS,2022-10-12T13:06:00+03:00,66.91,66.93,66.90,66.90,124
MOEX:ALRS,2022-10-12T13:07:00+03:00,66.90,66.94,66.90,66.92,63
MOEX:ALRS,2022-10-12T13:08:00+03:00,66.92,66.93,66.90,66.91,56
MOEX:ALRS,2022-10-12T13:09:00+03:00,66.91,66.91,66.75,66.80,2490
MOEX:ALRS,2022-10-12T13:10:00+03:00,66.81,66.85,66.81,66.82,60
MOEX:ALRS,2022-10-12T13:11:00+03:00,66.82,66.90,66.82,66.89,170
MOEX:ALRS,2022-10-12T13:12:00+03:00,66.89,66.90,66.88,66.89,205
MOEX:ALRS,2022-10-12T13:13:00+03:00,66.89,66.92,66.85,66.92,434
MOEX:ALRS,2022-10-12T13:14:00+03:00,66.90,67.00,66.85,66.95,4034
MOEX:ALRS,2022-10-12T13:15:00+03:00,66.93,66.99,66.93,66.98,1039
MOEX:ALRS,2022-10-12T13:16:00+03:00,66.98,66.98,66.93,66.94,238
MOEX:ALRS,2022-10-12T13:17:00+03:00,66.94,66.97,66.87,66.97,731
MOEX:ALRS,2022-10-12T13:18:00+03:00,66.97,66.98,66.94,66.97,442
MOEX:ALRS,2022-10-12T13:19:00+03:00,66.96,67.00,66.90,67.00,9398
MOEX:ALRS,2022-10-12T13:20:00+03:00,67.00,67.15,66.98,67.15,14230
MOEX:ALRS,2022-10-12T13:21:00+03:00,67.09,67.20,67.06,67.20,4907
MOEX:ALRS,2022-10-12T13:22:00+03:00,67.20,67.25,67.11,67.19,4201
MOEX:ALRS,2022-10-12T13:23:00+03:00,67.18,67.25,67.01,67.20,4055
MOEX:ALRS,2022-10-12T13:24:00+03:00,67.20,67.28,67.17,67.27,2058
MOEX:ALRS,2022-10-12T13:25:00+03:00,67.24,67.27,67.13,67.14,1326
MOEX:ALRS,2022-10-12T13:26:00+03:00,67.19,67.20,67.12,67.15,840
MOEX:ALRS,2022-10-12T13:27:00+03:00,67.14,67.18,67.06,67.07,1632
MOEX:ALRS,2022-10-12T13:28:00+03:00,67.10,67.17,67.05,67.12,514
MOEX:ALRS,2022-10-12T13:29:00+03:00,67.09,67.12,67.09,67.10,27
MOEX:ALRS,2022-10-12T13:30:00+03:00,67.10,67.18,67.10,67.12,708
MOEX:ALRS,2022-10-12T13:31:00+03:00,67.12,67.18,67.12,67.12,302
MOEX:ALRS,2022-10-12T13:32:00+03:00,67.17,67.20,67.12,67.15,293
MOEX:ALRS,2022-10-12T13:33:00+03:00,67.15,67.20,67.15,67.20,472
MOEX:ALRS,2022-10-12T13:34:00+03:00,67.18,67.30,67.13,67.17,5048
MOEX:ALRS,2022-10-12T13:35:00+03:00,67.15,67.23,67.13,67.15,553
MOEX:ALRS,2022-10-12T13:36:00+03:00,67.18,67.21,67.11,67.11,1504
MOEX:ALRS,2022-10-12T13:37:00+03:00,67.12,67.14,67.11,67.12,888
MOEX:ALRS,2022-10-12T13:38:00+03:00,67.14,67.15,67.12,67.15,34
MOEX:ALRS,2022-10-12T13:39:00+03:00,67.13,67.15,67.13,67.13,15
MOEX:ALRS,2022-10-12T13:40:00+03:00,67.13,67.13,67.12,67.12,346
MOEX:ALRS,2022-10-12T13:41:00+03:00,67.12,67.15,67.11,67.15,877
MOEX:ALRS,2022-10-12T13:42:00+03:00,67.15,67.15,67.12,67.14,1403
MOEX:ALRS,2022-10-12T13:43:00+03:00,67.15,67.15,67.14,67.14,543
MOEX:ALRS,2022-10-12T13:44:00+03:00,67.14,67.14,67.07,67.08,1281
MOEX:ALRS,2022-10-12T13:45:00+03:00,67.09,67.09,67.04,67.04,979
MOEX:ALRS,2022-10-12T13:46:00+03:00,67.05,67.08,67.02,67.08,525
MOEX:ALRS,2022-10-12T13:47:00+03:00,67.09,67.09,66.88,66.91,6638
MOEX:ALRS,2022-10-12T13:48:00+03:00,66.92,67.11,66.92,67.08,979
MOEX:ALRS,2022-10-12T13:49:00+03:00,67.08,67.11,66.90,66.97,3912
MOEX:ALRS,2022-10-12T13:50:00+03:00,66.97,66.97,66.91,66.91,633
MOEX:ALRS,2022-10-12T13:51:00+03:00,66.94,66.94,66.91,66.93,161
MOEX:ALRS,2022-10-12T13:52:00+03:00,66.94,66.95,66.93,66.95,279
MOEX:ALRS,2022-10-12T13:53:00+03:00,66.95,66.96,66.94,66.96,201
MOEX:ALRS,2022-10-12T13:54:00+03:00,66.96,66.98,66.95,66.98,875
MOEX:ALRS,2022-10-12T13:55:00+03:00,66.96,66.96,66.95,66.96,101
MOEX:ALRS,2022-10-12T13:56:00+03:00,66.98,66.98,66.96,66.96,24
MOEX:ALRS,2022-10-12T13:57:00+03:00,66.97,66.98,66.96,66.98,238
MOEX:ALRS,2022-10-12T13:58:00+03:00,66.98,66.98,66.96,66.98,102
MOEX:ALRS,2022-10-12T13:59:00+03:00,66.96,67.02,66.96,67.02,230
MOEX:ALRS,2022-10-12T14:00:00+03:00,67.02,67.02,66.98,67.02,221
MOEX:ALRS,2022-10-12T14:01:00+03:00,67.04,67.07,67.03,67.03,107
MOEX:ALRS,2022-10-12T14:02:00+03:00,67.03,67.06,67.03,67.06,71
MOEX:ALRS,2022-10-12T14:03:00+03:00,67.06,67.09,67.06,67.09,271
MOEX:ALRS,2022-10-12T14:04:00+03:00,67.08,67.08,67.04,67.04,114
MOEX:ALRS,2022-10-12T14:05:00+03:00,67.04,67.04,67.01,67.03,1167
MOEX:ALRS,2022-10-12T14:06:00+03:00,67.07,67.08,67.04,67.04,62
MOEX:ALRS,2022-10-12T14:07:00+03:00,67.04,67.08,67.03,67.08,192
MOEX:ALRS,2022-10-12T14:08:00+03:00,67.09,67.11,67.09,67.11,44
MOEX:ALRS,2022-10-12T14:09:00+03:00,67.10,67.14,67.10,67.11,174
MOEX:ALRS,2022-10-12T14:10:00+03:00,67.11,67.15,67.10,67.15,662
MOEX:ALRS,2022-10-12T14:11:00+03:00,67.14,67.15,67.11,67.15,486
MOEX:ALRS,2022-10-12T14:12:00+03:00,67.14,67.14,67.10,67.13,315
MOEX:ALRS,2022-10-12T14:13:00+03:00,67.13,67.13,67.10,67.13,20
MOEX:ALRS,2022-10-12T14:14:00+03:00,67.13,67.15,67.12,67.15,1006
MOEX:ALRS,2022-10-12T14:15:00+03:00,67.15,67.15,67.12,67.14,132
MOEX:ALRS,2022-10-12T14:16:00+03:00,67.12,67.15,67.12,67.15,556
MOEX:ALRS,2022-10-12T14:17:00+03:00,67.14,67.15,67.13,67.13,871
MOEX:ALRS,2022-10-12T14:18:00+03:00,67.14,67.15,67.13,67.14,731
MOEX:ALRS,2022-10-12T14:19:00+03:00,67.13,67.15,67.13,67.14,1910
MOEX:ALRS,2022-10-12T14:20:00+03:00,67.15,67.15,67.14,67.15,80
MOEX:ALRS,2022-10-12T14:21:00+03:00,67.14,67.15,67.14,67.14,119
MOEX:ALRS,2022-10-12T14:22:00+03:00,67.14,67.15,67.14,67.15,5070
MOEX:ALRS,2022-10-12T14:23:00+03:00,67.15,67.15,67.14,67.15,551
MOEX:ALRS,2022-10-12T14:24:00+03:00,67.15,67.15,67.14,67.15,1409
MOEX:ALRS,2022-10-12T14:25:00+03:00,67.15,67.15,67.14,67.15,2236
MOEX:ALRS,2022-10-12T14:26:00+03:00,67.15,67.15,67.14,67.15,7252
MOEX:ALRS,2022-10-12T14:27:00+03:00,67.15,67.15,67.14,67.14,3311
MOEX:ALRS,2022-10-12T14:28:00+03:00,67.14,67.15,67.14,67.15,8128
MOEX:ALRS,2022-10-12T14:29:00+03:00,67.15,67.27,67.14,67.22,18335
MOEX:ALRS,2022-10-12T14:30:00+03:00,67.20,67.26,67.14,67.23,9758
MOEX:ALRS,2022-10-12T14:31:00+03:00,67.22,67.30,67.21,67.28,2267
MOEX:ALRS,2022-10-12T14:32:00+03:00,67.29,67.32,67.20,67.20,2966
MOEX:ALRS,2022-10-12T14:33:00+03:00,67.23,67.24,67.14,67.14,7975
MOEX:ALRS,2022-10-12T14:34:00+03:00,67.14,67.15,67.14,67.15,2472
MOEX:ALRS,2022-10-12T14:35:00+03:00,67.16,67.23,67.16,67.16,87
MOEX:ALRS,2022-10-12T14:36:00+03:00,67.17,67.20,67.16,67.16,433
MOEX:ALRS,2022-10-12T14:37:00+03:00,67.16,67.19,67.16,67.19,628
MOEX:ALRS,2022-10-12T14:38:00+03:00,67.20,67.24,67.18,67.21,419
MOEX:ALRS,2022-10-12T14:39:00+03:00,67.21,67.26,67.21,67.26,294
MOEX:ALRS,2022-10-12T14:40:00+03:00,67.25,67.39,67.21,67.37,4307
MOEX:ALRS,2022-10-12T14:41:00+03:00,67.35,67.49,67.33,67.36,5828
MOEX:ALRS,2022-10-12T14:42:00+03:00,67.36,67.39,67.32,67.39,986
MOEX:ALRS,2022-10-12T14:43:00+03:00,67.35,67.38,67.33,67.38,684
MOEX:ALRS,2022-10-12T14:44:00+03:00,67.34,67.42,67.34,67.38,1439
MOEX:ALRS,2022-10-12T14:45:00+03:00,67.38,67.41,67.27,67.28,1528
MOEX:ALRS,2022-10-12T14:46:00+03:00,67.34,67.50,67.29,67.39,1883
MOEX:ALRS,2022-10-12T14:47:00+03:00,67.39,67.45,67.37,67.41,574
MOEX:ALRS,2022-10-12T14:48:00+03:00,67.44,67.45,67.40,67.41,551
MOEX:ALRS,2022-10-12T14:49:00+03:00,67.41,67.45,67.41,67.42,212
MOEX:ALRS,2022-10-12T14:50:00+03:00,67.44,67.44,67.31,67.32,1109
MOEX:ALRS,2022-10-12T14:51:00+03:00,67.35,67.40,67.32,67.39,648
MOEX:ALRS,2022-10-12T14:52:00+03:00,67.39,67.40,67.33,67.34,358
MOEX:ALRS,2022-10-12T14:53:00+03:00,67.40,67.42,67.35,67.41,487
MOEX:ALRS,2022-10-12T14:54:00+03:00,67.41,67.41,67.35,67.35,1159
MOEX:ALRS,2022-10-12T14:55:00+03:00,67.37,67.39,67.35,67.36,447
MOEX:ALRS,2022-10-12T14:56:00+03:00,67.36,67.36,67.26,67.26,3757
MOEX:ALRS,2022-10-12T14:57:00+03:00,67.28,67.30,67.25,67.29,1612
MOEX:ALRS,2022-10-12T14:58:00+03:00,67.29,67.30,67.26,67.29,67
MOEX:ALRS,2022-10-12T14:59:00+03:00,67.29,67.29,67.22,67.27,1458
MOEX:ALRS,2022-10-12T15:00:00+03:00,67.23,67.28,67.22,67.28,305
MOEX:ALRS,2022-10-12T15:01:00+03:00,67.29,67.30,67.29,67.29,362
MOEX:ALRS,2022-10-12T15:02:00+03:00,67.30,67.35,67.29,67.34,1065
MOEX:ALRS,2022-10-12T15:03:00+03:00,67.33,67.34,67.26,67.27,1302
MOEX:ALRS,2022-10-12T15:04:00+03:00,67.30,67.33,67.28,67.32,574
MOEX:ALRS,2022-10-12T15:05:00+03:00,67.33,67.35,67.29,67.30,1088
MOEX:ALRS,2022-10-12T15:06:00+03:00,67.35,67.35,67.30,67.33,125
MOEX:ALRS,2022-10-12T15:07:00+03:00,67.33,67.33,67.29,67.33,325
MOEX:ALRS,2022-10-12T15:08:00+03:00,67.33,67.34,67.30,67.34,278
MOEX:ALRS,2022-10-12T15:09:00+03:00,67.32,67.33,67.31,67.33,265
MOEX:ALRS,2022-10-12T15:10:00+03:00,67.34,67.40,67.33,67.39,1312
MOEX:ALRS,2022-10-12T15:11:00+03:00,67.38,67.39,67.31,67.36,356
MOEX:ALRS,2022-10-12T15:12:00+03:00,67.35,67.37,67.33,67.36,563
MOEX:ALRS,2022-10-12T15:13:00+03:00,67.36,67.38,67.36,67.36,259
MOEX:ALRS,2022-10-12T15:14:00+03:00,67.38,67.39,67.35,67.39,227
MOEX:ALRS,2022-10-12T15:15:00+03:00,67.36,67.39,67.36,67.38,172
MOEX:ALRS,2022-10-12T15:16:00+03:00,67.40,67.40,67.36,67.36,195
MOEX:ALRS,2022-10-12T15:17:00+03:00,67.36,67.38,67.36,67.37,178
MOEX:ALRS,2022-10-12T15:18:00+03:00,67.37,67.37,67.30,67.30,5061
MOEX:ALRS,2022-10-12T15:19:00+03:00,67.33,67.33,67.22,67.23,1459
MOEX:ALRS,2022-10-12T15:20:00+03:00,67.28,67.30,67.24,67.29,511
MOEX:ALRS,2022-10-12T15:21:00+03:00,67.26,67.33,67.25,67.33,340
MOEX:ALRS,2022-10-12T15:22:00+03:00,67.32,67.32,67.30,67.30,84
MOEX:ALRS,2022-10-12T15:23:00+03:00,67.30,67.30,67.26,67.28,355
MOEX:ALRS,2022-10-12T15:24:00+03:00,67.29,67.35,67.29,67.32,1119
MOEX:ALRS,2022-10-12T15:25:00+03:00,67.35,67.40,67.35,67.38,1470
MOEX:ALRS,2022-10-12T15:26:00+03:00,67.37,67.38,67.36,67.36,383
MOEX:ALRS,2022-10-12T15:27:00+03:00,67.37,67.39,67.33,67.33,305
MOEX:ALRS,2022-10-12T15:28:00+03:00,67.35,67.38,67.35,67.38,5
MOEX:ALRS,2022-10-12T15:29:00+03:00,67.38,67.40,67.34,67.34,317
MOEX:ALRS,2022-10-12T15:30:00+03:00,67.38,67.38,67.28,67.33,324
MOEX:ALRS,2022-10-12T15:31:00+03:00,67.32,67.39,67.30,67.38,247
MOEX:ALRS,2022-10-12T15:32:00+03:00,67.38,67.38,67.34,67.38,26
MOEX:ALRS,2022-10-12T15:33:00+03:00,67.38,67.39,67.34,67.38,55
MOEX:ALRS,2022-10-12T15:34:00+03:00,67.39,67.40,67.34,67.35,104
MOEX:ALRS,2022-10-12T15:35:00+03:00,67.39,67.39,67.34,67.38,62
MOEX:ALRS,2022-10-12T15:36:00+03:00,67.38,67.38,67.33,67.34,112
MOEX:ALRS,2022-10-12T15:37:00+03:00,67.36,67.36,67.34,67.36,64
MOEX:ALRS,2022-10-12T15:38:00+03:00,67.36,67.37,67.34,67.34,240
MOEX:ALRS,2022-10-12T15:39:00+03:00,67.35,67.38,67.35,67.38,114
MOEX:ALRS,2022-10-12T15:40:00+03:00,67.36,67.40,67.35,67.40,421
MOEX:ALRS,2022-10-12T15:41:00+03:00,67.40,67.41,67.40,67.41,634
MOEX:ALRS,2022-10-12T15:42:00+03:00,67.41,67.41,67.35,67.40,201
MOEX:ALRS,2022-10-12T15:43:00+03:00,67.40,67.42,67.40,67.40,327
MOEX:ALRS,2022-10-12T15:44:00+03:00,67.40,67.44,67.40,67.44,175
MOEX:ALRS,2022-10-12T15:45:00+03:00,67.44,67.45,67.41,67.44,702
MOEX:ALRS,2022-10-12T15:46:00+03:00,67.41,67.42,67.40,67.40,405
MOEX:ALRS,2022-10-12T15:47:00+03:00,67.41,67.43,67.40,67.40,420
MOEX:ALRS,2022-10-12T15:48:00+03:00,67.41,67.42,67.41,67.42,740
MOEX:ALRS,2022-10-12T15:49:00+03:00,67.41,67.42,67.40,67.40,135
MOEX:ALRS,2022-10-12T15:50:00+03:00,67.41,67.42,67.38,67.42,129
MOEX:ALRS,2022-10-12T15:51:00+03:00,67.42,67.42,67.38,67.40,6
MOEX:ALRS,2022-10-12T15:52:00+03:00,67.38,67.41,67.37,67.41,133
MOEX:ALRS,2022-10-12T15:53:00+03:00,67.41,67.42,67.38,67.42,130
MOEX:ALRS,2022-10-12T15:54:00+03:00,67.38,67.41,67.35,67.36,978
MOEX:ALRS,2022-10-12T15:55:00+03:00,67.39,67.39,67.35,67.35,398
MOEX:ALRS,2022-10-12T15:56:00+03:00,67.34,67.38,67.31,67.31,723
MOEX:ALRS,2022-10-12T15:57:00+03:00,67.33,67.35,67.30,67.33,277
MOEX:ALRS,2022-10-12T15:58:00+03:00,67.34,67.34,67.29,67.32,557
MOEX:ALRS,2022-10-12T15:59:00+03:00,67.33,67.33,67.27,67.27,1043
MOEX:ALRS,2022-10-12T16:00:00+03:00,67.32,67.39,67.27,67.39,1279
MOEX:ALRS,2022-10-12T16:01:00+03:00,67.35,67.39,67.34,67.39,254
MOEX:ALRS,2022-10-12T16:02:00+03:00,67.38,67.39,67.35,67.39,507
MOEX:ALRS,2022-10-12T16:03:00+03:00,67.35,67.39,67.35,67.39,13
MOEX:ALRS,2022-10-12T16:04:00+03:00,67.39,67.39,67.35,67.38,25
MOEX:ALRS,2022-10-12T16:05:00+03:00,67.38,67.39,67.36,67.36,22
MOEX:ALRS,2022-10-12T16:06:00+03:00,67.39,67.40,67.37,67.40,97
MOEX:ALRS,2022-10-12T16:07:00+03:00,67.39,67.40,67.39,67.40,977
MOEX:ALRS,2022-10-12T16:08:00+03:00,67.40,67.40,67.38,67.39,502
MOEX:ALRS,2022-10-12T16:09:00+03:00,67.39,67.41,67.35,67.39,421
MOEX:ALRS,2022-10-12T16:10:00+03:00,67.36,67.39,67.32,67.34,326
MOEX:ALRS,2022-10-12T16:11:00+03:00,67.34,67.41,67.32,67.41,863
MOEX:ALRS,2022-10-12T16:12:00+03:00,67.40,67.40,67.38,67.38,27
MOEX:ALRS,2022-10-12T16:13:00+03:00,67.37,67.39,67.37,67.39,278
MOEX:ALRS,2022-10-12T16:14:00+03:00,67.39,67.39,67.35,67.35,420
MOEX:ALRS,2022-10-12T16:15:00+03:00,67.37,67.39,67.37,67.38,96
MOEX:ALRS,2022-10-12T16:16:00+03:00,67.38,67.38,67.36,67.36,117
MOEX:ALRS,2022-10-12T16:17:00+03:00,67.36,67.39,67.36,67.36,129
MOEX:ALRS,2022-10-12T16:18:00+03:00,67.37,67.39,67.35,67.39,239
MOEX:ALRS,2022-10-12T16:19:00+03:00,67.35,67.38,67.35,67.35,223
MOEX:ALRS,2022-10-12T16:20:00+03:00,67.35,67.37,67.35,67.35,290
MOEX:ALRS,2022-10-12T16:21:00+03:00,67.34,67.36,67.33,67.36,100
MOEX:ALRS,2022-10-12T16:22:00+03:00,67.35,67.35,67.33,67.34,43
MOEX:ALRS,2022-10-12T16:23:00+03:00,67.33,67.35,67.33,67.33,277
MOEX:ALRS,2022-10-12T16:24:00+03:00,67.34,67.35,67.32,67.35,752
MOEX:ALRS,2022-10-12T16:25:00+03:00,67.35,67.36,67.35,67.36,304
MOEX:ALRS,2022-10-12T16:26:00+03:00,67.37,67.39,67.35,67.39,341
MOEX:ALRS,2022-10-12T16:27:00+03:00,67.38,67.38,67.35,67.38,966
MOEX:ALRS,2022-10-12T16:28:00+03:00,67.35,67.35,67.35,67.35,16
MOEX:ALRS,2022-10-12T16:29:00+03:00,67.35,67.36,67.35,67.36,10
MOEX:ALRS,2022-10-12T16:30:00+03:00,67.34,67.40,67.34,67.38,331
MOEX:ALRS,2022-10-12T16:31:00+03:00,67.38,67.38,67.31,67.38,672
MOEX:ALRS,2022-10-12T16:32:00+03:00,67.32,67.39,67.29,67.30,1131
MOEX:ALRS,2022-10-12T16:33:00+03:00,67.30,67.38,67.30,67.38,90
MOEX:ALRS,2022-10-12T16:34:00+03:00,67.36,67.38,67.34,67.35,14
MOEX:ALRS,2022-10-12T16:35:00+03:00,67.36,67.36,67.36,67.36,1
MOEX:ALRS,2022-10-12T16:36:00+03:00,67.35,67.38,67.35,67.36,22
MOEX:ALRS,2022-10-12T16:37:00+03:00,67.36,67.36,67.35,67.35,22
MOEX:ALRS,2022-10-12T16:38:00+03:00,67.36,67.38,67.34,67.38,79
MOEX:ALRS,2022-10-12T16:39:00+03:00,67.34,67.35,67.34,67.35,18
MOEX:ALRS,2022-10-12T16:40:00+03:00,67.35,67.35,67.35,67.35,4
MOEX:ALRS,2022-10-12T16:41:00+03:00,67.35,67.35,67.32,67.32,143
MOEX:ALRS,2022-10-12T16:42:00+03:00,67.32,67.39,67.30,67.31,1133
MOEX:ALRS,2022-10-12T16:43:00+03:00,67.32,67.33,67.30,67.30,182
MOEX:ALRS,2022-10-12T16:44:00+03:00,67.30,67.33,67.27,67.27,556
MOEX:ALRS,2022-10-12T16:45:00+03:00,67.27,67.32,67.27,67.29,713
MOEX:ALRS,2022-10-12T16:46:00+03:00,67.29,67.31,67.26,67.31,341
MOEX:ALRS,2022-10-12T16:47:00+03:00,67.27,67.32,67.27,67.27,755
MOEX:ALRS,2022-10-12T16:48:00+03:00,67.27,67.30,67.26,67.30,175
MOEX:ALRS,2022-10-12T16:49:00+03:00,67.27,67.29,67.25,67.25,419
MOEX:ALRS,2022-10-12T16:50:00+03:00,67.26,67.28,67.26,67.27,28
MOEX:ALRS,2022-10-12T16:51:00+03:00,67.26,67.30,67.25,67.25,1450
MOEX:ALRS,2022-10-12T16:52:00+03:00,67.25,67.25,67.24,67.25,912
MOEX:ALRS,2022-10-12T16:53:00+03:00,67.24,67.25,67.21,67.21,1492
MOEX:ALRS,2022-10-12T16:54:00+03:00,67.21,67.22,67.21,67.22,4705
MOEX:ALRS,2022-10-12T16:55:00+03:00,67.23,67.28,67.23,67.25,58
MOEX:ALRS,2022-10-12T16:56:00+03:00,67.25,67.29,67.25,67.29,14
MOEX:ALRS,2022-10-12T16:57:00+03:00,67.29,67.29,67.24,67.25,129
MOEX:ALRS,2022-10-12T16:58:00+03:00,67.28,67.31,67.26,67.26,890
MOEX:ALRS,2022-10-12T16:59:00+03:00,67.27,67.30,67.26,67.30,370
MOEX:ALRS,2022-10-12T17:00:00+03:00,67.30,67.30,67.26,67.26,127
MOEX:ALRS,2022-10-12T17:01:00+03:00,67.26,67.26,67.25,67.25,183
MOEX:ALRS,2022-10-12T17:02:00+03:00,67.30,67.30,67.25,67.28,183
MOEX:ALRS,2022-10-12T17:03:00+03:00,67.28,67.28,67.28,67.28,1
MOEX:ALRS,2022-10-12T17:04:00+03:00,67.28,67.30,67.25,67.25,57
MOEX:ALRS,2022-10-12T17:05:00+03:00,67.30,67.32,67.27,67.27,257
MOEX:ALRS,2022-10-12T17:06:00+03:00,67.31,67.31,67.28,67.31,15
MOEX:ALRS,2022-10-12T17:07:00+03:00,67.29,67.29,67.29,67.29,102
MOEX:ALRS,2022-10-12T17:08:00+03:00,67.29,67.33,67.29,67.29,426
MOEX:ALRS,2022-10-12T17:09:00+03:00,67.29,67.32,67.28,67.28,413
MOEX:ALRS,2022-10-12T17:10:00+03:00,67.28,67.32,67.28,67.32,8
MOEX:ALRS,2022-10-12T17:11:00+03:00,67.32,67.32,67.29,67.29,14
MOEX:ALRS,2022-10-12T17:12:00+03:00,67.30,67.32,67.29,67.32,315
MOEX:ALRS,2022-10-12T17:13:00+03:00,67.28,67.32,67.28,67.29,178
MOEX:ALRS,2022-10-12T17:14:00+03:00,67.29,67.33,67.29,67.30,230
MOEX:ALRS,2022-10-12T17:15:00+03:00,67.33,67.34,67.30,67.34,339
MOEX:ALRS,2022-10-12T17:16:00+03:00,67.33,67.33,67.33,67.33,32
MOEX:ALRS,2022-10-12T17:17:00+03:00,67.34,67.34,67.30,67.30,505
MOEX:ALRS,2022-10-12T17:18:00+03:00,67.29,67.30,67.27,67.29,132
MOEX:ALRS,2022-10-12T17:19:00+03:00,67.29,67.29,67.27,67.27,45
MOEX:ALRS,2022-10-12T17:20:00+03:00,67.28,67.29,67.26,67.29,741
MOEX:ALRS,2022-10-12T17:21:00+03:00,67.29,67.29,67.29,67.29,7
MOEX:ALRS,2022-10-12T17:22:00+03:00,67.29,67.29,67.24,67.24,571
MOEX:ALRS,2022-10-12T17:23:00+03:00,67.24,67.27,67.24,67.24,794
MOEX:ALRS,2022-10-12T17:24:00+03:00,67.27,67.27,67.24,67.27,225
MOEX:ALRS,2022-10-12T17:25:00+03:00,67.28,67.29,67.25,67.29,273
MOEX:ALRS,2022-10-12T17:26:00+03:00,67.26,67.28,67.26,67.26,106
MOEX:ALRS,2022-10-12T17:27:00+03:00,67.27,67.27,67.24,67.24,325
MOEX:ALRS,2022-10-12T17:28:00+03:00,67.24,67.27,67.24,67.24,126
MOEX:ALRS,2022-10-12T17:30:00+03:00,67.26,67.26,67.25,67.26,5
MOEX:ALRS,2022-10-12T17:31:00+03:00,67.25,67.25,67.24,67.25,154
MOEX:ALRS,2022-10-12T17:32:00+03:00,67.26,67.26,67.25,67.25,2
MOEX:ALRS,2022-10-12T17:33:00+03:00,67.26,67.26,67.25,67.26,47
MOEX:ALRS,2022-10-12T17:34:00+03:00,67.25,67.25,67.25,67.25,100
MOEX:ALRS,2022-10-12T17:35:00+03:00,67.25,67.26,67.24,67.26,408
MOEX:ALRS,2022-10-12T17:36:00+03:00,67.27,67.27,67.26,67.27,154
MOEX:ALRS,2022-10-12T17:37:00+03:00,67.28,67.28,67.27,67.27,32
MOEX:ALRS,2022-10-12T17:38:00+03:00,67.27,67.29,67.25,67.26,367
MOEX:ALRS,2022-10-12T17:39:00+03:00,67.26,67.27,67.26,67.27,22
MOEX:ALRS,2022-10-12T17:40:00+03:00,67.27,67.29,67.26,67.26,39
MOEX:ALRS,2022-10-12T17:41:00+03:00,67.26,67.28,67.25,67.26,44
MOEX:ALRS,2022-10-12T17:42:00+03:00,67.26,67.27,67.24,67.25,128
MOEX:ALRS,2022-10-12T17:43:00+03:00,67.25,67.28,67.24,67.24,271
MOEX:ALRS,2022-10-12T17:44:00+03:00,67.24,67.24,67.23,67.23,519
MOEX:ALRS,2022-10-12T17:45:00+03:00,67.23,67.27,67.23,67.24,891
MOEX:ALRS,2022-10-12T17:46:00+03:00,67.24,67.25,67.24,67.24,20
MOEX:ALRS,2022-10-12T17:47:00+03:00,67.25,67.25,67.23,67.23,428
MOEX:ALRS,2022-10-12T17:48:00+03:00,67.23,67.24,67.22,67.23,1143
MOEX:ALRS,2022-10-12T17:49:00+03:00,67.23,67.23,67.21,67.23,1129
MOEX:ALRS,2022-10-12T17:50:00+03:00,67.22,67.27,67.16,67.27,8152
MOEX:ALRS,2022-10-12T17:51:00+03:00,67.26,67.26,67.17,67.17,593
MOEX:ALRS,2022-10-12T17:52:00+03:00,67.18,67.26,67.14,67.25,3258
MOEX:ALRS,2022-10-12T17:53:00+03:00,67.18,67.20,67.14,67.16,7257
MOEX:ALRS,2022-10-12T17:54:00+03:00,67.18,67.29,67.16,67.16,881
MOEX:ALRS,2022-10-12T17:55:00+03:00,67.23,67.24,67.18,67.18,68
MOEX:ALRS,2022-10-12T17:56:00+03:00,67.20,67.22,67.18,67.18,202
MOEX:ALRS,2022-10-12T17:57:00+03:00,67.18,67.29,67.18,67.22,613
MOEX:ALRS,2022-10-12T17:58:00+03:00,67.22,67.23,67.19,67.23,342
MOEX:ALRS,2022-10-12T17:59:00+03:00,67.26,67.30,67.23,67.28,1899
MOEX:ALRS,2022-10-12T18:00:00+03:00,67.28,67.28,67.22,67.24,217
MOEX:ALRS,2022-10-12T18:01:00+03:00,67.24,67.28,67.24,67.24,94
MOEX:ALRS,2022-10-12T18:02:00+03:00,67.23,67.30,67.19,67.23,1552
MOEX:ALRS,2022-10-12T18:03:00+03:00,67.23,67.30,67.21,67.21,579
MOEX:ALRS,2022-10-12T18:04:00+03:00,67.21,67.21,67.16,67.17,449
MOEX:ALRS,2022-10-12T18:05:00+03:00,67.19,67.19,67.17,67.17,266
MOEX:ALRS,2022-10-12T18:06:00+03:00,67.17,67.17,67.15,67.15,473
MOEX:ALRS,2022-10-12T18:07:00+03:00,67.15,67.30,67.15,67.21,1605
MOEX:ALRS,2022-10-12T18:08:00+03:00,67.21,67.21,67.18,67.19,239
MOEX:ALRS,2022-10-12T18:09:00+03:00,67.18,67.18,67.15,67.15,446
MOEX:ALRS,2022-10-12T18:10:00+03:00,67.15,67.15,67.14,67.15,173
MOEX:ALRS,2022-10-12T18:11:00+03:00,67.14,67.17,67.14,67.14,260
MOEX:ALRS,2022-10-12T18:12:00+03:00,67.14,67.16,67.14,67.14,439
MOEX:ALRS,2022-10-12T18:13:00+03:00,67.17,67.17,67.14,67.14,181
MOEX:ALRS,2022-10-12T18:14:00+03:00,67.14,67.15,67.10,67.11,6696
MOEX:ALRS,2022-10-12T18:15:00+03:00,67.11,67.13,67.06,67.06,1529
MOEX:ALRS,2022-10-12T18:16:00+03:00,67.07,67.07,66.90,66.98,8038
MOEX:ALRS,2022-10-12T18:17:00+03:00,66.92,66.99,66.91,66.92,1056
MOEX:ALRS,2022-10-12T18:18:00+03:00,66.92,66.93,66.90,66.90,1816
MOEX:ALRS,2022-10-12T18:19:00+03:00,66.90,66.91,66.83,66.83,2351
MOEX:ALRS,2022-10-12T18:20:00+03:00,66.83,66.88,66.77,66.79,998
MOEX:ALRS,2022-10-12T18:21:00+03:00,66.78,66.80,66.78,66.79,727
MOEX:ALRS,2022-10-12T18:22:00+03:00,66.79,66.79,66.66,66.74,3392
MOEX:ALRS,2022-10-12T18:23:00+03:00,66.73,66.75,66.69,66.74,502
MOEX:ALRS,2022-10-12T18:24:00+03:00,66.75,66.75,66.65,66.69,2665
MOEX:ALRS,2022-10-12T18:25:00+03:00,66.69,66.74,66.55,66.59,10826
MOEX:ALRS,2022-10-12T18:26:00+03:00,66.57,66.60,66.55,66.55,3260
MOEX:ALRS,2022-10-12T18:27:00+03:00,66.55,66.60,66.41,66.49,10398
MOEX:ALRS,2022-10-12T18:28:00+03:00,66.49,66.50,66.41,66.46,2207
MOEX:ALRS,2022-10-12T18:29:00+03:00,66.46,66.50,66.46,66.50,2146
MOEX:ALRS,2022-10-12T18:30:00+03:00,66.48,66.50,66.42,66.47,1993
MOEX:ALRS,2022-10-12T18:31:00+03:00,66.45,66.50,66.45,66.50,1643
MOEX:ALRS,2022-10-12T18:32:00+03:00,66.50,66.50,66.45,66.50,1685
MOEX:ALRS,2022-10-12T18:33:00+03:00,66.50,66.56,66.40,66.55,8001
MOEX:ALRS,2022-10-12T18:34:00+03:00,66.54,66.57,66.50,66.54,912
MOEX:ALRS,2022-10-12T18:35:00+03:00,66.56,66.63,66.34,66.39,9650
MOEX:ALRS,2022-10-12T18:36:00+03:00,66.36,66.39,66.18,66.21,6453
MOEX:ALRS,2022-10-12T18:37:00+03:00,66.25,66.30,66.15,66.22,4357
MOEX:ALRS,2022-10-12T18:38:00+03:00,66.26,66.40,66.22,66.29,3554
MOEX:ALRS,2022-10-12T18:39:00+03:00,66.38,66.53,66.29,66.29,3588
MOEX:ALRS,2022-10-12T18:45:00+03:00,66.30,66.30,66.30,66.30,7346
MOEX:ALRS,2022-10-12T18:46:00+03:00,66.30,66.30,66.30,66.30,126
MOEX:ALRS,2022-10-12T18:47:00+03:00,66.30,66.30,66.30,66.30,101
MOEX:ALRS,2022-10-12T18:49:00+03:00,66.30,66.30,66.30,66.30,8
MOEX:ALRS,2022-10-12T19:04:00+03:00,66.44,66.44,66.44,66.44,113
MOEX:ALRS,2022-10-12T19:05:00+03:00,66.40,66.43,66.35,66.42,556
MOEX:ALRS,2022-10-12T19:06:00+03:00,66.42,66.42,66.42,66.42,391
MOEX:ALRS,2022-10-12T19:07:00+03:00,66.42,66.42,66.38,66.41,496
MOEX:ALRS,2022-10-12T19:08:00+03:00,66.41,66.41,66.38,66.39,176
MOEX:ALRS,2022-10-12T19:09:00+03:00,66.40,66.44,66.39,66.44,822
MOEX:ALRS,2022-10-12T19:10:00+03:00,66.44,66.44,66.40,66.44,419
MOEX:ALRS,2022-10-12T19:11:00+03:00,66.44,66.48,66.44,66.45,486
MOEX:ALRS,2022-10-12T19:12:00+03:00,66.45,66.50,66.44,66.50,2357
MOEX:ALRS,2022-10-12T19:13:00+03:00,66.49,66.52,66.46,66.48,1666
MOEX:ALRS,2022-10-12T19:14:00+03:00,66.49,66.72,66.40,66.51,4245
MOEX:ALRS,2022-10-12T19:15:00+03:00,66.51,66.69,66.50,66.56,1324
MOEX:ALRS,2022-10-12T19:16:00+03:00,66.55,66.59,66.50,66.57,1613
MOEX:ALRS,2022-10-12T19:17:00+03:00,66.57,66.57,66.51,66.56,167
MOEX:ALRS,2022-10-12T19:18:00+03:00,66.56,66.57,66.52,66.57,282
MOEX:ALRS,2022-10-12T19:19:00+03:00,66.57,66.63,66.50,66.59,991
MOEX:ALRS,2022-10-12T19:20:00+03:00,66.59,66.59,66.55,66.55,104
MOEX:ALRS,2022-10-12T19:21:00+03:00,66.55,66.57,66.50,66.55,408
MOEX:ALRS,2022-10-12T19:22:00+03:00,66.55,66.59,66.50,66.55,419
MOEX:ALRS,2022-10-12T19:23:00+03:00,66.52,66.57,66.49,66.57,306
MOEX:ALRS,2022-10-12T19:24:00+03:00,66.53,66.57,66.53,66.57,89
MOEX:ALRS,2022-10-12T19:25:00+03:00,66.56,66.57,66.49,66.54,408
MOEX:ALRS,2022-10-12T19:26:00+03:00,66.54,66.54,66.47,66.52,155
MOEX:ALRS,2022-10-12T19:27:00+03:00,66.52,66.52,66.46,66.52,113
MOEX:ALRS,2022-10-12T19:28:00+03:00,66.50,66.52,66.44,66.47,128
MOEX:ALRS,2022-10-12T19:29:00+03:00,66.47,66.48,66.34,66.39,1385
MOEX:ALRS,2022-10-12T19:30:00+03:00,66.37,66.39,66.32,66.38,1469
MOEX:ALRS,2022-10-12T19:31:00+03:00,66.36,66.39,66.31,66.38,901
MOEX:ALRS,2022-10-12T19:32:00+03:00,66.37,66.37,66.33,66.37,94
MOEX:ALRS,2022-10-12T19:33:00+03:00,66.37,66.37,66.33,66.37,203
MOEX:ALRS,2022-10-12T19:34:00+03:00,66.37,66.45,66.37,66.40,385
MOEX:ALRS,2022-10-12T19:35:00+03:00,66.40,66.41,66.35,66.39,264
MOEX:ALRS,2022-10-12T19:36:00+03:00,66.40,66.48,66.40,66.44,425
MOEX:ALRS,2022-10-12T19:37:00+03:00,66.48,66.48,66.39,66.39,354
MOEX:ALRS,2022-10-12T19:38:00+03:00,66.45,66.45,66.38,66.44,60
MOEX:ALRS,2022-10-12T19:39:00+03:00,66.40,66.44,66.40,66.43,232
MOEX:ALRS,2022-10-12T19:40:00+03:00,66.43,66.43,66.02,66.18,8660
MOEX:ALRS,2022-10-12T19:41:00+03:00,66.21,66.23,66.05,66.10,2428
MOEX:ALRS,2022-10-12T19:42:00+03:00,66.10,66.19,66.05,66.16,914
MOEX:ALRS,2022-10-12T19:43:00+03:00,66.19,66.20,66.16,66.17,462
MOEX:ALRS,2022-10-12T19:44:00+03:00,66.19,66.23,66.18,66.21,1340
MOEX:ALRS,2022-10-12T19:45:00+03:00,66.22,66.23,66.22,66.23,1168
MOEX:ALRS,2022-10-12T19:46:00+03:00,66.23,66.23,66.18,66.18,564
MOEX:ALRS,2022-10-12T19:47:00+03:00,66.20,66.20,66.17,66.17,161
MOEX:ALRS,2022-10-12T19:48:00+03:00,66.17,66.20,66.16,66.18,450
MOEX:ALRS,2022-10-12T19:49:00+03:00,66.17,66.20,66.14,66.20,896
MOEX:ALRS,2022-10-12T19:50:00+03:00,66.17,66.21,66.16,66.21,22
MOEX:ALRS,2022-10-12T19:51:00+03:00,66.21,66.21,66.16,66.21,27
MOEX:ALRS,2022-10-12T19:52:00+03:00,66.18,66.21,66.16,66.21,26
MOEX:ALRS,2022-10-12T19:53:00+03:00,66.21,66.22,66.21,66.22,377
MOEX:ALRS,2022-10-12T19:54:00+03:00,66.22,66.23,66.21,66.23,45
MOEX:ALRS,2022-10-12T19:55:00+03:00,66.23,66.23,66.23,66.23,324
MOEX:ALRS,2022-10-12T19:56:00+03:00,66.22,66.23,66.22,66.22,1042
MOEX:ALRS,2022-10-12T19:57:00+03:00,66.22,66.23,66.22,66.22,40
MOEX:ALRS,2022-10-12T19:58:00+03:00,66.23,66.23,66.22,66.22,304
MOEX:ALRS,2022-10-12T19:59:00+03:00,66.23,66.23,66.23,66.23,145
MOEX:ALRS,2022-10-12T20:00:00+03:00,66.23,66.23,66.14,66.15,1486
MOEX:ALRS,2022-10-12T20:01:00+03:00,66.15,66.20,66.13,66.20,680
MOEX:ALRS,2022-10-12T20:02:00+03:00,66.20,66.23,66.17,66.22,534
MOEX:ALRS,2022-10-12T20:03:00+03:00,66.22,66.22,66.17,66.21,17
MOEX:ALRS,2022-10-12T20:04:00+03:00,66.21,66.22,66.13,66.22,281
MOEX:ALRS,2022-10-12T20:05:00+03:00,66.20,66.22,66.17,66.22,28
MOEX:ALRS,2022-10-12T20:06:00+03:00,66.22,66.23,66.20,66.20,645
MOEX:ALRS,2022-10-12T20:07:00+03:00,66.23,66.23,66.19,66.19,350
MOEX:ALRS,2022-10-12T20:08:00+03:00,66.21,66.28,66.21,66.28,1246
MOEX:ALRS,2022-10-12T20:09:00+03:00,66.28,66.28,66.23,66.26,44
MOEX:ALRS,2022-10-12T20:10:00+03:00,66.26,66.28,66.23,66.28,111
MOEX:ALRS,2022-10-12T20:11:00+03:00,66.28,66.28,66.26,66.28,125
MOEX:ALRS,2022-10-12T20:12:00+03:00,66.28,66.31,66.26,66.31,328
MOEX:ALRS,2022-10-12T20:13:00+03:00,66.31,66.32,66.26,66.32,238
MOEX:ALRS,2022-10-12T20:14:00+03:00,66.28,66.32,66.27,66.30,118
MOEX:ALRS,2022-10-12T20:15:00+03:00,66.31,66.31,66.31,66.31,28
MOEX:ALRS,2022-10-12T20:16:00+03:00,66.31,66.32,66.30,66.31,187
MOEX:ALRS,2022-10-12T20:17:00+03:00,66.30,66.32,66.30,66.32,296
MOEX:ALRS,2022-10-12T20:18:00+03:00,66.32,66.32,66.32,66.32,9
MOEX:ALRS,2022-10-12T20:19:00+03:00,66.32,66.32,66.32,66.32,15
MOEX:ALRS,2022-10-12T20:20:00+03:00,66.32,66.32,66.31,66.32,97
MOEX:ALRS,2022-10-12T20:21:00+03:00,66.32,66.32,66.31,66.31,203
MOEX:ALRS,2022-10-12T20:22:00+03:00,66.31,66.31,66.29,66.30,156
MOEX:ALRS,2022-10-12T20:23:00+03:00,66.32,66.33,66.29,66.33,43
MOEX:ALRS,2022-10-12T20:24:00+03:00,66.30,66.30,66.28,66.28,55
MOEX:ALRS,2022-10-12T20:25:00+03:00,66.30,66.30,66.30,66.30,46
MOEX:ALRS,2022-10-12T20:26:00+03:00,66.30,66.33,66.30,66.33,151
MOEX:ALRS,2022-10-12T20:27:00+03:00,66.34,66.35,66.34,66.35,93
MOEX:ALRS,2022-10-12T20:28:00+03:00,66.34,66.35,66.34,66.35,24
MOEX:ALRS,2022-10-12T20:29:00+03:00,66.34,66.35,66.34,66.35,85
MOEX:ALRS,2022-10-12T20:30:00+03:00,66.36,66.36,66.35,66.36,57
MOEX:ALRS,2022-10-12T20:31:00+03:00,66.36,66.38,66.36,66.38,528
MOEX:ALRS,2022-10-12T20:32:00+03:00,66.38,66.38,66.35,66.35,142
MOEX:ALRS,2022-10-12T20:33:00+03:00,66.37,66.38,66.37,66.38,26
MOEX:ALRS,2022-10-12T20:34:00+03:00,66.38,66.41,66.37,66.37,548
MOEX:ALRS,2022-10-12T20:35:00+03:00,66.38,66.42,66.37,66.42,74
MOEX:ALRS,2022-10-12T20:36:00+03:00,66.37,66.42,66.36,66.38,133
MOEX:ALRS,2022-10-12T20:37:00+03:00,66.38,66.43,66.38,66.40,238
MOEX:ALRS,2022-10-12T20:38:00+03:00,66.42,66.43,66.42,66.43,104
MOEX:ALRS,2022-10-12T20:39:00+03:00,66.43,66.45,66.42,66.42,585
MOEX:ALRS,2022-10-12T20:40:00+03:00,66.43,66.45,66.42,66.42,321
MOEX:ALRS,2022-10-12T20:41:00+03:00,66.43,66.43,66.42,66.42,407
MOEX:ALRS,2022-10-12T20:42:00+03:00,66.42,66.43,66.42,66.43,305
MOEX:ALRS,2022-10-12T20:43:00+03:00,66.43,66.43,66.42,66.43,64
MOEX:ALRS,2022-10-12T20:44:00+03:00,66.43,66.43,66.40,66.43,284
MOEX:ALRS,2022-10-12T20:45:00+03:00,66.43,66.49,66.43,66.47,866
MOEX:ALRS,2022-10-12T20:46:00+03:00,66.44,66.48,66.43,66.43,23
MOEX:ALRS,2022-10-12T20:47:00+03:00,66.47,66.50,66.43,66.48,255
MOEX:ALRS,2022-10-12T20:48:00+03:00,66.50,66.50,66.44,66.45,79
MOEX:ALRS,2022-10-12T20:49:00+03:00,66.44,66.47,66.41,66.42,177
MOEX:ALRS,2022-10-12T20:50:00+03:00,66.47,66.47,66.47,66.47,2
MOEX:ALRS,2022-10-12T20:51:00+03:00,66.47,66.48,66.43,66.44,610
MOEX:ALRS,2022-10-12T20:52:00+03:00,66.44,66.47,66.43,66.43,47
MOEX:ALRS,2022-10-12T20:53:00+03:00,66.43,66.43,66.42,66.42,42
MOEX:ALRS,2022-10-12T20:54:00+03:00,66.43,66.43,66.42,66.42,12
MOEX:ALRS,2022-10-12T20:55:00+03:00,66.40,66.42,66.40,66.40,115
MOEX:ALRS,2022-10-12T20:56:00+03:00,66.40,66.40,66.38,66.39,326
MOEX:ALRS,2022-10-12T20:57:00+03:00,66.39,66.42,66.38,66.42,229
MOEX:ALRS,2022-10-12T20:58:00+03:00,66.42,66.42,66.38,66.38,14
MOEX:ALRS,2022-10-12T20:59:00+03:00,66.39,66.39,66.31,66.33,802
MOEX:ALRS,2022-10-12T21:00:00+03:00,66.40,66.40,66.32,66.38,228
MOEX:ALRS,2022-10-12T21:01:00+03:00,66.37,66.37,66.35,66.35,7
MOEX:ALRS,2022-10-12T21:02:00+03:00,66.35,66.35,66.33,66.33,146
MOEX:ALRS,2022-10-12T21:03:00+03:00,66.33,66.35,66.33,66.35,61
MOEX:ALRS,2022-10-12T21:04:00+03:00,66.35,66.35,66.33,66.33,21
MOEX:ALRS,2022-10-12T21:05:00+03:00,66.33,66.33,66.31,66.33,53
MOEX:ALRS,2022-10-12T21:06:00+03:00,66.32,66.32,66.30,66.30,492
MOEX:ALRS,2022-10-12T21:07:00+03:00,66.30,66.32,66.28,66.30,328
MOEX:ALRS,2022-10-12T21:08:00+03:00,66.30,66.30,66.26,66.27,201
MOEX:ALRS,2022-10-12T21:09:00+03:00,66.27,66.30,66.26,66.28,704
MOEX:ALRS,2022-10-12T21:10:00+03:00,66.28,66.28,66.26,66.27,43
MOEX:ALRS,2022-10-12T21:11:00+03:00,66.28,66.28,66.28,66.28,534
MOEX:ALRS,2022-10-12T21:12:00+03:00,66.27,66.28,66.27,66.28,146
MOEX:ALRS,2022-10-12T21:13:00+03:00,66.28,66.34,66.28,66.34,183
MOEX:ALRS,2022-10-12T21:14:00+03:00,66.33,66.42,66.33,66.40,212
MOEX:ALRS,2022-10-12T21:15:00+03:00,66.39,66.39,66.35,66.39,73
MOEX:ALRS,2022-10-12T21:16:00+03:00,66.39,66.39,66.37,66.39,156
MOEX:ALRS,2022-10-12T21:17:00+03:00,66.38,66.38,66.32,66.32,111
MOEX:ALRS,2022-10-12T21:18:00+03:00,66.34,66.34,66.29,66.29,50
MOEX:ALRS,2022-10-12T21:19:00+03:00,66.29,66.34,66.29,66.34,95
MOEX:ALRS,2022-10-12T21:20:00+03:00,66.33,66.34,66.33,66.34,156
MOEX:ALRS,2022-10-12T21:21:00+03:00,66.34,66.34,66.33,66.33,60
MOEX:ALRS,2022-10-12T21:22:00+03:00,66.33,66.34,66.32,66.34,213
MOEX:ALRS,2022-10-12T21:23:00+03:00,66.34,66.34,66.26,66.33,409
MOEX:ALRS,2022-10-12T21:24:00+03:00,66.30,66.31,66.25,66.26,697
MOEX:ALRS,2022-10-12T21:25:00+03:00,66.26,66.30,66.25,66.30,161
MOEX:ALRS,2022-10-12T21:26:00+03:00,66.27,66.30,66.27,66.27,56
MOEX:ALRS,2022-10-12T21:27:00+03:00,66.26,66.29,66.26,66.29,23
MOEX:ALRS,2022-10-12T21:28:00+03:00,66.29,66.33,66.23,66.29,1103
MOEX:ALRS,2022-10-12T21:29:00+03:00,66.29,66.31,66.27,66.27,92
MOEX:ALRS,2022-10-12T21:30:00+03:00,66.31,66.31,66.30,66.30,23
MOEX:ALRS,2022-10-12T21:31:00+03:00,66.31,66.31,66.27,66.30,155
MOEX:ALRS,2022-10-12T21:32:00+03:00,66.27,66.30,66.27,66.30,2
MOEX:ALRS,2022-10-12T21:33:00+03:00,66.30,66.30,66.27,66.27,195
MOEX:ALRS,2022-10-12T21:35:00+03:00,66.29,66.30,66.20,66.20,1541
MOEX:ALRS,2022-10-12T21:36:00+03:00,66.21,66.27,66.20,66.27,133
MOEX:ALRS,2022-10-12T21:37:00+03:00,66.27,66.30,66.27,66.28,60
MOEX:ALRS,2022-10-12T21:38:00+03:00,66.27,66.27,66.25,66.25,20
MOEX:ALRS,2022-10-12T21:39:00+03:00,66.25,66.26,66.20,66.25,170
MOEX:ALRS,2022-10-12T21:40:00+03:00,66.25,66.25,66.20,66.24,504
MOEX:ALRS,2022-10-12T21:41:00+03:00,66.20,66.23,66.18,66.23,486
MOEX:ALRS,2022-10-12T21:42:00+03:00,66.18,66.23,66.17,66.20,291
MOEX:ALRS,2022-10-12T21:43:00+03:00,66.20,66.23,66.16,66.23,288
MOEX:ALRS,2022-10-12T21:44:00+03:00,66.23,66.24,66.21,66.24,168
MOEX:ALRS,2022-10-12T21:45:00+03:00,66.21,66.24,66.21,66.24,49
MOEX:ALRS,2022-10-12T21:46:00+03:00,66.23,66.23,66.23,66.23,16
MOEX:ALRS,2022-10-12T21:47:00+03:00,66.22,66.24,66.21,66.23,227
MOEX:ALRS,2022-10-12T21:48:00+03:00,66.23,66.24,66.23,66.24,11
MOEX:ALRS,2022-10-12T21:49:00+03:00,66.24,66.24,66.21,66.24,160
MOEX:ALRS,2022-10-12T21:50:00+03:00,66.24,66.24,66.24,66.24,115
MOEX:ALRS,2022-10-12T21:51:00+03:00,66.24,66.28,66.24,66.24,137
MOEX:ALRS,2022-10-12T21:52:00+03:00,66.28,66.28,66.28,66.28,33
MOEX:ALRS,2022-10-12T21:53:00+03:00,66.28,66.31,66.28,66.31,380
MOEX:ALRS,2022-10-12T21:54:00+03:00,66.30,66.30,66.25,66.25,10
MOEX:ALRS,2022-10-12T21:55:00+03:00,66.30,66.30,66.28,66.28,29
MOEX:ALRS,2022-10-12T21:56:00+03:00,66.29,66.29,66.25,66.26,60
MOEX:ALRS,2022-10-12T21:57:00+03:00,66.30,66.30,66.30,66.30,47
MOEX:ALRS,2022-10-12T21:58:00+03:00,66.30,66.30,66.25,66.25,217
MOEX:ALRS,2022-10-12T21:59:00+03:00,66.25,66.25,66.24,66.25,560
MOEX:ALRS,2022-10-12T22:00:00+03:00,66.25,66.25,66.21,66.25,510
MOEX:ALRS,2022-10-12T22:01:00+03:00,66.29,66.29,66.22,66.22,27
MOEX:ALRS,2022-10-12T22:02:00+03:00,66.22,66.25,66.20,66.21,310
MOEX:ALRS,2022-10-12T22:03:00+03:00,66.21,66.21,66.20,66.20,200
MOEX:ALRS,2022-10-12T22:04:00+03:00,66.20,66.23,66.20,66.23,142
MOEX:ALRS,2022-10-12T22:05:00+03:00,66.22,66.27,66.22,66.27,45
MOEX:ALRS,2022-10-12T22:06:00+03:00,66.23,66.23,66.15,66.16,557
MOEX:ALRS,2022-10-12T22:07:00+03:00,66.21,66.21,66.15,66.19,403
MOEX:ALRS,2022-10-12T22:08:00+03:00,66.15,66.19,66.15,66.19,4
MOEX:ALRS,2022-10-12T22:09:00+03:00,66.19,66.21,66.15,66.19,48
MOEX:ALRS,2022-10-12T22:10:00+03:00,66.19,66.20,66.16,66.16,85
MOEX:ALRS,2022-10-12T22:11:00+03:00,66.20,66.20,66.14,66.19,1040
MOEX:ALRS,2022-10-12T22:12:00+03:00,66.19,66.19,66.18,66.18,28
MOEX:ALRS,2022-10-12T22:13:00+03:00,66.16,66.18,66.12,66.12,193
MOEX:ALRS,2022-10-12T22:14:00+03:00,66.14,66.14,66.12,66.12,254
MOEX:ALRS,2022-10-12T22:15:00+03:00,66.12,66.12,66.10,66.11,800
MOEX:ALRS,2022-10-12T22:16:00+03:00,66.11,66.12,66.05,66.11,1062
MOEX:ALRS,2022-10-12T22:17:00+03:00,66.12,66.12,66.06,66.08,43
MOEX:ALRS,2022-10-12T22:18:00+03:00,66.07,66.10,66.06,66.09,302
MOEX:ALRS,2022-10-12T22:19:00+03:00,66.09,66.09,66.05,66.08,593
MOEX:ALRS,2022-10-12T22:20:00+03:00,66.07,66.08,66.05,66.06,663
MOEX:ALRS,2022-10-12T22:21:00+03:00,66.06,66.08,66.05,66.05,489
MOEX:ALRS,2022-10-12T22:22:00+03:00,66.05,66.07,66.04,66.07,537
MOEX:ALRS,2022-10-12T22:23:00+03:00,66.07,66.07,66.04,66.04,76
MOEX:ALRS,2022-10-12T22:24:00+03:00,66.06,66.07,66.05,66.07,64
MOEX:ALRS,2022-10-12T22:25:00+03:00,66.07,66.07,66.06,66.07,25
MOEX:ALRS,2022-10-12T22:26:00+03:00,66.06,66.10,66.05,66.10,552
MOEX:ALRS,2022-10-12T22:27:00+03:00,66.10,66.15,66.10,66.15,121
MOEX:ALRS,2022-10-12T22:28:00+03:00,66.14,66.21,66.13,66.19,386
MOEX:ALRS,2022-10-12T22:29:00+03:00,66.17,66.18,66.14,66.14,11
MOEX:ALRS,2022-10-12T22:31:00+03:00,66.17,66.18,66.14,66.14,169
MOEX:ALRS,2022-10-12T22:32:00+03:00,66.14,66.14,66.11,66.11,129
MOEX:ALRS,2022-10-12T22:33:00+03:00,66.11,66.17,66.10,66.17,146
MOEX:ALRS,2022-10-12T22:34:00+03:00,66.16,66.17,66.16,66.17,18
MOEX:ALRS,2022-10-12T22:35:00+03:00,66.17,66.18,66.17,66.18,43
MOEX:ALRS,2022-10-12T22:36:00+03:00,66.20,66.21,66.17,66.17,237
MOEX:ALRS,2022-10-12T22:37:00+03:00,66.21,66.21,66.18,66.18,9
MOEX:ALRS,2022-10-12T22:38:00+03:00,66.20,66.20,66.20,66.20,1
MOEX:ALRS,2022-10-12T22:39:00+03:00,66.18,66.20,66.18,66.20,2
MOEX:ALRS,2022-10-12T22:40:00+03:00,66.20,66.20,66.17,66.17,4
MOEX:ALRS,2022-10-12T22:41:00+03:00,66.16,66.18,66.16,66.17,135
MOEX:ALRS,2022-10-12T22:42:00+03:00,66.16,66.18,66.16,66.17,80
MOEX:ALRS,2022-10-12T22:43:00+03:00,66.17,66.17,66.14,66.14,200
MOEX:ALRS,2022-10-12T22:44:00+03:00,66.17,66.17,66.12,66.17,80
MOEX:ALRS,2022-10-12T22:45:00+03:00,66.17,66.17,66.12,66.12,107
MOEX:ALRS,2022-10-12T22:46:00+03:00,66.15,66.16,66.12,66.16,218
MOEX:ALRS,2022-10-12T22:47:00+03:00,66.16,66.17,66.16,66.17,26
MOEX:ALRS,2022-10-12T22:48:00+03:00,66.17,66.17,66.14,66.14,924
MOEX:ALRS,2022-10-12T22:49:00+03:00,66.12,66.14,66.12,66.14,9
MOEX:ALRS,2022-10-12T22:50:00+03:00,66.12,66.16,66.12,66.16,9
MOEX:ALRS,2022-10-12T22:51:00+03:00,66.12,66.16,66.11,66.16,194
MOEX:ALRS,2022-10-12T22:52:00+03:00,66.11,66.11,66.11,66.11,55
MOEX:ALRS,2022-10-12T22:53:00+03:00,66.16,66.18,66.13,66.13,109
MOEX:ALRS,2022-10-12T22:54:00+03:00,66.18,66.18,66.16,66.18,12
MOEX:ALRS,2022-10-12T22:55:00+03:00,66.18,66.22,66.13,66.22,385
MOEX:ALRS,2022-10-12T22:56:00+03:00,66.15,66.19,66.12,66.14,201
MOEX:ALRS,2022-10-12T22:57:00+03:00,66.14,66.14,66.14,66.14,62
MOEX:ALRS,2022-10-12T22:58:00+03:00,66.14,66.15,66.12,66.15,15
MOEX:ALRS,2022-10-12T22:59:00+03:00,66.12,66.17,66.12,66.17,421
MOEX:ALRS,2022-10-12T23:00:00+03:00,66.15,66.19,66.12,66.19,424
MOEX:ALRS,2022-10-12T23:01:00+03:00,66.14,66.19,66.13,66.19,124
MOEX:ALRS,2022-10-12T23:02:00+03:00,66.19,66.19,66.19,66.19,33
MOEX:ALRS,2022-10-12T23:03:00+03:00,66.14,66.14,66.14,66.14,73
MOEX:ALRS,2022-10-12T23:04:00+03:00,66.14,66.14,66.13,66.13,34
MOEX:ALRS,2022-10-12T23:05:00+03:00,66.14,66.14,66.14,66.14,12
MOEX:ALRS,2022-10-12T23:06:00+03:00,66.13,66.14,66.13,66.14,182
MOEX:ALRS,2022-10-12T23:07:00+03:00,66.14,66.14,66.12,66.12,113
MOEX:ALRS,2022-10-12T23:08:00+03:00,66.11,66.13,66.11,66.13,272
MOEX:ALRS,2022-10-12T23:09:00+03:00,66.11,66.11,66.11,66.11,42
MOEX:ALRS,2022-10-12T23:10:00+03:00,66.11,66.11,66.10,66.10,234
MOEX:ALRS,2022-10-12T23:11:00+03:00,66.11,66.11,66.10,66.10,119
MOEX:ALRS,2022-10-12T23:12:00+03:00,66.11,66.11,66.10,66.11,107
MOEX:ALRS,2022-10-12T23:13:00+03:00,66.11,66.13,66.11,66.13,66
MOEX:ALRS,2022-10-12T23:14:00+03:00,66.12,66.13,66.09,66.13,1440
MOEX:ALRS,2022-10-12T23:15:00+03:00,66.13,66.13,66.09,66.09,17
MOEX:ALRS,2022-10-12T23:16:00+03:00,66.09,66.12,66.09,66.12,425
MOEX:ALRS,2022-10-12T23:17:00+03:00,66.12,66.13,66.09,66.09,63
MOEX:ALRS,2022-10-12T23:18:00+03:00,66.13,66.13,66.13,66.13,41
MOEX:ALRS,2022-10-12T23:19:00+03:00,66.13,66.13,66.10,66.13,96
MOEX:ALRS,2022-10-12T23:20:00+03:00,66.14,66.14,66.13,66.13,336
MOEX:ALRS,2022-10-12T23:21:00+03:00,66.13,66.13,66.11,66.11,16
MOEX:ALRS,2022-10-12T23:22:00+03:00,66.13,66.14,66.11,66.11,65
MOEX:ALRS,2022-10-12T23:23:00+03:00,66.11,66.14,66.08,66.10,699
MOEX:ALRS,2022-10-12T23:24:00+03:00,66.09,66.10,66.08,66.10,1561
MOEX:ALRS,2022-10-12T23:25:00+03:00,66.10,66.11,66.10,66.11,5
MOEX:ALRS,2022-10-12T23:26:00+03:00,66.08,66.11,66.05,66.10,590
MOEX:ALRS,2022-10-12T23:27:00+03:00,66.10,66.10,66.10,66.10,941
MOEX:ALRS,2022-10-12T23:28:00+03:00,66.10,66.13,66.10,66.13,123
MOEX:ALRS,2022-10-12T23:29:00+03:00,66.13,66.15,66.13,66.15,672
MOEX:ALRS,2022-10-12T23:30:00+03:00,66.15,66.15,66.10,66.10,199
MOEX:ALRS,2022-10-12T23:31:00+03:00,66.16,66.18,66.16,66.17,498
MOEX:ALRS,2022-10-12T23:32:00+03:00,66.19,66.19,66.12,66.15,101
MOEX:ALRS,2022-10-12T23:33:00+03:00,66.16,66.16,66.15,66.15,9
MOEX:ALRS,2022-10-12T23:34:00+03:00,66.16,66.17,66.10,66.10,874
MOEX:ALRS,2022-10-12T23:35:00+03:00,66.16,66.16,66.15,66.16,28
MOEX:ALRS,2022-10-12T23:36:00+03:00,66.18,66.18,66.15,66.18,49
MOEX:ALRS,2022-10-12T23:37:00+03:00,66.15,66.17,66.15,66.15,91
MOEX:ALRS,2022-10-12T23:38:00+03:00,66.15,66.20,66.14,66.14,2096
MOEX:ALRS,2022-10-12T23:39:00+03:00,66.15,66.15,66.12,66.12,233
MOEX:ALRS,2022-10-12T23:40:00+03:00,66.13,66.14,66.12,66.14,74
MOEX:ALRS,2022-10-12T23:41:00+03:00,66.14,66.15,66.11,66.11,56
MOEX:ALRS,2022-10-12T23:42:00+03:00,66.14,66.14,66.11,66.11,19
MOEX:ALRS,2022-10-12T23:43:00+03:00,66.14,66.14,66.11,66.11,31
MOEX:ALRS,2022-10-12T23:44:00+03:00,66.13,66.13,66.10,66.10,124
MOEX:ALRS,2022-10-12T23:45:00+03:00,66.12,66.12,66.11,66.11,3
MOEX:ALRS,2022-10-12T23:46:00+03:00,66.10,66.13,66.10,66.12,262
MOEX:ALRS,2022-10-12T23:47:00+03:00,66.10,66.13,66.10,66.13,203
MOEX:ALRS,2022-10-12T23:48:00+03:00,66.13,66.13,66.13,66.13,42
MOEX:ALRS,2022-10-12T23:49:00+03:00,66.13,66.13,66.10,66.11,264
