Finam:AU,2022-08-25T01:00:00+03:00,1764.40,1764.80,1764.40,1764.60,36
Finam:AU,2022-08-25T01:01:00+03:00,1764.50,1764.60,1764.40,1764.60,20
Finam:AU,2022-08-25T01:02:00+03:00,1764.50,1764.70,1763.90,1764.70,60
Finam:AU,2022-08-25T01:03:00+03:00,1764.60,1764.70,1764.50,1764.60,15
Finam:AU,2022-08-25T01:04:00+03:00,1764.70,1764.80,1764.70,1764.70,6
Finam:AU,2022-08-25T01:05:00+03:00,1764.60,1764.70,1764.60,1764.70,7
Finam:AU,2022-08-25T01:06:00+03:00,1764.80,1764.80,1764.60,1764.60,9
Finam:AU,2022-08-25T01:07:00+03:00,1764.80,1764.80,1764.60,1764.60,11
Finam:AU,2022-08-25T01:08:00+03:00,1764.60,1764.90,1764.10,1764.40,154
Finam:AU,2022-08-25T01:09:00+03:00,1764.40,1764.40,1764.10,1764.30,38
Finam:AU,2022-08-25T01:10:00+03:00,1764.20,1764.50,1764.00,1764.00,41
Finam:AU,2022-08-25T01:11:00+03:00,1764.20,1764.70,1764.00,1764.00,67
Finam:AU,2022-08-25T01:12:00+03:00,1764.20,1764.30,1764.20,1764.30,4
Finam:AU,2022-08-25T01:13:00+03:00,1764.30,1764.30,1764.20,1764.30,4
Finam:AU,2022-08-25T01:14:00+03:00,1764.30,1764.40,1764.30,1764.30,5
Finam:AU,2022-08-25T01:15:00+03:00,1764.30,1764.30,1764.20,1764.30,5
Finam:AU,2022-08-25T01:16:00+03:00,1764.30,1764.30,1764.20,1764.20,4
Finam:AU,2022-08-25T01:17:00+03:00,1764.40,1764.50,1764.40,1764.50,3
Finam:AU,2022-08-25T01:18:00+03:00,1764.50,1764.50,1764.30,1764.50,4
Finam:AU,2022-08-25T01:19:00+03:00,1764.40,1764.40,1764.30,1764.30,7
Finam:AU,2022-08-25T01:20:00+03:00,1764.40,1764.40,1764.20,1764.40,6
Finam:AU,2022-08-25T01:21:00+03:00,1764.40,1764.50,1764.20,1764.20,7
Finam:AU,2022-08-25T01:22:00+03:00,1764.30,1764.50,1764.30,1764.30,40
Finam:AU,2022-08-25T01:23:00+03:00,1764.40,1764.50,1764.30,1764.30,18
Finam:AU,2022-08-25T01:24:00+03:00,1764.30,1764.30,1764.00,1764.00,10
Finam:AU,2022-08-25T01:25:00+03:00,1764.10,1764.30,1764.10,1764.30,6
Finam:AU,2022-08-25T01:26:00+03:00,1764.20,1764.30,1764.00,1764.00,70
Finam:AU,2022-08-25T01:27:00+03:00,1763.90,1764.30,1763.90,1764.30,90
Finam:AU,2022-08-25T01:28:00+03:00,1764.30,1764.30,1764.20,1764.20,5
Finam:AU,2022-08-25T01:29:00+03:00,1764.30,1764.30,1764.20,1764.20,5
Finam:AU,2022-08-25T01:30:00+03:00,1764.30,1764.40,1764.30,1764.40,3
Finam:AU,2022-08-25T01:31:00+03:00,1764.40,1764.50,1764.30,1764.50,8
Finam:AU,2022-08-25T01:32:00+03:00,1764.40,1764.50,1764.30,1764.40,8
Finam:AU,2022-08-25T01:33:00+03:00,1764.50,1764.60,1764.40,1764.40,18
Finam:AU,2022-08-25T01:34:00+03:00,1764.30,1764.40,1764.20,1764.20,39
Finam:AU,2022-08-25T01:35:00+03:00,1764.20,1764.50,1764.20,1764.40,57
Finam:AU,2022-08-25T01:36:00+03:00,1764.30,1764.70,1764.30,1764.60,7
Finam:AU,2022-08-25T01:37:00+03:00,1764.60,1764.60,1764.50,1764.60,12
Finam:AU,2022-08-25T01:38:00+03:00,1764.50,1764.50,1764.40,1764.40,5
Finam:AU,2022-08-25T01:39:00+03:00,1764.40,1764.60,1764.40,1764.60,4
Finam:AU,2022-08-25T01:40:00+03:00,1764.50,1764.50,1764.50,1764.50,6
Finam:AU,2022-08-25T01:41:00+03:00,1764.50,1764.50,1764.50,1764.50,1
Finam:AU,2022-08-25T01:42:00+03:00,1764.50,1764.50,1764.40,1764.40,10
Finam:AU,2022-08-25T01:43:00+03:00,1764.50,1764.50,1764.50,1764.50,1
Finam:AU,2022-08-25T01:44:00+03:00,1764.50,1764.50,1764.50,1764.50,1
Finam:AU,2022-08-25T01:45:00+03:00,1764.40,1764.40,1764.40,1764.40,6
Finam:AU,2022-08-25T01:46:00+03:00,1764.30,1764.40,1764.30,1764.40,6
Finam:AU,2022-08-25T01:47:00+03:00,1764.50,1764.50,1764.50,1764.50,1
Finam:AU,2022-08-25T01:48:00+03:00,1764.40,1764.60,1764.40,1764.60,7
Finam:AU,2022-08-25T01:49:00+03:00,1764.60,1764.60,1764.50,1764.50,3
Finam:AU,2022-08-25T01:50:00+03:00,1764.60,1764.60,1764.60,1764.60,1
Finam:AU,2022-08-25T01:51:00+03:00,1764.40,1764.60,1764.40,1764.60,2
Finam:AU,2022-08-25T01:52:00+03:00,1764.50,1764.50,1764.30,1764.40,26
Finam:AU,2022-08-25T01:53:00+03:00,1764.50,1764.50,1764.50,1764.50,1
Finam:AU,2022-08-25T01:54:00+03:00,1764.30,1764.40,1764.30,1764.30,11
Finam:AU,2022-08-25T01:55:00+03:00,1764.50,1764.70,1764.40,1764.70,14
Finam:AU,2022-08-25T01:56:00+03:00,1764.70,1764.70,1764.60,1764.70,8
Finam:AU,2022-08-25T01:57:00+03:00,1764.60,1764.70,1764.40,1764.50,10
Finam:AU,2022-08-25T01:58:00+03:00,1764.40,1764.50,1764.40,1764.50,6
Finam:AU,2022-08-25T01:59:00+03:00,1764.40,1764.60,1764.30,1764.40,18
Finam:AU,2022-08-25T02:00:00+03:00,1764.50,1764.50,1764.30,1764.50,5
Finam:AU,2022-08-25T02:01:00+03:00,1764.50,1764.50,1764.50,1764.50,1
Finam:AU,2022-08-25T02:02:00+03:00,1764.40,1764.50,1764.40,1764.50,5
Finam:AU,2022-08-25T02:03:00+03:00,1764.50,1764.70,1764.50,1764.70,20
Finam:AU,2022-08-25T02:04:00+03:00,1764.70,1764.80,1764.70,1764.70,19
Finam:AU,2022-08-25T02:05:00+03:00,1764.60,1764.80,1764.60,1764.70,19
Finam:AU,2022-08-25T02:06:00+03:00,1764.60,1764.60,1764.60,1764.60,10
Finam:AU,2022-08-25T02:07:00+03:00,1764.70,1764.80,1764.70,1764.80,8
Finam:AU,2022-08-25T02:08:00+03:00,1764.80,1764.80,1764.80,1764.80,17
Finam:AU,2022-08-25T02:09:00+03:00,1764.70,1764.80,1764.70,1764.80,7
Finam:AU,2022-08-25T02:10:00+03:00,1764.70,1764.70,1764.70,1764.70,6
Finam:AU,2022-08-25T02:11:00+03:00,1764.80,1764.80,1764.80,1764.80,1
Finam:AU,2022-08-25T02:12:00+03:00,1764.80,1764.90,1764.80,1764.90,5
Finam:AU,2022-08-25T02:13:00+03:00,1764.90,1764.90,1764.90,1764.90,1
Finam:AU,2022-08-25T02:14:00+03:00,1764.90,1765.00,1764.90,1765.00,12
Finam:AU,2022-08-25T02:15:00+03:00,1764.90,1765.00,1764.90,1765.00,5
Finam:AU,2022-08-25T02:16:00+03:00,1765.00,1765.00,1764.80,1764.80,58
Finam:AU,2022-08-25T02:17:00+03:00,1764.90,1765.10,1764.90,1765.10,48
Finam:AU,2022-08-25T02:18:00+03:00,1765.10,1765.20,1765.10,1765.20,28
Finam:AU,2022-08-25T02:19:00+03:00,1765.20,1765.40,1765.10,1765.20,80
Finam:AU,2022-08-25T02:20:00+03:00,1765.20,1765.30,1765.20,1765.30,22
Finam:AU,2022-08-25T02:21:00+03:00,1765.30,1765.50,1765.30,1765.50,24
Finam:AU,2022-08-25T02:22:00+03:00,1765.40,1765.60,1765.40,1765.50,21
Finam:AU,2022-08-25T02:23:00+03:00,1765.50,1765.50,1765.40,1765.40,7
Finam:AU,2022-08-25T02:24:00+03:00,1765.40,1765.40,1765.30,1765.30,11
Finam:AU,2022-08-25T02:25:00+03:00,1765.30,1765.40,1765.30,1765.40,4
Finam:AU,2022-08-25T02:26:00+03:00,1765.30,1765.50,1765.30,1765.50,2
Finam:AU,2022-08-25T02:27:00+03:00,1765.40,1765.50,1765.40,1765.50,2
Finam:AU,2022-08-25T02:28:00+03:00,1765.50,1765.50,1765.50,1765.50,5
Finam:AU,2022-08-25T02:29:00+03:00,1765.40,1765.40,1765.40,1765.40,3
Finam:AU,2022-08-25T02:30:00+03:00,1765.40,1765.40,1765.40,1765.40,3
Finam:AU,2022-08-25T02:31:00+03:00,1765.30,1765.30,1765.30,1765.30,14
Finam:AU,2022-08-25T02:32:00+03:00,1765.40,1765.50,1765.40,1765.40,3
Finam:AU,2022-08-25T02:33:00+03:00,1765.50,1765.50,1765.50,1765.50,1
Finam:AU,2022-08-25T02:34:00+03:00,1765.50,1765.50,1765.50,1765.50,5
Finam:AU,2022-08-25T02:35:00+03:00,1765.50,1765.60,1765.40,1765.40,8
Finam:AU,2022-08-25T02:36:00+03:00,1765.40,1765.40,1765.30,1765.40,15
Finam:AU,2022-08-25T02:37:00+03:00,1765.30,1765.30,1765.30,1765.30,5
Finam:AU,2022-08-25T02:38:00+03:00,1765.30,1765.40,1765.30,1765.30,11
Finam:AU,2022-08-25T02:39:00+03:00,1765.30,1765.30,1765.30,1765.30,1
Finam:AU,2022-08-25T02:40:00+03:00,1765.20,1765.20,1765.10,1765.10,15
Finam:AU,2022-08-25T02:41:00+03:00,1765.10,1765.20,1765.10,1765.20,8
Finam:AU,2022-08-25T02:42:00+03:00,1765.20,1765.20,1765.20,1765.20,2
Finam:AU,2022-08-25T02:43:00+03:00,1765.30,1765.30,1765.20,1765.20,4
Finam:AU,2022-08-25T02:44:00+03:00,1765.20,1765.20,1765.10,1765.10,4
Finam:AU,2022-08-25T02:45:00+03:00,1765.10,1765.10,1764.70,1764.70,70
Finam:AU,2022-08-25T02:46:00+03:00,1764.80,1764.80,1764.70,1764.70,11
Finam:AU,2022-08-25T02:47:00+03:00,1764.70,1764.70,1764.70,1764.70,11
Finam:AU,2022-08-25T02:48:00+03:00,1764.60,1764.80,1764.60,1764.70,17
Finam:AU,2022-08-25T02:49:00+03:00,1764.70,1764.70,1764.20,1764.30,54
Finam:AU,2022-08-25T02:50:00+03:00,1764.40,1764.40,1764.10,1764.20,36
Finam:AU,2022-08-25T02:51:00+03:00,1764.20,1764.30,1764.10,1764.20,33
Finam:AU,2022-08-25T02:52:00+03:00,1764.20,1764.20,1763.70,1764.00,163
Finam:AU,2022-08-25T02:53:00+03:00,1763.90,1764.40,1763.90,1764.30,54
Finam:AU,2022-08-25T02:54:00+03:00,1764.30,1764.30,1764.20,1764.20,7
Finam:AU,2022-08-25T02:55:00+03:00,1764.30,1764.30,1764.20,1764.20,2
Finam:AU,2022-08-25T02:56:00+03:00,1764.30,1764.30,1764.10,1764.10,29
Finam:AU,2022-08-25T02:57:00+03:00,1764.20,1764.30,1764.20,1764.20,5
Finam:AU,2022-08-25T02:58:00+03:00,1764.20,1764.20,1764.00,1764.00,15
Finam:AU,2022-08-25T02:59:00+03:00,1764.00,1764.20,1763.80,1764.00,73
Finam:AU,2022-08-25T03:00:00+03:00,1764.10,1764.10,1763.60,1763.70,55
Finam:AU,2022-08-25T03:01:00+03:00,1763.60,1763.70,1763.40,1763.50,44
Finam:AU,2022-08-25T03:02:00+03:00,1763.50,1763.50,1763.10,1763.10,75
Finam:AU,2022-08-25T03:03:00+03:00,1763.00,1763.20,1763.00,1763.10,54
Finam:AU,2022-08-25T03:04:00+03:00,1763.10,1763.40,1763.10,1763.10,27
Finam:AU,2022-08-25T03:05:00+03:00,1763.10,1763.20,1763.10,1763.20,6
Finam:AU,2022-08-25T03:06:00+03:00,1763.30,1763.70,1763.20,1763.20,124
Finam:AU,2022-08-25T03:07:00+03:00,1763.30,1763.60,1763.30,1763.60,23
Finam:AU,2022-08-25T03:08:00+03:00,1763.60,1763.70,1763.40,1763.70,29
Finam:AU,2022-08-25T03:09:00+03:00,1763.70,1764.10,1763.70,1764.00,25
Finam:AU,2022-08-25T03:10:00+03:00,1764.00,1764.10,1764.00,1764.00,10
Finam:AU,2022-08-25T03:11:00+03:00,1764.10,1764.30,1764.00,1764.20,23
Finam:AU,2022-08-25T03:12:00+03:00,1764.20,1764.40,1764.10,1764.30,40
Finam:AU,2022-08-25T03:13:00+03:00,1764.20,1764.40,1764.20,1764.40,8
Finam:AU,2022-08-25T03:14:00+03:00,1764.40,1764.40,1764.10,1764.30,22
Finam:AU,2022-08-25T03:15:00+03:00,1764.30,1764.30,1763.70,1763.70,21
Finam:AU,2022-08-25T03:16:00+03:00,1763.80,1764.00,1763.80,1764.00,17
Finam:AU,2022-08-25T03:17:00+03:00,1764.10,1764.30,1764.10,1764.30,7
Finam:AU,2022-08-25T03:18:00+03:00,1764.30,1764.80,1764.30,1764.70,102
Finam:AU,2022-08-25T03:19:00+03:00,1764.70,1764.90,1764.60,1764.70,66
Finam:AU,2022-08-25T03:20:00+03:00,1764.80,1765.00,1764.80,1764.90,12
Finam:AU,2022-08-25T03:21:00+03:00,1765.00,1765.20,1765.00,1765.10,23
Finam:AU,2022-08-25T03:22:00+03:00,1765.10,1765.10,1764.90,1765.10,39
Finam:AU,2022-08-25T03:23:00+03:00,1765.00,1765.00,1764.50,1764.50,69
Finam:AU,2022-08-25T03:24:00+03:00,1764.60,1765.00,1764.60,1765.00,12
Finam:AU,2022-08-25T03:25:00+03:00,1765.00,1765.30,1765.00,1765.30,11
Finam:AU,2022-08-25T03:26:00+03:00,1765.20,1765.20,1764.80,1764.90,10
Finam:AU,2022-08-25T03:27:00+03:00,1764.90,1765.40,1764.90,1765.40,19
Finam:AU,2022-08-25T03:28:00+03:00,1765.30,1765.40,1765.10,1765.10,39
Finam:AU,2022-08-25T03:29:00+03:00,1765.00,1765.30,1764.90,1765.20,41
Finam:AU,2022-08-25T03:30:00+03:00,1765.10,1765.10,1765.00,1765.00,49
Finam:AU,2022-08-25T03:31:00+03:00,1765.00,1765.00,1764.90,1765.00,16
Finam:AU,2022-08-25T03:32:00+03:00,1765.10,1765.40,1765.10,1765.30,24
Finam:AU,2022-08-25T03:33:00+03:00,1765.30,1765.70,1765.30,1765.60,106
Finam:AU,2022-08-25T03:34:00+03:00,1765.50,1765.80,1765.50,1765.80,37
Finam:AU,2022-08-25T03:35:00+03:00,1765.80,1765.80,1765.60,1765.60,21
Finam:AU,2022-08-25T03:36:00+03:00,1765.70,1765.90,1765.60,1765.90,86
Finam:AU,2022-08-25T03:37:00+03:00,1765.90,1766.10,1765.90,1766.10,75
Finam:AU,2022-08-25T03:38:00+03:00,1766.00,1766.00,1765.60,1765.80,59
Finam:AU,2022-08-25T03:39:00+03:00,1765.80,1766.00,1765.80,1765.90,57
Finam:AU,2022-08-25T03:40:00+03:00,1765.90,1765.90,1765.70,1765.90,29
Finam:AU,2022-08-25T03:41:00+03:00,1766.00,1766.00,1765.90,1765.90,45
Finam:AU,2022-08-25T03:42:00+03:00,1765.90,1766.00,1765.90,1766.00,51
Finam:AU,2022-08-25T03:43:00+03:00,1766.00,1766.50,1766.00,1766.30,124
Finam:AU,2022-08-25T03:44:00+03:00,1766.20,1766.40,1766.10,1766.20,31
Finam:AU,2022-08-25T03:45:00+03:00,1766.20,1766.30,1766.10,1766.30,10
Finam:AU,2022-08-25T03:46:00+03:00,1766.30,1766.40,1766.20,1766.20,24
Finam:AU,2022-08-25T03:47:00+03:00,1766.20,1766.30,1766.20,1766.20,15
Finam:AU,2022-08-25T03:48:00+03:00,1766.30,1766.30,1766.30,1766.30,9
Finam:AU,2022-08-25T03:49:00+03:00,1766.20,1766.40,1766.10,1766.30,44
Finam:AU,2022-08-25T03:50:00+03:00,1766.30,1766.40,1766.20,1766.20,67
Finam:AU,2022-08-25T03:51:00+03:00,1766.20,1766.60,1766.20,1766.50,156
Finam:AU,2022-08-25T03:52:00+03:00,1766.30,1766.30,1765.70,1765.80,53
Finam:AU,2022-08-25T03:53:00+03:00,1765.90,1766.10,1765.80,1765.90,22
Finam:AU,2022-08-25T03:54:00+03:00,1766.00,1766.10,1765.60,1765.90,91
Finam:AU,2022-08-25T03:55:00+03:00,1765.80,1765.90,1765.60,1765.80,26
Finam:AU,2022-08-25T03:56:00+03:00,1765.80,1765.90,1765.70,1765.80,15
Finam:AU,2022-08-25T03:57:00+03:00,1765.70,1765.90,1765.50,1765.80,25
Finam:AU,2022-08-25T03:58:00+03:00,1765.80,1765.90,1765.60,1765.80,16
Finam:AU,2022-08-25T03:59:00+03:00,1765.70,1765.80,1765.60,1765.70,25
Finam:AU,2022-08-25T04:00:00+03:00,1765.50,1765.90,1765.10,1765.80,114
Finam:AU,2022-08-25T04:01:00+03:00,1765.90,1766.00,1765.70,1765.90,99
Finam:AU,2022-08-25T04:02:00+03:00,1765.80,1766.00,1765.60,1765.80,42
Finam:AU,2022-08-25T04:03:00+03:00,1765.90,1766.00,1765.40,1765.60,92
Finam:AU,2022-08-25T04:04:00+03:00,1765.60,1765.70,1765.30,1765.40,26
Finam:AU,2022-08-25T04:05:00+03:00,1765.40,1766.00,1765.40,1765.70,50
Finam:AU,2022-08-25T04:06:00+03:00,1765.60,1766.20,1765.60,1766.20,67
Finam:AU,2022-08-25T04:07:00+03:00,1766.20,1766.30,1766.00,1766.20,51
Finam:AU,2022-08-25T04:08:00+03:00,1766.10,1766.20,1765.70,1765.70,41
Finam:AU,2022-08-25T04:09:00+03:00,1765.80,1766.10,1765.80,1766.00,28
Finam:AU,2022-08-25T04:10:00+03:00,1766.00,1766.80,1766.00,1766.80,70
Finam:AU,2022-08-25T04:11:00+03:00,1766.80,1767.20,1766.80,1767.20,81
Finam:AU,2022-08-25T04:12:00+03:00,1767.10,1767.20,1767.00,1767.10,50
Finam:AU,2022-08-25T04:13:00+03:00,1767.00,1767.10,1766.80,1766.80,57
Finam:AU,2022-08-25T04:14:00+03:00,1766.70,1766.90,1766.60,1766.80,59
Finam:AU,2022-08-25T04:15:00+03:00,1766.80,1767.60,1766.80,1767.30,209
Finam:AU,2022-08-25T04:16:00+03:00,1767.50,1767.90,1767.30,1767.80,131
Finam:AU,2022-08-25T04:17:00+03:00,1767.60,1767.80,1767.50,1767.70,56
Finam:AU,2022-08-25T04:18:00+03:00,1767.80,1768.50,1767.70,1768.30,113
Finam:AU,2022-08-25T04:19:00+03:00,1768.40,1768.60,1768.10,1768.30,51
Finam:AU,2022-08-25T04:20:00+03:00,1768.40,1768.60,1768.00,1768.40,138
Finam:AU,2022-08-25T04:21:00+03:00,1768.30,1768.30,1768.10,1768.10,52
Finam:AU,2022-08-25T04:22:00+03:00,1768.10,1768.30,1768.00,1768.30,37
Finam:AU,2022-08-25T04:23:00+03:00,1768.10,1768.20,1767.80,1767.90,53
Finam:AU,2022-08-25T04:24:00+03:00,1767.90,1768.10,1767.70,1768.10,137
Finam:AU,2022-08-25T04:25:00+03:00,1768.00,1768.50,1768.00,1768.50,94
Finam:AU,2022-08-25T04:26:00+03:00,1768.50,1768.70,1768.50,1768.60,50
Finam:AU,2022-08-25T04:27:00+03:00,1768.60,1768.80,1768.50,1768.60,31
Finam:AU,2022-08-25T04:28:00+03:00,1768.70,1768.80,1768.40,1768.60,21
Finam:AU,2022-08-25T04:29:00+03:00,1768.50,1768.60,1768.50,1768.60,14
Finam:AU,2022-08-25T04:30:00+03:00,1768.50,1769.00,1768.50,1768.80,62
Finam:AU,2022-08-25T04:31:00+03:00,1768.80,1769.00,1768.60,1768.70,38
Finam:AU,2022-08-25T04:32:00+03:00,1768.70,1769.00,1768.70,1769.00,44
Finam:AU,2022-08-25T04:33:00+03:00,1768.90,1768.90,1768.50,1768.50,28
Finam:AU,2022-08-25T04:34:00+03:00,1768.50,1768.50,1768.00,1768.10,20
Finam:AU,2022-08-25T04:35:00+03:00,1768.10,1768.40,1768.10,1768.40,66
Finam:AU,2022-08-25T04:36:00+03:00,1768.30,1768.40,1768.20,1768.30,15
Finam:AU,2022-08-25T04:37:00+03:00,1768.30,1768.50,1768.20,1768.20,32
Finam:AU,2022-08-25T04:38:00+03:00,1768.20,1768.40,1768.00,1768.20,65
Finam:AU,2022-08-25T04:39:00+03:00,1768.20,1768.40,1768.20,1768.30,27
Finam:AU,2022-08-25T04:40:00+03:00,1768.20,1768.80,1768.20,1768.80,62
Finam:AU,2022-08-25T04:41:00+03:00,1768.90,1769.20,1768.90,1768.90,73
Finam:AU,2022-08-25T04:42:00+03:00,1768.90,1769.20,1768.80,1768.90,74
Finam:AU,2022-08-25T04:43:00+03:00,1769.00,1769.20,1768.90,1769.00,53
Finam:AU,2022-08-25T04:44:00+03:00,1769.00,1769.10,1768.70,1768.80,58
Finam:AU,2022-08-25T04:45:00+03:00,1768.80,1769.10,1768.70,1768.80,70
Finam:AU,2022-08-25T04:46:00+03:00,1768.80,1769.60,1768.80,1769.40,183
Finam:AU,2022-08-25T04:47:00+03:00,1769.50,1769.50,1769.10,1769.20,77
Finam:AU,2022-08-25T04:48:00+03:00,1769.10,1769.20,1769.00,1769.00,48
Finam:AU,2022-08-25T04:49:00+03:00,1769.00,1769.20,1768.90,1769.10,70
Finam:AU,2022-08-25T04:50:00+03:00,1769.10,1769.20,1768.70,1769.00,39
Finam:AU,2022-08-25T04:51:00+03:00,1769.00,1769.40,1769.00,1769.00,39
Finam:AU,2022-08-25T04:52:00+03:00,1769.00,1769.20,1768.50,1768.50,66
Finam:AU,2022-08-25T04:53:00+03:00,1768.50,1768.70,1768.30,1768.30,49
Finam:AU,2022-08-25T04:54:00+03:00,1768.30,1768.40,1768.00,1768.20,68
Finam:AU,2022-08-25T04:55:00+03:00,1768.30,1768.50,1768.30,1768.50,35
Finam:AU,2022-08-25T04:56:00+03:00,1768.40,1768.80,1768.40,1768.80,37
Finam:AU,2022-08-25T04:57:00+03:00,1768.70,1769.10,1768.60,1768.70,65
Finam:AU,2022-08-25T04:58:00+03:00,1768.70,1768.70,1768.00,1768.50,73
Finam:AU,2022-08-25T04:59:00+03:00,1768.40,1768.40,1768.10,1768.30,21
Finam:AU,2022-08-25T05:00:00+03:00,1768.30,1768.40,1768.10,1768.10,36
Finam:AU,2022-08-25T05:01:00+03:00,1768.00,1768.20,1767.80,1767.80,55
Finam:AU,2022-08-25T05:02:00+03:00,1767.80,1768.00,1767.70,1767.90,43
Finam:AU,2022-08-25T05:03:00+03:00,1767.90,1768.00,1767.80,1767.80,25
Finam:AU,2022-08-25T05:04:00+03:00,1767.90,1767.90,1767.70,1767.80,31
Finam:AU,2022-08-25T05:05:00+03:00,1767.90,1767.90,1767.60,1767.60,53
Finam:AU,2022-08-25T05:06:00+03:00,1767.60,1767.70,1767.50,1767.50,34
Finam:AU,2022-08-25T05:07:00+03:00,1767.50,1767.60,1767.20,1767.60,46
Finam:AU,2022-08-25T05:08:00+03:00,1767.50,1768.00,1767.50,1767.80,36
Finam:AU,2022-08-25T05:09:00+03:00,1767.80,1768.00,1767.80,1768.00,38
Finam:AU,2022-08-25T05:10:00+03:00,1768.00,1768.00,1767.60,1767.90,30
Finam:AU,2022-08-25T05:11:00+03:00,1768.00,1768.20,1768.00,1768.10,31
Finam:AU,2022-08-25T05:12:00+03:00,1768.10,1768.10,1767.70,1767.70,34
Finam:AU,2022-08-25T05:13:00+03:00,1767.80,1767.80,1767.50,1767.50,15
Finam:AU,2022-08-25T05:14:00+03:00,1767.40,1767.50,1767.20,1767.50,14
Finam:AU,2022-08-25T05:15:00+03:00,1767.30,1767.40,1767.20,1767.40,16
Finam:AU,2022-08-25T05:16:00+03:00,1767.40,1767.50,1767.40,1767.50,12
Finam:AU,2022-08-25T05:17:00+03:00,1767.80,1767.80,1767.70,1767.80,14
Finam:AU,2022-08-25T05:18:00+03:00,1767.90,1767.90,1767.30,1767.30,23
Finam:AU,2022-08-25T05:19:00+03:00,1767.30,1767.60,1767.20,1767.60,60
Finam:AU,2022-08-25T05:20:00+03:00,1767.50,1767.80,1767.50,1767.80,41
Finam:AU,2022-08-25T05:21:00+03:00,1767.80,1768.00,1767.70,1767.70,33
Finam:AU,2022-08-25T05:22:00+03:00,1767.90,1768.40,1767.80,1768.40,33
Finam:AU,2022-08-25T05:23:00+03:00,1768.30,1768.70,1768.30,1768.60,36
Finam:AU,2022-08-25T05:24:00+03:00,1768.60,1768.90,1768.60,1768.90,28
Finam:AU,2022-08-25T05:25:00+03:00,1768.90,1769.10,1768.80,1768.80,40
Finam:AU,2022-08-25T05:26:00+03:00,1768.90,1769.00,1768.70,1768.90,52
Finam:AU,2022-08-25T05:27:00+03:00,1768.80,1769.00,1768.70,1768.80,53
Finam:AU,2022-08-25T05:28:00+03:00,1768.80,1769.10,1768.80,1769.00,42
Finam:AU,2022-08-25T05:29:00+03:00,1769.00,1769.10,1768.80,1769.10,46
Finam:AU,2022-08-25T05:30:00+03:00,1769.20,1769.20,1768.90,1769.10,87
Finam:AU,2022-08-25T05:31:00+03:00,1769.10,1769.20,1768.80,1769.20,19
Finam:AU,2022-08-25T05:32:00+03:00,1769.20,1769.50,1769.00,1769.00,58
Finam:AU,2022-08-25T05:33:00+03:00,1769.10,1769.50,1769.10,1769.30,13
Finam:AU,2022-08-25T05:34:00+03:00,1769.50,1769.50,1769.20,1769.20,23
Finam:AU,2022-08-25T05:35:00+03:00,1769.00,1769.10,1769.00,1769.10,19
Finam:AU,2022-08-25T05:36:00+03:00,1769.00,1769.00,1768.90,1769.00,22
Finam:AU,2022-08-25T05:37:00+03:00,1769.00,1769.00,1768.90,1768.90,13
Finam:AU,2022-08-25T05:38:00+03:00,1768.80,1768.90,1768.70,1768.70,15
Finam:AU,2022-08-25T05:39:00+03:00,1768.70,1768.70,1768.30,1768.40,52
Finam:AU,2022-08-25T05:40:00+03:00,1768.50,1768.60,1768.50,1768.60,5
Finam:AU,2022-08-25T05:43:00+03:00,1768.30,1768.50,1768.20,1768.50,17
Finam:AU,2022-08-25T05:44:00+03:00,1768.60,1768.60,1768.40,1768.40,16
Finam:AU,2022-08-25T05:45:00+03:00,1768.30,1768.50,1768.30,1768.40,21
Finam:AU,2022-08-25T05:46:00+03:00,1768.40,1768.40,1768.20,1768.20,16
Finam:AU,2022-08-25T05:47:00+03:00,1768.20,1768.30,1768.10,1768.20,26
Finam:AU,2022-08-25T05:48:00+03:00,1768.30,1768.30,1768.10,1768.10,11
Finam:AU,2022-08-25T05:49:00+03:00,1768.20,1768.20,1768.10,1768.20,10
Finam:AU,2022-08-25T05:50:00+03:00,1768.20,1768.40,1768.10,1768.30,46
Finam:AU,2022-08-25T05:51:00+03:00,1768.40,1768.60,1768.40,1768.40,28
Finam:AU,2022-08-25T05:52:00+03:00,1768.50,1768.60,1768.40,1768.60,21
Finam:AU,2022-08-25T05:53:00+03:00,1768.60,1768.60,1768.40,1768.40,14
Finam:AU,2022-08-25T05:54:00+03:00,1768.50,1768.80,1768.50,1768.80,35
Finam:AU,2022-08-25T05:55:00+03:00,1768.80,1768.90,1768.70,1768.80,32
Finam:AU,2022-08-25T05:56:00+03:00,1768.80,1769.10,1768.80,1769.10,40
Finam:AU,2022-08-25T05:57:00+03:00,1769.10,1769.20,1769.00,1769.10,44
Finam:AU,2022-08-25T05:58:00+03:00,1769.00,1769.20,1768.90,1769.00,21
Finam:AU,2022-08-25T05:59:00+03:00,1769.00,1769.00,1768.60,1768.70,18
Finam:AU,2022-08-25T06:00:00+03:00,1768.70,1768.70,1768.50,1768.50,28
Finam:AU,2022-08-25T06:01:00+03:00,1768.60,1768.80,1768.60,1768.80,30
Finam:AU,2022-08-25T06:02:00+03:00,1768.80,1768.90,1768.70,1768.90,28
Finam:AU,2022-08-25T06:03:00+03:00,1768.90,1769.00,1768.90,1769.00,13
Finam:AU,2022-08-25T06:04:00+03:00,1769.00,1769.20,1768.90,1769.00,32
Finam:AU,2022-08-25T06:05:00+03:00,1769.10,1769.10,1768.60,1768.70,27
Finam:AU,2022-08-25T06:06:00+03:00,1768.80,1769.20,1768.70,1769.20,27
Finam:AU,2022-08-25T06:07:00+03:00,1769.20,1769.30,1769.10,1769.30,32
Finam:AU,2022-08-25T06:08:00+03:00,1769.30,1769.80,1769.30,1769.80,68
Finam:AU,2022-08-25T06:09:00+03:00,1769.90,1770.30,1769.70,1770.20,185
Finam:AU,2022-08-25T06:10:00+03:00,1770.30,1770.40,1769.90,1770.10,68
Finam:AU,2022-08-25T06:11:00+03:00,1770.20,1770.20,1770.00,1770.00,25
Finam:AU,2022-08-25T06:12:00+03:00,1770.00,1770.10,1769.80,1770.00,35
Finam:AU,2022-08-25T06:13:00+03:00,1770.10,1770.30,1769.90,1770.00,60
Finam:AU,2022-08-25T06:14:00+03:00,1770.20,1770.70,1770.20,1770.50,79
Finam:AU,2022-08-25T06:15:00+03:00,1770.60,1770.60,1770.40,1770.40,41
Finam:AU,2022-08-25T06:16:00+03:00,1770.40,1770.50,1770.20,1770.30,26
Finam:AU,2022-08-25T06:17:00+03:00,1770.30,1770.30,1770.00,1770.00,34
Finam:AU,2022-08-25T06:18:00+03:00,1770.10,1770.10,1770.00,1770.00,16
Finam:AU,2022-08-25T06:19:00+03:00,1770.00,1770.00,1769.80,1770.00,21
Finam:AU,2022-08-25T06:20:00+03:00,1769.90,1770.00,1769.70,1769.80,29
Finam:AU,2022-08-25T06:21:00+03:00,1769.80,1769.80,1769.70,1769.80,28
Finam:AU,2022-08-25T06:22:00+03:00,1769.70,1769.70,1769.40,1769.40,41
Finam:AU,2022-08-25T06:23:00+03:00,1769.40,1769.40,1769.20,1769.40,45
Finam:AU,2022-08-25T06:24:00+03:00,1769.40,1769.50,1769.40,1769.50,27
Finam:AU,2022-08-25T06:25:00+03:00,1769.30,1769.40,1769.20,1769.40,42
Finam:AU,2022-08-25T06:26:00+03:00,1769.40,1769.50,1769.00,1769.10,34
Finam:AU,2022-08-25T06:27:00+03:00,1769.10,1769.10,1769.10,1769.10,7
Finam:AU,2022-08-25T06:28:00+03:00,1769.10,1769.30,1769.10,1769.30,23
Finam:AU,2022-08-25T06:29:00+03:00,1769.20,1769.30,1769.20,1769.20,12
Finam:AU,2022-08-25T06:30:00+03:00,1769.20,1769.20,1769.20,1769.20,8
Finam:AU,2022-08-25T06:31:00+03:00,1769.30,1769.50,1769.20,1769.20,56
Finam:AU,2022-08-25T06:32:00+03:00,1769.10,1769.30,1769.00,1769.30,17
Finam:AU,2022-08-25T06:33:00+03:00,1769.20,1769.20,1768.90,1769.00,44
Finam:AU,2022-08-25T06:34:00+03:00,1768.90,1768.90,1768.80,1768.80,14
Finam:AU,2022-08-25T06:35:00+03:00,1768.80,1768.80,1768.60,1768.80,30
Finam:AU,2022-08-25T06:36:00+03:00,1768.70,1768.90,1768.70,1768.90,10
Finam:AU,2022-08-25T06:37:00+03:00,1768.80,1768.90,1768.70,1768.90,22
Finam:AU,2022-08-25T06:38:00+03:00,1768.90,1769.10,1768.90,1769.10,9
Finam:AU,2022-08-25T06:39:00+03:00,1769.00,1769.10,1768.90,1769.10,15
Finam:AU,2022-08-25T06:40:00+03:00,1769.10,1769.10,1769.00,1769.00,4
Finam:AU,2022-08-25T06:41:00+03:00,1769.10,1769.10,1768.90,1768.90,25
Finam:AU,2022-08-25T06:42:00+03:00,1769.00,1769.00,1768.90,1769.00,3
Finam:AU,2022-08-25T06:43:00+03:00,1769.00,1769.00,1768.90,1768.90,10
Finam:AU,2022-08-25T06:44:00+03:00,1768.90,1769.10,1768.90,1769.10,28
Finam:AU,2022-08-25T06:45:00+03:00,1769.10,1769.20,1769.00,1769.20,17
Finam:AU,2022-08-25T06:46:00+03:00,1769.20,1769.30,1769.20,1769.20,9
Finam:AU,2022-08-25T06:47:00+03:00,1769.10,1769.10,1769.10,1769.10,4
Finam:AU,2022-08-25T06:48:00+03:00,1769.10,1769.20,1769.10,1769.20,16
Finam:AU,2022-08-25T06:49:00+03:00,1769.30,1769.30,1769.20,1769.20,11
Finam:AU,2022-08-25T06:50:00+03:00,1769.20,1769.20,1769.10,1769.10,11
Finam:AU,2022-08-25T06:51:00+03:00,1769.10,1769.30,1769.10,1769.30,11
Finam:AU,2022-08-25T06:52:00+03:00,1769.20,1769.20,1769.10,1769.10,6
Finam:AU,2022-08-25T06:53:00+03:00,1769.10,1769.20,1768.90,1768.90,37
Finam:AU,2022-08-25T06:54:00+03:00,1768.80,1768.90,1768.70,1768.90,29
Finam:AU,2022-08-25T06:55:00+03:00,1769.00,1769.10,1769.00,1769.00,23
Finam:AU,2022-08-25T06:56:00+03:00,1769.00,1769.00,1769.00,1769.00,1
Finam:AU,2022-08-25T06:57:00+03:00,1769.00,1769.10,1769.00,1769.10,10
Finam:AU,2022-08-25T06:58:00+03:00,1769.20,1769.20,1769.00,1769.00,19
Finam:AU,2022-08-25T06:59:00+03:00,1769.10,1769.20,1769.00,1769.20,11
Finam:AU,2022-08-25T07:00:00+03:00,1769.20,1769.30,1769.00,1769.00,18
Finam:AU,2022-08-25T07:01:00+03:00,1769.10,1769.10,1768.90,1769.00,18
Finam:AU,2022-08-25T07:02:00+03:00,1769.10,1769.40,1769.00,1769.40,28
Finam:AU,2022-08-25T07:03:00+03:00,1769.40,1769.50,1769.20,1769.20,28
Finam:AU,2022-08-25T07:04:00+03:00,1769.30,1769.50,1769.30,1769.50,3
Finam:AU,2022-08-25T07:05:00+03:00,1769.40,1769.40,1769.30,1769.30,2
Finam:AU,2022-08-25T07:06:00+03:00,1769.30,1769.50,1769.30,1769.30,14
Finam:AU,2022-08-25T07:07:00+03:00,1769.30,1769.30,1769.10,1769.20,17
Finam:AU,2022-08-25T07:08:00+03:00,1769.20,1769.20,1769.10,1769.10,4
Finam:AU,2022-08-25T07:09:00+03:00,1769.10,1769.10,1769.10,1769.10,10
Finam:AU,2022-08-25T07:10:00+03:00,1769.20,1769.30,1769.20,1769.30,23
Finam:AU,2022-08-25T07:11:00+03:00,1769.40,1769.40,1769.20,1769.20,24
Finam:AU,2022-08-25T07:12:00+03:00,1769.20,1769.20,1769.20,1769.20,6
Finam:AU,2022-08-25T07:13:00+03:00,1769.20,1769.30,1769.10,1769.20,18
Finam:AU,2022-08-25T07:14:00+03:00,1769.20,1769.20,1769.00,1769.10,18
Finam:AU,2022-08-25T07:15:00+03:00,1769.00,1769.00,1768.60,1768.80,35
Finam:AU,2022-08-25T07:16:00+03:00,1768.80,1769.00,1768.80,1768.90,15
Finam:AU,2022-08-25T07:17:00+03:00,1768.90,1768.90,1768.50,1768.60,33
Finam:AU,2022-08-25T07:18:00+03:00,1768.60,1768.60,1768.20,1768.40,44
Finam:AU,2022-08-25T07:19:00+03:00,1768.40,1768.40,1768.10,1768.40,36
Finam:AU,2022-08-25T07:20:00+03:00,1768.50,1768.50,1768.40,1768.40,55
Finam:AU,2022-08-25T07:21:00+03:00,1768.40,1768.60,1768.40,1768.60,17
Finam:AU,2022-08-25T07:22:00+03:00,1768.70,1768.70,1768.40,1768.60,13
Finam:AU,2022-08-25T07:23:00+03:00,1768.50,1768.70,1768.40,1768.70,19
Finam:AU,2022-08-25T07:24:00+03:00,1768.80,1769.00,1768.70,1769.00,21
Finam:AU,2022-08-25T07:25:00+03:00,1769.00,1769.10,1768.70,1768.90,69
Finam:AU,2022-08-25T07:26:00+03:00,1769.00,1769.00,1768.90,1769.00,7
Finam:AU,2022-08-25T07:27:00+03:00,1768.90,1768.90,1768.80,1768.80,7
Finam:AU,2022-08-25T07:28:00+03:00,1768.80,1769.00,1768.80,1768.90,10
Finam:AU,2022-08-25T07:29:00+03:00,1769.00,1769.00,1768.90,1768.90,13
Finam:AU,2022-08-25T07:30:00+03:00,1768.90,1769.10,1768.90,1769.10,27
Finam:AU,2022-08-25T07:31:00+03:00,1769.00,1769.40,1769.00,1769.20,14
Finam:AU,2022-08-25T07:32:00+03:00,1769.30,1769.40,1769.20,1769.30,25
Finam:AU,2022-08-25T07:33:00+03:00,1769.30,1769.30,1769.10,1769.10,14
Finam:AU,2022-08-25T07:34:00+03:00,1769.10,1769.30,1769.10,1769.20,14
Finam:AU,2022-08-25T07:35:00+03:00,1769.30,1769.30,1768.90,1769.10,69
Finam:AU,2022-08-25T07:36:00+03:00,1769.20,1769.30,1769.10,1769.10,21
Finam:AU,2022-08-25T07:37:00+03:00,1769.10,1769.10,1768.90,1769.00,40
Finam:AU,2022-08-25T07:38:00+03:00,1768.90,1769.00,1768.90,1768.90,13
Finam:AU,2022-08-25T07:39:00+03:00,1768.90,1768.90,1768.90,1768.90,12
Finam:AU,2022-08-25T07:40:00+03:00,1768.90,1768.90,1768.60,1768.70,24
Finam:AU,2022-08-25T07:41:00+03:00,1768.70,1768.80,1768.60,1768.70,16
Finam:AU,2022-08-25T07:42:00+03:00,1768.80,1768.90,1768.70,1768.70,21
Finam:AU,2022-08-25T07:43:00+03:00,1768.70,1768.70,1768.60,1768.60,12
Finam:AU,2022-08-25T07:44:00+03:00,1768.50,1768.60,1768.50,1768.50,14
Finam:AU,2022-08-25T07:45:00+03:00,1768.40,1768.60,1768.40,1768.60,15
Finam:AU,2022-08-25T07:46:00+03:00,1768.60,1768.70,1768.60,1768.70,38
Finam:AU,2022-08-25T07:47:00+03:00,1768.70,1769.00,1768.70,1768.80,29
Finam:AU,2022-08-25T07:48:00+03:00,1768.90,1769.00,1768.90,1769.00,9
Finam:AU,2022-08-25T07:49:00+03:00,1769.30,1770.30,1769.30,1770.00,149
Finam:AU,2022-08-25T07:50:00+03:00,1770.00,1770.10,1769.60,1769.70,40
Finam:AU,2022-08-25T07:51:00+03:00,1769.80,1770.00,1769.60,1769.60,53
Finam:AU,2022-08-25T07:52:00+03:00,1769.70,1770.00,1769.70,1770.00,39
Finam:AU,2022-08-25T07:53:00+03:00,1770.00,1770.20,1770.00,1770.10,35
Finam:AU,2022-08-25T07:54:00+03:00,1770.10,1770.20,1770.10,1770.20,11
Finam:AU,2022-08-25T07:55:00+03:00,1770.20,1770.20,1770.00,1770.00,18
Finam:AU,2022-08-25T07:56:00+03:00,1770.10,1770.10,1770.00,1770.00,15
Finam:AU,2022-08-25T07:57:00+03:00,1770.10,1770.10,1770.00,1770.00,5
Finam:AU,2022-08-25T07:58:00+03:00,1770.00,1770.10,1770.00,1770.00,9
Finam:AU,2022-08-25T07:59:00+03:00,1769.90,1770.10,1769.90,1770.00,19
Finam:AU,2022-08-25T08:00:00+03:00,1770.10,1770.20,1769.90,1770.20,26
Finam:AU,2022-08-25T08:01:00+03:00,1770.30,1770.70,1770.20,1770.60,120
Finam:AU,2022-08-25T08:02:00+03:00,1770.70,1770.70,1770.50,1770.60,56
Finam:AU,2022-08-25T08:03:00+03:00,1770.60,1771.30,1770.50,1771.00,231
Finam:AU,2022-08-25T08:04:00+03:00,1771.00,1771.40,1771.00,1771.30,137
Finam:AU,2022-08-25T08:05:00+03:00,1771.30,1771.60,1771.10,1771.50,105
Finam:AU,2022-08-25T08:06:00+03:00,1771.50,1771.70,1771.40,1771.40,46
Finam:AU,2022-08-25T08:07:00+03:00,1771.40,1771.60,1771.30,1771.40,63
Finam:AU,2022-08-25T08:08:00+03:00,1771.40,1771.60,1771.10,1771.10,46
Finam:AU,2022-08-25T08:09:00+03:00,1771.20,1771.20,1771.00,1771.00,35
Finam:AU,2022-08-25T08:10:00+03:00,1771.00,1771.40,1770.90,1771.20,68
Finam:AU,2022-08-25T08:11:00+03:00,1771.10,1771.10,1770.90,1770.90,22
Finam:AU,2022-08-25T08:12:00+03:00,1771.00,1771.00,1770.30,1770.50,99
Finam:AU,2022-08-25T08:13:00+03:00,1770.50,1770.60,1770.30,1770.40,35
Finam:AU,2022-08-25T08:14:00+03:00,1770.20,1770.30,1769.90,1770.20,116
Finam:AU,2022-08-25T08:15:00+03:00,1770.20,1770.20,1769.90,1769.90,10
Finam:AU,2022-08-25T08:16:00+03:00,1769.80,1770.10,1769.80,1770.00,74
Finam:AU,2022-08-25T08:17:00+03:00,1770.10,1770.40,1770.10,1770.20,26
Finam:AU,2022-08-25T08:18:00+03:00,1770.10,1770.20,1770.00,1770.00,24
Finam:AU,2022-08-25T08:19:00+03:00,1770.10,1770.10,1770.10,1770.10,2
Finam:AU,2022-08-25T08:20:00+03:00,1770.10,1770.10,1770.00,1770.10,9
Finam:AU,2022-08-25T08:21:00+03:00,1770.10,1770.10,1769.60,1769.70,31
Finam:AU,2022-08-25T08:22:00+03:00,1769.80,1769.90,1769.80,1769.90,14
Finam:AU,2022-08-25T08:23:00+03:00,1769.80,1769.90,1769.70,1769.90,12
Finam:AU,2022-08-25T08:24:00+03:00,1769.70,1769.80,1769.60,1769.60,17
Finam:AU,2022-08-25T08:25:00+03:00,1769.60,1769.70,1769.20,1769.50,64
Finam:AU,2022-08-25T08:26:00+03:00,1769.40,1769.40,1769.30,1769.40,16
Finam:AU,2022-08-25T08:27:00+03:00,1769.30,1769.40,1769.20,1769.30,42
Finam:AU,2022-08-25T08:28:00+03:00,1769.10,1769.40,1769.10,1769.40,18
Finam:AU,2022-08-25T08:29:00+03:00,1769.20,1769.60,1769.10,1769.60,22
Finam:AU,2022-08-25T08:30:00+03:00,1769.50,1769.70,1769.50,1769.60,53
Finam:AU,2022-08-25T08:31:00+03:00,1769.70,1769.70,1769.30,1769.50,14
Finam:AU,2022-08-25T08:32:00+03:00,1769.40,1769.40,1769.40,1769.40,3
Finam:AU,2022-08-25T08:33:00+03:00,1769.30,1769.50,1769.20,1769.20,44
Finam:AU,2022-08-25T08:34:00+03:00,1769.20,1769.40,1769.10,1769.10,34
Finam:AU,2022-08-25T08:35:00+03:00,1769.10,1769.30,1769.10,1769.20,25
Finam:AU,2022-08-25T08:36:00+03:00,1769.10,1769.20,1768.90,1769.20,56
Finam:AU,2022-08-25T08:37:00+03:00,1769.20,1769.30,1769.00,1769.10,19
Finam:AU,2022-08-25T08:38:00+03:00,1769.10,1769.30,1769.00,1769.30,28
Finam:AU,2022-08-25T08:39:00+03:00,1769.40,1769.80,1769.30,1769.70,59
Finam:AU,2022-08-25T08:40:00+03:00,1769.70,1770.10,1769.70,1770.10,36
Finam:AU,2022-08-25T08:41:00+03:00,1770.00,1770.00,1769.80,1769.90,28
Finam:AU,2022-08-25T08:42:00+03:00,1769.90,1769.90,1769.90,1769.90,8
Finam:AU,2022-08-25T08:43:00+03:00,1769.90,1770.00,1769.60,1769.70,35
Finam:AU,2022-08-25T08:44:00+03:00,1769.60,1769.70,1769.50,1769.60,11
Finam:AU,2022-08-25T08:45:00+03:00,1769.50,1769.50,1769.30,1769.40,20
Finam:AU,2022-08-25T08:46:00+03:00,1769.50,1769.60,1769.50,1769.60,16
Finam:AU,2022-08-25T08:47:00+03:00,1769.60,1769.60,1769.50,1769.50,15
Finam:AU,2022-08-25T08:48:00+03:00,1769.50,1769.50,1769.40,1769.40,9
Finam:AU,2022-08-25T08:49:00+03:00,1769.40,1769.40,1769.30,1769.40,25
Finam:AU,2022-08-25T08:50:00+03:00,1769.40,1769.40,1769.10,1769.30,37
Finam:AU,2022-08-25T08:51:00+03:00,1769.30,1769.30,1769.10,1769.20,16
Finam:AU,2022-08-25T08:52:00+03:00,1769.10,1769.30,1768.80,1768.90,124
Finam:AU,2022-08-25T08:53:00+03:00,1769.00,1769.50,1769.00,1769.40,40
Finam:AU,2022-08-25T08:54:00+03:00,1769.40,1769.70,1769.30,1769.40,30
Finam:AU,2022-08-25T08:55:00+03:00,1769.30,1769.50,1769.10,1769.40,48
Finam:AU,2022-08-25T08:56:00+03:00,1769.50,1769.70,1769.50,1769.50,23
Finam:AU,2022-08-25T08:57:00+03:00,1769.40,1769.70,1769.40,1769.60,13
Finam:AU,2022-08-25T08:58:00+03:00,1769.70,1770.00,1769.70,1769.80,15
Finam:AU,2022-08-25T08:59:00+03:00,1769.80,1769.90,1769.60,1769.90,26
Finam:AU,2022-08-25T09:00:00+03:00,1769.90,1770.40,1769.60,1770.10,123
Finam:AU,2022-08-25T09:01:00+03:00,1770.30,1770.70,1770.20,1770.50,47
Finam:AU,2022-08-25T09:02:00+03:00,1770.50,1770.70,1770.30,1770.40,55
Finam:AU,2022-08-25T09:03:00+03:00,1770.40,1770.40,1769.50,1769.70,114
Finam:AU,2022-08-25T09:04:00+03:00,1769.60,1769.90,1769.60,1769.80,44
Finam:AU,2022-08-25T09:05:00+03:00,1769.80,1770.30,1769.80,1770.00,35
Finam:AU,2022-08-25T09:06:00+03:00,1770.00,1770.10,1769.50,1769.50,49
Finam:AU,2022-08-25T09:07:00+03:00,1769.50,1769.50,1769.30,1769.40,32
Finam:AU,2022-08-25T09:08:00+03:00,1769.40,1769.40,1769.10,1769.20,32
Finam:AU,2022-08-25T09:09:00+03:00,1769.10,1769.30,1769.00,1769.10,72
Finam:AU,2022-08-25T09:10:00+03:00,1769.20,1769.90,1769.20,1769.80,41
Finam:AU,2022-08-25T09:11:00+03:00,1769.80,1770.10,1769.80,1770.10,39
Finam:AU,2022-08-25T09:12:00+03:00,1770.10,1770.40,1770.10,1770.10,31
Finam:AU,2022-08-25T09:13:00+03:00,1770.10,1770.40,1770.00,1770.10,61
Finam:AU,2022-08-25T09:14:00+03:00,1770.20,1770.20,1769.80,1770.20,53
Finam:AU,2022-08-25T09:15:00+03:00,1770.20,1770.90,1770.20,1770.90,69
Finam:AU,2022-08-25T09:16:00+03:00,1771.00,1772.40,1770.90,1771.90,381
Finam:AU,2022-08-25T09:17:00+03:00,1771.80,1772.30,1771.60,1771.70,180
Finam:AU,2022-08-25T09:18:00+03:00,1771.60,1771.70,1771.20,1771.20,94
Finam:AU,2022-08-25T09:19:00+03:00,1771.30,1771.70,1771.20,1771.50,101
Finam:AU,2022-08-25T09:20:00+03:00,1771.40,1771.90,1771.30,1771.60,183
Finam:AU,2022-08-25T09:21:00+03:00,1771.60,1771.70,1771.30,1771.40,186
Finam:AU,2022-08-25T09:22:00+03:00,1771.50,1771.90,1771.40,1771.70,195
Finam:AU,2022-08-25T09:23:00+03:00,1771.70,1771.80,1771.40,1771.50,66
Finam:AU,2022-08-25T09:24:00+03:00,1771.60,1771.70,1771.30,1771.40,151
Finam:AU,2022-08-25T09:25:00+03:00,1771.40,1771.80,1771.40,1771.80,104
Finam:AU,2022-08-25T09:26:00+03:00,1771.70,1771.90,1771.60,1771.70,148
Finam:AU,2022-08-25T09:27:00+03:00,1771.70,1772.40,1771.50,1772.10,150
Finam:AU,2022-08-25T09:28:00+03:00,1772.20,1772.20,1771.90,1772.00,70
Finam:AU,2022-08-25T09:29:00+03:00,1772.00,1772.20,1771.70,1771.90,140
Finam:AU,2022-08-25T09:30:00+03:00,1771.80,1772.00,1771.80,1772.00,53
Finam:AU,2022-08-25T09:31:00+03:00,1771.90,1772.20,1771.70,1772.20,101
Finam:AU,2022-08-25T09:32:00+03:00,1772.20,1772.50,1771.80,1772.20,149
Finam:AU,2022-08-25T09:33:00+03:00,1772.10,1772.80,1772.10,1772.80,272
Finam:AU,2022-08-25T09:34:00+03:00,1772.70,1772.90,1772.60,1772.70,79
Finam:AU,2022-08-25T09:35:00+03:00,1772.60,1773.20,1772.60,1773.20,187
Finam:AU,2022-08-25T09:36:00+03:00,1773.10,1773.10,1772.40,1772.40,130
Finam:AU,2022-08-25T09:37:00+03:00,1772.50,1772.80,1772.30,1772.70,71
Finam:AU,2022-08-25T09:38:00+03:00,1772.70,1772.80,1772.40,1772.50,28
Finam:AU,2022-08-25T09:39:00+03:00,1772.50,1772.90,1772.50,1772.70,47
Finam:AU,2022-08-25T09:40:00+03:00,1772.60,1772.60,1772.30,1772.40,47
Finam:AU,2022-08-25T09:41:00+03:00,1772.30,1772.40,1772.10,1772.30,67
Finam:AU,2022-08-25T09:42:00+03:00,1772.20,1772.70,1772.20,1772.70,29
Finam:AU,2022-08-25T09:43:00+03:00,1772.60,1773.10,1772.60,1773.10,39
Finam:AU,2022-08-25T09:44:00+03:00,1773.10,1773.50,1773.10,1773.40,88
Finam:AU,2022-08-25T09:45:00+03:00,1773.40,1773.70,1773.10,1773.70,174
Finam:AU,2022-08-25T09:46:00+03:00,1773.60,1774.20,1773.50,1774.00,179
Finam:AU,2022-08-25T09:47:00+03:00,1774.00,1774.20,1773.80,1773.80,75
Finam:AU,2022-08-25T09:48:00+03:00,1773.70,1773.90,1773.60,1773.60,116
Finam:AU,2022-08-25T09:49:00+03:00,1773.60,1773.80,1773.40,1773.40,86
Finam:AU,2022-08-25T09:50:00+03:00,1773.30,1773.60,1773.20,1773.40,97
Finam:AU,2022-08-25T09:51:00+03:00,1773.40,1773.50,1773.20,1773.30,81
Finam:AU,2022-08-25T09:52:00+03:00,1773.40,1773.90,1773.20,1773.90,134
Finam:AU,2022-08-25T09:53:00+03:00,1773.80,1774.70,1773.80,1774.40,216
Finam:AU,2022-08-25T09:54:00+03:00,1774.40,1774.60,1773.40,1773.70,166
Finam:AU,2022-08-25T09:55:00+03:00,1773.70,1773.80,1773.50,1773.60,72
Finam:AU,2022-08-25T09:56:00+03:00,1773.60,1773.70,1773.30,1773.40,38
Finam:AU,2022-08-25T09:57:00+03:00,1773.50,1773.60,1773.40,1773.40,45
Finam:AU,2022-08-25T09:58:00+03:00,1773.30,1773.60,1773.30,1773.40,60
Finam:AU,2022-08-25T09:59:00+03:00,1773.40,1773.70,1773.30,1773.40,61
Finam:AU,2022-08-25T10:00:00+03:00,1773.30,1773.70,1773.00,1773.30,223
Finam:AU,2022-08-25T10:01:00+03:00,1773.40,1773.90,1773.30,1773.60,158
Finam:AU,2022-08-25T10:02:00+03:00,1773.70,1773.80,1773.40,1773.70,85
Finam:AU,2022-08-25T10:03:00+03:00,1773.50,1773.70,1773.20,1773.70,68
Finam:AU,2022-08-25T10:04:00+03:00,1773.70,1774.10,1773.50,1773.80,129
Finam:AU,2022-08-25T10:05:00+03:00,1773.80,1774.00,1773.70,1774.00,60
Finam:AU,2022-08-25T10:06:00+03:00,1774.10,1774.30,1773.60,1773.80,97
Finam:AU,2022-08-25T10:07:00+03:00,1773.80,1774.20,1773.80,1774.10,55
Finam:AU,2022-08-25T10:08:00+03:00,1774.10,1774.70,1774.00,1774.50,173
Finam:AU,2022-08-25T10:09:00+03:00,1774.40,1774.90,1774.40,1774.70,185
Finam:AU,2022-08-25T10:10:00+03:00,1774.60,1775.40,1774.60,1775.10,366
Finam:AU,2022-08-25T10:11:00+03:00,1774.90,1775.20,1774.50,1774.70,67
Finam:AU,2022-08-25T10:12:00+03:00,1774.70,1776.00,1774.70,1775.80,231
Finam:AU,2022-08-25T10:13:00+03:00,1775.80,1776.10,1775.50,1775.60,307
Finam:AU,2022-08-25T10:14:00+03:00,1775.70,1775.70,1775.20,1775.20,110
Finam:AU,2022-08-25T10:15:00+03:00,1775.20,1775.80,1775.10,1775.50,185
Finam:AU,2022-08-25T10:16:00+03:00,1775.50,1775.50,1774.80,1775.00,355
Finam:AU,2022-08-25T10:17:00+03:00,1774.90,1775.00,1774.80,1775.00,103
Finam:AU,2022-08-25T10:18:00+03:00,1775.00,1775.40,1774.80,1775.20,144
Finam:AU,2022-08-25T10:19:00+03:00,1775.30,1775.50,1775.10,1775.40,93
Finam:AU,2022-08-25T10:20:00+03:00,1775.50,1775.90,1775.20,1775.20,162
Finam:AU,2022-08-25T10:21:00+03:00,1775.10,1775.20,1774.60,1774.60,121
Finam:AU,2022-08-25T10:22:00+03:00,1774.60,1774.80,1774.40,1774.70,94
Finam:AU,2022-08-25T10:23:00+03:00,1774.60,1775.20,1774.50,1775.00,98
Finam:AU,2022-08-25T10:24:00+03:00,1775.10,1775.40,1775.10,1775.40,58
Finam:AU,2022-08-25T10:25:00+03:00,1775.40,1775.70,1775.30,1775.70,73
Finam:AU,2022-08-25T10:26:00+03:00,1775.70,1776.10,1775.70,1775.80,219
Finam:AU,2022-08-25T10:27:00+03:00,1775.80,1776.40,1775.70,1776.10,178
Finam:AU,2022-08-25T10:28:00+03:00,1776.00,1776.40,1776.00,1776.30,109
Finam:AU,2022-08-25T10:29:00+03:00,1776.30,1776.80,1776.20,1776.60,152
Finam:AU,2022-08-25T10:30:00+03:00,1776.70,1776.80,1776.10,1776.20,126
Finam:AU,2022-08-25T10:31:00+03:00,1776.20,1776.70,1776.20,1776.40,142
Finam:AU,2022-08-25T10:32:00+03:00,1776.50,1776.70,1776.30,1776.30,98
Finam:AU,2022-08-25T10:33:00+03:00,1776.40,1776.70,1776.00,1776.10,64
Finam:AU,2022-08-25T10:34:00+03:00,1776.10,1776.10,1775.90,1776.10,85
Finam:AU,2022-08-25T10:35:00+03:00,1776.10,1776.40,1776.00,1776.00,50
Finam:AU,2022-08-25T10:36:00+03:00,1776.10,1776.10,1775.70,1775.80,109
Finam:AU,2022-08-25T10:37:00+03:00,1775.70,1775.70,1775.10,1775.20,295
Finam:AU,2022-08-25T10:38:00+03:00,1775.20,1775.50,1775.00,1775.40,78
Finam:AU,2022-08-25T10:39:00+03:00,1775.40,1775.70,1775.40,1775.70,108
Finam:AU,2022-08-25T10:40:00+03:00,1775.70,1775.70,1775.20,1775.30,62
Finam:AU,2022-08-25T10:41:00+03:00,1775.20,1775.60,1775.10,1775.50,128
Finam:AU,2022-08-25T10:42:00+03:00,1775.50,1775.60,1775.00,1775.00,188
Finam:AU,2022-08-25T10:43:00+03:00,1775.00,1775.10,1774.80,1775.00,95
Finam:AU,2022-08-25T10:44:00+03:00,1775.00,1775.10,1774.70,1774.90,76
Finam:AU,2022-08-25T10:45:00+03:00,1774.90,1775.00,1774.60,1774.70,60
Finam:AU,2022-08-25T10:46:00+03:00,1774.70,1775.00,1774.70,1774.80,49
Finam:AU,2022-08-25T10:47:00+03:00,1774.80,1775.00,1774.70,1774.70,57
Finam:AU,2022-08-25T10:48:00+03:00,1774.60,1774.70,1774.40,1774.40,90
Finam:AU,2022-08-25T10:49:00+03:00,1774.30,1774.40,1774.20,1774.40,46
Finam:AU,2022-08-25T10:50:00+03:00,1774.40,1774.80,1774.30,1774.80,99
Finam:AU,2022-08-25T10:51:00+03:00,1774.90,1774.90,1774.40,1774.60,109
Finam:AU,2022-08-25T10:52:00+03:00,1774.70,1775.00,1774.50,1775.00,152
Finam:AU,2022-08-25T10:53:00+03:00,1775.00,1775.50,1775.00,1775.50,119
Finam:AU,2022-08-25T10:54:00+03:00,1775.60,1775.70,1775.30,1775.30,51
Finam:AU,2022-08-25T10:55:00+03:00,1775.40,1775.80,1775.40,1775.50,85
Finam:AU,2022-08-25T10:56:00+03:00,1775.50,1775.80,1775.50,1775.70,33
Finam:AU,2022-08-25T10:57:00+03:00,1775.70,1775.90,1775.60,1775.60,61
Finam:AU,2022-08-25T10:58:00+03:00,1775.60,1775.60,1775.10,1775.40,53
Finam:AU,2022-08-25T10:59:00+03:00,1775.30,1775.50,1775.30,1775.40,28
Finam:AU,2022-08-25T11:00:00+03:00,1775.60,1775.70,1775.00,1775.40,163
Finam:AU,2022-08-25T11:01:00+03:00,1775.20,1775.20,1775.00,1775.20,45
Finam:AU,2022-08-25T11:02:00+03:00,1775.20,1775.60,1775.00,1775.10,165
Finam:AU,2022-08-25T11:03:00+03:00,1775.00,1775.40,1775.00,1775.20,65
Finam:AU,2022-08-25T11:04:00+03:00,1775.20,1775.20,1774.80,1775.00,62
Finam:AU,2022-08-25T11:05:00+03:00,1774.90,1775.40,1774.80,1775.20,106
Finam:AU,2022-08-25T11:06:00+03:00,1775.30,1775.70,1775.30,1775.60,44
Finam:AU,2022-08-25T11:07:00+03:00,1775.50,1776.10,1775.50,1775.90,88
Finam:AU,2022-08-25T11:08:00+03:00,1775.80,1775.90,1775.60,1775.80,58
Finam:AU,2022-08-25T11:09:00+03:00,1775.80,1775.90,1775.30,1775.30,58
Finam:AU,2022-08-25T11:10:00+03:00,1775.40,1775.50,1775.10,1775.40,61
Finam:AU,2022-08-25T11:11:00+03:00,1775.40,1775.60,1775.30,1775.30,27
Finam:AU,2022-08-25T11:12:00+03:00,1775.20,1775.60,1775.10,1775.60,42
Finam:AU,2022-08-25T11:13:00+03:00,1775.60,1775.90,1775.50,1775.70,82
Finam:AU,2022-08-25T11:14:00+03:00,1775.80,1776.10,1775.70,1776.00,70
Finam:AU,2022-08-25T11:15:00+03:00,1775.90,1776.00,1775.70,1775.80,55
Finam:AU,2022-08-25T11:16:00+03:00,1775.90,1776.00,1775.30,1775.30,53
Finam:AU,2022-08-25T11:17:00+03:00,1775.30,1775.40,1775.10,1775.40,72
Finam:AU,2022-08-25T11:18:00+03:00,1775.50,1775.60,1775.00,1775.00,61
Finam:AU,2022-08-25T11:19:00+03:00,1775.10,1776.30,1775.00,1776.30,157
Finam:AU,2022-08-25T11:20:00+03:00,1776.30,1776.60,1776.20,1776.40,110
Finam:AU,2022-08-25T11:21:00+03:00,1776.30,1776.60,1776.30,1776.50,37
Finam:AU,2022-08-25T11:22:00+03:00,1776.50,1776.50,1776.00,1776.20,94
Finam:AU,2022-08-25T11:23:00+03:00,1776.10,1776.80,1776.00,1776.60,192
Finam:AU,2022-08-25T11:24:00+03:00,1776.50,1776.80,1776.30,1776.80,67
Finam:AU,2022-08-25T11:25:00+03:00,1776.80,1777.00,1776.40,1776.40,144
Finam:AU,2022-08-25T11:26:00+03:00,1776.50,1776.90,1776.50,1776.90,133
Finam:AU,2022-08-25T11:27:00+03:00,1776.80,1776.90,1776.50,1776.90,96
Finam:AU,2022-08-25T11:28:00+03:00,1776.80,1777.00,1776.70,1776.80,112
Finam:AU,2022-08-25T11:29:00+03:00,1776.90,1777.20,1776.80,1776.80,121
Finam:AU,2022-08-25T11:30:00+03:00,1776.90,1777.10,1776.60,1777.10,116
Finam:AU,2022-08-25T11:31:00+03:00,1777.10,1777.40,1777.10,1777.20,196
Finam:AU,2022-08-25T11:32:00+03:00,1777.20,1777.70,1777.00,1777.60,220
Finam:AU,2022-08-25T11:33:00+03:00,1777.60,1777.80,1777.50,1777.80,106
Finam:AU,2022-08-25T11:34:00+03:00,1777.70,1778.10,1777.70,1778.00,279
Finam:AU,2022-08-25T11:35:00+03:00,1778.00,1778.30,1777.70,1777.70,156
Finam:AU,2022-08-25T11:36:00+03:00,1777.70,1778.00,1777.30,1777.80,210
Finam:AU,2022-08-25T11:37:00+03:00,1777.60,1777.90,1777.30,1777.80,99
Finam:AU,2022-08-25T11:38:00+03:00,1777.70,1777.80,1777.40,1777.60,52
Finam:AU,2022-08-25T11:39:00+03:00,1777.60,1777.70,1777.20,1777.30,135
Finam:AU,2022-08-25T11:40:00+03:00,1777.30,1777.50,1777.10,1777.30,150
Finam:AU,2022-08-25T11:41:00+03:00,1777.30,1777.70,1777.30,1777.40,100
Finam:AU,2022-08-25T11:42:00+03:00,1777.50,1777.50,1777.30,1777.30,49
Finam:AU,2022-08-25T11:43:00+03:00,1777.20,1777.20,1776.80,1776.80,50
Finam:AU,2022-08-25T11:44:00+03:00,1776.80,1776.90,1776.60,1776.70,70
Finam:AU,2022-08-25T11:45:00+03:00,1776.70,1777.00,1776.60,1776.80,74
Finam:AU,2022-08-25T11:46:00+03:00,1776.90,1777.00,1776.80,1777.00,61
Finam:AU,2022-08-25T11:47:00+03:00,1776.90,1777.00,1776.70,1777.00,53
Finam:AU,2022-08-25T11:48:00+03:00,1777.00,1777.00,1776.70,1776.90,38
Finam:AU,2022-08-25T11:49:00+03:00,1776.80,1776.80,1776.60,1776.60,40
Finam:AU,2022-08-25T11:50:00+03:00,1776.70,1776.70,1776.20,1776.30,93
Finam:AU,2022-08-25T11:51:00+03:00,1776.30,1776.30,1775.70,1775.80,129
Finam:AU,2022-08-25T11:52:00+03:00,1775.80,1775.90,1775.60,1775.70,85
Finam:AU,2022-08-25T11:53:00+03:00,1775.60,1775.70,1775.40,1775.50,107
Finam:AU,2022-08-25T11:54:00+03:00,1775.40,1775.40,1775.10,1775.40,49
Finam:AU,2022-08-25T11:55:00+03:00,1775.30,1775.60,1775.30,1775.50,43
Finam:AU,2022-08-25T11:56:00+03:00,1775.60,1775.70,1775.40,1775.60,93
Finam:AU,2022-08-25T11:57:00+03:00,1775.60,1776.10,1775.50,1775.90,138
Finam:AU,2022-08-25T11:58:00+03:00,1775.90,1776.00,1775.60,1775.60,73
Finam:AU,2022-08-25T11:59:00+03:00,1775.70,1775.80,1775.50,1775.60,58
Finam:AU,2022-08-25T12:00:00+03:00,1775.70,1776.00,1775.60,1776.00,59
Finam:AU,2022-08-25T12:01:00+03:00,1775.90,1776.40,1775.70,1776.40,67
Finam:AU,2022-08-25T12:02:00+03:00,1776.40,1777.30,1776.40,1777.10,92
Finam:AU,2022-08-25T12:03:00+03:00,1777.20,1777.20,1776.80,1777.00,72
Finam:AU,2022-08-25T12:04:00+03:00,1776.90,1777.10,1776.50,1776.70,73
Finam:AU,2022-08-25T12:05:00+03:00,1776.80,1777.00,1776.20,1777.00,147
Finam:AU,2022-08-25T12:06:00+03:00,1777.10,1777.10,1776.80,1776.80,30
Finam:AU,2022-08-25T12:07:00+03:00,1776.80,1776.80,1776.60,1776.80,30
Finam:AU,2022-08-25T12:08:00+03:00,1776.70,1777.00,1776.70,1776.70,45
Finam:AU,2022-08-25T12:09:00+03:00,1776.70,1776.70,1776.50,1776.60,31
Finam:AU,2022-08-25T12:10:00+03:00,1776.60,1776.70,1776.40,1776.40,44
Finam:AU,2022-08-25T12:11:00+03:00,1776.40,1776.50,1776.40,1776.50,24
Finam:AU,2022-08-25T12:12:00+03:00,1776.60,1776.70,1776.40,1776.50,121
Finam:AU,2022-08-25T12:13:00+03:00,1776.60,1777.00,1776.50,1776.90,162
Finam:AU,2022-08-25T12:14:00+03:00,1776.90,1777.20,1776.80,1777.20,131
Finam:AU,2022-08-25T12:15:00+03:00,1777.20,1777.60,1777.20,1777.30,102
Finam:AU,2022-08-25T12:16:00+03:00,1777.30,1777.30,1776.90,1777.10,44
Finam:AU,2022-08-25T12:17:00+03:00,1777.10,1777.10,1777.00,1777.10,43
Finam:AU,2022-08-25T12:18:00+03:00,1777.10,1778.00,1777.00,1777.90,215
Finam:AU,2022-08-25T12:19:00+03:00,1777.90,1778.20,1777.80,1778.00,145
Finam:AU,2022-08-25T12:20:00+03:00,1778.00,1778.20,1778.00,1778.10,68
Finam:AU,2022-08-25T12:21:00+03:00,1778.10,1778.30,1778.00,1778.10,53
Finam:AU,2022-08-25T12:22:00+03:00,1778.20,1778.20,1777.40,1777.50,204
Finam:AU,2022-08-25T12:23:00+03:00,1777.50,1777.90,1777.50,1777.90,85
Finam:AU,2022-08-25T12:24:00+03:00,1777.70,1778.00,1777.60,1777.70,95
Finam:AU,2022-08-25T12:25:00+03:00,1777.70,1777.90,1777.60,1777.70,66
Finam:AU,2022-08-25T12:26:00+03:00,1777.80,1777.80,1777.40,1777.70,45
Finam:AU,2022-08-25T12:27:00+03:00,1777.60,1777.70,1777.50,1777.60,51
Finam:AU,2022-08-25T12:28:00+03:00,1777.50,1777.60,1777.20,1777.20,137
Finam:AU,2022-08-25T12:29:00+03:00,1777.30,1777.40,1776.80,1776.90,189
Finam:AU,2022-08-25T12:30:00+03:00,1776.90,1777.10,1776.80,1776.80,139
Finam:AU,2022-08-25T12:31:00+03:00,1776.90,1776.90,1775.80,1776.30,328
Finam:AU,2022-08-25T12:32:00+03:00,1776.30,1776.80,1776.20,1776.20,210
Finam:AU,2022-08-25T12:33:00+03:00,1776.30,1776.80,1776.30,1776.50,99
Finam:AU,2022-08-25T12:34:00+03:00,1776.60,1776.80,1776.30,1776.30,93
Finam:AU,2022-08-25T12:35:00+03:00,1776.30,1776.50,1776.00,1776.30,72
Finam:AU,2022-08-25T12:36:00+03:00,1776.30,1776.80,1776.30,1776.60,75
Finam:AU,2022-08-25T12:37:00+03:00,1776.60,1776.90,1776.60,1776.70,47
Finam:AU,2022-08-25T12:38:00+03:00,1776.80,1776.80,1776.30,1776.60,75
Finam:AU,2022-08-25T12:39:00+03:00,1776.50,1777.00,1776.50,1776.80,43
Finam:AU,2022-08-25T12:40:00+03:00,1776.80,1777.30,1776.80,1777.20,75
Finam:AU,2022-08-25T12:41:00+03:00,1777.30,1778.10,1777.30,1777.90,144
Finam:AU,2022-08-25T12:42:00+03:00,1777.90,1778.30,1777.90,1778.10,122
Finam:AU,2022-08-25T12:43:00+03:00,1778.10,1778.10,1777.70,1778.00,53
Finam:AU,2022-08-25T12:44:00+03:00,1777.80,1778.00,1777.50,1777.90,51
Finam:AU,2022-08-25T12:45:00+03:00,1777.80,1777.90,1777.70,1777.70,52
Finam:AU,2022-08-25T12:46:00+03:00,1777.80,1777.90,1777.70,1777.90,35
Finam:AU,2022-08-25T12:47:00+03:00,1777.80,1778.30,1777.80,1778.10,99
Finam:AU,2022-08-25T12:48:00+03:00,1778.10,1778.30,1777.80,1778.30,44
Finam:AU,2022-08-25T12:49:00+03:00,1778.30,1778.50,1778.00,1778.10,93
Finam:AU,2022-08-25T12:50:00+03:00,1778.00,1778.40,1778.00,1778.20,48
Finam:AU,2022-08-25T12:51:00+03:00,1778.20,1778.20,1777.40,1777.60,64
Finam:AU,2022-08-25T12:52:00+03:00,1777.70,1777.70,1777.50,1777.50,43
Finam:AU,2022-08-25T12:53:00+03:00,1777.60,1777.70,1777.30,1777.40,32
Finam:AU,2022-08-25T12:54:00+03:00,1777.40,1777.50,1777.00,1777.10,63
Finam:AU,2022-08-25T12:55:00+03:00,1777.10,1777.10,1776.80,1776.80,54
Finam:AU,2022-08-25T12:56:00+03:00,1776.80,1777.10,1776.70,1777.00,66
Finam:AU,2022-08-25T12:57:00+03:00,1777.10,1777.10,1776.80,1776.80,15
Finam:AU,2022-08-25T12:58:00+03:00,1776.70,1777.10,1776.70,1777.00,80
Finam:AU,2022-08-25T12:59:00+03:00,1776.90,1777.00,1776.50,1776.60,34
Finam:AU,2022-08-25T13:00:00+03:00,1776.60,1776.90,1776.50,1776.60,74
Finam:AU,2022-08-25T13:01:00+03:00,1776.70,1776.70,1776.60,1776.70,20
Finam:AU,2022-08-25T13:02:00+03:00,1776.60,1776.90,1776.20,1776.20,124
Finam:AU,2022-08-25T13:03:00+03:00,1776.00,1776.20,1775.90,1776.20,69
Finam:AU,2022-08-25T13:04:00+03:00,1776.20,1776.30,1775.90,1776.00,51
Finam:AU,2022-08-25T13:05:00+03:00,1776.00,1776.20,1775.90,1775.90,66
Finam:AU,2022-08-25T13:06:00+03:00,1776.00,1776.40,1775.90,1775.90,62
Finam:AU,2022-08-25T13:07:00+03:00,1775.90,1775.90,1775.70,1775.70,66
Finam:AU,2022-08-25T13:08:00+03:00,1775.70,1776.20,1775.70,1776.10,117
Finam:AU,2022-08-25T13:09:00+03:00,1776.20,1776.60,1776.20,1776.40,98
Finam:AU,2022-08-25T13:10:00+03:00,1776.30,1776.30,1776.00,1776.20,65
Finam:AU,2022-08-25T13:11:00+03:00,1776.20,1776.20,1776.00,1776.00,25
Finam:AU,2022-08-25T13:12:00+03:00,1776.00,1776.00,1775.60,1775.90,95
Finam:AU,2022-08-25T13:13:00+03:00,1775.90,1775.90,1775.70,1775.80,29
Finam:AU,2022-08-25T13:14:00+03:00,1775.90,1776.50,1775.90,1776.20,91
Finam:AU,2022-08-25T13:15:00+03:00,1776.20,1776.30,1776.00,1776.30,26
Finam:AU,2022-08-25T13:16:00+03:00,1776.30,1776.30,1776.00,1776.00,52
Finam:AU,2022-08-25T13:17:00+03:00,1776.10,1776.20,1776.00,1776.20,31
Finam:AU,2022-08-25T13:18:00+03:00,1776.30,1776.40,1776.00,1776.00,33
Finam:AU,2022-08-25T13:19:00+03:00,1776.10,1776.20,1775.40,1775.60,89
Finam:AU,2022-08-25T13:20:00+03:00,1775.70,1776.20,1775.70,1776.10,89
Finam:AU,2022-08-25T13:21:00+03:00,1776.10,1776.40,1776.10,1776.30,38
Finam:AU,2022-08-25T13:22:00+03:00,1776.30,1776.50,1776.30,1776.40,42
Finam:AU,2022-08-25T13:23:00+03:00,1776.40,1776.40,1776.10,1776.20,15
Finam:AU,2022-08-25T13:24:00+03:00,1776.10,1776.40,1776.00,1776.20,66
Finam:AU,2022-08-25T13:25:00+03:00,1776.20,1776.20,1775.40,1775.50,87
Finam:AU,2022-08-25T13:26:00+03:00,1775.50,1776.00,1775.10,1775.90,137
Finam:AU,2022-08-25T13:27:00+03:00,1775.90,1776.00,1775.80,1775.90,33
Finam:AU,2022-08-25T13:28:00+03:00,1775.90,1776.10,1775.70,1776.00,36
Finam:AU,2022-08-25T13:29:00+03:00,1776.10,1776.10,1775.90,1776.00,27
Finam:AU,2022-08-25T13:30:00+03:00,1775.90,1775.90,1775.60,1775.80,22
Finam:AU,2022-08-25T13:31:00+03:00,1775.80,1775.80,1775.30,1775.50,143
Finam:AU,2022-08-25T13:32:00+03:00,1775.60,1775.60,1775.10,1775.10,118
Finam:AU,2022-08-25T13:33:00+03:00,1775.10,1775.20,1775.10,1775.20,21
Finam:AU,2022-08-25T13:34:00+03:00,1775.30,1775.80,1775.30,1775.70,76
Finam:AU,2022-08-25T13:35:00+03:00,1775.60,1775.70,1775.40,1775.60,47
Finam:AU,2022-08-25T13:36:00+03:00,1775.60,1775.70,1775.50,1775.50,19
Finam:AU,2022-08-25T13:37:00+03:00,1775.50,1775.80,1775.40,1775.40,66
Finam:AU,2022-08-25T13:38:00+03:00,1775.30,1775.60,1775.30,1775.50,38
Finam:AU,2022-08-25T13:39:00+03:00,1775.40,1775.50,1775.20,1775.40,70
Finam:AU,2022-08-25T13:40:00+03:00,1775.40,1775.50,1775.20,1775.20,29
Finam:AU,2022-08-25T13:41:00+03:00,1775.20,1775.50,1775.20,1775.40,28
Finam:AU,2022-08-25T13:42:00+03:00,1775.40,1775.50,1775.10,1775.20,40
Finam:AU,2022-08-25T13:43:00+03:00,1775.20,1776.30,1775.10,1776.30,211
Finam:AU,2022-08-25T13:44:00+03:00,1776.20,1776.30,1776.10,1776.20,43
Finam:AU,2022-08-25T13:45:00+03:00,1776.20,1776.50,1776.20,1776.30,65
Finam:AU,2022-08-25T13:46:00+03:00,1776.30,1776.40,1775.80,1775.90,140
Finam:AU,2022-08-25T13:47:00+03:00,1775.90,1775.90,1775.60,1775.60,26
Finam:AU,2022-08-25T13:48:00+03:00,1775.70,1775.70,1775.20,1775.30,39
Finam:AU,2022-08-25T13:49:00+03:00,1775.30,1775.60,1775.20,1775.50,45
Finam:AU,2022-08-25T13:50:00+03:00,1775.50,1775.60,1775.50,1775.50,19
Finam:AU,2022-08-25T13:51:00+03:00,1775.50,1775.50,1775.30,1775.40,42
Finam:AU,2022-08-25T13:52:00+03:00,1775.50,1775.80,1775.50,1775.70,20
Finam:AU,2022-08-25T13:53:00+03:00,1775.80,1776.10,1775.70,1776.10,71
Finam:AU,2022-08-25T13:54:00+03:00,1776.10,1776.10,1775.90,1776.00,47
Finam:AU,2022-08-25T13:55:00+03:00,1776.00,1776.60,1776.00,1776.30,178
Finam:AU,2022-08-25T13:56:00+03:00,1776.40,1776.80,1776.40,1776.50,58
Finam:AU,2022-08-25T13:57:00+03:00,1776.50,1776.80,1776.50,1776.50,68
Finam:AU,2022-08-25T13:58:00+03:00,1776.50,1776.80,1776.40,1776.40,124
Finam:AU,2022-08-25T13:59:00+03:00,1776.30,1776.50,1775.80,1775.80,110
Finam:AU,2022-08-25T14:00:00+03:00,1775.90,1775.90,1775.40,1775.40,78
Finam:AU,2022-08-25T14:01:00+03:00,1775.40,1775.60,1775.20,1775.20,73
Finam:AU,2022-08-25T14:02:00+03:00,1775.30,1775.60,1775.20,1775.60,53
Finam:AU,2022-08-25T14:03:00+03:00,1775.60,1775.90,1775.60,1775.80,33
Finam:AU,2022-08-25T14:04:00+03:00,1775.80,1775.90,1775.70,1775.90,43
Finam:AU,2022-08-25T14:05:00+03:00,1775.90,1775.90,1775.70,1775.70,40
Finam:AU,2022-08-25T14:06:00+03:00,1775.80,1777.00,1775.80,1776.90,312
Finam:AU,2022-08-25T14:07:00+03:00,1776.90,1777.20,1776.90,1777.00,87
Finam:AU,2022-08-25T14:08:00+03:00,1777.00,1777.10,1776.90,1777.00,37
Finam:AU,2022-08-25T14:09:00+03:00,1777.10,1777.30,1777.10,1777.30,41
Finam:AU,2022-08-25T14:10:00+03:00,1777.30,1777.70,1777.20,1777.60,155
Finam:AU,2022-08-25T14:11:00+03:00,1777.50,1777.70,1777.40,1777.70,94
Finam:AU,2022-08-25T14:12:00+03:00,1777.70,1777.70,1777.40,1777.60,52
Finam:AU,2022-08-25T14:13:00+03:00,1777.60,1778.20,1777.60,1778.10,88
Finam:AU,2022-08-25T14:14:00+03:00,1778.20,1778.30,1778.10,1778.20,58
Finam:AU,2022-08-25T14:15:00+03:00,1778.30,1778.50,1778.00,1778.50,131
Finam:AU,2022-08-25T14:16:00+03:00,1778.60,1778.80,1778.10,1778.30,255
Finam:AU,2022-08-25T14:17:00+03:00,1778.30,1778.30,1777.70,1777.70,93
Finam:AU,2022-08-25T14:18:00+03:00,1777.70,1778.00,1777.50,1778.00,64
Finam:AU,2022-08-25T14:19:00+03:00,1777.90,1778.40,1777.90,1778.00,59
Finam:AU,2022-08-25T14:20:00+03:00,1778.00,1778.00,1777.50,1777.60,46
Finam:AU,2022-08-25T14:21:00+03:00,1777.60,1778.10,1777.60,1778.10,52
Finam:AU,2022-08-25T14:22:00+03:00,1778.20,1778.20,1777.80,1777.90,70
Finam:AU,2022-08-25T14:23:00+03:00,1778.00,1778.20,1777.20,1777.30,102
Finam:AU,2022-08-25T14:24:00+03:00,1777.20,1777.80,1777.10,1777.60,107
Finam:AU,2022-08-25T14:25:00+03:00,1777.70,1777.80,1777.40,1777.40,100
Finam:AU,2022-08-25T14:26:00+03:00,1777.40,1777.40,1777.40,1777.40,24
Finam:AU,2022-08-25T14:27:00+03:00,1777.50,1777.70,1776.70,1776.90,165
Finam:AU,2022-08-25T14:28:00+03:00,1776.80,1777.10,1776.70,1777.10,76
Finam:AU,2022-08-25T14:29:00+03:00,1777.10,1777.50,1777.10,1777.40,74
Finam:AU,2022-08-25T14:30:00+03:00,1777.40,1777.50,1776.90,1776.90,57
Finam:AU,2022-08-25T14:31:00+03:00,1776.90,1777.20,1776.90,1777.10,45
Finam:AU,2022-08-25T14:32:00+03:00,1777.20,1777.30,1776.90,1777.00,38
Finam:AU,2022-08-25T14:33:00+03:00,1777.10,1777.10,1776.60,1776.70,63
Finam:AU,2022-08-25T14:34:00+03:00,1776.80,1777.10,1776.70,1777.10,63
Finam:AU,2022-08-25T14:35:00+03:00,1777.20,1777.30,1776.90,1776.90,55
Finam:AU,2022-08-25T14:36:00+03:00,1776.90,1777.00,1776.60,1776.70,43
Finam:AU,2022-08-25T14:37:00+03:00,1776.80,1777.00,1776.70,1776.90,63
Finam:AU,2022-08-25T14:38:00+03:00,1777.10,1777.10,1776.70,1776.90,22
Finam:AU,2022-08-25T14:39:00+03:00,1776.90,1776.90,1776.80,1776.90,8
Finam:AU,2022-08-25T14:40:00+03:00,1776.80,1777.10,1776.70,1777.10,59
Finam:AU,2022-08-25T14:41:00+03:00,1777.00,1778.30,1777.00,1778.20,173
Finam:AU,2022-08-25T14:42:00+03:00,1778.20,1778.20,1777.80,1778.10,129
Finam:AU,2022-08-25T14:43:00+03:00,1778.20,1778.50,1778.00,1778.00,117
Finam:AU,2022-08-25T14:44:00+03:00,1778.20,1778.20,1778.00,1778.10,63
Finam:AU,2022-08-25T14:45:00+03:00,1778.20,1778.20,1778.00,1778.10,112
Finam:AU,2022-08-25T14:46:00+03:00,1778.00,1778.40,1777.90,1778.30,63
Finam:AU,2022-08-25T14:47:00+03:00,1778.40,1778.70,1778.30,1778.30,158
Finam:AU,2022-08-25T14:48:00+03:00,1778.30,1778.40,1778.00,1778.00,48
Finam:AU,2022-08-25T14:49:00+03:00,1778.00,1778.00,1777.80,1777.80,24
Finam:AU,2022-08-25T14:50:00+03:00,1777.90,1777.90,1777.10,1777.10,71
Finam:AU,2022-08-25T14:51:00+03:00,1777.10,1777.20,1776.50,1776.60,91
Finam:AU,2022-08-25T14:52:00+03:00,1776.60,1776.70,1776.50,1776.60,148
Finam:AU,2022-08-25T14:53:00+03:00,1776.50,1776.50,1776.10,1776.30,50
Finam:AU,2022-08-25T14:54:00+03:00,1776.30,1776.30,1776.00,1776.10,62
Finam:AU,2022-08-25T14:55:00+03:00,1776.20,1776.70,1776.00,1776.30,103
Finam:AU,2022-08-25T14:56:00+03:00,1776.30,1776.30,1775.90,1776.10,42
Finam:AU,2022-08-25T14:57:00+03:00,1776.10,1776.20,1775.80,1775.90,77
Finam:AU,2022-08-25T14:58:00+03:00,1776.00,1776.20,1775.80,1776.00,68
Finam:AU,2022-08-25T14:59:00+03:00,1776.00,1776.20,1775.70,1775.70,44
Finam:AU,2022-08-25T15:00:00+03:00,1775.70,1775.90,1775.20,1775.30,179
Finam:AU,2022-08-25T15:01:00+03:00,1775.20,1775.60,1775.20,1775.30,63
Finam:AU,2022-08-25T15:02:00+03:00,1775.20,1775.80,1775.20,1775.70,83
Finam:AU,2022-08-25T15:03:00+03:00,1775.80,1776.00,1775.80,1775.80,116
Finam:AU,2022-08-25T15:04:00+03:00,1775.80,1776.00,1774.60,1774.70,345
Finam:AU,2022-08-25T15:05:00+03:00,1774.70,1774.80,1774.40,1774.50,136
Finam:AU,2022-08-25T15:06:00+03:00,1774.50,1774.80,1774.20,1774.70,198
Finam:AU,2022-08-25T15:07:00+03:00,1774.70,1775.00,1774.20,1774.20,95
Finam:AU,2022-08-25T15:08:00+03:00,1774.10,1774.40,1773.80,1774.10,148
Finam:AU,2022-08-25T15:09:00+03:00,1774.10,1774.60,1774.10,1774.40,112
Finam:AU,2022-08-25T15:10:00+03:00,1774.40,1774.50,1774.10,1774.20,62
Finam:AU,2022-08-25T15:11:00+03:00,1774.30,1774.60,1774.00,1774.00,58
Finam:AU,2022-08-25T15:12:00+03:00,1774.00,1774.30,1773.80,1774.00,69
Finam:AU,2022-08-25T15:13:00+03:00,1774.00,1774.00,1773.80,1773.80,54
Finam:AU,2022-08-25T15:14:00+03:00,1773.90,1773.90,1773.40,1773.50,197
Finam:AU,2022-08-25T15:15:00+03:00,1773.50,1774.00,1773.20,1773.40,149
Finam:AU,2022-08-25T15:16:00+03:00,1773.30,1773.40,1772.80,1772.80,218
Finam:AU,2022-08-25T15:17:00+03:00,1772.90,1773.10,1772.90,1773.00,77
Finam:AU,2022-08-25T15:18:00+03:00,1773.00,1773.10,1772.60,1772.90,137
Finam:AU,2022-08-25T15:19:00+03:00,1772.90,1773.40,1772.80,1773.20,93
Finam:AU,2022-08-25T15:20:00+03:00,1773.10,1774.20,1773.00,1773.60,452
Finam:AU,2022-08-25T15:21:00+03:00,1773.70,1774.60,1773.70,1774.30,192
Finam:AU,2022-08-25T15:22:00+03:00,1774.30,1774.30,1773.50,1773.70,131
Finam:AU,2022-08-25T15:23:00+03:00,1773.80,1774.30,1773.60,1774.30,183
Finam:AU,2022-08-25T15:24:00+03:00,1774.20,1774.40,1773.60,1773.60,317
Finam:AU,2022-08-25T15:25:00+03:00,1773.60,1773.70,1773.20,1773.40,228
Finam:AU,2022-08-25T15:26:00+03:00,1773.40,1773.60,1773.00,1773.20,92
Finam:AU,2022-08-25T15:27:00+03:00,1773.30,1773.80,1773.10,1773.60,137
Finam:AU,2022-08-25T15:28:00+03:00,1773.70,1774.20,1773.70,1774.10,156
Finam:AU,2022-08-25T15:29:00+03:00,1774.10,1774.30,1773.60,1773.70,132
Finam:AU,2022-08-25T15:30:00+03:00,1773.70,1773.90,1771.20,1771.70,1050
Finam:AU,2022-08-25T15:31:00+03:00,1771.70,1772.20,1771.20,1772.10,448
Finam:AU,2022-08-25T15:32:00+03:00,1772.10,1772.20,1770.80,1771.00,510
Finam:AU,2022-08-25T15:33:00+03:00,1770.90,1771.10,1770.00,1771.10,686
Finam:AU,2022-08-25T15:34:00+03:00,1771.20,1772.30,1771.10,1772.10,341
Finam:AU,2022-08-25T15:35:00+03:00,1772.10,1772.10,1771.50,1771.80,157
Finam:AU,2022-08-25T15:36:00+03:00,1771.80,1772.60,1771.00,1771.00,247
Finam:AU,2022-08-25T15:37:00+03:00,1771.00,1771.70,1771.00,1771.50,153
Finam:AU,2022-08-25T15:38:00+03:00,1771.40,1771.40,1770.70,1771.20,205
Finam:AU,2022-08-25T15:39:00+03:00,1771.20,1771.50,1770.90,1771.20,134
Finam:AU,2022-08-25T15:40:00+03:00,1771.20,1772.10,1771.00,1771.70,235
Finam:AU,2022-08-25T15:41:00+03:00,1771.90,1771.90,1771.30,1771.50,181
Finam:AU,2022-08-25T15:42:00+03:00,1771.40,1771.70,1771.10,1771.20,101
Finam:AU,2022-08-25T15:43:00+03:00,1771.30,1772.60,1771.20,1772.50,204
Finam:AU,2022-08-25T15:44:00+03:00,1772.60,1772.60,1772.10,1772.40,113
Finam:AU,2022-08-25T15:45:00+03:00,1772.30,1772.60,1771.80,1772.50,137
Finam:AU,2022-08-25T15:46:00+03:00,1772.40,1772.50,1771.50,1771.90,186
Finam:AU,2022-08-25T15:47:00+03:00,1771.80,1772.00,1771.60,1771.70,74
Finam:AU,2022-08-25T15:48:00+03:00,1771.80,1771.90,1771.30,1771.30,114
Finam:AU,2022-08-25T15:49:00+03:00,1771.30,1771.60,1771.10,1771.30,85
Finam:AU,2022-08-25T15:50:00+03:00,1771.40,1772.20,1771.10,1772.00,156
Finam:AU,2022-08-25T15:51:00+03:00,1772.00,1772.30,1771.80,1772.20,148
Finam:AU,2022-08-25T15:52:00+03:00,1772.20,1773.00,1772.00,1772.80,236
Finam:AU,2022-08-25T15:53:00+03:00,1772.80,1773.30,1772.70,1773.00,141
Finam:AU,2022-08-25T15:54:00+03:00,1773.00,1773.00,1772.50,1772.80,124
Finam:AU,2022-08-25T15:55:00+03:00,1772.80,1773.20,1772.60,1773.10,147
Finam:AU,2022-08-25T15:56:00+03:00,1773.00,1773.70,1772.80,1773.50,335
Finam:AU,2022-08-25T15:57:00+03:00,1773.50,1773.50,1772.90,1773.00,180
Finam:AU,2022-08-25T15:58:00+03:00,1772.90,1773.10,1772.80,1773.00,146
Finam:AU,2022-08-25T15:59:00+03:00,1772.90,1773.40,1772.80,1773.10,148
Finam:AU,2022-08-25T16:00:00+03:00,1773.10,1773.80,1773.00,1773.70,311
Finam:AU,2022-08-25T16:01:00+03:00,1773.70,1774.70,1773.40,1774.70,347
Finam:AU,2022-08-25T16:02:00+03:00,1774.70,1774.70,1773.30,1773.40,260
Finam:AU,2022-08-25T16:03:00+03:00,1773.50,1773.60,1773.00,1773.00,151
Finam:AU,2022-08-25T16:04:00+03:00,1772.90,1773.00,1772.40,1772.80,211
Finam:AU,2022-08-25T16:05:00+03:00,1772.80,1773.00,1772.50,1772.50,124
Finam:AU,2022-08-25T16:06:00+03:00,1772.50,1773.30,1772.50,1773.30,197
Finam:AU,2022-08-25T16:07:00+03:00,1773.30,1773.60,1772.60,1772.60,137
Finam:AU,2022-08-25T16:08:00+03:00,1772.60,1772.70,1771.80,1771.90,123
Finam:AU,2022-08-25T16:09:00+03:00,1771.80,1772.50,1771.50,1772.40,233
Finam:AU,2022-08-25T16:10:00+03:00,1772.40,1772.60,1771.70,1772.50,245
Finam:AU,2022-08-25T16:11:00+03:00,1772.50,1773.10,1772.40,1772.50,217
Finam:AU,2022-08-25T16:12:00+03:00,1772.50,1773.40,1772.50,1773.10,107
Finam:AU,2022-08-25T16:13:00+03:00,1773.10,1773.40,1772.90,1773.20,110
Finam:AU,2022-08-25T16:14:00+03:00,1773.30,1773.60,1773.00,1773.20,82
Finam:AU,2022-08-25T16:15:00+03:00,1773.20,1773.50,1773.00,1773.10,129
Finam:AU,2022-08-25T16:16:00+03:00,1773.20,1773.60,1772.80,1773.20,150
Finam:AU,2022-08-25T16:17:00+03:00,1773.40,1773.40,1773.00,1773.00,93
Finam:AU,2022-08-25T16:18:00+03:00,1773.10,1773.10,1772.20,1772.70,184
Finam:AU,2022-08-25T16:19:00+03:00,1772.70,1773.00,1772.40,1772.80,138
Finam:AU,2022-08-25T16:20:00+03:00,1772.80,1773.20,1772.70,1773.10,102
Finam:AU,2022-08-25T16:21:00+03:00,1773.20,1774.10,1773.10,1773.80,228
Finam:AU,2022-08-25T16:22:00+03:00,1773.80,1774.10,1773.00,1773.20,246
Finam:AU,2022-08-25T16:23:00+03:00,1773.30,1773.30,1772.90,1772.90,119
Finam:AU,2022-08-25T16:24:00+03:00,1772.90,1772.90,1772.60,1772.60,174
Finam:AU,2022-08-25T16:25:00+03:00,1772.50,1773.00,1772.40,1772.80,113
Finam:AU,2022-08-25T16:26:00+03:00,1772.70,1773.10,1772.70,1773.00,56
Finam:AU,2022-08-25T16:27:00+03:00,1772.90,1772.90,1772.20,1772.50,94
Finam:AU,2022-08-25T16:28:00+03:00,1772.50,1772.60,1772.20,1772.20,60
Finam:AU,2022-08-25T16:29:00+03:00,1772.20,1772.80,1772.10,1772.80,84
Finam:AU,2022-08-25T16:30:00+03:00,1772.80,1773.00,1771.80,1772.10,197
Finam:AU,2022-08-25T16:31:00+03:00,1772.10,1772.50,1771.20,1771.40,231
Finam:AU,2022-08-25T16:32:00+03:00,1771.40,1771.40,1770.50,1771.00,287
Finam:AU,2022-08-25T16:33:00+03:00,1770.90,1771.60,1770.70,1771.50,187
Finam:AU,2022-08-25T16:34:00+03:00,1771.40,1771.50,1770.50,1770.80,162
Finam:AU,2022-08-25T16:35:00+03:00,1770.90,1771.20,1770.40,1770.90,162
Finam:AU,2022-08-25T16:36:00+03:00,1771.00,1771.20,1770.60,1770.70,140
Finam:AU,2022-08-25T16:37:00+03:00,1770.70,1770.70,1770.10,1770.30,260
Finam:AU,2022-08-25T16:38:00+03:00,1770.30,1770.50,1769.30,1769.60,531
Finam:AU,2022-08-25T16:39:00+03:00,1769.60,1769.90,1768.40,1768.80,528
Finam:AU,2022-08-25T16:40:00+03:00,1768.80,1768.90,1767.80,1768.10,816
Finam:AU,2022-08-25T16:41:00+03:00,1768.20,1768.30,1766.90,1767.30,774
Finam:AU,2022-08-25T16:42:00+03:00,1767.40,1767.90,1767.00,1767.70,464
Finam:AU,2022-08-25T16:43:00+03:00,1767.70,1768.50,1767.70,1768.40,521
Finam:AU,2022-08-25T16:44:00+03:00,1768.40,1768.50,1767.70,1767.90,414
Finam:AU,2022-08-25T16:45:00+03:00,1768.10,1768.10,1767.20,1767.50,490
Finam:AU,2022-08-25T16:46:00+03:00,1767.40,1767.90,1767.20,1767.50,282
Finam:AU,2022-08-25T16:47:00+03:00,1767.50,1768.20,1767.40,1768.20,302
Finam:AU,2022-08-25T16:48:00+03:00,1768.30,1768.60,1767.60,1767.60,244
Finam:AU,2022-08-25T16:49:00+03:00,1767.50,1767.90,1766.50,1766.80,430
Finam:AU,2022-08-25T16:50:00+03:00,1766.80,1767.90,1766.60,1767.10,299
Finam:AU,2022-08-25T16:51:00+03:00,1767.00,1767.40,1766.90,1767.10,164
Finam:AU,2022-08-25T16:52:00+03:00,1767.10,1767.40,1766.50,1767.30,234
Finam:AU,2022-08-25T16:53:00+03:00,1767.30,1767.60,1766.90,1767.50,211
Finam:AU,2022-08-25T16:54:00+03:00,1767.60,1767.80,1767.30,1767.50,177
Finam:AU,2022-08-25T16:55:00+03:00,1767.40,1767.60,1767.10,1767.40,198
Finam:AU,2022-08-25T16:56:00+03:00,1767.30,1767.70,1767.10,1767.30,354
Finam:AU,2022-08-25T16:57:00+03:00,1767.20,1767.60,1766.80,1767.40,313
Finam:AU,2022-08-25T16:58:00+03:00,1767.40,1767.80,1767.20,1767.70,160
Finam:AU,2022-08-25T16:59:00+03:00,1767.60,1767.70,1765.90,1766.20,648
Finam:AU,2022-08-25T17:00:00+03:00,1766.10,1766.80,1766.00,1766.80,396
Finam:AU,2022-08-25T17:01:00+03:00,1766.90,1768.10,1766.90,1767.50,446
Finam:AU,2022-08-25T17:02:00+03:00,1767.40,1767.50,1766.80,1767.20,345
Finam:AU,2022-08-25T17:03:00+03:00,1767.10,1767.30,1766.60,1766.80,228
Finam:AU,2022-08-25T17:04:00+03:00,1766.80,1766.80,1766.20,1766.40,192
Finam:AU,2022-08-25T17:05:00+03:00,1766.20,1766.30,1765.30,1765.50,450
Finam:AU,2022-08-25T17:06:00+03:00,1765.60,1766.40,1764.60,1766.40,458
Finam:AU,2022-08-25T17:07:00+03:00,1766.40,1767.50,1766.10,1767.40,307
Finam:AU,2022-08-25T17:08:00+03:00,1767.50,1767.50,1766.80,1767.40,266
Finam:AU,2022-08-25T17:09:00+03:00,1767.50,1768.80,1767.30,1768.40,566
Finam:AU,2022-08-25T17:10:00+03:00,1768.40,1768.80,1768.00,1768.60,267
Finam:AU,2022-08-25T17:11:00+03:00,1768.60,1768.60,1767.60,1767.80,261
Finam:AU,2022-08-25T17:12:00+03:00,1767.80,1768.60,1767.60,1768.40,208
Finam:AU,2022-08-25T17:13:00+03:00,1768.30,1768.30,1767.90,1767.90,191
Finam:AU,2022-08-25T17:14:00+03:00,1767.80,1767.80,1767.50,1767.80,142
Finam:AU,2022-08-25T17:15:00+03:00,1767.80,1768.10,1767.50,1768.10,184
Finam:AU,2022-08-25T17:16:00+03:00,1768.20,1769.00,1768.00,1768.90,198
Finam:AU,2022-08-25T17:17:00+03:00,1768.80,1768.90,1767.90,1768.20,144
Finam:AU,2022-08-25T17:18:00+03:00,1768.20,1768.90,1768.20,1768.50,99
Finam:AU,2022-08-25T17:19:00+03:00,1768.60,1768.60,1768.00,1768.00,126
Finam:AU,2022-08-25T17:20:00+03:00,1768.00,1768.30,1767.70,1768.30,160
Finam:AU,2022-08-25T17:21:00+03:00,1768.10,1768.10,1767.50,1768.10,92
Finam:AU,2022-08-25T17:22:00+03:00,1768.10,1768.90,1768.00,1768.50,123
Finam:AU,2022-08-25T17:23:00+03:00,1768.50,1769.20,1768.30,1769.10,200
Finam:AU,2022-08-25T17:24:00+03:00,1769.20,1769.60,1769.00,1769.30,189
Finam:AU,2022-08-25T17:25:00+03:00,1769.20,1769.40,1769.10,1769.30,95
Finam:AU,2022-08-25T17:26:00+03:00,1769.30,1769.30,1768.80,1769.30,189
Finam:AU,2022-08-25T17:27:00+03:00,1769.30,1769.50,1769.10,1769.10,81
Finam:AU,2022-08-25T17:28:00+03:00,1769.00,1769.40,1768.90,1769.30,92
Finam:AU,2022-08-25T17:29:00+03:00,1769.20,1769.50,1769.00,1769.10,92
Finam:AU,2022-08-25T17:30:00+03:00,1769.30,1769.80,1769.10,1769.60,165
Finam:AU,2022-08-25T17:31:00+03:00,1769.70,1769.70,1769.20,1769.50,117
Finam:AU,2022-08-25T17:32:00+03:00,1769.40,1769.80,1769.20,1769.80,106
Finam:AU,2022-08-25T17:33:00+03:00,1769.90,1769.90,1769.20,1769.30,140
Finam:AU,2022-08-25T17:34:00+03:00,1769.30,1770.50,1769.20,1770.30,197
Finam:AU,2022-08-25T17:35:00+03:00,1770.30,1770.50,1769.70,1769.90,283
Finam:AU,2022-08-25T17:36:00+03:00,1769.90,1770.10,1769.70,1769.70,124
Finam:AU,2022-08-25T17:37:00+03:00,1769.80,1770.20,1769.60,1770.00,123
Finam:AU,2022-08-25T17:38:00+03:00,1770.00,1770.20,1769.80,1770.00,158
Finam:AU,2022-08-25T17:39:00+03:00,1770.00,1770.10,1769.10,1769.50,126
Finam:AU,2022-08-25T17:40:00+03:00,1769.40,1769.50,1768.80,1769.20,66
Finam:AU,2022-08-25T17:41:00+03:00,1769.30,1769.90,1768.90,1769.70,99
Finam:AU,2022-08-25T17:42:00+03:00,1769.60,1769.90,1769.40,1769.80,88
Finam:AU,2022-08-25T17:43:00+03:00,1769.70,1769.70,1768.60,1768.60,71
Finam:AU,2022-08-25T17:44:00+03:00,1768.70,1769.40,1768.50,1769.20,243
Finam:AU,2022-08-25T17:45:00+03:00,1769.10,1769.30,1768.90,1769.10,104
Finam:AU,2022-08-25T17:46:00+03:00,1769.00,1769.40,1768.80,1769.40,119
Finam:AU,2022-08-25T17:47:00+03:00,1769.40,1769.40,1769.00,1769.20,49
Finam:AU,2022-08-25T17:48:00+03:00,1769.20,1769.40,1769.00,1769.20,77
Finam:AU,2022-08-25T17:49:00+03:00,1769.20,1769.80,1769.00,1769.70,108
Finam:AU,2022-08-25T17:50:00+03:00,1769.80,1770.40,1769.50,1769.50,189
Finam:AU,2022-08-25T17:51:00+03:00,1769.40,1769.50,1768.90,1769.20,107
Finam:AU,2022-08-25T17:52:00+03:00,1769.20,1769.40,1768.70,1769.00,86
Finam:AU,2022-08-25T17:53:00+03:00,1768.90,1768.90,1768.00,1768.20,231
Finam:AU,2022-08-25T17:54:00+03:00,1768.30,1768.90,1768.30,1768.70,70
Finam:AU,2022-08-25T17:55:00+03:00,1768.70,1768.90,1768.20,1768.90,217
Finam:AU,2022-08-25T17:56:00+03:00,1769.00,1769.00,1768.00,1768.40,396
Finam:AU,2022-08-25T17:57:00+03:00,1768.30,1768.90,1768.10,1768.90,170
Finam:AU,2022-08-25T17:58:00+03:00,1768.80,1768.80,1768.40,1768.70,95
Finam:AU,2022-08-25T17:59:00+03:00,1768.70,1769.00,1768.50,1768.90,126
Finam:AU,2022-08-25T18:00:00+03:00,1768.90,1768.90,1768.00,1768.00,136
Finam:AU,2022-08-25T18:01:00+03:00,1768.10,1768.50,1768.10,1768.30,101
Finam:AU,2022-08-25T18:02:00+03:00,1768.30,1768.40,1767.70,1768.30,128
Finam:AU,2022-08-25T18:03:00+03:00,1768.40,1768.60,1768.30,1768.60,120
Finam:AU,2022-08-25T18:04:00+03:00,1768.70,1769.00,1768.50,1768.70,177
Finam:AU,2022-08-25T18:05:00+03:00,1768.70,1768.90,1768.20,1768.20,114
Finam:AU,2022-08-25T18:06:00+03:00,1768.20,1768.20,1767.70,1768.00,117
Finam:AU,2022-08-25T18:07:00+03:00,1768.00,1768.30,1767.80,1767.90,132
Finam:AU,2022-08-25T18:08:00+03:00,1767.90,1768.60,1767.60,1768.50,115
Finam:AU,2022-08-25T18:09:00+03:00,1768.60,1768.70,1768.50,1768.70,56
Finam:AU,2022-08-25T18:10:00+03:00,1768.60,1768.60,1768.00,1768.30,90
Finam:AU,2022-08-25T18:11:00+03:00,1768.40,1768.70,1768.10,1768.50,72
Finam:AU,2022-08-25T18:12:00+03:00,1768.60,1769.60,1768.60,1769.60,672
Finam:AU,2022-08-25T18:13:00+03:00,1769.50,1769.90,1769.20,1769.80,162
Finam:AU,2022-08-25T18:14:00+03:00,1769.90,1770.70,1769.80,1770.20,239
Finam:AU,2022-08-25T18:15:00+03:00,1770.30,1770.50,1769.50,1769.50,127
Finam:AU,2022-08-25T18:16:00+03:00,1769.30,1769.30,1768.60,1769.30,106
Finam:AU,2022-08-25T18:17:00+03:00,1769.20,1769.20,1768.70,1768.80,43
Finam:AU,2022-08-25T18:18:00+03:00,1768.90,1769.30,1768.90,1769.10,49
Finam:AU,2022-08-25T18:19:00+03:00,1769.20,1769.30,1768.90,1769.10,108
Finam:AU,2022-08-25T18:20:00+03:00,1769.20,1769.20,1768.60,1769.10,42
Finam:AU,2022-08-25T18:21:00+03:00,1769.30,1769.60,1769.10,1769.10,70
Finam:AU,2022-08-25T18:22:00+03:00,1769.10,1769.50,1769.10,1769.30,68
Finam:AU,2022-08-25T18:23:00+03:00,1769.40,1769.80,1769.40,1769.40,54
Finam:AU,2022-08-25T18:24:00+03:00,1769.30,1769.40,1769.00,1769.00,65
Finam:AU,2022-08-25T18:25:00+03:00,1769.10,1769.40,1769.00,1769.20,76
Finam:AU,2022-08-25T18:26:00+03:00,1769.30,1769.90,1769.20,1769.70,70
Finam:AU,2022-08-25T18:27:00+03:00,1769.70,1769.70,1769.20,1769.30,47
Finam:AU,2022-08-25T18:28:00+03:00,1769.20,1769.30,1768.80,1768.90,45
Finam:AU,2022-08-25T18:29:00+03:00,1769.00,1769.60,1768.90,1769.40,58
Finam:AU,2022-08-25T18:30:00+03:00,1769.30,1769.50,1768.40,1768.40,125
Finam:AU,2022-08-25T18:31:00+03:00,1768.30,1769.00,1768.30,1769.00,73
Finam:AU,2022-08-25T18:32:00+03:00,1768.90,1769.00,1768.20,1768.20,88
Finam:AU,2022-08-25T18:33:00+03:00,1768.20,1768.30,1767.80,1767.90,177
Finam:AU,2022-08-25T18:34:00+03:00,1767.90,1768.20,1767.70,1768.00,112
Finam:AU,2022-08-25T18:35:00+03:00,1768.10,1768.40,1767.90,1768.10,71
Finam:AU,2022-08-25T18:36:00+03:00,1768.00,1768.50,1767.90,1768.20,101
Finam:AU,2022-08-25T18:37:00+03:00,1768.10,1768.20,1767.90,1768.20,49
Finam:AU,2022-08-25T18:38:00+03:00,1768.20,1768.60,1768.00,1768.60,85
Finam:AU,2022-08-25T18:39:00+03:00,1768.60,1768.70,1768.30,1768.30,78
Finam:AU,2022-08-25T18:40:00+03:00,1768.40,1768.70,1768.40,1768.50,48
Finam:AU,2022-08-25T18:41:00+03:00,1768.50,1768.50,1767.90,1768.10,68
Finam:AU,2022-08-25T18:42:00+03:00,1768.10,1768.10,1768.00,1768.10,22
Finam:AU,2022-08-25T18:43:00+03:00,1768.20,1768.20,1768.10,1768.10,21
Finam:AU,2022-08-25T18:44:00+03:00,1768.20,1768.20,1767.80,1767.80,61
Finam:AU,2022-08-25T18:45:00+03:00,1767.80,1767.90,1767.50,1767.50,90
Finam:AU,2022-08-25T18:46:00+03:00,1767.60,1767.90,1767.30,1767.40,132
Finam:AU,2022-08-25T18:47:00+03:00,1767.50,1768.20,1767.50,1767.90,129
Finam:AU,2022-08-25T18:48:00+03:00,1767.90,1767.90,1767.40,1767.40,103
Finam:AU,2022-08-25T18:49:00+03:00,1767.60,1767.70,1767.50,1767.50,81
Finam:AU,2022-08-25T18:50:00+03:00,1767.40,1767.50,1767.30,1767.40,77
Finam:AU,2022-08-25T18:51:00+03:00,1767.40,1767.50,1767.30,1767.40,35
Finam:AU,2022-08-25T18:52:00+03:00,1767.50,1767.80,1767.50,1767.70,61
Finam:AU,2022-08-25T18:53:00+03:00,1767.70,1767.80,1767.40,1767.80,67
Finam:AU,2022-08-25T18:54:00+03:00,1767.80,1768.10,1767.70,1767.70,62
Finam:AU,2022-08-25T18:55:00+03:00,1767.70,1767.70,1767.30,1767.50,53
Finam:AU,2022-08-25T18:56:00+03:00,1767.60,1767.60,1767.20,1767.30,46
Finam:AU,2022-08-25T18:57:00+03:00,1767.30,1767.50,1767.20,1767.40,60
Finam:AU,2022-08-25T18:58:00+03:00,1767.50,1768.20,1767.50,1768.10,93
Finam:AU,2022-08-25T18:59:00+03:00,1768.10,1768.40,1768.10,1768.30,147
Finam:AU,2022-08-25T19:00:00+03:00,1768.20,1768.30,1768.00,1768.10,102
Finam:AU,2022-08-25T19:01:00+03:00,1768.10,1768.20,1767.90,1768.20,83
Finam:AU,2022-08-25T19:02:00+03:00,1768.20,1768.20,1767.20,1767.20,111
Finam:AU,2022-08-25T19:03:00+03:00,1767.30,1767.90,1767.30,1767.90,95
Finam:AU,2022-08-25T19:04:00+03:00,1767.90,1767.90,1767.80,1767.80,67
Finam:AU,2022-08-25T19:05:00+03:00,1767.80,1768.00,1767.80,1768.00,70
Finam:AU,2022-08-25T19:06:00+03:00,1768.00,1768.40,1768.00,1768.30,119
Finam:AU,2022-08-25T19:07:00+03:00,1768.30,1768.40,1768.00,1768.10,99
Finam:AU,2022-08-25T19:08:00+03:00,1768.10,1768.40,1768.00,1768.30,56
Finam:AU,2022-08-25T19:09:00+03:00,1768.30,1768.40,1768.10,1768.40,63
Finam:AU,2022-08-25T19:10:00+03:00,1768.50,1768.50,1768.00,1768.00,72
Finam:AU,2022-08-25T19:11:00+03:00,1768.00,1768.10,1767.80,1767.80,28
Finam:AU,2022-08-25T19:12:00+03:00,1767.70,1767.90,1767.50,1767.80,140
Finam:AU,2022-08-25T19:13:00+03:00,1767.80,1768.30,1767.70,1768.30,58
Finam:AU,2022-08-25T19:14:00+03:00,1768.40,1768.40,1767.80,1768.20,54
Finam:AU,2022-08-25T19:15:00+03:00,1768.20,1768.30,1767.80,1767.90,49
Finam:AU,2022-08-25T19:16:00+03:00,1767.90,1768.00,1767.70,1767.80,32
Finam:AU,2022-08-25T19:17:00+03:00,1767.90,1768.10,1767.80,1768.10,81
Finam:AU,2022-08-25T19:18:00+03:00,1768.00,1768.30,1768.00,1768.00,44
Finam:AU,2022-08-25T19:19:00+03:00,1768.00,1768.30,1768.00,1768.20,36
Finam:AU,2022-08-25T19:20:00+03:00,1768.30,1768.50,1768.30,1768.30,82
Finam:AU,2022-08-25T19:21:00+03:00,1768.40,1768.70,1768.40,1768.70,32
Finam:AU,2022-08-25T19:22:00+03:00,1768.60,1768.90,1768.60,1768.80,68
Finam:AU,2022-08-25T19:23:00+03:00,1768.80,1769.00,1768.70,1768.70,61
Finam:AU,2022-08-25T19:24:00+03:00,1768.70,1769.00,1768.70,1768.90,63
Finam:AU,2022-08-25T19:25:00+03:00,1768.90,1769.20,1768.90,1769.00,74
Finam:AU,2022-08-25T19:26:00+03:00,1769.00,1769.00,1768.70,1768.90,44
Finam:AU,2022-08-25T19:27:00+03:00,1768.90,1769.40,1768.90,1769.30,56
Finam:AU,2022-08-25T19:28:00+03:00,1769.30,1769.50,1769.20,1769.30,38
Finam:AU,2022-08-25T19:29:00+03:00,1769.30,1769.50,1769.20,1769.20,52
Finam:AU,2022-08-25T19:30:00+03:00,1769.20,1769.30,1768.90,1768.90,52
Finam:AU,2022-08-25T19:31:00+03:00,1768.80,1769.00,1768.80,1769.00,40
Finam:AU,2022-08-25T19:32:00+03:00,1769.00,1769.10,1768.90,1769.00,44
Finam:AU,2022-08-25T19:33:00+03:00,1768.90,1769.30,1768.90,1769.30,43
Finam:AU,2022-08-25T19:34:00+03:00,1769.30,1769.40,1769.30,1769.40,56
Finam:AU,2022-08-25T19:35:00+03:00,1769.40,1769.40,1769.10,1769.20,48
Finam:AU,2022-08-25T19:36:00+03:00,1769.20,1769.40,1769.20,1769.30,45
Finam:AU,2022-08-25T19:37:00+03:00,1769.30,1769.40,1769.10,1769.10,83
Finam:AU,2022-08-25T19:38:00+03:00,1769.20,1769.30,1769.00,1769.20,52
Finam:AU,2022-08-25T19:39:00+03:00,1769.30,1769.50,1769.20,1769.40,55
Finam:AU,2022-08-25T19:40:00+03:00,1769.40,1769.60,1769.40,1769.40,59
Finam:AU,2022-08-25T19:41:00+03:00,1769.40,1769.70,1769.40,1769.70,60
Finam:AU,2022-08-25T19:42:00+03:00,1769.60,1769.70,1769.40,1769.70,44
Finam:AU,2022-08-25T19:43:00+03:00,1769.80,1769.90,1769.70,1769.80,85
Finam:AU,2022-08-25T19:44:00+03:00,1769.80,1769.90,1769.70,1769.90,32
Finam:AU,2022-08-25T19:45:00+03:00,1770.00,1770.50,1769.80,1769.90,224
Finam:AU,2022-08-25T19:46:00+03:00,1769.90,1770.30,1769.90,1770.10,141
Finam:AU,2022-08-25T19:47:00+03:00,1770.10,1770.30,1770.00,1770.30,76
Finam:AU,2022-08-25T19:48:00+03:00,1770.20,1770.50,1770.10,1770.40,116
Finam:AU,2022-08-25T19:49:00+03:00,1770.40,1770.50,1770.30,1770.40,50
Finam:AU,2022-08-25T19:50:00+03:00,1770.40,1770.60,1770.20,1770.20,95
Finam:AU,2022-08-25T19:51:00+03:00,1770.20,1770.60,1770.20,1770.40,89
Finam:AU,2022-08-25T19:52:00+03:00,1770.30,1770.40,1770.10,1770.30,131
Finam:AU,2022-08-25T19:53:00+03:00,1770.30,1770.50,1770.30,1770.30,47
Finam:AU,2022-08-25T19:54:00+03:00,1770.30,1770.30,1770.00,1770.20,52
Finam:AU,2022-08-25T19:55:00+03:00,1770.10,1770.40,1769.80,1770.30,159
Finam:AU,2022-08-25T19:56:00+03:00,1770.30,1770.60,1770.30,1770.60,105
Finam:AU,2022-08-25T19:57:00+03:00,1770.70,1770.90,1770.70,1770.90,101
Finam:AU,2022-08-25T19:58:00+03:00,1770.90,1771.10,1770.80,1770.90,127
Finam:AU,2022-08-25T19:59:00+03:00,1770.90,1771.20,1770.80,1771.20,122
Finam:AU,2022-08-25T20:00:00+03:00,1771.10,1771.20,1770.90,1771.00,96
Finam:AU,2022-08-25T20:01:00+03:00,1770.90,1773.00,1770.50,1772.30,1311
Finam:AU,2022-08-25T20:02:00+03:00,1772.30,1772.40,1771.10,1771.30,416
Finam:AU,2022-08-25T20:03:00+03:00,1771.30,1771.60,1770.90,1770.90,410
Finam:AU,2022-08-25T20:04:00+03:00,1770.90,1771.50,1770.70,1771.10,398
Finam:AU,2022-08-25T20:05:00+03:00,1771.10,1771.40,1771.00,1771.20,97
Finam:AU,2022-08-25T20:06:00+03:00,1771.20,1771.70,1771.10,1771.70,155
Finam:AU,2022-08-25T20:07:00+03:00,1771.70,1771.80,1771.30,1771.40,340
Finam:AU,2022-08-25T20:08:00+03:00,1771.40,1771.50,1771.00,1771.00,110
Finam:AU,2022-08-25T20:09:00+03:00,1771.00,1771.30,1770.90,1771.10,91
Finam:AU,2022-08-25T20:10:00+03:00,1771.00,1771.30,1771.00,1771.00,113
Finam:AU,2022-08-25T20:11:00+03:00,1771.10,1771.20,1770.80,1770.90,57
Finam:AU,2022-08-25T20:12:00+03:00,1771.00,1771.40,1771.00,1771.30,61
Finam:AU,2022-08-25T20:13:00+03:00,1771.20,1771.80,1771.20,1771.80,45
Finam:AU,2022-08-25T20:14:00+03:00,1771.70,1771.80,1771.60,1771.70,75
Finam:AU,2022-08-25T20:15:00+03:00,1771.70,1772.00,1771.50,1771.70,93
Finam:AU,2022-08-25T20:16:00+03:00,1771.80,1771.90,1771.70,1771.80,51
Finam:AU,2022-08-25T20:17:00+03:00,1771.90,1771.90,1771.70,1771.80,40
Finam:AU,2022-08-25T20:18:00+03:00,1771.70,1771.80,1771.60,1771.70,63
Finam:AU,2022-08-25T20:19:00+03:00,1771.70,1771.90,1771.30,1771.40,90
Finam:AU,2022-08-25T20:20:00+03:00,1771.40,1771.50,1771.20,1771.30,94
Finam:AU,2022-08-25T20:21:00+03:00,1771.30,1771.40,1771.10,1771.20,50
Finam:AU,2022-08-25T20:22:00+03:00,1771.10,1771.50,1771.00,1771.40,137
Finam:AU,2022-08-25T20:23:00+03:00,1771.30,1771.40,1771.20,1771.20,84
Finam:AU,2022-08-25T20:24:00+03:00,1771.20,1771.50,1771.20,1771.50,89
Finam:AU,2022-08-25T20:25:00+03:00,1771.40,1771.60,1771.30,1771.30,108
Finam:AU,2022-08-25T20:26:00+03:00,1771.40,1771.60,1771.40,1771.60,94
Finam:AU,2022-08-25T20:27:00+03:00,1771.60,1771.80,1771.30,1771.40,141
Finam:AU,2022-08-25T20:28:00+03:00,1771.30,1771.50,1771.30,1771.40,122
Finam:AU,2022-08-25T20:29:00+03:00,1771.30,1771.60,1771.30,1771.40,494
Finam:AU,2022-08-25T20:30:00+03:00,1771.30,1771.60,1771.30,1771.40,164
Finam:AU,2022-08-25T20:31:00+03:00,1771.40,1771.40,1770.90,1771.10,136
Finam:AU,2022-08-25T20:32:00+03:00,1771.00,1771.30,1771.00,1771.30,129
Finam:AU,2022-08-25T20:33:00+03:00,1771.30,1771.40,1771.10,1771.10,49
Finam:AU,2022-08-25T20:34:00+03:00,1771.20,1771.30,1771.10,1771.30,54
Finam:AU,2022-08-25T20:35:00+03:00,1771.20,1771.40,1771.10,1771.40,84
Finam:AU,2022-08-25T20:36:00+03:00,1771.40,1771.40,1770.90,1771.00,160
Finam:AU,2022-08-25T20:37:00+03:00,1770.90,1771.00,1770.90,1770.90,102
Finam:AU,2022-08-25T20:38:00+03:00,1770.90,1770.90,1770.70,1770.90,53
Finam:AU,2022-08-25T20:39:00+03:00,1770.80,1770.90,1770.60,1770.60,57
Finam:AU,2022-08-25T20:40:00+03:00,1770.60,1770.90,1770.60,1770.80,112
Finam:AU,2022-08-25T20:41:00+03:00,1770.80,1770.90,1770.60,1770.70,51
Finam:AU,2022-08-25T20:42:00+03:00,1770.80,1770.90,1770.80,1770.80,46
Finam:AU,2022-08-25T20:43:00+03:00,1770.80,1770.80,1770.70,1770.70,38
Finam:AU,2022-08-25T20:44:00+03:00,1770.70,1770.80,1770.60,1770.70,80
Finam:AU,2022-08-25T20:45:00+03:00,1770.80,1770.80,1770.60,1770.80,29
Finam:AU,2022-08-25T20:46:00+03:00,1770.80,1771.30,1770.80,1771.30,331
Finam:AU,2022-08-25T20:47:00+03:00,1771.30,1771.40,1771.20,1771.40,61
Finam:AU,2022-08-25T20:48:00+03:00,1771.50,1771.50,1771.40,1771.50,44
Finam:AU,2022-08-25T20:49:00+03:00,1771.40,1771.50,1771.40,1771.50,38
Finam:AU,2022-08-25T20:50:00+03:00,1771.60,1771.70,1771.30,1771.30,117
Finam:AU,2022-08-25T20:51:00+03:00,1771.20,1771.20,1770.80,1770.80,128
Finam:AU,2022-08-25T20:52:00+03:00,1770.80,1771.00,1770.80,1771.00,49
Finam:AU,2022-08-25T20:53:00+03:00,1771.00,1771.50,1771.00,1771.50,43
Finam:AU,2022-08-25T20:54:00+03:00,1771.50,1771.80,1771.50,1771.70,51
Finam:AU,2022-08-25T20:55:00+03:00,1771.80,1772.00,1771.70,1771.80,69
Finam:AU,2022-08-25T20:56:00+03:00,1771.80,1771.80,1771.50,1771.70,45
Finam:AU,2022-08-25T20:57:00+03:00,1771.80,1771.90,1771.70,1771.90,66
Finam:AU,2022-08-25T20:58:00+03:00,1771.90,1772.00,1771.70,1771.90,56
Finam:AU,2022-08-25T20:59:00+03:00,1771.90,1771.90,1771.60,1771.90,77
Finam:AU,2022-08-25T21:00:00+03:00,1771.90,1772.10,1771.20,1771.30,157
Finam:AU,2022-08-25T21:01:00+03:00,1771.20,1771.30,1771.00,1771.00,51
Finam:AU,2022-08-25T21:02:00+03:00,1771.10,1771.40,1771.00,1771.30,108
Finam:AU,2022-08-25T21:03:00+03:00,1771.30,1771.40,1771.20,1771.40,52
Finam:AU,2022-08-25T21:04:00+03:00,1771.40,1771.40,1770.80,1770.80,101
Finam:AU,2022-08-25T21:05:00+03:00,1770.80,1770.80,1770.50,1770.60,94
Finam:AU,2022-08-25T21:06:00+03:00,1770.60,1770.70,1770.30,1770.70,161
Finam:AU,2022-08-25T21:07:00+03:00,1770.70,1770.90,1770.70,1770.70,36
Finam:AU,2022-08-25T21:08:00+03:00,1770.80,1770.90,1770.30,1770.50,71
Finam:AU,2022-08-25T21:09:00+03:00,1770.50,1770.50,1770.40,1770.40,17
Finam:AU,2022-08-25T21:10:00+03:00,1770.30,1770.40,1770.20,1770.30,67
Finam:AU,2022-08-25T21:11:00+03:00,1770.30,1770.40,1770.30,1770.40,51
Finam:AU,2022-08-25T21:12:00+03:00,1770.40,1770.50,1770.20,1770.20,37
Finam:AU,2022-08-25T21:13:00+03:00,1770.20,1770.60,1770.20,1770.60,52
Finam:AU,2022-08-25T21:14:00+03:00,1770.60,1770.70,1770.50,1770.50,36
Finam:AU,2022-08-25T21:15:00+03:00,1770.50,1770.50,1770.30,1770.30,31
Finam:AU,2022-08-25T21:16:00+03:00,1770.30,1770.30,1770.00,1770.10,61
Finam:AU,2022-08-25T21:17:00+03:00,1770.00,1770.10,1769.70,1769.80,145
Finam:AU,2022-08-25T21:18:00+03:00,1769.80,1770.00,1769.80,1769.80,35
Finam:AU,2022-08-25T21:19:00+03:00,1769.70,1769.80,1769.70,1769.80,30
Finam:AU,2022-08-25T21:20:00+03:00,1769.80,1769.90,1769.70,1769.90,39
Finam:AU,2022-08-25T21:21:00+03:00,1769.80,1770.00,1769.70,1770.00,37
Finam:AU,2022-08-25T21:22:00+03:00,1770.10,1770.20,1769.90,1769.90,81
Finam:AU,2022-08-25T21:23:00+03:00,1769.90,1770.10,1769.80,1769.90,43
Finam:AU,2022-08-25T21:24:00+03:00,1769.90,1770.10,1769.80,1770.00,18
Finam:AU,2022-08-25T21:25:00+03:00,1770.00,1770.00,1769.60,1769.70,55
Finam:AU,2022-08-25T21:26:00+03:00,1769.70,1769.90,1769.60,1769.90,64
Finam:AU,2022-08-25T21:27:00+03:00,1769.90,1770.00,1769.90,1769.90,32
Finam:AU,2022-08-25T21:28:00+03:00,1769.80,1770.10,1769.70,1770.00,68
Finam:AU,2022-08-25T21:29:00+03:00,1770.00,1770.10,1769.90,1770.00,41
Finam:AU,2022-08-25T21:30:00+03:00,1770.00,1770.10,1769.90,1769.90,30
Finam:AU,2022-08-25T21:31:00+03:00,1769.90,1770.10,1769.80,1770.10,38
Finam:AU,2022-08-25T21:32:00+03:00,1770.20,1770.60,1770.20,1770.50,91
Finam:AU,2022-08-25T21:33:00+03:00,1770.50,1770.50,1770.20,1770.40,62
Finam:AU,2022-08-25T21:34:00+03:00,1770.50,1770.50,1770.20,1770.30,28
Finam:AU,2022-08-25T21:35:00+03:00,1770.30,1770.30,1769.60,1769.60,36
Finam:AU,2022-08-25T21:36:00+03:00,1769.70,1769.80,1769.60,1769.60,29
Finam:AU,2022-08-25T21:37:00+03:00,1769.60,1769.60,1769.40,1769.50,22
Finam:AU,2022-08-25T21:38:00+03:00,1769.50,1769.50,1769.20,1769.30,31
Finam:AU,2022-08-25T21:39:00+03:00,1769.40,1769.50,1769.30,1769.40,50
Finam:AU,2022-08-25T21:40:00+03:00,1769.40,1769.40,1769.40,1769.40,48
Finam:AU,2022-08-25T21:41:00+03:00,1769.40,1769.50,1769.30,1769.30,25
Finam:AU,2022-08-25T21:42:00+03:00,1769.20,1769.20,1769.00,1769.10,101
Finam:AU,2022-08-25T21:43:00+03:00,1769.10,1769.30,1769.00,1769.30,34
Finam:AU,2022-08-25T21:44:00+03:00,1769.30,1769.30,1769.00,1769.20,75
Finam:AU,2022-08-25T21:45:00+03:00,1769.30,1769.30,1769.10,1769.20,49
Finam:AU,2022-08-25T21:46:00+03:00,1769.20,1769.40,1769.20,1769.30,64
Finam:AU,2022-08-25T21:47:00+03:00,1769.10,1769.20,1768.80,1768.80,93
Finam:AU,2022-08-25T21:48:00+03:00,1768.90,1769.10,1768.80,1768.90,31
Finam:AU,2022-08-25T21:49:00+03:00,1769.00,1769.20,1768.90,1768.90,21
Finam:AU,2022-08-25T21:50:00+03:00,1768.80,1768.90,1768.70,1768.90,74
Finam:AU,2022-08-25T21:51:00+03:00,1768.90,1769.00,1768.80,1768.90,46
Finam:AU,2022-08-25T21:52:00+03:00,1769.00,1769.10,1768.80,1769.00,51
Finam:AU,2022-08-25T21:53:00+03:00,1768.90,1769.00,1768.90,1768.90,16
Finam:AU,2022-08-25T21:54:00+03:00,1768.90,1769.20,1768.90,1769.10,24
Finam:AU,2022-08-25T21:55:00+03:00,1769.10,1769.30,1769.10,1769.30,48
Finam:AU,2022-08-25T21:56:00+03:00,1769.40,1769.70,1769.30,1769.60,76
Finam:AU,2022-08-25T21:57:00+03:00,1769.70,1769.70,1769.10,1769.20,45
Finam:AU,2022-08-25T21:58:00+03:00,1769.10,1769.10,1769.00,1769.10,34
Finam:AU,2022-08-25T21:59:00+03:00,1769.10,1769.30,1769.10,1769.20,20
Finam:AU,2022-08-25T22:00:00+03:00,1769.10,1769.10,1768.80,1768.90,74
Finam:AU,2022-08-25T22:01:00+03:00,1768.90,1769.00,1768.90,1768.90,21
Finam:AU,2022-08-25T22:02:00+03:00,1769.00,1769.00,1768.60,1768.70,48
Finam:AU,2022-08-25T22:03:00+03:00,1768.80,1768.80,1768.80,1768.80,21
Finam:AU,2022-08-25T22:04:00+03:00,1768.90,1768.90,1768.80,1768.80,28
Finam:AU,2022-08-25T22:05:00+03:00,1768.80,1768.90,1768.80,1768.90,14
Finam:AU,2022-08-25T22:06:00+03:00,1768.90,1769.10,1768.80,1769.10,20
Finam:AU,2022-08-25T22:07:00+03:00,1769.20,1769.20,1768.90,1768.90,23
Finam:AU,2022-08-25T22:08:00+03:00,1768.90,1769.10,1768.90,1769.10,17
Finam:AU,2022-08-25T22:09:00+03:00,1769.10,1769.10,1768.60,1768.60,28
Finam:AU,2022-08-25T22:10:00+03:00,1768.70,1768.70,1768.60,1768.70,44
Finam:AU,2022-08-25T22:11:00+03:00,1768.60,1768.60,1768.50,1768.50,51
Finam:AU,2022-08-25T22:12:00+03:00,1768.50,1768.60,1768.30,1768.40,36
Finam:AU,2022-08-25T22:13:00+03:00,1768.40,1768.60,1768.40,1768.60,17
Finam:AU,2022-08-25T22:14:00+03:00,1768.60,1768.70,1768.60,1768.70,24
Finam:AU,2022-08-25T22:15:00+03:00,1768.80,1769.00,1768.80,1768.80,52
Finam:AU,2022-08-25T22:16:00+03:00,1768.70,1768.90,1768.70,1768.90,25
Finam:AU,2022-08-25T22:17:00+03:00,1769.00,1769.00,1768.90,1769.00,59
Finam:AU,2022-08-25T22:18:00+03:00,1768.90,1768.90,1768.90,1768.90,24
Finam:AU,2022-08-25T22:19:00+03:00,1768.90,1768.90,1768.70,1768.90,31
Finam:AU,2022-08-25T22:20:00+03:00,1769.00,1769.00,1768.80,1768.80,26
Finam:AU,2022-08-25T22:21:00+03:00,1768.80,1769.00,1768.80,1768.90,22
Finam:AU,2022-08-25T22:22:00+03:00,1769.00,1769.00,1768.80,1768.90,50
Finam:AU,2022-08-25T22:23:00+03:00,1768.90,1768.90,1768.90,1768.90,8
Finam:AU,2022-08-25T22:24:00+03:00,1768.80,1768.80,1768.60,1768.70,26
Finam:AU,2022-08-25T22:25:00+03:00,1768.80,1768.90,1768.60,1768.60,21
Finam:AU,2022-08-25T22:26:00+03:00,1768.60,1768.60,1768.40,1768.50,25
Finam:AU,2022-08-25T22:27:00+03:00,1768.60,1768.60,1768.30,1768.40,68
Finam:AU,2022-08-25T22:28:00+03:00,1768.50,1768.50,1768.50,1768.50,14
Finam:AU,2022-08-25T22:29:00+03:00,1768.60,1768.60,1768.40,1768.50,17
Finam:AU,2022-08-25T22:30:00+03:00,1768.50,1768.50,1768.20,1768.20,65
Finam:AU,2022-08-25T22:31:00+03:00,1768.20,1768.20,1768.00,1768.00,49
Finam:AU,2022-08-25T22:32:00+03:00,1768.20,1768.50,1768.20,1768.50,41
Finam:AU,2022-08-25T22:33:00+03:00,1768.50,1768.50,1768.20,1768.30,11
Finam:AU,2022-08-25T22:34:00+03:00,1768.30,1768.30,1768.10,1768.10,20
Finam:AU,2022-08-25T22:35:00+03:00,1768.10,1768.20,1768.10,1768.20,25
Finam:AU,2022-08-25T22:36:00+03:00,1768.20,1768.20,1768.10,1768.20,10
Finam:AU,2022-08-25T22:37:00+03:00,1768.20,1768.70,1768.20,1768.50,31
Finam:AU,2022-08-25T22:38:00+03:00,1768.40,1768.60,1768.40,1768.60,16
Finam:AU,2022-08-25T22:39:00+03:00,1768.60,1768.90,1768.60,1768.80,48
Finam:AU,2022-08-25T22:40:00+03:00,1768.90,1768.90,1768.60,1768.70,25
Finam:AU,2022-08-25T22:41:00+03:00,1768.60,1768.70,1768.60,1768.60,49
Finam:AU,2022-08-25T22:42:00+03:00,1768.60,1768.80,1768.60,1768.70,14
Finam:AU,2022-08-25T22:43:00+03:00,1768.80,1769.00,1768.80,1769.00,68
Finam:AU,2022-08-25T22:44:00+03:00,1769.00,1769.30,1768.90,1769.00,163
Finam:AU,2022-08-25T22:45:00+03:00,1769.10,1769.20,1769.00,1769.00,22
Finam:AU,2022-08-25T22:46:00+03:00,1769.00,1769.30,1768.90,1769.30,98
Finam:AU,2022-08-25T22:47:00+03:00,1769.30,1769.40,1769.30,1769.40,6
Finam:AU,2022-08-25T22:48:00+03:00,1769.40,1769.70,1769.40,1769.70,159
Finam:AU,2022-08-25T22:49:00+03:00,1769.60,1770.00,1769.60,1770.00,125
Finam:AU,2022-08-25T22:50:00+03:00,1769.90,1770.20,1769.80,1769.80,83
Finam:AU,2022-08-25T22:51:00+03:00,1769.80,1770.00,1769.70,1769.90,55
Finam:AU,2022-08-25T22:52:00+03:00,1769.90,1770.40,1769.90,1770.40,71
Finam:AU,2022-08-25T22:53:00+03:00,1770.30,1770.50,1770.30,1770.40,40
Finam:AU,2022-08-25T22:54:00+03:00,1770.40,1770.50,1770.30,1770.40,29
Finam:AU,2022-08-25T22:55:00+03:00,1770.40,1770.50,1769.70,1769.70,80
Finam:AU,2022-08-25T22:56:00+03:00,1769.60,1769.90,1769.50,1769.90,77
Finam:AU,2022-08-25T22:57:00+03:00,1769.80,1770.20,1769.60,1770.20,49
Finam:AU,2022-08-25T22:58:00+03:00,1770.20,1770.40,1770.00,1770.20,107
Finam:AU,2022-08-25T22:59:00+03:00,1770.10,1770.70,1770.10,1770.50,113
Finam:AU,2022-08-25T23:00:00+03:00,1770.50,1770.60,1770.30,1770.50,58
Finam:AU,2022-08-25T23:01:00+03:00,1770.60,1770.60,1770.50,1770.50,87
Finam:AU,2022-08-25T23:02:00+03:00,1770.50,1770.60,1770.50,1770.60,27
Finam:AU,2022-08-25T23:03:00+03:00,1770.60,1771.00,1770.50,1770.80,99
Finam:AU,2022-08-25T23:04:00+03:00,1770.80,1771.00,1770.80,1770.90,26
Finam:AU,2022-08-25T23:05:00+03:00,1770.90,1771.00,1770.90,1771.00,13
Finam:AU,2022-08-25T23:06:00+03:00,1771.00,1771.00,1771.00,1771.00,12
Finam:AU,2022-08-25T23:07:00+03:00,1771.00,1771.00,1770.70,1770.90,37
Finam:AU,2022-08-25T23:08:00+03:00,1770.90,1771.00,1770.90,1770.90,12
Finam:AU,2022-08-25T23:09:00+03:00,1770.90,1771.00,1770.80,1770.80,18
Finam:AU,2022-08-25T23:10:00+03:00,1770.90,1770.90,1770.70,1770.70,32
Finam:AU,2022-08-25T23:11:00+03:00,1770.80,1770.80,1770.60,1770.60,34
Finam:AU,2022-08-25T23:12:00+03:00,1770.60,1770.60,1770.60,1770.60,5
Finam:AU,2022-08-25T23:13:00+03:00,1770.60,1770.80,1770.60,1770.80,12
Finam:AU,2022-08-25T23:14:00+03:00,1770.70,1770.80,1770.60,1770.70,6
Finam:AU,2022-08-25T23:15:00+03:00,1770.80,1770.90,1770.80,1770.90,14
Finam:AU,2022-08-25T23:16:00+03:00,1770.90,1770.90,1770.80,1770.80,6
Finam:AU,2022-08-25T23:17:00+03:00,1770.90,1771.00,1770.90,1770.90,36
Finam:AU,2022-08-25T23:19:00+03:00,1771.00,1771.00,1770.90,1770.90,5
Finam:AU,2022-08-25T23:20:00+03:00,1770.90,1770.90,1770.90,1770.90,3
Finam:AU,2022-08-25T23:21:00+03:00,1770.80,1770.90,1770.70,1770.90,13
Finam:AU,2022-08-25T23:22:00+03:00,1770.80,1770.80,1770.60,1770.60,11
Finam:AU,2022-08-25T23:23:00+03:00,1770.70,1770.70,1770.50,1770.50,11
Finam:AU,2022-08-25T23:25:00+03:00,1770.60,1770.70,1770.60,1770.70,8
Finam:AU,2022-08-25T23:26:00+03:00,1770.60,1770.70,1770.60,1770.60,22
Finam:AU,2022-08-25T23:28:00+03:00,1770.80,1770.90,1770.80,1770.90,7
Finam:AU,2022-08-25T23:29:00+03:00,1770.90,1771.00,1770.80,1770.80,8
Finam:AU,2022-08-25T23:30:00+03:00,1770.70,1771.00,1770.70,1771.00,18
Finam:AU,2022-08-25T23:32:00+03:00,1770.90,1770.90,1770.90,1770.90,3
Finam:AU,2022-08-25T23:33:00+03:00,1770.90,1770.90,1770.90,1770.90,3
Finam:AU,2022-08-25T23:34:00+03:00,1770.90,1770.90,1770.80,1770.80,11
Finam:AU,2022-08-25T23:35:00+03:00,1770.90,1771.00,1770.80,1770.80,8
Finam:AU,2022-08-25T23:36:00+03:00,1770.80,1770.90,1770.70,1770.90,13
Finam:AU,2022-08-25T23:37:00+03:00,1770.80,1770.80,1770.80,1770.80,1
Finam:AU,2022-08-25T23:38:00+03:00,1770.80,1770.80,1770.80,1770.80,2
Finam:AU,2022-08-25T23:40:00+03:00,1770.70,1771.00,1770.70,1771.00,23
Finam:AU,2022-08-25T23:41:00+03:00,1771.00,1771.00,1771.00,1771.00,1
Finam:AU,2022-08-25T23:42:00+03:00,1771.00,1771.00,1771.00,1771.00,1
Finam:AU,2022-08-25T23:43:00+03:00,1771.00,1771.00,1771.00,1771.00,8
Finam:AU,2022-08-25T23:44:00+03:00,1771.00,1771.00,1770.90,1770.90,5
Finam:AU,2022-08-25T23:45:00+03:00,1771.10,1771.20,1771.00,1771.20,35
Finam:AU,2022-08-25T23:46:00+03:00,1771.10,1771.30,1771.10,1771.20,33
Finam:AU,2022-08-25T23:47:00+03:00,1771.10,1771.30,1771.10,1771.30,25
Finam:AU,2022-08-25T23:48:00+03:00,1771.30,1771.30,1771.20,1771.30,17
Finam:AU,2022-08-25T23:49:00+03:00,1771.40,1771.40,1771.30,1771.30,3
Finam:AU,2022-08-25T23:50:00+03:00,1771.30,1771.40,1771.20,1771.30,14
Finam:AU,2022-08-25T23:51:00+03:00,1771.30,1771.30,1771.30,1771.30,3
Finam:AU,2022-08-25T23:52:00+03:00,1771.30,1771.60,1771.30,1771.40,39
Finam:AU,2022-08-25T23:53:00+03:00,1771.40,1771.70,1771.40,1771.60,73
Finam:AU,2022-08-25T23:54:00+03:00,1771.60,1771.70,1771.50,1771.60,24
Finam:AU,2022-08-25T23:55:00+03:00,1771.60,1771.90,1771.40,1771.40,47
Finam:AU,2022-08-25T23:56:00+03:00,1771.40,1771.50,1771.30,1771.50,37
Finam:AU,2022-08-25T23:57:00+03:00,1771.40,1771.50,1771.30,1771.50,24
Finam:AU,2022-08-25T23:58:00+03:00,1771.50,1771.80,1771.30,1771.80,43
Finam:AU,2022-08-25T23:59:00+03:00,1771.70,1772.10,1771.70,1771.80,69
