MOEX:RUAL,2020-09-08T10:00:00+03:00,31.690,31.920,31.655,31.690,6134
MOEX:RUAL,2020-09-08T10:01:00+03:00,31.655,31.700,31.650,31.655,3505
MOEX:RUAL,2020-09-08T10:02:00+03:00,31.660,31.690,31.650,31.650,1573
MOEX:RUAL,2020-09-08T10:03:00+03:00,31.670,31.695,31.670,31.670,723
MOEX:RUAL,2020-09-08T10:04:00+03:00,31.670,31.670,31.610,31.650,2724
MOEX:RUAL,2020-09-08T10:05:00+03:00,31.625,31.650,31.615,31.650,1375
MOEX:RUAL,2020-09-08T10:06:00+03:00,31.650,31.650,31.645,31.650,917
MOEX:RUAL,2020-09-08T10:07:00+03:00,31.670,31.670,31.575,31.585,3994
MOEX:RUAL,2020-09-08T10:08:00+03:00,31.580,31.660,31.570,31.630,2415
MOEX:RUAL,2020-09-08T10:09:00+03:00,31.630,31.630,31.600,31.610,969
MOEX:RUAL,2020-09-08T10:10:00+03:00,31.610,31.610,31.540,31.575,2822
MOEX:RUAL,2020-09-08T10:11:00+03:00,31.600,31.630,31.600,31.630,4586
MOEX:RUAL,2020-09-08T10:12:00+03:00,31.630,31.630,31.585,31.625,758
MOEX:RUAL,2020-09-08T10:13:00+03:00,31.625,31.630,31.620,31.625,385
MOEX:RUAL,2020-09-08T10:14:00+03:00,31.630,31.630,31.625,31.630,2983
MOEX:RUAL,2020-09-08T10:15:00+03:00,31.630,31.630,31.625,31.630,19571
MOEX:RUAL,2020-09-08T10:16:00+03:00,31.630,31.670,31.630,31.665,340
MOEX:RUAL,2020-09-08T10:17:00+03:00,31.660,31.670,31.660,31.660,2634
MOEX:RUAL,2020-09-08T10:18:00+03:00,31.640,31.665,31.640,31.650,206
MOEX:RUAL,2020-09-08T10:19:00+03:00,31.660,31.665,31.650,31.665,667
MOEX:RUAL,2020-09-08T10:20:00+03:00,31.670,31.670,31.660,31.660,92
MOEX:RUAL,2020-09-08T10:21:00+03:00,31.665,31.670,31.660,31.670,558
MOEX:RUAL,2020-09-08T10:22:00+03:00,31.665,31.705,31.665,31.690,2365
MOEX:RUAL,2020-09-08T10:23:00+03:00,31.670,31.670,31.655,31.670,237
MOEX:RUAL,2020-09-08T10:24:00+03:00,31.665,31.665,31.665,31.665,4
MOEX:RUAL,2020-09-08T10:25:00+03:00,31.670,31.685,31.660,31.660,758
MOEX:RUAL,2020-09-08T10:26:00+03:00,31.650,31.670,31.635,31.640,1584
MOEX:RUAL,2020-09-08T10:27:00+03:00,31.670,31.670,31.650,31.660,775
MOEX:RUAL,2020-09-08T10:28:00+03:00,31.655,31.655,31.635,31.635,491
MOEX:RUAL,2020-09-08T10:29:00+03:00,31.625,31.640,31.625,31.640,110
MOEX:RUAL,2020-09-08T10:30:00+03:00,31.640,31.640,31.640,31.640,108
MOEX:RUAL,2020-09-08T10:31:00+03:00,31.640,31.640,31.630,31.640,562
MOEX:RUAL,2020-09-08T10:32:00+03:00,31.640,31.640,31.625,31.630,3690
MOEX:RUAL,2020-09-08T10:33:00+03:00,31.630,31.640,31.625,31.625,307
MOEX:RUAL,2020-09-08T10:34:00+03:00,31.640,31.640,31.605,31.635,1312
MOEX:RUAL,2020-09-08T10:35:00+03:00,31.630,31.635,31.620,31.630,418
MOEX:RUAL,2020-09-08T10:36:00+03:00,31.625,31.640,31.620,31.635,146
MOEX:RUAL,2020-09-08T10:37:00+03:00,31.635,31.635,31.570,31.570,2661
MOEX:RUAL,2020-09-08T10:38:00+03:00,31.560,31.620,31.555,31.600,6096
MOEX:RUAL,2020-09-08T10:39:00+03:00,31.600,31.605,31.600,31.600,2884
MOEX:RUAL,2020-09-08T10:40:00+03:00,31.600,31.605,31.565,31.565,430
MOEX:RUAL,2020-09-08T10:41:00+03:00,31.560,31.575,31.545,31.560,1425
MOEX:RUAL,2020-09-08T10:42:00+03:00,31.565,31.580,31.520,31.550,1166
MOEX:RUAL,2020-09-08T10:43:00+03:00,31.540,31.550,31.465,31.465,2719
MOEX:RUAL,2020-09-08T10:44:00+03:00,31.460,31.480,31.450,31.460,509
MOEX:RUAL,2020-09-08T10:45:00+03:00,31.480,31.480,31.440,31.440,219
MOEX:RUAL,2020-09-08T10:46:00+03:00,31.465,31.465,31.445,31.445,160
MOEX:RUAL,2020-09-08T10:47:00+03:00,31.465,31.465,31.400,31.400,1487
MOEX:RUAL,2020-09-08T10:48:00+03:00,31.400,31.410,31.395,31.395,363
MOEX:RUAL,2020-09-08T10:49:00+03:00,31.400,31.455,31.400,31.435,2827
MOEX:RUAL,2020-09-08T10:50:00+03:00,31.435,31.530,31.430,31.500,642
MOEX:RUAL,2020-09-08T10:51:00+03:00,31.485,31.490,31.450,31.475,1565
MOEX:RUAL,2020-09-08T10:52:00+03:00,31.460,31.515,31.460,31.515,801
MOEX:RUAL,2020-09-08T10:53:00+03:00,31.520,31.520,31.505,31.505,58
MOEX:RUAL,2020-09-08T10:54:00+03:00,31.505,31.515,31.480,31.480,5467
MOEX:RUAL,2020-09-08T10:55:00+03:00,31.470,31.490,31.430,31.440,238
MOEX:RUAL,2020-09-08T10:56:00+03:00,31.440,31.530,31.435,31.530,3459
MOEX:RUAL,2020-09-08T10:57:00+03:00,31.500,31.500,31.500,31.500,3
MOEX:RUAL,2020-09-08T10:58:00+03:00,31.500,31.550,31.500,31.545,3289
MOEX:RUAL,2020-09-08T10:59:00+03:00,31.530,31.540,31.510,31.540,1011
MOEX:RUAL,2020-09-08T11:00:00+03:00,31.540,31.545,31.510,31.510,669
MOEX:RUAL,2020-09-08T11:01:00+03:00,31.510,31.510,31.435,31.435,4413
MOEX:RUAL,2020-09-08T11:02:00+03:00,31.490,31.505,31.480,31.505,599
MOEX:RUAL,2020-09-08T11:03:00+03:00,31.505,31.545,31.490,31.515,1353
MOEX:RUAL,2020-09-08T11:04:00+03:00,31.550,31.550,31.550,31.550,10
MOEX:RUAL,2020-09-08T11:05:00+03:00,31.550,31.550,31.530,31.550,407
MOEX:RUAL,2020-09-08T11:06:00+03:00,31.550,31.550,31.530,31.550,320
MOEX:RUAL,2020-09-08T11:07:00+03:00,31.550,31.570,31.550,31.570,410
MOEX:RUAL,2020-09-08T11:08:00+03:00,31.580,31.605,31.580,31.605,973
MOEX:RUAL,2020-09-08T11:09:00+03:00,31.605,31.620,31.600,31.605,1860
MOEX:RUAL,2020-09-08T11:10:00+03:00,31.620,31.625,31.620,31.625,225
MOEX:RUAL,2020-09-08T11:11:00+03:00,31.630,31.640,31.630,31.640,443
MOEX:RUAL,2020-09-08T11:12:00+03:00,31.640,31.650,31.630,31.640,350
MOEX:RUAL,2020-09-08T11:13:00+03:00,31.640,31.650,31.605,31.605,2777
MOEX:RUAL,2020-09-08T11:14:00+03:00,31.600,31.610,31.600,31.610,1926
MOEX:RUAL,2020-09-08T11:15:00+03:00,31.600,31.625,31.600,31.625,349
MOEX:RUAL,2020-09-08T11:16:00+03:00,31.595,31.610,31.575,31.575,296
MOEX:RUAL,2020-09-08T11:17:00+03:00,31.600,31.610,31.580,31.580,219
MOEX:RUAL,2020-09-08T11:18:00+03:00,31.580,31.600,31.580,31.600,830
MOEX:RUAL,2020-09-08T11:19:00+03:00,31.595,31.595,31.575,31.590,760
MOEX:RUAL,2020-09-08T11:20:00+03:00,31.570,31.570,31.525,31.525,713
MOEX:RUAL,2020-09-08T11:21:00+03:00,31.545,31.545,31.455,31.480,4543
MOEX:RUAL,2020-09-08T11:22:00+03:00,31.480,31.480,31.455,31.455,9
MOEX:RUAL,2020-09-08T11:23:00+03:00,31.455,31.470,31.455,31.455,159
MOEX:RUAL,2020-09-08T11:24:00+03:00,31.470,31.475,31.440,31.440,1757
MOEX:RUAL,2020-09-08T11:25:00+03:00,31.420,31.440,31.265,31.310,10734
MOEX:RUAL,2020-09-08T11:26:00+03:00,31.295,31.305,31.150,31.165,7283
MOEX:RUAL,2020-09-08T11:27:00+03:00,31.175,31.380,31.160,31.325,5440
MOEX:RUAL,2020-09-08T11:28:00+03:00,31.345,31.415,31.345,31.415,420
MOEX:RUAL,2020-09-08T11:29:00+03:00,31.410,31.410,31.390,31.400,326
MOEX:RUAL,2020-09-08T11:30:00+03:00,31.400,31.400,31.390,31.400,88
MOEX:RUAL,2020-09-08T11:31:00+03:00,31.400,31.420,31.400,31.420,300
MOEX:RUAL,2020-09-08T11:32:00+03:00,31.400,31.430,31.390,31.430,226
MOEX:RUAL,2020-09-08T11:33:00+03:00,31.410,31.465,31.410,31.465,792
MOEX:RUAL,2020-09-08T11:34:00+03:00,31.460,31.465,31.450,31.455,375
MOEX:RUAL,2020-09-08T11:35:00+03:00,31.455,31.475,31.430,31.460,2444
MOEX:RUAL,2020-09-08T11:36:00+03:00,31.455,31.460,31.455,31.460,2
MOEX:RUAL,2020-09-08T11:37:00+03:00,31.450,31.465,31.450,31.465,8
MOEX:RUAL,2020-09-08T11:38:00+03:00,31.465,31.465,31.465,31.465,101
MOEX:RUAL,2020-09-08T11:39:00+03:00,31.460,31.470,31.450,31.470,140
MOEX:RUAL,2020-09-08T11:40:00+03:00,31.475,31.475,31.470,31.470,381
MOEX:RUAL,2020-09-08T11:41:00+03:00,31.475,31.475,31.465,31.475,105
MOEX:RUAL,2020-09-08T11:42:00+03:00,31.465,31.475,31.465,31.470,529
MOEX:RUAL,2020-09-08T11:43:00+03:00,31.465,31.465,31.435,31.460,1298
MOEX:RUAL,2020-09-08T11:44:00+03:00,31.460,31.460,31.430,31.430,449
MOEX:RUAL,2020-09-08T11:45:00+03:00,31.450,31.450,31.410,31.415,114
MOEX:RUAL,2020-09-08T11:46:00+03:00,31.420,31.440,31.410,31.425,253
MOEX:RUAL,2020-09-08T11:47:00+03:00,31.425,31.440,31.425,31.440,426
MOEX:RUAL,2020-09-08T11:48:00+03:00,31.440,31.460,31.440,31.450,577
MOEX:RUAL,2020-09-08T11:49:00+03:00,31.440,31.455,31.435,31.455,30
MOEX:RUAL,2020-09-08T11:50:00+03:00,31.435,31.435,31.435,31.435,3
MOEX:RUAL,2020-09-08T11:51:00+03:00,31.455,31.455,31.430,31.430,981
MOEX:RUAL,2020-09-08T11:52:00+03:00,31.445,31.445,31.410,31.445,167
MOEX:RUAL,2020-09-08T11:53:00+03:00,31.420,31.445,31.420,31.445,405
MOEX:RUAL,2020-09-08T11:54:00+03:00,31.445,31.450,31.415,31.445,125
MOEX:RUAL,2020-09-08T11:55:00+03:00,31.455,31.455,31.455,31.455,250
MOEX:RUAL,2020-09-08T11:56:00+03:00,31.460,31.460,31.425,31.440,439
MOEX:RUAL,2020-09-08T11:57:00+03:00,31.460,31.465,31.440,31.465,771
MOEX:RUAL,2020-09-08T11:58:00+03:00,31.450,31.450,31.450,31.450,3
MOEX:RUAL,2020-09-08T11:59:00+03:00,31.450,31.470,31.450,31.470,4320
MOEX:RUAL,2020-09-08T12:00:00+03:00,31.470,31.500,31.470,31.485,2003
MOEX:RUAL,2020-09-08T12:01:00+03:00,31.485,31.500,31.485,31.490,300
MOEX:RUAL,2020-09-08T12:02:00+03:00,31.495,31.530,31.495,31.505,206
MOEX:RUAL,2020-09-08T12:03:00+03:00,31.515,31.515,31.500,31.500,333
MOEX:RUAL,2020-09-08T12:04:00+03:00,31.500,31.515,31.500,31.515,1036
MOEX:RUAL,2020-09-08T12:05:00+03:00,31.510,31.515,31.510,31.515,339
MOEX:RUAL,2020-09-08T12:06:00+03:00,31.510,31.545,31.510,31.545,294
MOEX:RUAL,2020-09-08T12:07:00+03:00,31.530,31.540,31.490,31.495,647
MOEX:RUAL,2020-09-08T12:08:00+03:00,31.490,31.505,31.490,31.495,314
MOEX:RUAL,2020-09-08T12:09:00+03:00,31.500,31.500,31.495,31.500,248
MOEX:RUAL,2020-09-08T12:10:00+03:00,31.500,31.500,31.500,31.500,130
MOEX:RUAL,2020-09-08T12:11:00+03:00,31.505,31.550,31.505,31.550,938
MOEX:RUAL,2020-09-08T12:12:00+03:00,31.550,31.550,31.530,31.550,302
MOEX:RUAL,2020-09-08T12:13:00+03:00,31.550,31.550,31.550,31.550,148
MOEX:RUAL,2020-09-08T12:14:00+03:00,31.550,31.550,31.530,31.550,196
MOEX:RUAL,2020-09-08T12:15:00+03:00,31.550,31.550,31.530,31.530,445
MOEX:RUAL,2020-09-08T12:16:00+03:00,31.540,31.550,31.540,31.545,1770
MOEX:RUAL,2020-09-08T12:17:00+03:00,31.525,31.525,31.520,31.520,8
MOEX:RUAL,2020-09-08T12:18:00+03:00,31.520,31.530,31.520,31.530,243
MOEX:RUAL,2020-09-08T12:19:00+03:00,31.535,31.535,31.535,31.535,96
MOEX:RUAL,2020-09-08T12:20:00+03:00,31.540,31.550,31.530,31.550,106
MOEX:RUAL,2020-09-08T12:21:00+03:00,31.550,31.550,31.540,31.550,364
MOEX:RUAL,2020-09-08T12:22:00+03:00,31.550,31.550,31.550,31.550,194
MOEX:RUAL,2020-09-08T12:23:00+03:00,31.540,31.550,31.540,31.545,484
MOEX:RUAL,2020-09-08T12:24:00+03:00,31.550,31.550,31.550,31.550,290
MOEX:RUAL,2020-09-08T12:25:00+03:00,31.545,31.590,31.540,31.590,13214
MOEX:RUAL,2020-09-08T12:26:00+03:00,31.590,31.605,31.575,31.605,2026
MOEX:RUAL,2020-09-08T12:27:00+03:00,31.600,31.645,31.575,31.605,6004
MOEX:RUAL,2020-09-08T12:28:00+03:00,31.640,31.700,31.620,31.660,13160
MOEX:RUAL,2020-09-08T12:29:00+03:00,31.700,31.725,31.670,31.710,9435
MOEX:RUAL,2020-09-08T12:30:00+03:00,31.725,31.725,31.705,31.710,669
MOEX:RUAL,2020-09-08T12:31:00+03:00,31.710,31.805,31.705,31.800,37717
MOEX:RUAL,2020-09-08T12:32:00+03:00,31.805,31.810,31.730,31.800,7027
MOEX:RUAL,2020-09-08T12:33:00+03:00,31.800,31.840,31.800,31.815,1565
MOEX:RUAL,2020-09-08T12:34:00+03:00,31.815,31.825,31.810,31.820,1809
MOEX:RUAL,2020-09-08T12:35:00+03:00,31.810,31.815,31.775,31.775,628
MOEX:RUAL,2020-09-08T12:36:00+03:00,31.795,31.795,31.745,31.745,418
MOEX:RUAL,2020-09-08T12:37:00+03:00,31.760,31.765,31.755,31.755,625
MOEX:RUAL,2020-09-08T12:38:00+03:00,31.755,31.760,31.755,31.755,254
MOEX:RUAL,2020-09-08T12:39:00+03:00,31.755,31.780,31.750,31.770,1514
MOEX:RUAL,2020-09-08T12:40:00+03:00,31.760,31.760,31.760,31.760,73
MOEX:RUAL,2020-09-08T12:41:00+03:00,31.760,31.775,31.730,31.765,569
MOEX:RUAL,2020-09-08T12:42:00+03:00,31.765,31.775,31.760,31.760,208
MOEX:RUAL,2020-09-08T12:43:00+03:00,31.790,31.795,31.760,31.790,918
MOEX:RUAL,2020-09-08T12:44:00+03:00,31.780,31.800,31.780,31.795,1149
MOEX:RUAL,2020-09-08T12:45:00+03:00,31.795,31.890,31.795,31.810,12396
MOEX:RUAL,2020-09-08T12:46:00+03:00,31.810,31.830,31.810,31.810,440
MOEX:RUAL,2020-09-08T12:47:00+03:00,31.810,31.830,31.810,31.830,268
MOEX:RUAL,2020-09-08T12:48:00+03:00,31.830,31.830,31.725,31.755,5796
MOEX:RUAL,2020-09-08T12:49:00+03:00,31.755,31.770,31.755,31.770,108
MOEX:RUAL,2020-09-08T12:50:00+03:00,31.750,31.775,31.700,31.705,6864
MOEX:RUAL,2020-09-08T12:51:00+03:00,31.710,31.735,31.705,31.730,252
MOEX:RUAL,2020-09-08T12:52:00+03:00,31.710,31.715,31.675,31.685,1195
MOEX:RUAL,2020-09-08T12:53:00+03:00,31.690,31.695,31.665,31.695,749
MOEX:RUAL,2020-09-08T12:54:00+03:00,31.690,31.690,31.665,31.665,358
MOEX:RUAL,2020-09-08T12:55:00+03:00,31.640,31.665,31.640,31.660,412
MOEX:RUAL,2020-09-08T12:56:00+03:00,31.670,31.690,31.605,31.625,4118
MOEX:RUAL,2020-09-08T12:57:00+03:00,31.625,31.625,31.605,31.625,489
MOEX:RUAL,2020-09-08T12:58:00+03:00,31.625,31.635,31.625,31.635,51
MOEX:RUAL,2020-09-08T12:59:00+03:00,31.640,31.660,31.640,31.660,570
MOEX:RUAL,2020-09-08T13:00:00+03:00,31.670,31.680,31.650,31.680,608
MOEX:RUAL,2020-09-08T13:01:00+03:00,31.680,31.710,31.680,31.705,655
MOEX:RUAL,2020-09-08T13:02:00+03:00,31.715,31.730,31.715,31.730,448
MOEX:RUAL,2020-09-08T13:03:00+03:00,31.730,31.740,31.700,31.735,776
MOEX:RUAL,2020-09-08T13:04:00+03:00,31.735,31.750,31.710,31.745,396
MOEX:RUAL,2020-09-08T13:05:00+03:00,31.750,31.770,31.730,31.770,229
MOEX:RUAL,2020-09-08T13:06:00+03:00,31.775,31.775,31.745,31.745,823
MOEX:RUAL,2020-09-08T13:07:00+03:00,31.770,31.775,31.740,31.740,1203
MOEX:RUAL,2020-09-08T13:08:00+03:00,31.740,31.760,31.740,31.740,179
MOEX:RUAL,2020-09-08T13:09:00+03:00,31.725,31.725,31.700,31.700,500
MOEX:RUAL,2020-09-08T13:10:00+03:00,31.740,31.760,31.720,31.720,360
MOEX:RUAL,2020-09-08T13:11:00+03:00,31.720,31.720,31.720,31.720,953
MOEX:RUAL,2020-09-08T13:12:00+03:00,31.720,31.720,31.720,31.720,4
MOEX:RUAL,2020-09-08T13:13:00+03:00,31.720,31.720,31.700,31.700,623
MOEX:RUAL,2020-09-08T13:14:00+03:00,31.700,31.700,31.645,31.675,2260
MOEX:RUAL,2020-09-08T13:15:00+03:00,31.660,31.675,31.660,31.660,112
MOEX:RUAL,2020-09-08T13:16:00+03:00,31.660,31.675,31.660,31.675,44
MOEX:RUAL,2020-09-08T13:17:00+03:00,31.660,31.675,31.660,31.670,410
MOEX:RUAL,2020-09-08T13:18:00+03:00,31.660,31.660,31.660,31.660,1
MOEX:RUAL,2020-09-08T13:19:00+03:00,31.660,31.680,31.660,31.680,415
MOEX:RUAL,2020-09-08T13:20:00+03:00,31.680,31.680,31.680,31.680,6
MOEX:RUAL,2020-09-08T13:21:00+03:00,31.660,31.690,31.660,31.665,15
MOEX:RUAL,2020-09-08T13:22:00+03:00,31.665,31.685,31.660,31.685,612
MOEX:RUAL,2020-09-08T13:23:00+03:00,31.685,31.685,31.685,31.685,3
MOEX:RUAL,2020-09-08T13:24:00+03:00,31.685,31.700,31.685,31.690,468
MOEX:RUAL,2020-09-08T13:25:00+03:00,31.695,31.700,31.660,31.695,2505
MOEX:RUAL,2020-09-08T13:26:00+03:00,31.665,31.695,31.665,31.670,76
MOEX:RUAL,2020-09-08T13:27:00+03:00,31.670,31.695,31.670,31.695,3
MOEX:RUAL,2020-09-08T13:28:00+03:00,31.695,31.695,31.670,31.695,406
MOEX:RUAL,2020-09-08T13:29:00+03:00,31.670,31.695,31.670,31.670,210
MOEX:RUAL,2020-09-08T13:30:00+03:00,31.670,31.670,31.645,31.670,2425
MOEX:RUAL,2020-09-08T13:31:00+03:00,31.665,31.670,31.665,31.665,748
MOEX:RUAL,2020-09-08T13:32:00+03:00,31.665,31.665,31.665,31.665,2
MOEX:RUAL,2020-09-08T13:33:00+03:00,31.670,31.670,31.645,31.665,4130
MOEX:RUAL,2020-09-08T13:34:00+03:00,31.655,31.665,31.655,31.665,120
MOEX:RUAL,2020-09-08T13:35:00+03:00,31.660,31.665,31.655,31.655,577
MOEX:RUAL,2020-09-08T13:36:00+03:00,31.655,31.660,31.645,31.660,1166
MOEX:RUAL,2020-09-08T13:37:00+03:00,31.660,31.660,31.660,31.660,7
MOEX:RUAL,2020-09-08T13:38:00+03:00,31.645,31.660,31.645,31.660,70
MOEX:RUAL,2020-09-08T13:39:00+03:00,31.660,31.670,31.645,31.645,1036
MOEX:RUAL,2020-09-08T13:40:00+03:00,31.645,31.645,31.645,31.645,1134
MOEX:RUAL,2020-09-08T13:42:00+03:00,31.665,31.665,31.665,31.665,2
MOEX:RUAL,2020-09-08T13:43:00+03:00,31.650,31.660,31.600,31.615,2594
MOEX:RUAL,2020-09-08T13:44:00+03:00,31.600,31.605,31.590,31.605,459
MOEX:RUAL,2020-09-08T13:45:00+03:00,31.580,31.605,31.580,31.580,46
MOEX:RUAL,2020-09-08T13:46:00+03:00,31.580,31.580,31.555,31.555,519
MOEX:RUAL,2020-09-08T13:47:00+03:00,31.550,31.550,31.550,31.550,369
MOEX:RUAL,2020-09-08T13:48:00+03:00,31.550,31.565,31.550,31.565,240
MOEX:RUAL,2020-09-08T13:49:00+03:00,31.530,31.555,31.515,31.530,183
MOEX:RUAL,2020-09-08T13:50:00+03:00,31.550,31.555,31.515,31.545,862
MOEX:RUAL,2020-09-08T13:51:00+03:00,31.530,31.545,31.530,31.530,547
MOEX:RUAL,2020-09-08T13:52:00+03:00,31.540,31.540,31.530,31.530,6
MOEX:RUAL,2020-09-08T13:53:00+03:00,31.540,31.555,31.540,31.555,470
MOEX:RUAL,2020-09-08T13:54:00+03:00,31.550,31.555,31.550,31.555,5
MOEX:RUAL,2020-09-08T13:55:00+03:00,31.555,31.565,31.550,31.550,122
MOEX:RUAL,2020-09-08T13:56:00+03:00,31.565,31.565,31.550,31.550,28
MOEX:RUAL,2020-09-08T13:57:00+03:00,31.565,31.565,31.565,31.565,108
MOEX:RUAL,2020-09-08T13:58:00+03:00,31.565,31.570,31.560,31.570,2181
MOEX:RUAL,2020-09-08T13:59:00+03:00,31.585,31.585,31.580,31.580,5
MOEX:RUAL,2020-09-08T14:00:00+03:00,31.580,31.600,31.580,31.600,562
MOEX:RUAL,2020-09-08T14:01:00+03:00,31.610,31.610,31.610,31.610,214
MOEX:RUAL,2020-09-08T14:02:00+03:00,31.610,31.610,31.610,31.610,17
MOEX:RUAL,2020-09-08T14:03:00+03:00,31.600,31.610,31.600,31.610,256
MOEX:RUAL,2020-09-08T14:04:00+03:00,31.610,31.610,31.600,31.600,287
MOEX:RUAL,2020-09-08T14:05:00+03:00,31.605,31.615,31.605,31.615,281
MOEX:RUAL,2020-09-08T14:06:00+03:00,31.615,31.615,31.600,31.615,18
MOEX:RUAL,2020-09-08T14:07:00+03:00,31.615,31.615,31.600,31.615,59
MOEX:RUAL,2020-09-08T14:08:00+03:00,31.600,31.600,31.600,31.600,20
MOEX:RUAL,2020-09-08T14:09:00+03:00,31.600,31.615,31.600,31.615,16
MOEX:RUAL,2020-09-08T14:10:00+03:00,31.615,31.615,31.610,31.610,350
MOEX:RUAL,2020-09-08T14:11:00+03:00,31.615,31.620,31.615,31.620,168
MOEX:RUAL,2020-09-08T14:12:00+03:00,31.620,31.620,31.620,31.620,52
MOEX:RUAL,2020-09-08T14:13:00+03:00,31.625,31.640,31.625,31.630,1272
MOEX:RUAL,2020-09-08T14:14:00+03:00,31.630,31.630,31.630,31.630,38
MOEX:RUAL,2020-09-08T14:15:00+03:00,31.630,31.630,31.600,31.625,2561
MOEX:RUAL,2020-09-08T14:16:00+03:00,31.600,31.625,31.600,31.625,6
MOEX:RUAL,2020-09-08T14:17:00+03:00,31.600,31.625,31.600,31.600,37
MOEX:RUAL,2020-09-08T14:19:00+03:00,31.605,31.625,31.605,31.625,951
MOEX:RUAL,2020-09-08T14:20:00+03:00,31.605,31.625,31.605,31.625,35
MOEX:RUAL,2020-09-08T14:21:00+03:00,31.605,31.625,31.605,31.625,8
MOEX:RUAL,2020-09-08T14:22:00+03:00,31.625,31.630,31.605,31.605,641
MOEX:RUAL,2020-09-08T14:23:00+03:00,31.630,31.630,31.605,31.630,24
MOEX:RUAL,2020-09-08T14:24:00+03:00,31.605,31.605,31.585,31.585,2021
MOEX:RUAL,2020-09-08T14:25:00+03:00,31.590,31.590,31.590,31.590,5
MOEX:RUAL,2020-09-08T14:26:00+03:00,31.585,31.585,31.585,31.585,379
MOEX:RUAL,2020-09-08T14:27:00+03:00,31.585,31.585,31.585,31.585,2
MOEX:RUAL,2020-09-08T14:28:00+03:00,31.580,31.615,31.580,31.600,878
MOEX:RUAL,2020-09-08T14:29:00+03:00,31.615,31.615,31.590,31.590,1789
MOEX:RUAL,2020-09-08T14:30:00+03:00,31.610,31.610,31.590,31.590,102
MOEX:RUAL,2020-09-08T14:31:00+03:00,31.590,31.610,31.590,31.610,99
MOEX:RUAL,2020-09-08T14:32:00+03:00,31.590,31.610,31.590,31.610,2164
MOEX:RUAL,2020-09-08T14:33:00+03:00,31.590,31.610,31.590,31.610,449
MOEX:RUAL,2020-09-08T14:34:00+03:00,31.610,31.610,31.610,31.610,10
MOEX:RUAL,2020-09-08T14:35:00+03:00,31.615,31.615,31.615,31.615,50
MOEX:RUAL,2020-09-08T14:37:00+03:00,31.615,31.620,31.610,31.620,503
MOEX:RUAL,2020-09-08T14:38:00+03:00,31.600,31.625,31.590,31.610,455
MOEX:RUAL,2020-09-08T14:39:00+03:00,31.610,31.620,31.590,31.615,661
MOEX:RUAL,2020-09-08T14:40:00+03:00,31.615,31.620,31.585,31.585,3017
MOEX:RUAL,2020-09-08T14:41:00+03:00,31.580,31.580,31.575,31.575,793
MOEX:RUAL,2020-09-08T14:42:00+03:00,31.575,31.575,31.530,31.535,1532
MOEX:RUAL,2020-09-08T14:43:00+03:00,31.525,31.550,31.475,31.500,2489
MOEX:RUAL,2020-09-08T14:44:00+03:00,31.475,31.475,31.400,31.410,3730
MOEX:RUAL,2020-09-08T14:45:00+03:00,31.400,31.410,31.400,31.410,644
MOEX:RUAL,2020-09-08T14:46:00+03:00,31.400,31.400,31.390,31.390,266
MOEX:RUAL,2020-09-08T14:47:00+03:00,31.380,31.395,31.365,31.380,521
MOEX:RUAL,2020-09-08T14:48:00+03:00,31.370,31.370,31.315,31.350,3234
MOEX:RUAL,2020-09-08T14:49:00+03:00,31.330,31.330,31.300,31.300,3880
MOEX:RUAL,2020-09-08T14:50:00+03:00,31.300,31.325,31.300,31.325,1423
MOEX:RUAL,2020-09-08T14:51:00+03:00,31.325,31.325,31.305,31.305,295
MOEX:RUAL,2020-09-08T14:52:00+03:00,31.310,31.330,31.310,31.315,915
MOEX:RUAL,2020-09-08T14:53:00+03:00,31.335,31.335,31.315,31.325,742
MOEX:RUAL,2020-09-08T14:54:00+03:00,31.325,31.325,31.300,31.300,1034
MOEX:RUAL,2020-09-08T14:55:00+03:00,31.320,31.325,31.300,31.325,1195
MOEX:RUAL,2020-09-08T14:56:00+03:00,31.325,31.345,31.325,31.345,1786
MOEX:RUAL,2020-09-08T14:57:00+03:00,31.345,31.375,31.340,31.340,1522
MOEX:RUAL,2020-09-08T14:58:00+03:00,31.370,31.375,31.365,31.365,259
MOEX:RUAL,2020-09-08T14:59:00+03:00,31.365,31.365,31.365,31.365,357
MOEX:RUAL,2020-09-08T15:00:00+03:00,31.370,31.370,31.310,31.345,879
MOEX:RUAL,2020-09-08T15:01:00+03:00,31.315,31.340,31.315,31.315,171
MOEX:RUAL,2020-09-08T15:02:00+03:00,31.315,31.330,31.300,31.305,2270
MOEX:RUAL,2020-09-08T15:03:00+03:00,31.330,31.330,31.320,31.330,644
MOEX:RUAL,2020-09-08T15:04:00+03:00,31.340,31.345,31.340,31.345,103
MOEX:RUAL,2020-09-08T15:05:00+03:00,31.330,31.335,31.300,31.300,1601
MOEX:RUAL,2020-09-08T15:06:00+03:00,31.305,31.325,31.300,31.325,220
MOEX:RUAL,2020-09-08T15:07:00+03:00,31.320,31.320,31.305,31.320,204
MOEX:RUAL,2020-09-08T15:08:00+03:00,31.320,31.320,31.300,31.300,8
MOEX:RUAL,2020-09-08T15:09:00+03:00,31.320,31.320,31.300,31.315,137
MOEX:RUAL,2020-09-08T15:10:00+03:00,31.320,31.320,31.310,31.310,101
MOEX:RUAL,2020-09-08T15:11:00+03:00,31.310,31.320,31.310,31.320,17
MOEX:RUAL,2020-09-08T15:12:00+03:00,31.310,31.315,31.310,31.315,11
MOEX:RUAL,2020-09-08T15:13:00+03:00,31.315,31.315,31.300,31.300,687
MOEX:RUAL,2020-09-08T15:14:00+03:00,31.310,31.310,31.300,31.300,13
MOEX:RUAL,2020-09-08T15:15:00+03:00,31.310,31.320,31.300,31.300,368
MOEX:RUAL,2020-09-08T15:16:00+03:00,31.320,31.335,31.300,31.335,676
MOEX:RUAL,2020-09-08T15:17:00+03:00,31.340,31.355,31.340,31.350,600
MOEX:RUAL,2020-09-08T15:18:00+03:00,31.350,31.365,31.350,31.365,536
MOEX:RUAL,2020-09-08T15:19:00+03:00,31.360,31.365,31.360,31.365,788
MOEX:RUAL,2020-09-08T15:20:00+03:00,31.365,31.375,31.360,31.365,132
MOEX:RUAL,2020-09-08T15:21:00+03:00,31.375,31.395,31.375,31.395,631
MOEX:RUAL,2020-09-08T15:22:00+03:00,31.395,31.400,31.355,31.395,3477
MOEX:RUAL,2020-09-08T15:24:00+03:00,31.395,31.400,31.375,31.375,482
MOEX:RUAL,2020-09-08T15:25:00+03:00,31.395,31.395,31.375,31.395,248
MOEX:RUAL,2020-09-08T15:26:00+03:00,31.395,31.415,31.375,31.410,654
MOEX:RUAL,2020-09-08T15:27:00+03:00,31.410,31.420,31.405,31.420,845
MOEX:RUAL,2020-09-08T15:28:00+03:00,31.430,31.440,31.430,31.440,243
MOEX:RUAL,2020-09-08T15:29:00+03:00,31.445,31.460,31.435,31.435,670
MOEX:RUAL,2020-09-08T15:30:00+03:00,31.435,31.455,31.435,31.455,213
MOEX:RUAL,2020-09-08T15:31:00+03:00,31.455,31.465,31.435,31.435,118
MOEX:RUAL,2020-09-08T15:32:00+03:00,31.455,31.475,31.440,31.475,430
MOEX:RUAL,2020-09-08T15:33:00+03:00,31.475,31.475,31.470,31.475,1127
MOEX:RUAL,2020-09-08T15:34:00+03:00,31.475,31.475,31.470,31.470,1212
MOEX:RUAL,2020-09-08T15:35:00+03:00,31.450,31.470,31.450,31.455,511
MOEX:RUAL,2020-09-08T15:36:00+03:00,31.455,31.455,31.455,31.455,4
MOEX:RUAL,2020-09-08T15:37:00+03:00,31.455,31.470,31.455,31.470,403
MOEX:RUAL,2020-09-08T15:39:00+03:00,31.450,31.470,31.435,31.435,1543
MOEX:RUAL,2020-09-08T15:40:00+03:00,31.450,31.450,31.400,31.400,842
MOEX:RUAL,2020-09-08T15:41:00+03:00,31.400,31.420,31.400,31.400,409
MOEX:RUAL,2020-09-08T15:42:00+03:00,31.410,31.420,31.355,31.355,883
MOEX:RUAL,2020-09-08T15:43:00+03:00,31.355,31.355,31.325,31.330,1011
MOEX:RUAL,2020-09-08T15:44:00+03:00,31.350,31.350,31.325,31.345,238
MOEX:RUAL,2020-09-08T15:45:00+03:00,31.350,31.350,31.330,31.330,432
MOEX:RUAL,2020-09-08T15:46:00+03:00,31.330,31.330,31.300,31.300,838
MOEX:RUAL,2020-09-08T15:47:00+03:00,31.305,31.340,31.305,31.340,794
MOEX:RUAL,2020-09-08T15:48:00+03:00,31.330,31.345,31.300,31.300,1933
MOEX:RUAL,2020-09-08T15:49:00+03:00,31.330,31.335,31.305,31.310,217
MOEX:RUAL,2020-09-08T15:50:00+03:00,31.305,31.325,31.300,31.320,976
MOEX:RUAL,2020-09-08T15:51:00+03:00,31.320,31.330,31.310,31.310,612
MOEX:RUAL,2020-09-08T15:52:00+03:00,31.320,31.360,31.320,31.350,672
MOEX:RUAL,2020-09-08T15:53:00+03:00,31.345,31.365,31.345,31.350,1671
MOEX:RUAL,2020-09-08T15:54:00+03:00,31.345,31.370,31.315,31.335,480
MOEX:RUAL,2020-09-08T15:55:00+03:00,31.315,31.350,31.315,31.350,168
MOEX:RUAL,2020-09-08T15:56:00+03:00,31.360,31.380,31.355,31.370,953
MOEX:RUAL,2020-09-08T15:57:00+03:00,31.370,31.380,31.345,31.375,2742
MOEX:RUAL,2020-09-08T15:58:00+03:00,31.345,31.375,31.345,31.345,26
MOEX:RUAL,2020-09-08T15:59:00+03:00,31.350,31.365,31.350,31.365,86
MOEX:RUAL,2020-09-08T16:00:00+03:00,31.365,31.365,31.330,31.330,842
MOEX:RUAL,2020-09-08T16:01:00+03:00,31.345,31.350,31.330,31.330,174
MOEX:RUAL,2020-09-08T16:02:00+03:00,31.340,31.340,31.305,31.310,3071
MOEX:RUAL,2020-09-08T16:03:00+03:00,31.305,31.320,31.305,31.305,142
MOEX:RUAL,2020-09-08T16:04:00+03:00,31.310,31.320,31.300,31.305,3350
MOEX:RUAL,2020-09-08T16:05:00+03:00,31.305,31.320,31.300,31.320,12421
MOEX:RUAL,2020-09-08T16:06:00+03:00,31.320,31.320,31.300,31.320,568
MOEX:RUAL,2020-09-08T16:07:00+03:00,31.300,31.320,31.300,31.320,279
MOEX:RUAL,2020-09-08T16:08:00+03:00,31.315,31.325,31.300,31.325,685
MOEX:RUAL,2020-09-08T16:09:00+03:00,31.325,31.340,31.325,31.330,1048
MOEX:RUAL,2020-09-08T16:10:00+03:00,31.330,31.335,31.315,31.315,1050
MOEX:RUAL,2020-09-08T16:11:00+03:00,31.330,31.330,31.330,31.330,100
MOEX:RUAL,2020-09-08T16:12:00+03:00,31.330,31.330,31.315,31.315,83
MOEX:RUAL,2020-09-08T16:13:00+03:00,31.315,31.330,31.315,31.330,220
MOEX:RUAL,2020-09-08T16:14:00+03:00,31.315,31.330,31.315,31.325,446
MOEX:RUAL,2020-09-08T16:15:00+03:00,31.330,31.330,31.300,31.305,782
MOEX:RUAL,2020-09-08T16:16:00+03:00,31.325,31.325,31.300,31.300,526
MOEX:RUAL,2020-09-08T16:17:00+03:00,31.325,31.325,31.300,31.320,1428
MOEX:RUAL,2020-09-08T16:18:00+03:00,31.330,31.345,31.330,31.340,708
MOEX:RUAL,2020-09-08T16:19:00+03:00,31.350,31.360,31.340,31.350,47
MOEX:RUAL,2020-09-08T16:20:00+03:00,31.360,31.380,31.355,31.375,634
MOEX:RUAL,2020-09-08T16:21:00+03:00,31.375,31.380,31.375,31.380,268
MOEX:RUAL,2020-09-08T16:22:00+03:00,31.380,31.400,31.380,31.400,1816
MOEX:RUAL,2020-09-08T16:23:00+03:00,31.400,31.410,31.370,31.370,434
MOEX:RUAL,2020-09-08T16:24:00+03:00,31.375,31.415,31.375,31.400,227
MOEX:RUAL,2020-09-08T16:25:00+03:00,31.420,31.430,31.420,31.420,533
MOEX:RUAL,2020-09-08T16:26:00+03:00,31.420,31.435,31.420,31.435,12
MOEX:RUAL,2020-09-08T16:27:00+03:00,31.435,31.450,31.435,31.435,484
MOEX:RUAL,2020-09-08T16:28:00+03:00,31.450,31.455,31.435,31.455,2857
MOEX:RUAL,2020-09-08T16:29:00+03:00,31.445,31.460,31.445,31.460,1284
MOEX:RUAL,2020-09-08T16:30:00+03:00,31.450,31.470,31.450,31.450,1553
MOEX:RUAL,2020-09-08T16:31:00+03:00,31.465,31.475,31.465,31.475,4816
MOEX:RUAL,2020-09-08T16:32:00+03:00,31.475,31.475,31.470,31.475,769
MOEX:RUAL,2020-09-08T16:33:00+03:00,31.475,31.475,31.470,31.475,1675
MOEX:RUAL,2020-09-08T16:34:00+03:00,31.470,31.480,31.465,31.475,3408
MOEX:RUAL,2020-09-08T16:35:00+03:00,31.470,31.490,31.465,31.490,490
MOEX:RUAL,2020-09-08T16:36:00+03:00,31.490,31.500,31.470,31.500,1952
MOEX:RUAL,2020-09-08T16:37:00+03:00,31.500,31.550,31.500,31.540,1941
MOEX:RUAL,2020-09-08T16:38:00+03:00,31.530,31.530,31.510,31.520,314
MOEX:RUAL,2020-09-08T16:39:00+03:00,31.510,31.510,31.485,31.485,2400
MOEX:RUAL,2020-09-08T16:40:00+03:00,31.505,31.505,31.480,31.480,1222
MOEX:RUAL,2020-09-08T16:41:00+03:00,31.480,31.485,31.445,31.485,864
MOEX:RUAL,2020-09-08T16:42:00+03:00,31.485,31.485,31.425,31.445,244
MOEX:RUAL,2020-09-08T16:43:00+03:00,31.445,31.445,31.445,31.445,189
MOEX:RUAL,2020-09-08T16:44:00+03:00,31.410,31.410,31.405,31.405,1000
MOEX:RUAL,2020-09-08T16:45:00+03:00,31.410,31.445,31.410,31.440,638
MOEX:RUAL,2020-09-08T16:46:00+03:00,31.445,31.490,31.440,31.485,799
MOEX:RUAL,2020-09-08T16:47:00+03:00,31.470,31.500,31.470,31.475,410
MOEX:RUAL,2020-09-08T16:48:00+03:00,31.485,31.500,31.475,31.500,236
MOEX:RUAL,2020-09-08T16:49:00+03:00,31.500,31.520,31.480,31.520,398
MOEX:RUAL,2020-09-08T16:50:00+03:00,31.520,31.550,31.490,31.495,1723
MOEX:RUAL,2020-09-08T16:51:00+03:00,31.495,31.535,31.480,31.485,324
MOEX:RUAL,2020-09-08T16:52:00+03:00,31.480,31.485,31.470,31.475,938
MOEX:RUAL,2020-09-08T16:53:00+03:00,31.470,31.485,31.470,31.475,27
MOEX:RUAL,2020-09-08T16:54:00+03:00,31.475,31.485,31.455,31.455,770
MOEX:RUAL,2020-09-08T16:55:00+03:00,31.435,31.465,31.435,31.465,201
MOEX:RUAL,2020-09-08T16:56:00+03:00,31.435,31.435,31.435,31.435,70
MOEX:RUAL,2020-09-08T16:57:00+03:00,31.465,31.465,31.445,31.465,117
MOEX:RUAL,2020-09-08T16:58:00+03:00,31.465,31.465,31.445,31.465,213
MOEX:RUAL,2020-09-08T16:59:00+03:00,31.465,31.465,31.405,31.415,1346
MOEX:RUAL,2020-09-08T17:00:00+03:00,31.415,31.440,31.400,31.430,356
MOEX:RUAL,2020-09-08T17:01:00+03:00,31.430,31.435,31.430,31.435,188
MOEX:RUAL,2020-09-08T17:02:00+03:00,31.435,31.435,31.405,31.405,2209
MOEX:RUAL,2020-09-08T17:03:00+03:00,31.430,31.430,31.395,31.395,1755
MOEX:RUAL,2020-09-08T17:04:00+03:00,31.390,31.390,31.390,31.390,298
MOEX:RUAL,2020-09-08T17:05:00+03:00,31.390,31.390,31.380,31.385,886
MOEX:RUAL,2020-09-08T17:06:00+03:00,31.385,31.385,31.385,31.385,101
MOEX:RUAL,2020-09-08T17:07:00+03:00,31.410,31.420,31.410,31.420,957
MOEX:RUAL,2020-09-08T17:08:00+03:00,31.410,31.440,31.410,31.440,1201
MOEX:RUAL,2020-09-08T17:09:00+03:00,31.440,31.450,31.425,31.450,1282
MOEX:RUAL,2020-09-08T17:10:00+03:00,31.450,31.450,31.445,31.445,862
MOEX:RUAL,2020-09-08T17:11:00+03:00,31.450,31.450,31.450,31.450,194
MOEX:RUAL,2020-09-08T17:12:00+03:00,31.445,31.450,31.445,31.445,5365
MOEX:RUAL,2020-09-08T17:13:00+03:00,31.450,31.450,31.445,31.450,319
MOEX:RUAL,2020-09-08T17:14:00+03:00,31.450,31.480,31.445,31.480,3116
MOEX:RUAL,2020-09-08T17:15:00+03:00,31.485,31.485,31.465,31.465,143
MOEX:RUAL,2020-09-08T17:16:00+03:00,31.480,31.485,31.465,31.465,402
MOEX:RUAL,2020-09-08T17:17:00+03:00,31.485,31.490,31.470,31.490,3425
MOEX:RUAL,2020-09-08T17:18:00+03:00,31.490,31.500,31.480,31.500,354
MOEX:RUAL,2020-09-08T17:19:00+03:00,31.500,31.550,31.500,31.535,1788
MOEX:RUAL,2020-09-08T17:20:00+03:00,31.535,31.580,31.535,31.560,1016
MOEX:RUAL,2020-09-08T17:21:00+03:00,31.580,31.580,31.560,31.580,1348
MOEX:RUAL,2020-09-08T17:22:00+03:00,31.590,31.630,31.590,31.630,3691
MOEX:RUAL,2020-09-08T17:23:00+03:00,31.630,31.640,31.630,31.640,2646
MOEX:RUAL,2020-09-08T17:24:00+03:00,31.640,31.650,31.625,31.645,2314
MOEX:RUAL,2020-09-08T17:25:00+03:00,31.645,31.650,31.625,31.625,1486
MOEX:RUAL,2020-09-08T17:26:00+03:00,31.645,31.650,31.625,31.650,645
MOEX:RUAL,2020-09-08T17:27:00+03:00,31.630,31.645,31.620,31.620,1527
MOEX:RUAL,2020-09-08T17:28:00+03:00,31.605,31.605,31.605,31.605,1
MOEX:RUAL,2020-09-08T17:29:00+03:00,31.615,31.625,31.610,31.625,652
MOEX:RUAL,2020-09-08T17:30:00+03:00,31.625,31.625,31.625,31.625,2
MOEX:RUAL,2020-09-08T17:31:00+03:00,31.600,31.625,31.600,31.625,206
MOEX:RUAL,2020-09-08T17:32:00+03:00,31.600,31.625,31.600,31.625,204
MOEX:RUAL,2020-09-08T17:33:00+03:00,31.600,31.625,31.600,31.625,207
MOEX:RUAL,2020-09-08T17:34:00+03:00,31.600,31.640,31.600,31.640,182
MOEX:RUAL,2020-09-08T17:35:00+03:00,31.645,31.645,31.645,31.645,363
MOEX:RUAL,2020-09-08T17:36:00+03:00,31.650,31.690,31.650,31.685,5481
MOEX:RUAL,2020-09-08T17:37:00+03:00,31.685,31.700,31.670,31.685,1262
MOEX:RUAL,2020-09-08T17:38:00+03:00,31.700,31.700,31.685,31.690,347
MOEX:RUAL,2020-09-08T17:39:00+03:00,31.690,31.735,31.690,31.730,2678
MOEX:RUAL,2020-09-08T17:40:00+03:00,31.730,31.730,31.690,31.705,1844
MOEX:RUAL,2020-09-08T17:41:00+03:00,31.690,31.695,31.625,31.695,673
MOEX:RUAL,2020-09-08T17:42:00+03:00,31.660,31.685,31.660,31.660,323
MOEX:RUAL,2020-09-08T17:43:00+03:00,31.685,31.685,31.660,31.685,309
MOEX:RUAL,2020-09-08T17:44:00+03:00,31.685,31.685,31.685,31.685,294
MOEX:RUAL,2020-09-08T17:45:00+03:00,31.685,31.700,31.685,31.690,1253
MOEX:RUAL,2020-09-08T17:46:00+03:00,31.690,31.690,31.685,31.685,1161
MOEX:RUAL,2020-09-08T17:47:00+03:00,31.660,31.660,31.660,31.660,752
MOEX:RUAL,2020-09-08T17:48:00+03:00,31.660,31.690,31.590,31.590,3100
MOEX:RUAL,2020-09-08T17:49:00+03:00,31.595,31.595,31.590,31.590,149
MOEX:RUAL,2020-09-08T17:50:00+03:00,31.600,31.600,31.595,31.600,265
MOEX:RUAL,2020-09-08T17:51:00+03:00,31.600,31.635,31.600,31.635,1244
MOEX:RUAL,2020-09-08T17:52:00+03:00,31.635,31.640,31.620,31.625,1486
MOEX:RUAL,2020-09-08T17:53:00+03:00,31.640,31.645,31.640,31.645,195
MOEX:RUAL,2020-09-08T17:54:00+03:00,31.640,31.640,31.600,31.620,1477
MOEX:RUAL,2020-09-08T17:55:00+03:00,31.615,31.630,31.600,31.600,1108
MOEX:RUAL,2020-09-08T17:56:00+03:00,31.600,31.610,31.600,31.600,209
MOEX:RUAL,2020-09-08T17:57:00+03:00,31.605,31.615,31.600,31.615,264
MOEX:RUAL,2020-09-08T17:58:00+03:00,31.600,31.615,31.600,31.600,1422
MOEX:RUAL,2020-09-08T17:59:00+03:00,31.610,31.610,31.610,31.610,30
MOEX:RUAL,2020-09-08T18:00:00+03:00,31.610,31.610,31.585,31.585,195
MOEX:RUAL,2020-09-08T18:01:00+03:00,31.605,31.605,31.580,31.585,1622
MOEX:RUAL,2020-09-08T18:02:00+03:00,31.580,31.600,31.580,31.600,263
MOEX:RUAL,2020-09-08T18:03:00+03:00,31.600,31.600,31.590,31.600,401
MOEX:RUAL,2020-09-08T18:04:00+03:00,31.600,31.600,31.525,31.570,1798
MOEX:RUAL,2020-09-08T18:05:00+03:00,31.570,31.590,31.570,31.590,449
MOEX:RUAL,2020-09-08T18:06:00+03:00,31.590,31.610,31.580,31.610,244
MOEX:RUAL,2020-09-08T18:07:00+03:00,31.610,31.610,31.600,31.610,400
MOEX:RUAL,2020-09-08T18:08:00+03:00,31.610,31.615,31.590,31.615,399
MOEX:RUAL,2020-09-08T18:09:00+03:00,31.615,31.615,31.605,31.605,1036
MOEX:RUAL,2020-09-08T18:10:00+03:00,31.615,31.615,31.605,31.605,1687
MOEX:RUAL,2020-09-08T18:11:00+03:00,31.605,31.605,31.605,31.605,636
MOEX:RUAL,2020-09-08T18:12:00+03:00,31.605,31.615,31.605,31.615,2431
MOEX:RUAL,2020-09-08T18:13:00+03:00,31.605,31.615,31.590,31.590,4340
MOEX:RUAL,2020-09-08T18:14:00+03:00,31.590,31.590,31.580,31.580,969
MOEX:RUAL,2020-09-08T18:15:00+03:00,31.555,31.580,31.555,31.580,94
MOEX:RUAL,2020-09-08T18:16:00+03:00,31.575,31.605,31.565,31.605,279
MOEX:RUAL,2020-09-08T18:17:00+03:00,31.565,31.565,31.530,31.530,931
MOEX:RUAL,2020-09-08T18:18:00+03:00,31.560,31.575,31.540,31.555,1684
MOEX:RUAL,2020-09-08T18:19:00+03:00,31.560,31.560,31.540,31.555,405
MOEX:RUAL,2020-09-08T18:20:00+03:00,31.555,31.575,31.540,31.550,910
MOEX:RUAL,2020-09-08T18:21:00+03:00,31.550,31.550,31.530,31.550,186
MOEX:RUAL,2020-09-08T18:22:00+03:00,31.530,31.550,31.530,31.550,397
MOEX:RUAL,2020-09-08T18:23:00+03:00,31.550,31.550,31.530,31.550,50
MOEX:RUAL,2020-09-08T18:24:00+03:00,31.555,31.555,31.555,31.555,490
MOEX:RUAL,2020-09-08T18:25:00+03:00,31.555,31.555,31.550,31.555,1757
MOEX:RUAL,2020-09-08T18:26:00+03:00,31.555,31.555,31.555,31.555,337
MOEX:RUAL,2020-09-08T18:27:00+03:00,31.555,31.555,31.550,31.550,515
MOEX:RUAL,2020-09-08T18:28:00+03:00,31.555,31.555,31.550,31.550,302
MOEX:RUAL,2020-09-08T18:29:00+03:00,31.555,31.555,31.550,31.555,990
MOEX:RUAL,2020-09-08T18:30:00+03:00,31.555,31.555,31.510,31.510,4658
MOEX:RUAL,2020-09-08T18:31:00+03:00,31.515,31.515,31.515,31.515,107
MOEX:RUAL,2020-09-08T18:32:00+03:00,31.550,31.550,31.550,31.550,298
MOEX:RUAL,2020-09-08T18:33:00+03:00,31.550,31.550,31.510,31.550,2680
MOEX:RUAL,2020-09-08T18:34:00+03:00,31.545,31.545,31.515,31.545,505
MOEX:RUAL,2020-09-08T18:35:00+03:00,31.550,31.550,31.530,31.550,1059
MOEX:RUAL,2020-09-08T18:36:00+03:00,31.550,31.550,31.530,31.550,579
MOEX:RUAL,2020-09-08T18:37:00+03:00,31.555,31.555,31.550,31.550,1200
MOEX:RUAL,2020-09-08T18:38:00+03:00,31.555,31.555,31.530,31.530,964
MOEX:RUAL,2020-09-08T18:39:00+03:00,31.555,31.555,31.530,31.530,925
MOEX:RUAL,2020-09-08T18:45:00+03:00,31.555,31.555,31.555,31.555,4016
MOEX:RUAL,2020-09-08T18:46:00+03:00,31.555,31.555,31.555,31.555,2
MOEX:RUAL,2020-09-08T18:48:00+03:00,31.555,31.555,31.555,31.555,500
MOEX:RUAL,2020-09-08T19:05:00+03:00,31.665,31.665,31.530,31.530,35
MOEX:RUAL,2020-09-08T19:07:00+03:00,31.575,31.580,31.575,31.580,5
MOEX:RUAL,2020-09-08T19:08:00+03:00,31.580,31.580,31.580,31.580,3
MOEX:RUAL,2020-09-08T19:09:00+03:00,31.580,31.580,31.580,31.580,4
MOEX:RUAL,2020-09-08T19:10:00+03:00,31.605,31.605,31.565,31.565,4
MOEX:RUAL,2020-09-08T19:11:00+03:00,31.565,31.565,31.465,31.465,155
MOEX:RUAL,2020-09-08T19:12:00+03:00,31.560,31.560,31.560,31.560,30
MOEX:RUAL,2020-09-08T19:13:00+03:00,31.505,31.545,31.500,31.545,6
MOEX:RUAL,2020-09-08T19:14:00+03:00,31.505,31.555,31.450,31.555,113
MOEX:RUAL,2020-09-08T19:16:00+03:00,31.485,31.485,31.470,31.470,10
MOEX:RUAL,2020-09-08T19:17:00+03:00,31.535,31.555,31.530,31.555,65
MOEX:RUAL,2020-09-08T19:18:00+03:00,31.520,31.520,31.520,31.520,1
MOEX:RUAL,2020-09-08T19:19:00+03:00,31.545,31.550,31.545,31.550,4
MOEX:RUAL,2020-09-08T19:20:00+03:00,31.510,31.510,31.510,31.510,10
MOEX:RUAL,2020-09-08T19:21:00+03:00,31.550,31.595,31.520,31.525,455
MOEX:RUAL,2020-09-08T19:24:00+03:00,31.550,31.575,31.550,31.575,3
MOEX:RUAL,2020-09-08T19:25:00+03:00,31.575,31.575,31.575,31.575,1
MOEX:RUAL,2020-09-08T19:26:00+03:00,31.540,31.540,31.535,31.540,28
MOEX:RUAL,2020-09-08T19:27:00+03:00,31.540,31.540,31.540,31.540,2
MOEX:RUAL,2020-09-08T19:28:00+03:00,31.540,31.540,31.500,31.500,60
MOEX:RUAL,2020-09-08T19:29:00+03:00,31.525,31.530,31.520,31.520,31
MOEX:RUAL,2020-09-08T19:30:00+03:00,31.525,31.540,31.510,31.510,514
MOEX:RUAL,2020-09-08T19:31:00+03:00,31.510,31.515,31.490,31.505,146
MOEX:RUAL,2020-09-08T19:32:00+03:00,31.505,31.505,31.485,31.485,16
MOEX:RUAL,2020-09-08T19:33:00+03:00,31.480,31.480,31.480,31.480,7
MOEX:RUAL,2020-09-08T19:34:00+03:00,31.500,31.515,31.500,31.515,3
MOEX:RUAL,2020-09-08T19:36:00+03:00,31.510,31.510,31.500,31.500,51
MOEX:RUAL,2020-09-08T19:37:00+03:00,31.475,31.475,31.475,31.475,4
MOEX:RUAL,2020-09-08T19:38:00+03:00,31.480,31.480,31.480,31.480,51
MOEX:RUAL,2020-09-08T19:39:00+03:00,31.480,31.510,31.470,31.470,202
MOEX:RUAL,2020-09-08T19:40:00+03:00,31.480,31.480,31.480,31.480,1
MOEX:RUAL,2020-09-08T19:41:00+03:00,31.480,31.480,31.480,31.480,1
MOEX:RUAL,2020-09-08T19:43:00+03:00,31.480,31.480,31.480,31.480,4
MOEX:RUAL,2020-09-08T19:44:00+03:00,31.490,31.495,31.480,31.495,46
MOEX:RUAL,2020-09-08T19:45:00+03:00,31.495,31.495,31.475,31.475,13
MOEX:RUAL,2020-09-08T19:46:00+03:00,31.475,31.475,31.475,31.475,28
MOEX:RUAL,2020-09-08T19:47:00+03:00,31.495,31.495,31.495,31.495,13
MOEX:RUAL,2020-09-08T19:48:00+03:00,31.475,31.500,31.475,31.500,12
MOEX:RUAL,2020-09-08T19:51:00+03:00,31.495,31.495,31.495,31.495,1
MOEX:RUAL,2020-09-08T19:52:00+03:00,31.475,31.475,31.475,31.475,110
MOEX:RUAL,2020-09-08T19:54:00+03:00,31.490,31.495,31.475,31.495,46
MOEX:RUAL,2020-09-08T19:55:00+03:00,31.475,31.495,31.475,31.495,8
MOEX:RUAL,2020-09-08T19:56:00+03:00,31.495,31.495,31.455,31.460,453
MOEX:RUAL,2020-09-08T19:59:00+03:00,31.495,31.495,31.495,31.495,2
MOEX:RUAL,2020-09-08T20:00:00+03:00,31.495,31.500,31.495,31.500,54
MOEX:RUAL,2020-09-08T20:01:00+03:00,31.500,31.500,31.500,31.500,116
MOEX:RUAL,2020-09-08T20:02:00+03:00,31.550,31.550,31.500,31.500,42
MOEX:RUAL,2020-09-08T20:03:00+03:00,31.510,31.510,31.510,31.510,1
MOEX:RUAL,2020-09-08T20:04:00+03:00,31.500,31.505,31.500,31.505,3
MOEX:RUAL,2020-09-08T20:06:00+03:00,31.480,31.480,31.480,31.480,2
MOEX:RUAL,2020-09-08T20:07:00+03:00,31.505,31.510,31.485,31.485,16
MOEX:RUAL,2020-09-08T20:08:00+03:00,31.510,31.510,31.495,31.495,14
MOEX:RUAL,2020-09-08T20:09:00+03:00,31.495,31.500,31.495,31.500,12
MOEX:RUAL,2020-09-08T20:10:00+03:00,31.535,31.535,31.535,31.535,200
MOEX:RUAL,2020-09-08T20:12:00+03:00,31.520,31.520,31.510,31.510,374
MOEX:RUAL,2020-09-08T20:13:00+03:00,31.500,31.500,31.500,31.500,2
MOEX:RUAL,2020-09-08T20:14:00+03:00,31.500,31.500,31.390,31.420,1884
MOEX:RUAL,2020-09-08T20:15:00+03:00,31.425,31.425,31.300,31.400,13049
MOEX:RUAL,2020-09-08T20:16:00+03:00,31.450,31.450,31.315,31.315,901
MOEX:RUAL,2020-09-08T20:17:00+03:00,31.430,31.430,31.410,31.410,4
MOEX:RUAL,2020-09-08T20:18:00+03:00,31.415,31.430,31.415,31.430,370
MOEX:RUAL,2020-09-08T20:19:00+03:00,31.440,31.440,31.440,31.440,5
MOEX:RUAL,2020-09-08T20:20:00+03:00,31.440,31.440,31.380,31.380,307
MOEX:RUAL,2020-09-08T20:21:00+03:00,31.380,31.425,31.265,31.340,97
MOEX:RUAL,2020-09-08T20:22:00+03:00,31.455,31.455,31.455,31.455,1
MOEX:RUAL,2020-09-08T20:23:00+03:00,31.365,31.365,31.365,31.365,10
MOEX:RUAL,2020-09-08T20:24:00+03:00,31.435,31.435,31.435,31.435,4
MOEX:RUAL,2020-09-08T20:25:00+03:00,31.435,31.435,31.435,31.435,3
MOEX:RUAL,2020-09-08T20:26:00+03:00,31.450,31.450,31.390,31.390,102
MOEX:RUAL,2020-09-08T20:28:00+03:00,31.390,31.440,31.390,31.440,13
MOEX:RUAL,2020-09-08T20:29:00+03:00,31.405,31.445,31.395,31.445,180
MOEX:RUAL,2020-09-08T20:30:00+03:00,31.400,31.435,31.400,31.435,7
MOEX:RUAL,2020-09-08T20:32:00+03:00,31.395,31.400,31.395,31.395,24
MOEX:RUAL,2020-09-08T20:33:00+03:00,31.400,31.400,31.395,31.395,227
MOEX:RUAL,2020-09-08T20:34:00+03:00,31.390,31.400,31.390,31.400,535
MOEX:RUAL,2020-09-08T20:35:00+03:00,31.375,31.375,31.375,31.375,258
MOEX:RUAL,2020-09-08T20:36:00+03:00,31.370,31.380,31.365,31.380,21
MOEX:RUAL,2020-09-08T20:37:00+03:00,31.390,31.400,31.390,31.400,1000
MOEX:RUAL,2020-09-08T20:39:00+03:00,31.400,31.400,31.380,31.380,300
MOEX:RUAL,2020-09-08T20:40:00+03:00,31.395,31.395,31.395,31.395,2
MOEX:RUAL,2020-09-08T20:41:00+03:00,31.400,31.400,31.385,31.400,205
MOEX:RUAL,2020-09-08T20:42:00+03:00,31.400,31.400,31.400,31.400,400
MOEX:RUAL,2020-09-08T20:43:00+03:00,31.385,31.400,31.385,31.400,260
MOEX:RUAL,2020-09-08T20:44:00+03:00,31.400,31.400,31.400,31.400,1
MOEX:RUAL,2020-09-08T20:45:00+03:00,31.400,31.400,31.400,31.400,3
MOEX:RUAL,2020-09-08T20:46:00+03:00,31.400,31.445,31.400,31.445,714
MOEX:RUAL,2020-09-08T20:47:00+03:00,31.450,31.450,31.445,31.445,130
MOEX:RUAL,2020-09-08T20:49:00+03:00,31.420,31.420,31.420,31.420,1
MOEX:RUAL,2020-09-08T20:50:00+03:00,31.420,31.450,31.400,31.400,2003
MOEX:RUAL,2020-09-08T20:51:00+03:00,31.410,31.410,31.405,31.405,5
MOEX:RUAL,2020-09-08T20:53:00+03:00,31.405,31.405,31.405,31.405,25
MOEX:RUAL,2020-09-08T20:54:00+03:00,31.435,31.435,31.400,31.430,92
MOEX:RUAL,2020-09-08T20:55:00+03:00,31.400,31.400,31.400,31.400,51
MOEX:RUAL,2020-09-08T20:56:00+03:00,31.405,31.405,31.400,31.400,1001
MOEX:RUAL,2020-09-08T20:57:00+03:00,31.425,31.435,31.425,31.435,6
MOEX:RUAL,2020-09-08T20:58:00+03:00,31.435,31.435,31.435,31.435,20
MOEX:RUAL,2020-09-08T20:59:00+03:00,31.440,31.445,31.440,31.440,61
MOEX:RUAL,2020-09-08T21:04:00+03:00,31.435,31.435,31.435,31.435,1
MOEX:RUAL,2020-09-08T21:05:00+03:00,31.435,31.435,31.405,31.405,6
MOEX:RUAL,2020-09-08T21:10:00+03:00,31.410,31.410,31.410,31.410,20
MOEX:RUAL,2020-09-08T21:11:00+03:00,31.405,31.405,31.405,31.405,3
MOEX:RUAL,2020-09-08T21:13:00+03:00,31.400,31.400,31.400,31.400,1
MOEX:RUAL,2020-09-08T21:14:00+03:00,31.400,31.400,31.400,31.400,25
MOEX:RUAL,2020-09-08T21:15:00+03:00,31.410,31.410,31.400,31.400,219
MOEX:RUAL,2020-09-08T21:16:00+03:00,31.400,31.400,31.400,31.400,480
MOEX:RUAL,2020-09-08T21:17:00+03:00,31.400,31.405,31.400,31.400,5942
MOEX:RUAL,2020-09-08T21:18:00+03:00,31.400,31.400,31.375,31.375,637
MOEX:RUAL,2020-09-08T21:19:00+03:00,31.375,31.375,31.320,31.320,2779
MOEX:RUAL,2020-09-08T21:20:00+03:00,31.350,31.370,31.350,31.350,17
MOEX:RUAL,2020-09-08T21:21:00+03:00,31.320,31.375,31.320,31.375,53
MOEX:RUAL,2020-09-08T21:22:00+03:00,31.345,31.345,31.325,31.325,3
MOEX:RUAL,2020-09-08T21:23:00+03:00,31.325,31.325,31.315,31.315,95
MOEX:RUAL,2020-09-08T21:26:00+03:00,31.320,31.375,31.320,31.375,4
MOEX:RUAL,2020-09-08T21:28:00+03:00,31.370,31.375,31.370,31.375,900
MOEX:RUAL,2020-09-08T21:29:00+03:00,31.375,31.375,31.375,31.375,76
MOEX:RUAL,2020-09-08T21:30:00+03:00,31.325,31.325,31.310,31.310,19
MOEX:RUAL,2020-09-08T21:31:00+03:00,31.310,31.310,31.310,31.310,3
MOEX:RUAL,2020-09-08T21:32:00+03:00,31.310,31.310,31.310,31.310,25
MOEX:RUAL,2020-09-08T21:33:00+03:00,31.355,31.360,31.355,31.360,82
MOEX:RUAL,2020-09-08T21:34:00+03:00,31.360,31.370,31.325,31.370,145
MOEX:RUAL,2020-09-08T21:35:00+03:00,31.375,31.375,31.325,31.325,11
MOEX:RUAL,2020-09-08T21:36:00+03:00,31.375,31.375,31.375,31.375,1
MOEX:RUAL,2020-09-08T21:37:00+03:00,31.325,31.325,31.300,31.300,351
MOEX:RUAL,2020-09-08T21:38:00+03:00,31.330,31.330,31.330,31.330,2
MOEX:RUAL,2020-09-08T21:39:00+03:00,31.330,31.340,31.330,31.340,401
MOEX:RUAL,2020-09-08T21:40:00+03:00,31.345,31.345,31.345,31.345,1
MOEX:RUAL,2020-09-08T21:42:00+03:00,31.345,31.345,31.345,31.345,9
MOEX:RUAL,2020-09-08T21:43:00+03:00,31.305,31.305,31.300,31.300,30
MOEX:RUAL,2020-09-08T21:44:00+03:00,31.345,31.350,31.345,31.350,870
MOEX:RUAL,2020-09-08T21:45:00+03:00,31.365,31.370,31.365,31.370,413
MOEX:RUAL,2020-09-08T21:49:00+03:00,31.375,31.375,31.375,31.375,1
MOEX:RUAL,2020-09-08T21:50:00+03:00,31.375,31.375,31.375,31.375,1
MOEX:RUAL,2020-09-08T21:51:00+03:00,31.425,31.425,31.425,31.425,12
MOEX:RUAL,2020-09-08T21:52:00+03:00,31.430,31.435,31.380,31.435,57
MOEX:RUAL,2020-09-08T21:53:00+03:00,31.380,31.430,31.375,31.430,11
MOEX:RUAL,2020-09-08T21:54:00+03:00,31.380,31.380,31.375,31.375,350
MOEX:RUAL,2020-09-08T21:57:00+03:00,31.415,31.415,31.415,31.415,3
MOEX:RUAL,2020-09-08T21:58:00+03:00,31.375,31.415,31.375,31.415,12
MOEX:RUAL,2020-09-08T21:59:00+03:00,31.415,31.415,31.375,31.375,4
MOEX:RUAL,2020-09-08T22:00:00+03:00,31.380,31.380,31.375,31.375,500
MOEX:RUAL,2020-09-08T22:01:00+03:00,31.410,31.410,31.410,31.410,1
MOEX:RUAL,2020-09-08T22:02:00+03:00,31.410,31.410,31.410,31.410,3
MOEX:RUAL,2020-09-08T22:03:00+03:00,31.410,31.410,31.410,31.410,1
MOEX:RUAL,2020-09-08T22:04:00+03:00,31.410,31.425,31.410,31.425,59
MOEX:RUAL,2020-09-08T22:05:00+03:00,31.420,31.420,31.420,31.420,1
MOEX:RUAL,2020-09-08T22:06:00+03:00,31.420,31.420,31.420,31.420,4
MOEX:RUAL,2020-09-08T22:08:00+03:00,31.385,31.420,31.370,31.420,153
MOEX:RUAL,2020-09-08T22:09:00+03:00,31.375,31.375,31.370,31.370,500
MOEX:RUAL,2020-09-08T22:11:00+03:00,31.370,31.370,31.300,31.305,2507
MOEX:RUAL,2020-09-08T22:12:00+03:00,31.315,31.315,31.315,31.315,13
MOEX:RUAL,2020-09-08T22:14:00+03:00,31.315,31.315,31.305,31.305,81
MOEX:RUAL,2020-09-08T22:15:00+03:00,31.305,31.330,31.305,31.330,176
MOEX:RUAL,2020-09-08T22:16:00+03:00,31.335,31.335,31.335,31.335,1
MOEX:RUAL,2020-09-08T22:18:00+03:00,31.305,31.335,31.300,31.335,387
MOEX:RUAL,2020-09-08T22:19:00+03:00,31.305,31.305,31.300,31.300,73
MOEX:RUAL,2020-09-08T22:20:00+03:00,31.335,31.335,31.300,31.335,90
MOEX:RUAL,2020-09-08T22:21:00+03:00,31.305,31.305,31.305,31.305,3
MOEX:RUAL,2020-09-08T22:22:00+03:00,31.335,31.335,31.335,31.335,53
MOEX:RUAL,2020-09-08T22:23:00+03:00,31.335,31.335,31.320,31.320,9
MOEX:RUAL,2020-09-08T22:24:00+03:00,31.320,31.320,31.320,31.320,2
MOEX:RUAL,2020-09-08T22:25:00+03:00,31.340,31.340,31.340,31.340,301
MOEX:RUAL,2020-09-08T22:26:00+03:00,31.345,31.345,31.345,31.345,1
MOEX:RUAL,2020-09-08T22:28:00+03:00,31.345,31.345,31.345,31.345,1
MOEX:RUAL,2020-09-08T22:29:00+03:00,31.345,31.355,31.325,31.355,44
MOEX:RUAL,2020-09-08T22:30:00+03:00,31.340,31.340,31.340,31.340,2
MOEX:RUAL,2020-09-08T22:31:00+03:00,31.325,31.325,31.320,31.325,26
MOEX:RUAL,2020-09-08T22:32:00+03:00,31.325,31.325,31.325,31.325,210
MOEX:RUAL,2020-09-08T22:33:00+03:00,31.330,31.330,31.325,31.330,81
MOEX:RUAL,2020-09-08T22:35:00+03:00,31.330,31.330,31.330,31.330,42
MOEX:RUAL,2020-09-08T22:36:00+03:00,31.325,31.325,31.325,31.325,35
MOEX:RUAL,2020-09-08T22:37:00+03:00,31.330,31.330,31.330,31.330,1
MOEX:RUAL,2020-09-08T22:38:00+03:00,31.325,31.330,31.325,31.330,5
MOEX:RUAL,2020-09-08T22:39:00+03:00,31.330,31.330,31.325,31.325,551
MOEX:RUAL,2020-09-08T22:40:00+03:00,31.330,31.330,31.330,31.330,16
MOEX:RUAL,2020-09-08T22:43:00+03:00,31.330,31.330,31.330,31.330,1103
MOEX:RUAL,2020-09-08T22:44:00+03:00,31.330,31.330,31.325,31.325,16
MOEX:RUAL,2020-09-08T22:45:00+03:00,31.330,31.330,31.330,31.330,6
MOEX:RUAL,2020-09-08T22:47:00+03:00,31.335,31.335,31.275,31.285,962
MOEX:RUAL,2020-09-08T22:48:00+03:00,31.295,31.295,31.295,31.295,1
MOEX:RUAL,2020-09-08T22:49:00+03:00,31.280,31.280,31.275,31.275,10
MOEX:RUAL,2020-09-08T22:50:00+03:00,31.280,31.280,31.275,31.275,5
MOEX:RUAL,2020-09-08T22:51:00+03:00,31.290,31.295,31.290,31.295,51
MOEX:RUAL,2020-09-08T22:52:00+03:00,31.295,31.295,31.295,31.295,1
MOEX:RUAL,2020-09-08T22:53:00+03:00,31.270,31.270,31.270,31.270,9
MOEX:RUAL,2020-09-08T22:55:00+03:00,31.285,31.285,31.285,31.285,2
MOEX:RUAL,2020-09-08T22:57:00+03:00,31.280,31.280,31.270,31.270,21
MOEX:RUAL,2020-09-08T23:00:00+03:00,31.280,31.280,31.280,31.280,32
MOEX:RUAL,2020-09-08T23:01:00+03:00,31.285,31.285,31.275,31.275,114
MOEX:RUAL,2020-09-08T23:02:00+03:00,31.270,31.290,31.270,31.290,34
MOEX:RUAL,2020-09-08T23:03:00+03:00,31.290,31.290,31.290,31.290,2
MOEX:RUAL,2020-09-08T23:04:00+03:00,31.300,31.300,31.300,31.300,20
MOEX:RUAL,2020-09-08T23:05:00+03:00,31.300,31.300,31.300,31.300,310
MOEX:RUAL,2020-09-08T23:06:00+03:00,31.300,31.300,31.300,31.300,841
MOEX:RUAL,2020-09-08T23:07:00+03:00,31.325,31.325,31.325,31.325,14
MOEX:RUAL,2020-09-08T23:08:00+03:00,31.330,31.330,31.300,31.300,25
MOEX:RUAL,2020-09-08T23:09:00+03:00,31.340,31.340,31.340,31.340,1
MOEX:RUAL,2020-09-08T23:10:00+03:00,31.325,31.325,31.325,31.325,150
MOEX:RUAL,2020-09-08T23:12:00+03:00,31.330,31.330,31.315,31.315,5
MOEX:RUAL,2020-09-08T23:13:00+03:00,31.300,31.300,31.270,31.270,500
MOEX:RUAL,2020-09-08T23:15:00+03:00,31.330,31.330,31.330,31.330,5
MOEX:RUAL,2020-09-08T23:16:00+03:00,31.320,31.320,31.290,31.290,7
MOEX:RUAL,2020-09-08T23:21:00+03:00,31.290,31.330,31.290,31.330,34
MOEX:RUAL,2020-09-08T23:22:00+03:00,31.330,31.330,31.330,31.330,35
MOEX:RUAL,2020-09-08T23:23:00+03:00,31.290,31.290,31.270,31.270,109
MOEX:RUAL,2020-09-08T23:24:00+03:00,31.325,31.325,31.275,31.275,3
MOEX:RUAL,2020-09-08T23:26:00+03:00,31.275,31.310,31.275,31.280,7
MOEX:RUAL,2020-09-08T23:27:00+03:00,31.310,31.310,31.280,31.310,3
MOEX:RUAL,2020-09-08T23:28:00+03:00,31.285,31.310,31.285,31.305,7
MOEX:RUAL,2020-09-08T23:29:00+03:00,31.285,31.305,31.285,31.305,4
MOEX:RUAL,2020-09-08T23:30:00+03:00,31.280,31.305,31.275,31.300,52
MOEX:RUAL,2020-09-08T23:31:00+03:00,31.275,31.305,31.275,31.290,58
MOEX:RUAL,2020-09-08T23:32:00+03:00,31.305,31.310,31.290,31.295,16
MOEX:RUAL,2020-09-08T23:33:00+03:00,31.310,31.310,31.270,31.270,196
MOEX:RUAL,2020-09-08T23:34:00+03:00,31.270,31.270,31.250,31.250,501
MOEX:RUAL,2020-09-08T23:35:00+03:00,31.290,31.295,31.290,31.295,110
MOEX:RUAL,2020-09-08T23:37:00+03:00,31.275,31.275,31.275,31.275,6
MOEX:RUAL,2020-09-08T23:38:00+03:00,31.275,31.275,31.275,31.275,32
MOEX:RUAL,2020-09-08T23:39:00+03:00,31.275,31.275,31.275,31.275,15
MOEX:RUAL,2020-09-08T23:40:00+03:00,31.290,31.290,31.290,31.290,5
MOEX:RUAL,2020-09-08T23:42:00+03:00,31.275,31.275,31.275,31.275,50
MOEX:RUAL,2020-09-08T23:45:00+03:00,31.345,31.345,31.345,31.345,1
MOEX:RUAL,2020-09-08T23:47:00+03:00,31.305,31.340,31.305,31.340,81
MOEX:RUAL,2020-09-08T23:48:00+03:00,31.335,31.335,31.335,31.335,68
MOEX:RUAL,2020-09-08T23:49:00+03:00,31.300,31.300,31.300,31.300,164
