MOEX:RVI,2021-10-19T07:05:00+03:00,25.44,25.44,25.36,25.36,9
MOEX:RVI,2021-10-19T07:06:00+03:00,25.38,25.38,25.37,25.38,3
MOEX:RVI,2021-10-19T07:07:00+03:00,25.38,25.38,25.35,25.35,4
MOEX:RVI,2021-10-19T07:08:00+03:00,25.34,25.35,25.31,25.32,7
MOEX:RVI,2021-10-19T07:09:00+03:00,25.32,25.34,25.32,25.33,4
MOEX:RVI,2021-10-19T07:10:00+03:00,25.34,25.42,25.34,25.42,9
MOEX:RVI,2021-10-19T07:11:00+03:00,25.43,25.44,25.43,25.43,3
MOEX:RVI,2021-10-19T07:12:00+03:00,25.42,25.44,25.42,25.44,3
MOEX:RVI,2021-10-19T07:13:00+03:00,25.44,25.44,25.44,25.44,1
MOEX:RVI,2021-10-19T07:14:00+03:00,25.43,25.43,25.40,25.41,5
MOEX:RVI,2021-10-19T07:15:00+03:00,25.41,25.47,25.41,25.47,7
MOEX:RVI,2021-10-19T07:16:00+03:00,25.50,25.51,25.50,25.51,2
MOEX:RVI,2021-10-19T07:17:00+03:00,25.57,25.57,25.56,25.56,2
MOEX:RVI,2021-10-19T07:18:00+03:00,25.55,25.55,25.51,25.52,6
MOEX:RVI,2021-10-19T07:19:00+03:00,25.53,25.53,25.52,25.52,2
MOEX:RVI,2021-10-19T07:20:00+03:00,25.52,25.53,25.52,25.53,2
MOEX:RVI,2021-10-19T07:21:00+03:00,25.54,25.56,25.54,25.56,3
MOEX:RVI,2021-10-19T07:22:00+03:00,25.59,25.59,25.57,25.57,3
MOEX:RVI,2021-10-19T07:23:00+03:00,25.58,25.58,25.58,25.58,1
MOEX:RVI,2021-10-19T07:24:00+03:00,25.59,25.59,25.59,25.59,1
MOEX:RVI,2021-10-19T07:25:00+03:00,25.59,25.61,25.59,25.61,3
MOEX:RVI,2021-10-19T07:26:00+03:00,25.61,25.63,25.61,25.63,3
MOEX:RVI,2021-10-19T07:27:00+03:00,25.64,25.64,25.64,25.64,1
MOEX:RVI,2021-10-19T07:28:00+03:00,25.64,25.64,25.63,25.63,2
MOEX:RVI,2021-10-19T07:29:00+03:00,25.63,25.63,25.63,25.63,1
MOEX:RVI,2021-10-19T07:30:00+03:00,25.63,25.63,25.63,25.63,1
MOEX:RVI,2021-10-19T07:31:00+03:00,25.64,25.65,25.64,25.65,2
MOEX:RVI,2021-10-19T07:32:00+03:00,25.65,25.65,25.63,25.63,3
MOEX:RVI,2021-10-19T07:33:00+03:00,25.64,25.64,25.61,25.61,4
MOEX:RVI,2021-10-19T07:34:00+03:00,25.60,25.60,25.56,25.56,5
MOEX:RVI,2021-10-19T07:35:00+03:00,25.55,25.55,25.54,25.54,2
MOEX:RVI,2021-10-19T07:36:00+03:00,25.53,25.56,25.53,25.56,4
MOEX:RVI,2021-10-19T07:37:00+03:00,25.57,25.59,25.57,25.59,3
MOEX:RVI,2021-10-19T07:38:00+03:00,25.59,25.60,25.59,25.60,2
MOEX:RVI,2021-10-19T07:39:00+03:00,25.60,25.60,25.58,25.58,3
MOEX:RVI,2021-10-19T07:40:00+03:00,25.58,25.58,25.57,25.58,3
MOEX:RVI,2021-10-19T07:41:00+03:00,25.59,25.59,25.59,25.59,1
MOEX:RVI,2021-10-19T07:42:00+03:00,25.58,25.58,25.57,25.58,3
MOEX:RVI,2021-10-19T07:43:00+03:00,25.58,25.58,25.58,25.58,1
MOEX:RVI,2021-10-19T07:44:00+03:00,25.58,25.59,25.58,25.59,2
MOEX:RVI,2021-10-19T07:45:00+03:00,25.59,25.59,25.59,25.59,1
MOEX:RVI,2021-10-19T07:46:00+03:00,25.58,25.58,25.57,25.57,2
MOEX:RVI,2021-10-19T07:47:00+03:00,25.57,25.57,25.57,25.57,1
MOEX:RVI,2021-10-19T07:48:00+03:00,25.57,25.57,25.57,25.57,1
MOEX:RVI,2021-10-19T07:49:00+03:00,25.57,25.57,25.55,25.55,3
MOEX:RVI,2021-10-19T07:50:00+03:00,25.55,25.55,25.55,25.55,1
MOEX:RVI,2021-10-19T07:51:00+03:00,25.56,25.57,25.56,25.56,3
MOEX:RVI,2021-10-19T07:52:00+03:00,25.56,25.58,25.56,25.58,3
MOEX:RVI,2021-10-19T07:53:00+03:00,25.57,25.57,25.56,25.56,2
MOEX:RVI,2021-10-19T07:54:00+03:00,25.55,25.56,25.55,25.56,2
MOEX:RVI,2021-10-19T07:55:00+03:00,25.56,25.57,25.55,25.57,4
MOEX:RVI,2021-10-19T07:56:00+03:00,25.57,25.57,25.56,25.56,2
MOEX:RVI,2021-10-19T07:57:00+03:00,25.56,25.57,25.56,25.57,2
MOEX:RVI,2021-10-19T07:58:00+03:00,25.57,25.58,25.57,25.57,3
MOEX:RVI,2021-10-19T07:59:00+03:00,25.57,25.58,25.57,25.58,2
MOEX:RVI,2021-10-19T08:00:00+03:00,25.58,25.58,25.58,25.58,1
MOEX:RVI,2021-10-19T08:01:00+03:00,25.58,25.58,25.56,25.56,3
MOEX:RVI,2021-10-19T08:02:00+03:00,25.57,25.57,25.56,25.56,2
MOEX:RVI,2021-10-19T08:03:00+03:00,25.55,25.55,25.48,25.48,8
MOEX:RVI,2021-10-19T08:04:00+03:00,25.46,25.46,25.45,25.45,2
MOEX:RVI,2021-10-19T08:05:00+03:00,25.45,25.45,25.43,25.44,4
MOEX:RVI,2021-10-19T08:06:00+03:00,25.44,25.44,25.43,25.44,3
MOEX:RVI,2021-10-19T08:07:00+03:00,25.44,25.44,25.44,25.44,1
MOEX:RVI,2021-10-19T08:08:00+03:00,25.45,25.45,25.44,25.44,2
MOEX:RVI,2021-10-19T08:09:00+03:00,25.44,25.45,25.44,25.45,2
MOEX:RVI,2021-10-19T08:10:00+03:00,25.45,25.45,25.45,25.45,1
MOEX:RVI,2021-10-19T08:11:00+03:00,25.45,25.45,25.39,25.39,7
MOEX:RVI,2021-10-19T08:12:00+03:00,25.38,25.38,25.36,25.36,3
MOEX:RVI,2021-10-19T08:13:00+03:00,25.36,25.36,25.35,25.36,3
MOEX:RVI,2021-10-19T08:14:00+03:00,25.37,25.38,25.37,25.38,2
MOEX:RVI,2021-10-19T08:15:00+03:00,25.38,25.39,25.38,25.39,2
MOEX:RVI,2021-10-19T08:16:00+03:00,25.40,25.42,25.40,25.42,3
MOEX:RVI,2021-10-19T08:17:00+03:00,25.43,25.44,25.43,25.43,3
MOEX:RVI,2021-10-19T08:18:00+03:00,25.43,25.43,25.42,25.42,2
MOEX:RVI,2021-10-19T08:19:00+03:00,25.42,25.42,25.42,25.42,1
MOEX:RVI,2021-10-19T08:20:00+03:00,25.42,25.43,25.42,25.43,2
MOEX:RVI,2021-10-19T08:21:00+03:00,25.42,25.45,25.42,25.45,4
MOEX:RVI,2021-10-19T08:22:00+03:00,25.44,25.46,25.44,25.45,4
MOEX:RVI,2021-10-19T08:23:00+03:00,25.45,25.45,25.44,25.44,2
MOEX:RVI,2021-10-19T08:24:00+03:00,25.44,25.44,25.42,25.42,3
MOEX:RVI,2021-10-19T08:25:00+03:00,25.42,25.42,25.41,25.41,2
MOEX:RVI,2021-10-19T08:26:00+03:00,25.41,25.42,25.41,25.42,2
MOEX:RVI,2021-10-19T08:27:00+03:00,25.42,25.42,25.42,25.42,1
MOEX:RVI,2021-10-19T08:28:00+03:00,25.42,25.42,25.41,25.41,2
MOEX:RVI,2021-10-19T08:29:00+03:00,25.41,25.41,25.41,25.41,1
MOEX:RVI,2021-10-19T08:30:00+03:00,25.41,25.43,25.41,25.43,3
MOEX:RVI,2021-10-19T08:31:00+03:00,25.44,25.45,25.44,25.45,2
MOEX:RVI,2021-10-19T08:32:00+03:00,25.44,25.47,25.44,25.47,4
MOEX:RVI,2021-10-19T08:33:00+03:00,25.47,25.47,25.47,25.47,1
MOEX:RVI,2021-10-19T08:34:00+03:00,25.46,25.46,25.46,25.46,1
MOEX:RVI,2021-10-19T08:35:00+03:00,25.48,25.48,25.45,25.45,4
MOEX:RVI,2021-10-19T08:36:00+03:00,25.45,25.45,25.45,25.45,1
MOEX:RVI,2021-10-19T08:37:00+03:00,25.45,25.45,25.44,25.44,2
MOEX:RVI,2021-10-19T08:38:00+03:00,25.44,25.44,25.44,25.44,1
MOEX:RVI,2021-10-19T08:39:00+03:00,25.44,25.45,25.43,25.45,4
MOEX:RVI,2021-10-19T08:40:00+03:00,25.46,25.46,25.46,25.46,1
MOEX:RVI,2021-10-19T08:41:00+03:00,25.45,25.45,25.44,25.44,2
MOEX:RVI,2021-10-19T08:42:00+03:00,25.44,25.45,25.44,25.45,2
MOEX:RVI,2021-10-19T08:43:00+03:00,25.45,25.46,25.44,25.46,4
MOEX:RVI,2021-10-19T08:44:00+03:00,25.47,25.48,25.47,25.47,3
MOEX:RVI,2021-10-19T08:45:00+03:00,25.47,25.47,25.46,25.46,2
MOEX:RVI,2021-10-19T08:46:00+03:00,25.45,25.45,25.45,25.45,1
MOEX:RVI,2021-10-19T08:47:00+03:00,25.45,25.45,25.42,25.42,4
MOEX:RVI,2021-10-19T08:48:00+03:00,25.42,25.42,25.42,25.42,1
MOEX:RVI,2021-10-19T08:49:00+03:00,25.42,25.42,25.42,25.42,1
MOEX:RVI,2021-10-19T08:50:00+03:00,25.42,25.42,25.42,25.42,1
MOEX:RVI,2021-10-19T08:51:00+03:00,25.42,25.42,25.42,25.42,1
MOEX:RVI,2021-10-19T08:52:00+03:00,25.42,25.42,25.42,25.42,1
MOEX:RVI,2021-10-19T08:53:00+03:00,25.42,25.44,25.39,25.39,8
MOEX:RVI,2021-10-19T08:54:00+03:00,25.39,25.39,25.35,25.36,6
MOEX:RVI,2021-10-19T08:55:00+03:00,25.36,25.38,25.36,25.38,3
MOEX:RVI,2021-10-19T08:56:00+03:00,25.38,25.38,25.38,25.38,1
MOEX:RVI,2021-10-19T08:57:00+03:00,25.37,25.37,25.36,25.36,2
MOEX:RVI,2021-10-19T08:58:00+03:00,25.36,25.37,25.36,25.37,2
MOEX:RVI,2021-10-19T08:59:00+03:00,25.37,25.37,25.37,25.37,1
MOEX:RVI,2021-10-19T09:00:00+03:00,25.37,25.37,25.37,25.37,1
MOEX:RVI,2021-10-19T09:01:00+03:00,25.36,25.36,25.35,25.35,2
MOEX:RVI,2021-10-19T09:02:00+03:00,25.35,25.36,25.35,25.36,2
MOEX:RVI,2021-10-19T09:03:00+03:00,25.38,25.40,25.38,25.40,3
MOEX:RVI,2021-10-19T09:04:00+03:00,25.40,25.41,25.40,25.41,2
MOEX:RVI,2021-10-19T09:05:00+03:00,25.41,25.42,25.41,25.41,3
MOEX:RVI,2021-10-19T09:06:00+03:00,25.26,25.26,25.26,25.26,1
MOEX:RVI,2021-10-19T09:07:00+03:00,25.25,25.27,25.25,25.27,3
MOEX:RVI,2021-10-19T09:08:00+03:00,25.28,25.32,25.28,25.32,5
MOEX:RVI,2021-10-19T09:09:00+03:00,25.32,25.32,25.30,25.30,3
MOEX:RVI,2021-10-19T09:10:00+03:00,25.31,25.32,25.31,25.32,2
MOEX:RVI,2021-10-19T09:11:00+03:00,25.32,25.32,25.32,25.32,1
MOEX:RVI,2021-10-19T09:12:00+03:00,25.32,25.32,25.31,25.31,2
MOEX:RVI,2021-10-19T09:13:00+03:00,25.31,25.31,25.24,25.24,8
MOEX:RVI,2021-10-19T09:14:00+03:00,25.25,25.25,25.25,25.25,1
MOEX:RVI,2021-10-19T09:15:00+03:00,25.25,25.26,25.25,25.26,2
MOEX:RVI,2021-10-19T09:16:00+03:00,25.25,25.25,25.24,25.24,2
MOEX:RVI,2021-10-19T09:17:00+03:00,25.24,25.24,25.24,25.24,1
MOEX:RVI,2021-10-19T09:18:00+03:00,25.24,25.26,25.24,25.26,3
MOEX:RVI,2021-10-19T09:19:00+03:00,25.26,25.27,25.26,25.27,2
MOEX:RVI,2021-10-19T09:20:00+03:00,25.27,25.27,25.26,25.26,2
MOEX:RVI,2021-10-19T09:21:00+03:00,25.27,25.27,25.26,25.26,2
MOEX:RVI,2021-10-19T09:22:00+03:00,25.26,25.27,25.26,25.26,3
MOEX:RVI,2021-10-19T09:23:00+03:00,25.26,25.27,25.26,25.26,3
MOEX:RVI,2021-10-19T09:24:00+03:00,25.22,25.23,25.22,25.23,2
MOEX:RVI,2021-10-19T09:25:00+03:00,25.23,25.29,25.23,25.29,7
MOEX:RVI,2021-10-19T09:26:00+03:00,25.29,25.38,25.22,25.38,24
MOEX:RVI,2021-10-19T09:27:00+03:00,25.38,25.40,25.38,25.40,3
MOEX:RVI,2021-10-19T09:28:00+03:00,25.40,25.40,25.39,25.40,3
MOEX:RVI,2021-10-19T09:29:00+03:00,25.40,25.41,25.40,25.41,2
MOEX:RVI,2021-10-19T09:30:00+03:00,25.40,25.40,25.39,25.39,2
MOEX:RVI,2021-10-19T09:31:00+03:00,25.40,25.40,25.39,25.39,2
MOEX:RVI,2021-10-19T09:32:00+03:00,25.40,25.40,25.40,25.40,1
MOEX:RVI,2021-10-19T09:33:00+03:00,25.41,25.41,25.41,25.41,1
MOEX:RVI,2021-10-19T09:34:00+03:00,25.41,25.41,25.39,25.40,4
MOEX:RVI,2021-10-19T09:35:00+03:00,25.40,25.40,25.40,25.40,1
MOEX:RVI,2021-10-19T09:36:00+03:00,25.40,25.40,25.39,25.39,2
MOEX:RVI,2021-10-19T09:37:00+03:00,25.39,25.39,25.39,25.39,1
MOEX:RVI,2021-10-19T09:38:00+03:00,25.39,25.39,25.38,25.39,3
MOEX:RVI,2021-10-19T09:39:00+03:00,25.39,25.40,25.39,25.40,2
MOEX:RVI,2021-10-19T09:40:00+03:00,25.40,25.40,25.40,25.40,1
MOEX:RVI,2021-10-19T09:41:00+03:00,25.39,25.39,25.39,25.39,1
MOEX:RVI,2021-10-19T09:42:00+03:00,25.37,25.37,25.37,25.37,1
MOEX:RVI,2021-10-19T09:43:00+03:00,25.37,25.37,25.37,25.37,1
MOEX:RVI,2021-10-19T09:44:00+03:00,25.37,25.38,25.37,25.38,2
MOEX:RVI,2021-10-19T09:45:00+03:00,25.38,25.38,25.37,25.37,2
MOEX:RVI,2021-10-19T09:46:00+03:00,25.36,25.36,25.32,25.32,5
MOEX:RVI,2021-10-19T09:47:00+03:00,25.30,25.30,25.30,25.30,1
MOEX:RVI,2021-10-19T09:48:00+03:00,25.30,25.30,25.29,25.29,2
MOEX:RVI,2021-10-19T09:49:00+03:00,25.29,25.29,25.29,25.29,1
MOEX:RVI,2021-10-19T09:50:00+03:00,25.29,25.30,25.29,25.30,2
MOEX:RVI,2021-10-19T09:51:00+03:00,25.29,25.30,25.28,25.30,4
MOEX:RVI,2021-10-19T09:52:00+03:00,25.31,25.31,25.30,25.30,2
MOEX:RVI,2021-10-19T09:53:00+03:00,25.30,25.31,25.30,25.31,2
MOEX:RVI,2021-10-19T09:54:00+03:00,25.31,25.31,25.31,25.31,1
MOEX:RVI,2021-10-19T09:55:00+03:00,25.30,25.34,25.30,25.32,7
MOEX:RVI,2021-10-19T09:56:00+03:00,25.32,25.32,25.31,25.31,2
MOEX:RVI,2021-10-19T09:57:00+03:00,25.31,25.31,25.31,25.31,1
MOEX:RVI,2021-10-19T09:58:00+03:00,25.31,25.31,25.31,25.31,1
MOEX:RVI,2021-10-19T09:59:00+03:00,25.30,25.34,25.30,25.34,5
MOEX:RVI,2021-10-19T10:00:00+03:00,25.35,25.35,25.30,25.31,7
MOEX:RVI,2021-10-19T10:01:00+03:00,25.36,25.36,25.33,25.33,4
MOEX:RVI,2021-10-19T10:02:00+03:00,25.32,25.33,25.30,25.33,6
MOEX:RVI,2021-10-19T10:03:00+03:00,25.33,25.40,25.33,25.40,8
MOEX:RVI,2021-10-19T10:04:00+03:00,25.38,25.45,25.38,25.44,9
MOEX:RVI,2021-10-19T10:05:00+03:00,25.48,25.55,25.47,25.55,10
MOEX:RVI,2021-10-19T10:06:00+03:00,25.55,25.57,25.55,25.56,4
MOEX:RVI,2021-10-19T10:07:00+03:00,25.54,25.54,25.50,25.50,5
MOEX:RVI,2021-10-19T10:08:00+03:00,25.52,25.58,25.52,25.53,12
MOEX:RVI,2021-10-19T10:09:00+03:00,25.55,25.55,25.45,25.45,11
MOEX:RVI,2021-10-19T10:10:00+03:00,25.48,25.48,25.47,25.47,2
MOEX:RVI,2021-10-19T10:11:00+03:00,25.47,25.47,25.43,25.46,8
MOEX:RVI,2021-10-19T10:12:00+03:00,25.45,25.46,25.42,25.46,8
MOEX:RVI,2021-10-19T10:13:00+03:00,25.46,25.46,25.41,25.41,6
MOEX:RVI,2021-10-19T10:14:00+03:00,25.43,25.50,25.43,25.50,8
MOEX:RVI,2021-10-19T10:15:00+03:00,25.50,25.50,25.48,25.49,4
MOEX:RVI,2021-10-19T10:16:00+03:00,25.47,25.47,25.44,25.45,5
MOEX:RVI,2021-10-19T10:17:00+03:00,25.54,25.54,25.54,25.54,1
MOEX:RVI,2021-10-19T10:18:00+03:00,25.54,25.54,25.53,25.54,3
MOEX:RVI,2021-10-19T10:19:00+03:00,25.54,25.60,25.54,25.60,7
MOEX:RVI,2021-10-19T10:20:00+03:00,25.59,25.59,25.55,25.57,7
MOEX:RVI,2021-10-19T10:21:00+03:00,25.60,25.61,25.58,25.61,6
MOEX:RVI,2021-10-19T10:22:00+03:00,25.62,25.63,25.62,25.63,2
MOEX:RVI,2021-10-19T10:23:00+03:00,25.64,25.64,25.61,25.62,5
MOEX:RVI,2021-10-19T10:24:00+03:00,25.65,25.65,25.60,25.61,7
MOEX:RVI,2021-10-19T10:25:00+03:00,25.62,25.66,25.62,25.66,5
MOEX:RVI,2021-10-19T10:26:00+03:00,25.72,25.74,25.72,25.74,3
MOEX:RVI,2021-10-19T10:27:00+03:00,25.72,25.72,25.71,25.71,2
MOEX:RVI,2021-10-19T10:28:00+03:00,25.68,25.69,25.68,25.69,2
MOEX:RVI,2021-10-19T10:29:00+03:00,25.70,25.70,25.70,25.70,1
MOEX:RVI,2021-10-19T10:30:00+03:00,25.65,25.66,25.64,25.66,4
MOEX:RVI,2021-10-19T10:31:00+03:00,25.67,25.67,25.65,25.65,3
MOEX:RVI,2021-10-19T10:32:00+03:00,25.64,25.65,25.64,25.65,2
MOEX:RVI,2021-10-19T10:33:00+03:00,25.64,25.70,25.64,25.70,7
MOEX:RVI,2021-10-19T10:34:00+03:00,25.70,25.71,25.55,25.55,18
MOEX:RVI,2021-10-19T10:35:00+03:00,25.56,25.57,25.55,25.55,4
MOEX:RVI,2021-10-19T10:36:00+03:00,25.50,25.52,25.50,25.52,3
MOEX:RVI,2021-10-19T10:37:00+03:00,25.51,25.51,25.49,25.49,3
MOEX:RVI,2021-10-19T10:38:00+03:00,25.48,25.49,25.48,25.49,2
MOEX:RVI,2021-10-19T10:39:00+03:00,25.45,25.45,25.43,25.44,4
MOEX:RVI,2021-10-19T10:40:00+03:00,25.43,25.44,25.43,25.43,3
MOEX:RVI,2021-10-19T10:41:00+03:00,25.43,25.44,25.43,25.43,3
MOEX:RVI,2021-10-19T10:42:00+03:00,25.43,25.43,25.42,25.43,3
MOEX:RVI,2021-10-19T10:43:00+03:00,25.44,25.44,25.25,25.25,20
MOEX:RVI,2021-10-19T10:44:00+03:00,25.23,25.29,25.23,25.28,8
MOEX:RVI,2021-10-19T10:45:00+03:00,25.28,25.32,25.28,25.32,5
MOEX:RVI,2021-10-19T10:46:00+03:00,25.32,25.34,25.28,25.28,9
MOEX:RVI,2021-10-19T10:47:00+03:00,25.28,25.29,25.27,25.29,4
MOEX:RVI,2021-10-19T10:48:00+03:00,25.29,25.31,25.29,25.31,3
MOEX:RVI,2021-10-19T10:49:00+03:00,25.29,25.29,25.29,25.29,1
MOEX:RVI,2021-10-19T10:50:00+03:00,25.29,25.29,25.26,25.26,4
MOEX:RVI,2021-10-19T10:51:00+03:00,25.24,25.27,25.17,25.27,18
MOEX:RVI,2021-10-19T10:52:00+03:00,25.27,25.27,25.25,25.25,3
MOEX:RVI,2021-10-19T10:53:00+03:00,25.26,25.26,25.25,25.25,2
MOEX:RVI,2021-10-19T10:54:00+03:00,25.25,25.25,25.16,25.16,10
MOEX:RVI,2021-10-19T10:55:00+03:00,25.14,25.17,25.14,25.16,5
MOEX:RVI,2021-10-19T10:56:00+03:00,25.16,25.16,25.15,25.15,2
MOEX:RVI,2021-10-19T10:57:00+03:00,25.16,25.16,25.16,25.16,1
MOEX:RVI,2021-10-19T10:58:00+03:00,25.15,25.15,25.14,25.14,2
MOEX:RVI,2021-10-19T10:59:00+03:00,25.15,25.16,25.15,25.15,3
MOEX:RVI,2021-10-19T11:00:00+03:00,25.15,25.15,25.14,25.14,2
MOEX:RVI,2021-10-19T11:01:00+03:00,25.12,25.13,25.12,25.13,2
MOEX:RVI,2021-10-19T11:02:00+03:00,25.12,25.12,25.12,25.12,1
MOEX:RVI,2021-10-19T11:03:00+03:00,25.12,25.12,25.11,25.11,2
MOEX:RVI,2021-10-19T11:04:00+03:00,25.10,25.12,25.10,25.12,3
MOEX:RVI,2021-10-19T11:05:00+03:00,25.10,25.10,25.09,25.09,2
MOEX:RVI,2021-10-19T11:06:00+03:00,25.09,25.11,25.07,25.11,7
MOEX:RVI,2021-10-19T11:07:00+03:00,25.11,25.11,25.11,25.11,1
MOEX:RVI,2021-10-19T11:08:00+03:00,25.11,25.11,25.10,25.10,2
MOEX:RVI,2021-10-19T11:09:00+03:00,25.10,25.11,25.10,25.11,2
MOEX:RVI,2021-10-19T11:10:00+03:00,25.11,25.11,25.10,25.10,2
MOEX:RVI,2021-10-19T11:11:00+03:00,25.09,25.10,25.06,25.06,6
MOEX:RVI,2021-10-19T11:12:00+03:00,25.07,25.07,25.05,25.05,3
MOEX:RVI,2021-10-19T11:13:00+03:00,25.05,25.07,25.05,25.07,3
MOEX:RVI,2021-10-19T11:14:00+03:00,25.07,25.07,25.03,25.03,5
MOEX:RVI,2021-10-19T11:15:00+03:00,25.02,25.03,25.01,25.03,4
MOEX:RVI,2021-10-19T11:16:00+03:00,25.03,25.13,25.03,25.13,11
MOEX:RVI,2021-10-19T11:17:00+03:00,25.13,25.22,25.09,25.22,18
MOEX:RVI,2021-10-19T11:18:00+03:00,25.22,25.22,25.19,25.20,5
MOEX:RVI,2021-10-19T11:19:00+03:00,25.20,25.20,25.19,25.19,2
MOEX:RVI,2021-10-19T11:20:00+03:00,25.18,25.19,25.00,25.00,21
MOEX:RVI,2021-10-19T11:21:00+03:00,25.00,25.17,25.00,25.17,18
MOEX:RVI,2021-10-19T11:22:00+03:00,25.18,25.18,25.16,25.16,3
MOEX:RVI,2021-10-19T11:23:00+03:00,25.15,25.16,25.15,25.16,2
MOEX:RVI,2021-10-19T11:24:00+03:00,25.11,25.12,25.11,25.12,2
MOEX:RVI,2021-10-19T11:25:00+03:00,25.12,25.13,25.12,25.12,3
MOEX:RVI,2021-10-19T11:26:00+03:00,25.04,25.16,25.03,25.16,15
MOEX:RVI,2021-10-19T11:27:00+03:00,25.17,25.19,25.17,25.19,3
MOEX:RVI,2021-10-19T11:28:00+03:00,25.18,25.18,25.15,25.15,4
MOEX:RVI,2021-10-19T11:29:00+03:00,25.15,25.17,25.15,25.17,3
MOEX:RVI,2021-10-19T11:30:00+03:00,25.18,25.18,24.99,25.02,23
MOEX:RVI,2021-10-19T11:31:00+03:00,25.01,25.16,25.01,25.16,16
MOEX:RVI,2021-10-19T11:32:00+03:00,25.15,25.16,25.15,25.16,2
MOEX:RVI,2021-10-19T11:33:00+03:00,25.15,25.15,25.14,25.14,2
MOEX:RVI,2021-10-19T11:34:00+03:00,25.15,25.15,25.14,25.14,2
MOEX:RVI,2021-10-19T11:35:00+03:00,25.14,25.15,25.14,25.15,2
MOEX:RVI,2021-10-19T11:36:00+03:00,25.15,25.15,25.14,25.14,2
MOEX:RVI,2021-10-19T11:37:00+03:00,25.14,25.14,25.14,25.14,1
MOEX:RVI,2021-10-19T11:38:00+03:00,25.14,25.14,25.12,25.12,3
MOEX:RVI,2021-10-19T11:39:00+03:00,25.13,25.13,25.08,25.09,7
MOEX:RVI,2021-10-19T11:40:00+03:00,25.09,25.11,25.09,25.11,3
MOEX:RVI,2021-10-19T11:41:00+03:00,25.10,25.10,25.09,25.09,2
MOEX:RVI,2021-10-19T11:42:00+03:00,25.10,25.11,25.07,25.11,8
MOEX:RVI,2021-10-19T11:43:00+03:00,25.11,25.11,25.09,25.09,3
MOEX:RVI,2021-10-19T11:44:00+03:00,25.09,25.09,25.06,25.07,5
MOEX:RVI,2021-10-19T11:45:00+03:00,25.11,25.11,24.94,25.00,24
MOEX:RVI,2021-10-19T11:46:00+03:00,25.00,25.04,25.00,25.04,5
MOEX:RVI,2021-10-19T11:47:00+03:00,25.05,25.12,25.05,25.12,8
MOEX:RVI,2021-10-19T11:48:00+03:00,25.13,25.15,25.13,25.15,3
MOEX:RVI,2021-10-19T11:49:00+03:00,25.19,25.20,25.19,25.19,3
MOEX:RVI,2021-10-19T11:50:00+03:00,25.20,25.20,25.20,25.20,1
MOEX:RVI,2021-10-19T11:51:00+03:00,25.19,25.19,25.17,25.17,3
MOEX:RVI,2021-10-19T11:52:00+03:00,25.19,25.19,25.18,25.18,2
MOEX:RVI,2021-10-19T11:53:00+03:00,25.19,25.23,25.19,25.22,6
MOEX:RVI,2021-10-19T11:54:00+03:00,25.22,25.22,25.20,25.21,4
MOEX:RVI,2021-10-19T11:55:00+03:00,25.16,25.16,25.15,25.15,2
MOEX:RVI,2021-10-19T11:56:00+03:00,25.16,25.16,25.14,25.14,3
MOEX:RVI,2021-10-19T11:57:00+03:00,25.14,25.14,25.13,25.13,2
MOEX:RVI,2021-10-19T11:58:00+03:00,25.13,25.14,25.13,25.14,2
MOEX:RVI,2021-10-19T11:59:00+03:00,25.13,25.16,25.13,25.15,5
MOEX:RVI,2021-10-19T12:00:00+03:00,25.12,25.12,25.08,25.10,7
MOEX:RVI,2021-10-19T12:01:00+03:00,25.10,25.13,25.10,25.13,4
MOEX:RVI,2021-10-19T12:02:00+03:00,25.13,25.13,25.13,25.13,1
MOEX:RVI,2021-10-19T12:03:00+03:00,25.12,25.13,25.11,25.11,4
MOEX:RVI,2021-10-19T12:04:00+03:00,25.12,25.14,25.12,25.14,3
MOEX:RVI,2021-10-19T12:05:00+03:00,25.14,25.14,25.10,25.10,5
MOEX:RVI,2021-10-19T12:06:00+03:00,25.13,25.13,25.06,25.09,11
MOEX:RVI,2021-10-19T12:07:00+03:00,25.00,25.04,24.98,25.04,9
MOEX:RVI,2021-10-19T12:08:00+03:00,25.03,25.03,25.02,25.03,3
MOEX:RVI,2021-10-19T12:09:00+03:00,25.04,25.04,25.01,25.02,5
MOEX:RVI,2021-10-19T12:10:00+03:00,25.06,25.07,25.06,25.07,2
MOEX:RVI,2021-10-19T12:11:00+03:00,25.07,25.08,25.07,25.07,3
MOEX:RVI,2021-10-19T12:12:00+03:00,25.07,25.08,25.07,25.08,2
MOEX:RVI,2021-10-19T12:13:00+03:00,25.08,25.09,25.08,25.09,2
MOEX:RVI,2021-10-19T12:14:00+03:00,25.09,25.09,25.08,25.09,3
MOEX:RVI,2021-10-19T12:15:00+03:00,25.10,25.10,25.01,25.01,10
MOEX:RVI,2021-10-19T12:16:00+03:00,25.00,25.00,24.98,24.98,3
MOEX:RVI,2021-10-19T12:17:00+03:00,24.97,24.97,24.96,24.96,2
MOEX:RVI,2021-10-19T12:18:00+03:00,24.96,24.96,24.95,24.96,3
MOEX:RVI,2021-10-19T12:19:00+03:00,24.97,24.97,24.95,24.95,3
MOEX:RVI,2021-10-19T12:20:00+03:00,24.93,24.94,24.93,24.94,2
MOEX:RVI,2021-10-19T12:21:00+03:00,24.94,24.96,24.94,24.96,3
MOEX:RVI,2021-10-19T12:22:00+03:00,24.96,24.96,24.94,24.94,3
MOEX:RVI,2021-10-19T12:23:00+03:00,24.94,24.94,24.94,24.94,1
MOEX:RVI,2021-10-19T12:24:00+03:00,24.94,24.94,24.94,24.94,1
MOEX:RVI,2021-10-19T12:25:00+03:00,24.95,24.99,24.95,24.99,5
MOEX:RVI,2021-10-19T12:26:00+03:00,25.01,25.03,25.01,25.03,3
MOEX:RVI,2021-10-19T12:27:00+03:00,25.02,25.03,25.02,25.03,2
MOEX:RVI,2021-10-19T12:28:00+03:00,25.02,25.04,25.01,25.02,7
MOEX:RVI,2021-10-19T12:29:00+03:00,24.98,24.99,24.93,24.93,8
MOEX:RVI,2021-10-19T12:30:00+03:00,24.93,24.95,24.93,24.94,4
MOEX:RVI,2021-10-19T12:31:00+03:00,24.92,24.92,24.91,24.91,2
MOEX:RVI,2021-10-19T12:32:00+03:00,24.94,24.95,24.87,24.87,10
MOEX:RVI,2021-10-19T12:33:00+03:00,24.88,24.88,24.86,24.86,3
MOEX:RVI,2021-10-19T12:34:00+03:00,24.87,24.89,24.87,24.88,4
MOEX:RVI,2021-10-19T12:35:00+03:00,24.88,24.89,24.88,24.89,2
MOEX:RVI,2021-10-19T12:36:00+03:00,24.90,24.92,24.90,24.92,3
MOEX:RVI,2021-10-19T12:37:00+03:00,24.92,24.92,24.91,24.91,2
MOEX:RVI,2021-10-19T12:38:00+03:00,24.91,24.92,24.91,24.92,2
MOEX:RVI,2021-10-19T12:39:00+03:00,24.92,24.93,24.92,24.93,2
MOEX:RVI,2021-10-19T12:40:00+03:00,24.93,24.94,24.93,24.94,2
MOEX:RVI,2021-10-19T12:41:00+03:00,24.94,24.97,24.94,24.97,4
MOEX:RVI,2021-10-19T12:42:00+03:00,25.00,25.00,24.98,24.99,4
MOEX:RVI,2021-10-19T12:43:00+03:00,24.98,25.10,24.98,25.10,13
MOEX:RVI,2021-10-19T12:44:00+03:00,25.08,25.17,25.08,25.17,10
MOEX:RVI,2021-10-19T12:45:00+03:00,25.18,25.19,25.18,25.19,2
MOEX:RVI,2021-10-19T12:46:00+03:00,25.19,25.21,25.18,25.21,5
MOEX:RVI,2021-10-19T12:47:00+03:00,25.18,25.20,25.17,25.18,7
MOEX:RVI,2021-10-19T12:48:00+03:00,25.18,25.18,25.17,25.18,3
MOEX:RVI,2021-10-19T12:49:00+03:00,25.17,25.19,25.17,25.19,3
MOEX:RVI,2021-10-19T12:50:00+03:00,25.19,25.19,25.17,25.17,3
MOEX:RVI,2021-10-19T12:51:00+03:00,25.18,25.19,25.18,25.19,2
MOEX:RVI,2021-10-19T12:52:00+03:00,25.19,25.20,25.18,25.18,4
MOEX:RVI,2021-10-19T12:53:00+03:00,25.20,25.20,25.18,25.18,3
MOEX:RVI,2021-10-19T12:54:00+03:00,25.14,25.18,25.14,25.18,5
MOEX:RVI,2021-10-19T12:55:00+03:00,25.18,25.19,25.18,25.19,2
MOEX:RVI,2021-10-19T12:56:00+03:00,25.19,25.21,25.19,25.20,4
MOEX:RVI,2021-10-19T12:57:00+03:00,25.20,25.23,25.20,25.23,4
MOEX:RVI,2021-10-19T12:58:00+03:00,25.23,25.25,25.23,25.25,3
MOEX:RVI,2021-10-19T12:59:00+03:00,25.24,25.24,25.22,25.24,5
MOEX:RVI,2021-10-19T13:00:00+03:00,25.25,25.27,25.24,25.27,5
MOEX:RVI,2021-10-19T13:01:00+03:00,25.25,25.25,25.24,25.25,3
MOEX:RVI,2021-10-19T13:02:00+03:00,25.24,25.26,25.24,25.26,3
MOEX:RVI,2021-10-19T13:03:00+03:00,25.26,25.30,25.26,25.30,5
MOEX:RVI,2021-10-19T13:04:00+03:00,25.29,25.41,25.29,25.41,13
MOEX:RVI,2021-10-19T13:05:00+03:00,25.39,25.45,25.39,25.45,7
MOEX:RVI,2021-10-19T13:06:00+03:00,25.41,25.46,25.41,25.46,6
MOEX:RVI,2021-10-19T13:07:00+03:00,25.42,25.46,25.42,25.46,5
MOEX:RVI,2021-10-19T13:08:00+03:00,25.46,25.46,25.46,25.46,1
MOEX:RVI,2021-10-19T13:09:00+03:00,25.46,25.47,25.46,25.46,3
MOEX:RVI,2021-10-19T13:10:00+03:00,25.46,25.46,25.45,25.45,2
MOEX:RVI,2021-10-19T13:11:00+03:00,25.45,25.46,25.45,25.46,2
MOEX:RVI,2021-10-19T13:12:00+03:00,25.48,25.48,25.46,25.46,3
MOEX:RVI,2021-10-19T13:13:00+03:00,25.47,25.48,25.47,25.48,2
MOEX:RVI,2021-10-19T13:14:00+03:00,25.48,25.56,25.48,25.56,9
MOEX:RVI,2021-10-19T13:15:00+03:00,25.54,25.60,25.54,25.59,8
MOEX:RVI,2021-10-19T13:16:00+03:00,25.59,25.62,25.59,25.61,5
MOEX:RVI,2021-10-19T13:17:00+03:00,25.65,25.68,25.65,25.68,4
MOEX:RVI,2021-10-19T13:18:00+03:00,25.66,25.66,25.64,25.65,4
MOEX:RVI,2021-10-19T13:19:00+03:00,25.65,25.65,25.62,25.63,5
MOEX:RVI,2021-10-19T13:20:00+03:00,25.63,25.63,25.62,25.62,2
MOEX:RVI,2021-10-19T13:21:00+03:00,25.61,25.63,25.61,25.63,3
MOEX:RVI,2021-10-19T13:22:00+03:00,25.63,25.68,25.63,25.68,6
MOEX:RVI,2021-10-19T13:23:00+03:00,25.76,25.78,25.72,25.78,11
MOEX:RVI,2021-10-19T13:24:00+03:00,25.76,25.76,25.66,25.66,11
MOEX:RVI,2021-10-19T13:25:00+03:00,25.73,25.74,25.72,25.72,4
MOEX:RVI,2021-10-19T13:26:00+03:00,25.74,25.74,25.69,25.70,7
MOEX:RVI,2021-10-19T13:27:00+03:00,25.76,25.81,25.76,25.81,6
MOEX:RVI,2021-10-19T13:28:00+03:00,25.81,25.85,25.78,25.78,12
MOEX:RVI,2021-10-19T13:29:00+03:00,25.74,25.75,25.74,25.74,3
MOEX:RVI,2021-10-19T13:30:00+03:00,25.80,25.80,25.77,25.78,5
MOEX:RVI,2021-10-19T13:31:00+03:00,25.78,25.78,25.73,25.77,10
MOEX:RVI,2021-10-19T13:32:00+03:00,25.77,25.78,25.74,25.78,8
MOEX:RVI,2021-10-19T13:33:00+03:00,25.78,25.78,25.78,25.78,1
MOEX:RVI,2021-10-19T13:34:00+03:00,25.74,25.78,25.74,25.78,5
MOEX:RVI,2021-10-19T13:35:00+03:00,25.78,25.78,25.77,25.77,2
MOEX:RVI,2021-10-19T13:36:00+03:00,25.77,25.77,25.76,25.77,3
MOEX:RVI,2021-10-19T13:37:00+03:00,25.77,25.77,25.74,25.74,4
MOEX:RVI,2021-10-19T13:38:00+03:00,25.79,25.81,25.79,25.81,3
MOEX:RVI,2021-10-19T13:39:00+03:00,25.79,25.79,25.74,25.78,10
MOEX:RVI,2021-10-19T13:40:00+03:00,25.70,25.70,25.70,25.70,1
MOEX:RVI,2021-10-19T13:41:00+03:00,25.66,25.66,25.65,25.66,3
MOEX:RVI,2021-10-19T13:42:00+03:00,25.63,25.63,25.62,25.62,2
MOEX:RVI,2021-10-19T13:43:00+03:00,25.63,25.65,25.60,25.60,8
MOEX:RVI,2021-10-19T13:44:00+03:00,25.60,25.60,25.59,25.60,3
MOEX:RVI,2021-10-19T13:45:00+03:00,25.62,25.62,25.62,25.62,1
MOEX:RVI,2021-10-19T13:46:00+03:00,25.63,25.63,25.62,25.62,2
MOEX:RVI,2021-10-19T13:47:00+03:00,25.62,25.62,25.59,25.59,4
MOEX:RVI,2021-10-19T13:48:00+03:00,25.60,25.61,25.60,25.61,2
MOEX:RVI,2021-10-19T13:49:00+03:00,25.60,25.60,25.60,25.60,1
MOEX:RVI,2021-10-19T13:50:00+03:00,25.59,25.63,25.59,25.62,6
MOEX:RVI,2021-10-19T13:51:00+03:00,25.60,25.61,25.60,25.61,2
MOEX:RVI,2021-10-19T13:52:00+03:00,25.62,25.62,25.61,25.62,3
MOEX:RVI,2021-10-19T13:53:00+03:00,25.62,25.62,25.60,25.60,3
MOEX:RVI,2021-10-19T13:54:00+03:00,25.64,25.65,25.64,25.64,3
MOEX:RVI,2021-10-19T13:55:00+03:00,25.64,25.67,25.63,25.63,8
MOEX:RVI,2021-10-19T13:56:00+03:00,25.63,25.63,25.63,25.63,1
MOEX:RVI,2021-10-19T13:57:00+03:00,25.63,25.63,25.60,25.60,4
MOEX:RVI,2021-10-19T13:58:00+03:00,25.60,25.60,25.59,25.59,2
MOEX:RVI,2021-10-19T13:59:00+03:00,25.60,25.60,25.59,25.59,2
MOEX:RVI,2021-10-19T14:00:00+03:00,25.65,25.65,25.65,25.65,1
MOEX:RVI,2021-10-19T14:01:00+03:00,25.65,25.65,25.65,25.65,1
MOEX:RVI,2021-10-19T14:02:00+03:00,25.65,25.65,25.65,25.65,1
MOEX:RVI,2021-10-19T14:03:00+03:00,25.65,25.65,25.63,25.63,3
MOEX:RVI,2021-10-19T14:04:00+03:00,25.63,25.64,25.63,25.64,2
MOEX:RVI,2021-10-19T14:05:00+03:00,25.64,25.64,25.56,25.57,10
MOEX:RVI,2021-10-19T14:06:00+03:00,25.58,25.58,25.48,25.48,11
MOEX:RVI,2021-10-19T14:07:00+03:00,25.46,25.46,25.42,25.42,5
MOEX:RVI,2021-10-19T14:08:00+03:00,25.43,25.43,25.43,25.43,1
MOEX:RVI,2021-10-19T14:09:00+03:00,25.43,25.43,25.42,25.43,3
MOEX:RVI,2021-10-19T14:10:00+03:00,25.44,25.44,25.43,25.43,2
MOEX:RVI,2021-10-19T14:11:00+03:00,25.40,25.40,25.39,25.39,2
MOEX:RVI,2021-10-19T14:12:00+03:00,25.39,25.40,25.39,25.39,3
MOEX:RVI,2021-10-19T14:13:00+03:00,25.39,25.44,25.39,25.44,6
MOEX:RVI,2021-10-19T14:14:00+03:00,25.44,25.44,25.42,25.42,3
MOEX:RVI,2021-10-19T14:15:00+03:00,25.42,25.43,25.42,25.43,2
MOEX:RVI,2021-10-19T14:16:00+03:00,25.44,25.44,25.44,25.44,1
MOEX:RVI,2021-10-19T14:17:00+03:00,25.45,25.47,25.45,25.46,4
MOEX:RVI,2021-10-19T14:18:00+03:00,25.46,25.50,25.46,25.50,5
MOEX:RVI,2021-10-19T14:19:00+03:00,25.50,25.51,25.50,25.50,3
MOEX:RVI,2021-10-19T14:20:00+03:00,25.48,25.60,25.48,25.59,14
MOEX:RVI,2021-10-19T14:21:00+03:00,25.60,25.61,25.59,25.59,4
MOEX:RVI,2021-10-19T14:22:00+03:00,25.55,25.57,25.54,25.54,6
MOEX:RVI,2021-10-19T14:23:00+03:00,25.54,25.54,25.52,25.52,3
MOEX:RVI,2021-10-19T14:24:00+03:00,25.52,25.52,25.52,25.52,1
MOEX:RVI,2021-10-19T14:25:00+03:00,25.51,25.52,25.51,25.52,2
MOEX:RVI,2021-10-19T14:26:00+03:00,25.51,25.51,25.46,25.46,6
MOEX:RVI,2021-10-19T14:27:00+03:00,25.47,25.48,25.47,25.48,2
MOEX:RVI,2021-10-19T14:28:00+03:00,25.48,25.49,25.48,25.49,2
MOEX:RVI,2021-10-19T14:29:00+03:00,25.49,25.49,25.48,25.48,2
MOEX:RVI,2021-10-19T14:30:00+03:00,25.49,25.50,25.48,25.48,4
MOEX:RVI,2021-10-19T14:31:00+03:00,25.48,25.48,25.48,25.48,1
MOEX:RVI,2021-10-19T14:32:00+03:00,25.48,25.48,25.47,25.47,2
MOEX:RVI,2021-10-19T14:33:00+03:00,25.47,25.47,25.45,25.46,4
MOEX:RVI,2021-10-19T14:34:00+03:00,25.47,25.49,25.47,25.48,4
MOEX:RVI,2021-10-19T14:35:00+03:00,25.47,25.48,25.46,25.47,5
MOEX:RVI,2021-10-19T14:36:00+03:00,25.48,25.49,25.48,25.48,3
MOEX:RVI,2021-10-19T14:37:00+03:00,25.49,25.50,25.49,25.49,3
MOEX:RVI,2021-10-19T14:38:00+03:00,25.49,25.49,25.49,25.49,1
MOEX:RVI,2021-10-19T14:39:00+03:00,25.50,25.50,25.49,25.49,2
MOEX:RVI,2021-10-19T14:40:00+03:00,25.48,25.49,25.48,25.49,2
MOEX:RVI,2021-10-19T14:41:00+03:00,25.49,25.49,25.49,25.49,1
MOEX:RVI,2021-10-19T14:42:00+03:00,25.49,25.49,25.49,25.49,1
MOEX:RVI,2021-10-19T14:43:00+03:00,25.48,25.48,25.48,25.48,1
MOEX:RVI,2021-10-19T14:44:00+03:00,25.48,25.49,25.48,25.49,2
MOEX:RVI,2021-10-19T14:45:00+03:00,25.51,25.51,25.49,25.49,3
MOEX:RVI,2021-10-19T14:46:00+03:00,25.49,25.49,25.44,25.44,6
MOEX:RVI,2021-10-19T14:47:00+03:00,25.43,25.43,25.42,25.42,2
MOEX:RVI,2021-10-19T14:48:00+03:00,25.44,25.44,25.41,25.42,5
MOEX:RVI,2021-10-19T14:49:00+03:00,25.42,25.42,25.40,25.40,3
MOEX:RVI,2021-10-19T14:50:00+03:00,25.38,25.39,25.38,25.39,2
MOEX:RVI,2021-10-19T14:51:00+03:00,25.40,25.40,25.39,25.40,3
MOEX:RVI,2021-10-19T14:52:00+03:00,25.39,25.39,25.39,25.39,1
MOEX:RVI,2021-10-19T14:53:00+03:00,25.38,25.47,25.38,25.40,17
MOEX:RVI,2021-10-19T14:54:00+03:00,25.40,25.46,25.39,25.39,14
MOEX:RVI,2021-10-19T14:55:00+03:00,25.39,25.41,25.39,25.41,3
MOEX:RVI,2021-10-19T14:56:00+03:00,25.41,25.42,25.41,25.42,2
MOEX:RVI,2021-10-19T14:57:00+03:00,25.42,25.63,25.42,25.63,22
MOEX:RVI,2021-10-19T14:58:00+03:00,25.63,25.64,25.63,25.63,3
MOEX:RVI,2021-10-19T14:59:00+03:00,25.63,25.63,25.63,25.63,1
MOEX:RVI,2021-10-19T15:00:00+03:00,25.63,25.63,25.63,25.63,1
MOEX:RVI,2021-10-19T15:01:00+03:00,25.63,25.63,25.63,25.63,1
MOEX:RVI,2021-10-19T15:02:00+03:00,25.63,25.63,25.63,25.63,1
MOEX:RVI,2021-10-19T15:03:00+03:00,25.63,25.63,25.63,25.63,1
MOEX:RVI,2021-10-19T15:04:00+03:00,25.63,25.65,25.62,25.62,6
MOEX:RVI,2021-10-19T15:05:00+03:00,25.62,25.62,25.60,25.61,4
MOEX:RVI,2021-10-19T15:06:00+03:00,25.61,25.62,25.60,25.60,4
MOEX:RVI,2021-10-19T15:07:00+03:00,25.61,25.61,25.60,25.61,3
MOEX:RVI,2021-10-19T15:08:00+03:00,25.60,25.60,25.60,25.60,1
MOEX:RVI,2021-10-19T15:09:00+03:00,25.60,25.61,25.60,25.61,2
MOEX:RVI,2021-10-19T15:10:00+03:00,25.60,25.60,25.60,25.60,1
MOEX:RVI,2021-10-19T15:11:00+03:00,25.61,25.63,25.61,25.63,3
MOEX:RVI,2021-10-19T15:12:00+03:00,25.63,25.65,25.62,25.65,5
MOEX:RVI,2021-10-19T15:13:00+03:00,25.64,25.65,25.64,25.64,3
MOEX:RVI,2021-10-19T15:14:00+03:00,25.64,25.64,25.63,25.63,2
MOEX:RVI,2021-10-19T15:15:00+03:00,25.66,25.66,25.63,25.63,4
MOEX:RVI,2021-10-19T15:16:00+03:00,25.64,25.67,25.64,25.67,4
MOEX:RVI,2021-10-19T15:17:00+03:00,25.67,25.67,25.62,25.62,6
MOEX:RVI,2021-10-19T15:18:00+03:00,25.62,25.66,25.62,25.66,5
MOEX:RVI,2021-10-19T15:19:00+03:00,25.66,25.67,25.66,25.67,2
MOEX:RVI,2021-10-19T15:20:00+03:00,25.67,25.75,25.67,25.75,9
MOEX:RVI,2021-10-19T15:21:00+03:00,25.75,25.75,25.74,25.74,2
MOEX:RVI,2021-10-19T15:22:00+03:00,25.74,25.74,25.71,25.72,5
MOEX:RVI,2021-10-19T15:23:00+03:00,25.72,25.72,25.72,25.72,1
MOEX:RVI,2021-10-19T15:24:00+03:00,25.72,25.72,25.71,25.71,2
MOEX:RVI,2021-10-19T15:25:00+03:00,25.69,25.69,25.68,25.68,2
MOEX:RVI,2021-10-19T15:26:00+03:00,25.68,25.71,25.68,25.71,4
MOEX:RVI,2021-10-19T15:27:00+03:00,25.70,25.70,25.65,25.65,6
MOEX:RVI,2021-10-19T15:28:00+03:00,25.65,25.65,25.65,25.65,1
MOEX:RVI,2021-10-19T15:29:00+03:00,25.66,25.66,25.63,25.63,4
MOEX:RVI,2021-10-19T15:30:00+03:00,25.63,25.63,25.63,25.63,1
MOEX:RVI,2021-10-19T15:31:00+03:00,25.63,25.63,25.61,25.61,3
MOEX:RVI,2021-10-19T15:32:00+03:00,25.61,25.63,25.61,25.63,3
MOEX:RVI,2021-10-19T15:33:00+03:00,25.61,25.66,25.61,25.66,6
MOEX:RVI,2021-10-19T15:34:00+03:00,25.67,25.67,25.66,25.66,2
MOEX:RVI,2021-10-19T15:35:00+03:00,25.66,25.67,25.66,25.67,2
MOEX:RVI,2021-10-19T15:36:00+03:00,25.67,25.67,25.67,25.67,1
MOEX:RVI,2021-10-19T15:37:00+03:00,25.66,25.66,25.62,25.62,5
MOEX:RVI,2021-10-19T15:38:00+03:00,25.62,25.63,25.61,25.61,4
MOEX:RVI,2021-10-19T15:39:00+03:00,25.59,25.62,25.59,25.62,4
MOEX:RVI,2021-10-19T15:40:00+03:00,25.63,25.67,25.63,25.67,5
MOEX:RVI,2021-10-19T15:41:00+03:00,25.68,25.68,25.66,25.66,3
MOEX:RVI,2021-10-19T15:42:00+03:00,25.67,25.67,25.67,25.67,1
MOEX:RVI,2021-10-19T15:43:00+03:00,25.67,25.67,25.66,25.66,2
MOEX:RVI,2021-10-19T15:44:00+03:00,25.66,25.66,25.65,25.65,2
MOEX:RVI,2021-10-19T15:45:00+03:00,25.65,25.65,25.63,25.63,3
MOEX:RVI,2021-10-19T15:46:00+03:00,25.64,25.64,25.61,25.61,4
MOEX:RVI,2021-10-19T15:47:00+03:00,25.61,25.63,25.61,25.63,3
MOEX:RVI,2021-10-19T15:48:00+03:00,25.63,25.63,25.61,25.61,3
MOEX:RVI,2021-10-19T15:49:00+03:00,25.59,25.60,25.57,25.57,5
MOEX:RVI,2021-10-19T15:50:00+03:00,25.57,25.61,25.57,25.61,5
MOEX:RVI,2021-10-19T15:51:00+03:00,25.61,25.64,25.61,25.64,4
MOEX:RVI,2021-10-19T15:52:00+03:00,25.63,25.63,25.62,25.62,2
MOEX:RVI,2021-10-19T15:53:00+03:00,25.62,25.66,25.62,25.66,5
MOEX:RVI,2021-10-19T15:54:00+03:00,25.67,25.67,25.65,25.65,3
MOEX:RVI,2021-10-19T15:55:00+03:00,25.64,25.65,25.64,25.64,3
MOEX:RVI,2021-10-19T15:56:00+03:00,25.65,25.65,25.65,25.65,1
MOEX:RVI,2021-10-19T15:57:00+03:00,25.67,25.70,25.67,25.70,4
MOEX:RVI,2021-10-19T15:58:00+03:00,25.67,25.69,25.67,25.69,3
MOEX:RVI,2021-10-19T15:59:00+03:00,25.69,25.69,25.66,25.66,4
MOEX:RVI,2021-10-19T16:00:00+03:00,25.66,25.66,25.66,25.66,1
MOEX:RVI,2021-10-19T16:01:00+03:00,25.66,25.66,25.66,25.66,1
MOEX:RVI,2021-10-19T16:02:00+03:00,25.66,25.66,25.65,25.66,3
MOEX:RVI,2021-10-19T16:03:00+03:00,25.66,25.67,25.66,25.67,2
MOEX:RVI,2021-10-19T16:04:00+03:00,25.67,25.68,25.67,25.67,3
MOEX:RVI,2021-10-19T16:05:00+03:00,25.67,25.69,25.67,25.69,3
MOEX:RVI,2021-10-19T16:06:00+03:00,25.69,25.71,25.69,25.71,3
MOEX:RVI,2021-10-19T16:07:00+03:00,25.73,25.73,25.72,25.72,2
MOEX:RVI,2021-10-19T16:08:00+03:00,25.71,25.71,25.69,25.69,3
MOEX:RVI,2021-10-19T16:09:00+03:00,25.69,25.72,25.69,25.71,5
MOEX:RVI,2021-10-19T16:10:00+03:00,25.70,25.70,25.68,25.68,3
MOEX:RVI,2021-10-19T16:11:00+03:00,25.68,25.69,25.68,25.69,2
MOEX:RVI,2021-10-19T16:12:00+03:00,25.69,25.69,25.69,25.69,1
MOEX:RVI,2021-10-19T16:13:00+03:00,25.68,25.70,25.68,25.70,3
MOEX:RVI,2021-10-19T16:14:00+03:00,25.70,25.70,25.70,25.70,1
MOEX:RVI,2021-10-19T16:15:00+03:00,25.68,25.68,25.66,25.66,3
MOEX:RVI,2021-10-19T16:16:00+03:00,25.66,25.67,25.66,25.67,2
MOEX:RVI,2021-10-19T16:17:00+03:00,25.67,25.68,25.67,25.68,2
MOEX:RVI,2021-10-19T16:18:00+03:00,25.68,25.68,25.65,25.65,4
MOEX:RVI,2021-10-19T16:19:00+03:00,25.63,25.67,25.63,25.67,5
MOEX:RVI,2021-10-19T16:20:00+03:00,25.66,25.67,25.66,25.67,2
MOEX:RVI,2021-10-19T16:21:00+03:00,25.67,25.67,25.66,25.66,2
MOEX:RVI,2021-10-19T16:22:00+03:00,25.65,25.65,25.65,25.65,1
MOEX:RVI,2021-10-19T16:23:00+03:00,25.65,25.65,25.64,25.64,2
MOEX:RVI,2021-10-19T16:24:00+03:00,25.63,25.63,25.57,25.57,7
MOEX:RVI,2021-10-19T16:25:00+03:00,25.58,25.63,25.58,25.63,6
MOEX:RVI,2021-10-19T16:26:00+03:00,25.63,25.63,25.62,25.63,3
MOEX:RVI,2021-10-19T16:27:00+03:00,25.63,25.63,25.62,25.63,3
MOEX:RVI,2021-10-19T16:28:00+03:00,25.63,25.65,25.63,25.65,3
MOEX:RVI,2021-10-19T16:29:00+03:00,25.65,25.65,25.64,25.64,2
MOEX:RVI,2021-10-19T16:30:00+03:00,25.66,25.66,25.60,25.60,7
MOEX:RVI,2021-10-19T16:31:00+03:00,25.58,25.58,25.55,25.56,5
MOEX:RVI,2021-10-19T16:32:00+03:00,25.55,25.55,25.55,25.55,1
MOEX:RVI,2021-10-19T16:33:00+03:00,25.53,25.57,25.53,25.55,7
MOEX:RVI,2021-10-19T16:34:00+03:00,25.59,25.63,25.59,25.63,5
MOEX:RVI,2021-10-19T16:35:00+03:00,25.60,25.60,25.55,25.57,8
MOEX:RVI,2021-10-19T16:36:00+03:00,25.60,25.60,25.59,25.60,3
MOEX:RVI,2021-10-19T16:37:00+03:00,25.62,25.63,25.61,25.62,5
MOEX:RVI,2021-10-19T16:38:00+03:00,25.62,25.63,25.62,25.63,2
MOEX:RVI,2021-10-19T16:39:00+03:00,25.64,25.64,25.63,25.63,2
MOEX:RVI,2021-10-19T16:40:00+03:00,25.64,25.64,25.62,25.64,5
MOEX:RVI,2021-10-19T16:41:00+03:00,25.65,25.68,25.65,25.66,6
MOEX:RVI,2021-10-19T16:42:00+03:00,25.66,25.66,25.61,25.61,6
MOEX:RVI,2021-10-19T16:43:00+03:00,25.60,25.61,25.60,25.61,2
MOEX:RVI,2021-10-19T16:44:00+03:00,25.61,25.62,25.61,25.61,3
MOEX:RVI,2021-10-19T16:45:00+03:00,25.62,25.63,25.61,25.63,4
MOEX:RVI,2021-10-19T16:46:00+03:00,25.64,25.64,25.63,25.64,3
MOEX:RVI,2021-10-19T16:47:00+03:00,25.65,25.67,25.63,25.67,7
MOEX:RVI,2021-10-19T16:48:00+03:00,25.68,25.70,25.68,25.70,3
MOEX:RVI,2021-10-19T16:49:00+03:00,25.69,25.69,25.67,25.67,3
MOEX:RVI,2021-10-19T16:50:00+03:00,25.67,25.68,25.66,25.68,4
MOEX:RVI,2021-10-19T16:51:00+03:00,25.68,25.68,25.68,25.68,1
MOEX:RVI,2021-10-19T16:52:00+03:00,25.68,25.68,25.60,25.60,9
MOEX:RVI,2021-10-19T16:53:00+03:00,25.61,25.62,25.60,25.62,4
MOEX:RVI,2021-10-19T16:54:00+03:00,25.61,25.62,25.61,25.62,2
MOEX:RVI,2021-10-19T16:55:00+03:00,25.61,25.66,25.61,25.66,6
MOEX:RVI,2021-10-19T16:56:00+03:00,25.66,25.66,25.65,25.65,2
MOEX:RVI,2021-10-19T16:57:00+03:00,25.65,25.66,25.64,25.66,4
MOEX:RVI,2021-10-19T16:58:00+03:00,25.66,25.67,25.66,25.66,3
MOEX:RVI,2021-10-19T16:59:00+03:00,25.65,25.66,25.65,25.66,2
MOEX:RVI,2021-10-19T17:00:00+03:00,25.66,25.66,25.65,25.65,2
MOEX:RVI,2021-10-19T17:01:00+03:00,25.66,25.66,25.66,25.66,1
MOEX:RVI,2021-10-19T17:02:00+03:00,25.66,25.66,25.65,25.65,2
MOEX:RVI,2021-10-19T17:03:00+03:00,25.64,25.65,25.64,25.65,2
MOEX:RVI,2021-10-19T17:04:00+03:00,25.65,25.66,25.65,25.65,3
MOEX:RVI,2021-10-19T17:05:00+03:00,25.61,25.61,25.59,25.59,3
MOEX:RVI,2021-10-19T17:06:00+03:00,25.60,25.60,25.59,25.59,2
MOEX:RVI,2021-10-19T17:07:00+03:00,25.59,25.59,25.56,25.56,4
MOEX:RVI,2021-10-19T17:08:00+03:00,25.55,25.58,25.54,25.58,6
MOEX:RVI,2021-10-19T17:09:00+03:00,25.58,25.58,25.57,25.57,2
MOEX:RVI,2021-10-19T17:10:00+03:00,25.57,25.58,25.56,25.56,4
MOEX:RVI,2021-10-19T17:11:00+03:00,25.55,25.56,25.55,25.55,3
MOEX:RVI,2021-10-19T17:12:00+03:00,25.62,25.62,25.61,25.62,3
MOEX:RVI,2021-10-19T17:13:00+03:00,25.62,25.62,25.60,25.61,4
MOEX:RVI,2021-10-19T17:14:00+03:00,25.61,25.61,25.59,25.60,4
MOEX:RVI,2021-10-19T17:15:00+03:00,25.60,25.62,25.60,25.62,3
MOEX:RVI,2021-10-19T17:16:00+03:00,25.62,25.63,25.62,25.63,2
MOEX:RVI,2021-10-19T17:17:00+03:00,25.63,25.63,25.60,25.60,4
MOEX:RVI,2021-10-19T17:18:00+03:00,25.60,25.60,25.59,25.60,3
MOEX:RVI,2021-10-19T17:19:00+03:00,25.57,25.58,25.57,25.57,3
MOEX:RVI,2021-10-19T17:20:00+03:00,25.57,25.57,25.55,25.55,3
MOEX:RVI,2021-10-19T17:21:00+03:00,25.56,25.56,25.55,25.55,2
MOEX:RVI,2021-10-19T17:22:00+03:00,25.54,25.54,25.53,25.53,2
MOEX:RVI,2021-10-19T17:23:00+03:00,25.53,25.54,25.53,25.54,2
MOEX:RVI,2021-10-19T17:24:00+03:00,25.54,25.55,25.53,25.53,4
MOEX:RVI,2021-10-19T17:25:00+03:00,25.54,25.55,25.54,25.55,2
MOEX:RVI,2021-10-19T17:26:00+03:00,25.55,25.59,25.55,25.59,5
MOEX:RVI,2021-10-19T17:27:00+03:00,25.60,25.69,25.60,25.68,11
MOEX:RVI,2021-10-19T17:28:00+03:00,25.69,25.70,25.69,25.69,3
MOEX:RVI,2021-10-19T17:29:00+03:00,25.69,25.69,25.68,25.68,2
MOEX:RVI,2021-10-19T17:30:00+03:00,25.68,25.68,25.67,25.68,3
MOEX:RVI,2021-10-19T17:31:00+03:00,25.70,25.71,25.70,25.70,3
MOEX:RVI,2021-10-19T17:32:00+03:00,25.69,25.69,25.61,25.61,9
MOEX:RVI,2021-10-19T17:33:00+03:00,25.61,25.61,25.60,25.61,3
MOEX:RVI,2021-10-19T17:34:00+03:00,25.62,25.62,25.62,25.62,1
MOEX:RVI,2021-10-19T17:35:00+03:00,25.61,25.63,25.61,25.62,4
MOEX:RVI,2021-10-19T17:36:00+03:00,25.62,25.63,25.61,25.63,4
MOEX:RVI,2021-10-19T17:37:00+03:00,25.63,25.63,25.61,25.61,3
MOEX:RVI,2021-10-19T17:38:00+03:00,25.61,25.63,25.61,25.63,3
MOEX:RVI,2021-10-19T17:39:00+03:00,25.62,25.62,25.62,25.62,1
MOEX:RVI,2021-10-19T17:40:00+03:00,25.62,25.62,25.62,25.62,1
MOEX:RVI,2021-10-19T17:41:00+03:00,25.63,25.64,25.63,25.64,2
MOEX:RVI,2021-10-19T17:42:00+03:00,25.63,25.63,25.63,25.63,1
MOEX:RVI,2021-10-19T17:43:00+03:00,25.63,25.64,25.63,25.64,2
MOEX:RVI,2021-10-19T17:44:00+03:00,25.61,25.61,25.60,25.60,2
MOEX:RVI,2021-10-19T17:45:00+03:00,25.60,25.61,25.60,25.60,3
MOEX:RVI,2021-10-19T17:46:00+03:00,25.61,25.61,25.60,25.60,2
MOEX:RVI,2021-10-19T17:47:00+03:00,25.60,25.61,25.58,25.58,5
MOEX:RVI,2021-10-19T17:48:00+03:00,25.59,25.62,25.59,25.62,4
MOEX:RVI,2021-10-19T17:49:00+03:00,25.62,25.64,25.62,25.64,3
MOEX:RVI,2021-10-19T17:50:00+03:00,25.64,25.66,25.64,25.65,4
MOEX:RVI,2021-10-19T17:51:00+03:00,25.64,25.65,25.64,25.65,2
MOEX:RVI,2021-10-19T17:52:00+03:00,25.65,25.69,25.65,25.67,7
MOEX:RVI,2021-10-19T17:53:00+03:00,25.72,25.72,25.71,25.72,3
MOEX:RVI,2021-10-19T17:54:00+03:00,25.72,25.75,25.72,25.75,4
MOEX:RVI,2021-10-19T17:55:00+03:00,25.75,25.76,25.75,25.76,2
MOEX:RVI,2021-10-19T17:56:00+03:00,25.76,25.76,25.75,25.75,2
MOEX:RVI,2021-10-19T17:57:00+03:00,25.74,25.75,25.74,25.75,2
MOEX:RVI,2021-10-19T17:58:00+03:00,25.74,25.74,25.74,25.74,1
MOEX:RVI,2021-10-19T17:59:00+03:00,25.75,25.75,25.75,25.75,1
MOEX:RVI,2021-10-19T18:00:00+03:00,25.82,25.82,25.74,25.74,9
MOEX:RVI,2021-10-19T18:01:00+03:00,25.75,25.75,25.74,25.75,3
MOEX:RVI,2021-10-19T18:02:00+03:00,25.76,25.77,25.75,25.77,4
MOEX:RVI,2021-10-19T18:03:00+03:00,25.78,25.78,25.74,25.74,5
MOEX:RVI,2021-10-19T18:04:00+03:00,25.73,25.73,25.71,25.71,3
MOEX:RVI,2021-10-19T18:05:00+03:00,25.70,25.70,25.69,25.69,2
MOEX:RVI,2021-10-19T18:06:00+03:00,25.68,25.68,25.67,25.68,3
MOEX:RVI,2021-10-19T18:07:00+03:00,25.68,25.69,25.68,25.69,2
MOEX:RVI,2021-10-19T18:08:00+03:00,25.71,25.71,25.70,25.71,3
MOEX:RVI,2021-10-19T18:09:00+03:00,25.71,25.71,25.71,25.71,1
MOEX:RVI,2021-10-19T18:10:00+03:00,25.71,25.71,25.71,25.71,1
MOEX:RVI,2021-10-19T18:11:00+03:00,25.71,25.71,25.70,25.71,3
MOEX:RVI,2021-10-19T18:12:00+03:00,25.71,25.71,25.67,25.71,9
MOEX:RVI,2021-10-19T18:13:00+03:00,25.69,25.69,25.69,25.69,1
MOEX:RVI,2021-10-19T18:14:00+03:00,25.72,25.72,25.72,25.72,1
MOEX:RVI,2021-10-19T18:15:00+03:00,25.72,25.74,25.72,25.73,4
MOEX:RVI,2021-10-19T18:16:00+03:00,25.73,25.73,25.70,25.71,5
MOEX:RVI,2021-10-19T18:17:00+03:00,25.70,25.70,25.70,25.70,1
MOEX:RVI,2021-10-19T18:18:00+03:00,25.70,25.70,25.68,25.68,3
MOEX:RVI,2021-10-19T18:19:00+03:00,25.68,25.68,25.68,25.68,1
MOEX:RVI,2021-10-19T18:20:00+03:00,25.68,25.68,25.68,25.68,1
MOEX:RVI,2021-10-19T18:21:00+03:00,25.68,25.68,25.68,25.68,1
MOEX:RVI,2021-10-19T18:22:00+03:00,25.69,25.70,25.69,25.70,2
MOEX:RVI,2021-10-19T18:23:00+03:00,25.69,25.72,25.69,25.72,4
MOEX:RVI,2021-10-19T18:24:00+03:00,25.71,25.71,25.70,25.70,2
MOEX:RVI,2021-10-19T18:25:00+03:00,25.70,25.71,25.70,25.70,3
MOEX:RVI,2021-10-19T18:26:00+03:00,25.69,25.69,25.69,25.69,1
MOEX:RVI,2021-10-19T18:27:00+03:00,25.69,25.70,25.69,25.70,2
MOEX:RVI,2021-10-19T18:28:00+03:00,25.70,25.70,25.69,25.70,3
MOEX:RVI,2021-10-19T18:29:00+03:00,25.70,25.70,25.70,25.70,1
MOEX:RVI,2021-10-19T18:30:00+03:00,25.67,25.70,25.67,25.70,4
MOEX:RVI,2021-10-19T18:31:00+03:00,25.70,25.70,25.69,25.69,2
MOEX:RVI,2021-10-19T18:32:00+03:00,25.70,25.70,25.69,25.69,2
MOEX:RVI,2021-10-19T18:33:00+03:00,25.69,25.71,25.69,25.71,3
MOEX:RVI,2021-10-19T18:34:00+03:00,25.71,25.72,25.71,25.72,2
MOEX:RVI,2021-10-19T18:35:00+03:00,25.72,25.72,25.72,25.72,1
MOEX:RVI,2021-10-19T18:36:00+03:00,25.72,25.72,25.72,25.72,1
MOEX:RVI,2021-10-19T18:37:00+03:00,25.72,25.72,25.72,25.72,1
MOEX:RVI,2021-10-19T18:38:00+03:00,25.72,25.72,25.71,25.71,2
MOEX:RVI,2021-10-19T18:39:00+03:00,25.70,25.70,25.68,25.68,3
MOEX:RVI,2021-10-19T18:40:00+03:00,25.68,25.69,25.68,25.68,3
MOEX:RVI,2021-10-19T18:41:00+03:00,25.68,25.68,25.65,25.65,4
MOEX:RVI,2021-10-19T18:42:00+03:00,25.65,25.73,25.65,25.73,9
MOEX:RVI,2021-10-19T18:43:00+03:00,25.74,25.76,25.73,25.76,5
MOEX:RVI,2021-10-19T18:44:00+03:00,25.74,25.76,25.74,25.75,4
MOEX:RVI,2021-10-19T18:45:00+03:00,25.70,25.70,25.70,25.70,1
MOEX:RVI,2021-10-19T19:05:00+03:00,25.39,25.41,25.39,25.41,3
MOEX:RVI,2021-10-19T19:06:00+03:00,25.41,25.41,25.40,25.41,3
MOEX:RVI,2021-10-19T19:07:00+03:00,25.42,25.42,25.41,25.41,2
MOEX:RVI,2021-10-19T19:08:00+03:00,25.41,25.41,25.40,25.40,2
MOEX:RVI,2021-10-19T19:09:00+03:00,25.40,25.40,25.40,25.40,1
MOEX:RVI,2021-10-19T19:10:00+03:00,25.41,25.41,25.39,25.40,4
MOEX:RVI,2021-10-19T19:11:00+03:00,25.40,25.41,25.40,25.40,3
MOEX:RVI,2021-10-19T19:12:00+03:00,25.40,25.42,25.40,25.40,5
MOEX:RVI,2021-10-19T19:13:00+03:00,25.41,25.41,25.39,25.39,3
MOEX:RVI,2021-10-19T19:14:00+03:00,25.35,25.37,25.35,25.37,3
MOEX:RVI,2021-10-19T19:15:00+03:00,25.36,25.40,25.36,25.40,5
MOEX:RVI,2021-10-19T19:16:00+03:00,25.40,25.40,25.33,25.33,8
MOEX:RVI,2021-10-19T19:17:00+03:00,25.33,25.68,25.33,25.68,36
MOEX:RVI,2021-10-19T19:18:00+03:00,25.68,25.68,25.67,25.67,2
MOEX:RVI,2021-10-19T19:19:00+03:00,25.68,25.68,25.68,25.68,1
MOEX:RVI,2021-10-19T19:20:00+03:00,25.68,25.68,25.68,25.68,1
MOEX:RVI,2021-10-19T19:21:00+03:00,25.68,25.71,25.68,25.71,4
MOEX:RVI,2021-10-19T19:22:00+03:00,25.71,25.72,25.67,25.67,7
MOEX:RVI,2021-10-19T19:23:00+03:00,25.67,25.67,25.66,25.66,2
MOEX:RVI,2021-10-19T19:24:00+03:00,25.67,25.68,25.67,25.68,2
MOEX:RVI,2021-10-19T19:25:00+03:00,25.68,25.68,25.67,25.67,2
MOEX:RVI,2021-10-19T19:26:00+03:00,25.66,25.69,25.66,25.69,4
MOEX:RVI,2021-10-19T19:27:00+03:00,25.69,25.69,25.69,25.69,1
MOEX:RVI,2021-10-19T19:28:00+03:00,25.69,25.69,25.69,25.69,1
MOEX:RVI,2021-10-19T19:29:00+03:00,25.69,25.73,25.69,25.73,5
MOEX:RVI,2021-10-19T19:30:00+03:00,25.73,25.73,25.73,25.73,1
MOEX:RVI,2021-10-19T19:31:00+03:00,25.73,25.73,25.57,25.57,17
MOEX:RVI,2021-10-19T19:32:00+03:00,25.57,25.57,25.57,25.57,1
MOEX:RVI,2021-10-19T19:33:00+03:00,25.57,25.57,25.56,25.56,2
MOEX:RVI,2021-10-19T19:34:00+03:00,25.56,25.56,25.56,25.56,1
MOEX:RVI,2021-10-19T19:35:00+03:00,25.56,25.56,25.55,25.55,2
MOEX:RVI,2021-10-19T19:36:00+03:00,25.55,25.57,25.55,25.57,3
MOEX:RVI,2021-10-19T19:37:00+03:00,25.57,25.59,25.57,25.59,3
MOEX:RVI,2021-10-19T19:38:00+03:00,25.59,25.59,25.59,25.59,1
MOEX:RVI,2021-10-19T19:39:00+03:00,25.59,25.60,25.59,25.60,2
MOEX:RVI,2021-10-19T19:40:00+03:00,25.60,25.60,25.60,25.60,1
MOEX:RVI,2021-10-19T19:41:00+03:00,25.60,25.60,25.60,25.60,1
MOEX:RVI,2021-10-19T19:42:00+03:00,25.60,25.60,25.60,25.60,1
MOEX:RVI,2021-10-19T19:43:00+03:00,25.60,25.61,25.60,25.61,2
MOEX:RVI,2021-10-19T19:44:00+03:00,25.61,25.61,25.60,25.60,2
MOEX:RVI,2021-10-19T19:45:00+03:00,25.60,25.60,25.60,25.60,1
MOEX:RVI,2021-10-19T19:46:00+03:00,25.60,25.61,25.60,25.60,3
MOEX:RVI,2021-10-19T19:47:00+03:00,25.60,25.60,25.60,25.60,1
MOEX:RVI,2021-10-19T19:48:00+03:00,25.60,25.60,25.60,25.60,1
MOEX:RVI,2021-10-19T19:49:00+03:00,25.60,25.60,25.60,25.60,1
MOEX:RVI,2021-10-19T19:50:00+03:00,25.60,25.60,25.59,25.59,2
MOEX:RVI,2021-10-19T19:51:00+03:00,25.58,25.61,25.58,25.61,4
MOEX:RVI,2021-10-19T19:52:00+03:00,25.61,25.61,25.59,25.59,3
MOEX:RVI,2021-10-19T19:53:00+03:00,25.59,25.60,25.59,25.60,2
MOEX:RVI,2021-10-19T19:54:00+03:00,25.60,25.60,25.60,25.60,1
MOEX:RVI,2021-10-19T19:55:00+03:00,25.60,25.60,25.59,25.59,2
MOEX:RVI,2021-10-19T19:56:00+03:00,25.59,25.59,25.58,25.58,2
MOEX:RVI,2021-10-19T19:57:00+03:00,25.58,25.63,25.58,25.62,7
MOEX:RVI,2021-10-19T19:58:00+03:00,25.60,25.71,25.60,25.71,12
MOEX:RVI,2021-10-19T19:59:00+03:00,25.71,25.71,25.69,25.69,3
MOEX:RVI,2021-10-19T20:00:00+03:00,25.69,25.69,25.69,25.69,1
MOEX:RVI,2021-10-19T20:01:00+03:00,25.69,25.69,25.64,25.64,6
MOEX:RVI,2021-10-19T20:02:00+03:00,25.64,25.66,25.64,25.66,3
MOEX:RVI,2021-10-19T20:03:00+03:00,25.67,25.68,25.67,25.68,2
MOEX:RVI,2021-10-19T20:04:00+03:00,25.68,25.68,25.68,25.68,1
MOEX:RVI,2021-10-19T20:05:00+03:00,25.68,25.68,25.68,25.68,1
MOEX:RVI,2021-10-19T20:06:00+03:00,25.68,25.68,25.68,25.68,1
MOEX:RVI,2021-10-19T20:07:00+03:00,25.68,25.68,25.67,25.67,2
MOEX:RVI,2021-10-19T20:08:00+03:00,25.63,25.64,25.63,25.64,2
MOEX:RVI,2021-10-19T20:09:00+03:00,25.64,25.64,25.64,25.64,1
MOEX:RVI,2021-10-19T20:10:00+03:00,25.64,25.65,25.64,25.65,2
MOEX:RVI,2021-10-19T20:11:00+03:00,25.64,25.64,25.64,25.64,1
MOEX:RVI,2021-10-19T20:12:00+03:00,25.64,25.65,25.64,25.65,2
MOEX:RVI,2021-10-19T20:13:00+03:00,25.65,25.65,25.65,25.65,1
MOEX:RVI,2021-10-19T20:14:00+03:00,25.65,25.65,25.63,25.64,4
MOEX:RVI,2021-10-19T20:15:00+03:00,25.64,25.64,25.64,25.64,1
MOEX:RVI,2021-10-19T20:16:00+03:00,25.64,25.64,25.64,25.64,1
MOEX:RVI,2021-10-19T20:17:00+03:00,25.64,25.64,25.63,25.63,2
MOEX:RVI,2021-10-19T20:18:00+03:00,25.63,25.63,25.63,25.63,1
MOEX:RVI,2021-10-19T20:19:00+03:00,25.63,25.63,25.63,25.63,1
MOEX:RVI,2021-10-19T20:20:00+03:00,25.62,25.62,25.62,25.62,1
MOEX:RVI,2021-10-19T20:21:00+03:00,25.62,25.63,25.62,25.63,2
MOEX:RVI,2021-10-19T20:22:00+03:00,25.63,25.63,25.63,25.63,1
MOEX:RVI,2021-10-19T20:23:00+03:00,25.63,25.63,25.62,25.62,2
MOEX:RVI,2021-10-19T20:24:00+03:00,25.62,25.62,25.57,25.57,6
MOEX:RVI,2021-10-19T20:25:00+03:00,25.57,25.57,25.56,25.56,2
MOEX:RVI,2021-10-19T20:26:00+03:00,25.56,25.57,25.56,25.57,2
MOEX:RVI,2021-10-19T20:27:00+03:00,25.57,25.57,25.56,25.56,2
MOEX:RVI,2021-10-19T20:28:00+03:00,25.56,25.56,25.56,25.56,1
MOEX:RVI,2021-10-19T20:29:00+03:00,25.56,25.56,25.56,25.56,1
MOEX:RVI,2021-10-19T20:30:00+03:00,25.56,25.56,25.56,25.56,1
MOEX:RVI,2021-10-19T20:31:00+03:00,25.56,25.56,25.56,25.56,1
MOEX:RVI,2021-10-19T20:32:00+03:00,25.56,25.56,25.56,25.56,1
MOEX:RVI,2021-10-19T20:33:00+03:00,25.56,25.56,25.56,25.56,1
MOEX:RVI,2021-10-19T20:34:00+03:00,25.56,25.56,25.56,25.56,1
MOEX:RVI,2021-10-19T20:35:00+03:00,25.56,25.56,25.54,25.54,3
MOEX:RVI,2021-10-19T20:36:00+03:00,25.54,25.54,25.54,25.54,1
MOEX:RVI,2021-10-19T20:37:00+03:00,25.53,25.54,25.53,25.54,2
MOEX:RVI,2021-10-19T20:38:00+03:00,25.54,25.54,25.53,25.53,2
MOEX:RVI,2021-10-19T20:39:00+03:00,25.53,25.53,25.53,25.53,1
MOEX:RVI,2021-10-19T20:40:00+03:00,25.53,25.53,25.52,25.53,3
MOEX:RVI,2021-10-19T20:41:00+03:00,25.53,25.53,25.52,25.52,2
MOEX:RVI,2021-10-19T20:42:00+03:00,25.52,25.53,25.52,25.53,2
MOEX:RVI,2021-10-19T20:43:00+03:00,25.57,25.57,25.57,25.57,1
MOEX:RVI,2021-10-19T20:44:00+03:00,25.57,25.60,25.57,25.60,4
MOEX:RVI,2021-10-19T20:45:00+03:00,25.60,25.60,25.60,25.60,1
MOEX:RVI,2021-10-19T20:46:00+03:00,25.58,25.58,25.58,25.58,1
MOEX:RVI,2021-10-19T20:47:00+03:00,25.58,25.58,25.58,25.58,1
MOEX:RVI,2021-10-19T20:48:00+03:00,25.58,25.58,25.58,25.58,1
MOEX:RVI,2021-10-19T20:49:00+03:00,25.58,25.58,25.58,25.58,1
MOEX:RVI,2021-10-19T20:50:00+03:00,25.58,25.58,25.48,25.48,11
MOEX:RVI,2021-10-19T20:51:00+03:00,25.48,25.48,25.46,25.46,3
MOEX:RVI,2021-10-19T20:52:00+03:00,25.46,25.46,25.46,25.46,1
MOEX:RVI,2021-10-19T20:53:00+03:00,25.46,25.46,25.46,25.46,1
MOEX:RVI,2021-10-19T20:54:00+03:00,25.46,25.53,25.46,25.53,8
MOEX:RVI,2021-10-19T20:55:00+03:00,25.53,25.57,25.53,25.56,6
MOEX:RVI,2021-10-19T20:56:00+03:00,25.56,25.56,25.52,25.56,9
MOEX:RVI,2021-10-19T20:57:00+03:00,25.48,25.49,25.48,25.49,2
MOEX:RVI,2021-10-19T20:58:00+03:00,25.49,25.50,25.49,25.50,2
MOEX:RVI,2021-10-19T20:59:00+03:00,25.49,25.49,25.49,25.49,1
MOEX:RVI,2021-10-19T21:00:00+03:00,25.49,25.49,25.49,25.49,1
MOEX:RVI,2021-10-19T21:01:00+03:00,25.49,25.49,25.49,25.49,1
MOEX:RVI,2021-10-19T21:02:00+03:00,25.49,25.49,25.49,25.49,1
MOEX:RVI,2021-10-19T21:03:00+03:00,25.49,25.50,25.49,25.50,2
MOEX:RVI,2021-10-19T21:04:00+03:00,25.50,25.55,25.50,25.55,6
MOEX:RVI,2021-10-19T21:05:00+03:00,25.55,25.57,25.55,25.57,3
MOEX:RVI,2021-10-19T21:06:00+03:00,25.56,25.59,25.56,25.59,4
MOEX:RVI,2021-10-19T21:07:00+03:00,25.59,25.62,25.59,25.62,4
MOEX:RVI,2021-10-19T21:08:00+03:00,25.62,25.63,25.62,25.63,2
MOEX:RVI,2021-10-19T21:09:00+03:00,25.63,25.63,25.61,25.61,3
MOEX:RVI,2021-10-19T21:10:00+03:00,25.61,25.70,25.61,25.69,11
MOEX:RVI,2021-10-19T21:11:00+03:00,25.70,25.70,25.66,25.66,5
MOEX:RVI,2021-10-19T21:12:00+03:00,25.66,25.66,25.66,25.66,1
MOEX:RVI,2021-10-19T21:13:00+03:00,25.66,25.67,25.66,25.67,2
MOEX:RVI,2021-10-19T21:14:00+03:00,25.67,25.67,25.67,25.67,1
MOEX:RVI,2021-10-19T21:15:00+03:00,25.69,25.69,25.69,25.69,1
MOEX:RVI,2021-10-19T21:16:00+03:00,25.69,25.69,25.69,25.69,1
MOEX:RVI,2021-10-19T21:17:00+03:00,25.68,25.68,25.67,25.67,2
MOEX:RVI,2021-10-19T21:18:00+03:00,25.67,25.67,25.59,25.59,9
MOEX:RVI,2021-10-19T21:19:00+03:00,25.59,25.59,25.59,25.59,1
MOEX:RVI,2021-10-19T21:20:00+03:00,25.59,25.59,25.58,25.58,2
MOEX:RVI,2021-10-19T21:21:00+03:00,25.58,25.58,25.58,25.58,1
MOEX:RVI,2021-10-19T21:22:00+03:00,25.58,25.58,25.57,25.57,2
MOEX:RVI,2021-10-19T21:23:00+03:00,25.57,25.57,25.57,25.57,1
MOEX:RVI,2021-10-19T21:24:00+03:00,25.57,25.57,25.56,25.56,2
MOEX:RVI,2021-10-19T21:25:00+03:00,25.56,25.57,25.56,25.57,2
MOEX:RVI,2021-10-19T21:26:00+03:00,25.59,25.59,25.59,25.59,1
MOEX:RVI,2021-10-19T21:27:00+03:00,25.59,25.59,25.58,25.58,2
MOEX:RVI,2021-10-19T21:28:00+03:00,25.58,25.58,25.58,25.58,1
MOEX:RVI,2021-10-19T21:29:00+03:00,25.58,25.61,25.58,25.61,4
MOEX:RVI,2021-10-19T21:30:00+03:00,25.59,25.60,25.59,25.60,2
MOEX:RVI,2021-10-19T21:31:00+03:00,25.60,25.60,25.60,25.60,1
MOEX:RVI,2021-10-19T21:32:00+03:00,25.60,25.60,25.59,25.59,2
MOEX:RVI,2021-10-19T21:33:00+03:00,25.56,25.56,25.56,25.56,1
MOEX:RVI,2021-10-19T21:34:00+03:00,25.56,25.60,25.56,25.60,5
MOEX:RVI,2021-10-19T21:35:00+03:00,25.60,25.60,25.58,25.58,3
MOEX:RVI,2021-10-19T21:36:00+03:00,25.58,25.59,25.57,25.57,4
MOEX:RVI,2021-10-19T21:37:00+03:00,25.57,25.58,25.57,25.58,2
MOEX:RVI,2021-10-19T21:38:00+03:00,25.58,25.58,25.57,25.57,2
MOEX:RVI,2021-10-19T21:39:00+03:00,25.57,25.58,25.57,25.58,2
MOEX:RVI,2021-10-19T21:40:00+03:00,25.58,25.58,25.58,25.58,1
MOEX:RVI,2021-10-19T21:41:00+03:00,25.58,25.58,25.58,25.58,1
MOEX:RVI,2021-10-19T21:42:00+03:00,25.58,25.58,25.58,25.58,1
MOEX:RVI,2021-10-19T21:43:00+03:00,25.58,25.60,25.58,25.60,3
MOEX:RVI,2021-10-19T21:44:00+03:00,25.60,25.60,25.60,25.60,1
MOEX:RVI,2021-10-19T21:45:00+03:00,25.60,25.60,25.60,25.60,1
MOEX:RVI,2021-10-19T21:46:00+03:00,25.60,25.60,25.60,25.60,1
MOEX:RVI,2021-10-19T21:47:00+03:00,25.60,25.60,25.60,25.60,1
MOEX:RVI,2021-10-19T21:48:00+03:00,25.60,25.60,25.60,25.60,1
MOEX:RVI,2021-10-19T21:49:00+03:00,25.60,25.60,25.60,25.60,1
MOEX:RVI,2021-10-19T21:50:00+03:00,25.60,25.62,25.60,25.62,3
MOEX:RVI,2021-10-19T21:51:00+03:00,25.62,25.63,25.62,25.63,2
MOEX:RVI,2021-10-19T21:52:00+03:00,25.63,25.63,25.63,25.63,1
MOEX:RVI,2021-10-19T21:53:00+03:00,25.63,25.68,25.63,25.68,6
MOEX:RVI,2021-10-19T21:54:00+03:00,25.67,25.74,25.67,25.74,8
MOEX:RVI,2021-10-19T21:55:00+03:00,25.74,25.74,25.74,25.74,1
MOEX:RVI,2021-10-19T21:56:00+03:00,25.74,25.74,25.74,25.74,1
MOEX:RVI,2021-10-19T21:57:00+03:00,25.74,25.74,25.74,25.74,1
MOEX:RVI,2021-10-19T21:58:00+03:00,25.74,25.74,25.74,25.74,1
MOEX:RVI,2021-10-19T21:59:00+03:00,25.74,25.74,25.74,25.74,1
MOEX:RVI,2021-10-19T22:00:00+03:00,25.74,25.74,25.74,25.74,1
MOEX:RVI,2021-10-19T22:01:00+03:00,25.74,25.75,25.74,25.74,3
MOEX:RVI,2021-10-19T22:02:00+03:00,25.75,25.75,25.75,25.75,1
MOEX:RVI,2021-10-19T22:03:00+03:00,25.75,25.75,25.75,25.75,1
MOEX:RVI,2021-10-19T22:04:00+03:00,25.73,25.73,25.73,25.73,1
MOEX:RVI,2021-10-19T22:05:00+03:00,25.73,25.73,25.73,25.73,1
MOEX:RVI,2021-10-19T22:06:00+03:00,25.73,25.75,25.73,25.75,3
MOEX:RVI,2021-10-19T22:07:00+03:00,25.75,25.75,25.75,25.75,1
MOEX:RVI,2021-10-19T22:08:00+03:00,25.75,25.75,25.75,25.75,1
MOEX:RVI,2021-10-19T22:09:00+03:00,25.75,25.75,25.75,25.75,1
MOEX:RVI,2021-10-19T22:10:00+03:00,25.75,25.75,25.75,25.75,1
MOEX:RVI,2021-10-19T22:11:00+03:00,25.75,25.75,25.75,25.75,1
MOEX:RVI,2021-10-19T22:12:00+03:00,25.75,25.75,25.75,25.75,1
MOEX:RVI,2021-10-19T22:13:00+03:00,25.75,25.75,25.75,25.75,1
MOEX:RVI,2021-10-19T22:14:00+03:00,25.75,25.75,25.75,25.75,1
MOEX:RVI,2021-10-19T22:15:00+03:00,25.75,25.75,25.75,25.75,1
MOEX:RVI,2021-10-19T22:16:00+03:00,25.75,25.75,25.75,25.75,1
MOEX:RVI,2021-10-19T22:17:00+03:00,25.75,25.75,25.75,25.75,1
MOEX:RVI,2021-10-19T22:18:00+03:00,25.75,25.79,25.75,25.79,5
MOEX:RVI,2021-10-19T22:19:00+03:00,25.78,25.78,25.78,25.78,1
MOEX:RVI,2021-10-19T22:20:00+03:00,25.78,25.78,25.77,25.77,2
MOEX:RVI,2021-10-19T22:21:00+03:00,25.77,25.77,25.77,25.77,1
MOEX:RVI,2021-10-19T22:22:00+03:00,25.77,25.77,25.77,25.77,1
MOEX:RVI,2021-10-19T22:23:00+03:00,25.77,25.77,25.77,25.77,1
MOEX:RVI,2021-10-19T22:24:00+03:00,25.77,25.77,25.77,25.77,1
MOEX:RVI,2021-10-19T22:25:00+03:00,25.77,25.77,25.77,25.77,1
MOEX:RVI,2021-10-19T22:26:00+03:00,25.77,25.77,25.77,25.77,1
MOEX:RVI,2021-10-19T22:27:00+03:00,25.77,25.77,25.77,25.77,1
MOEX:RVI,2021-10-19T22:28:00+03:00,25.77,25.78,25.77,25.78,2
MOEX:RVI,2021-10-19T22:29:00+03:00,25.78,25.79,25.78,25.79,2
MOEX:RVI,2021-10-19T22:30:00+03:00,25.81,25.81,25.81,25.81,1
MOEX:RVI,2021-10-19T22:31:00+03:00,25.81,25.81,25.81,25.81,1
MOEX:RVI,2021-10-19T22:32:00+03:00,25.81,25.81,25.80,25.80,2
MOEX:RVI,2021-10-19T22:33:00+03:00,25.80,25.81,25.80,25.81,2
MOEX:RVI,2021-10-19T22:34:00+03:00,25.81,25.81,25.81,25.81,1
MOEX:RVI,2021-10-19T22:35:00+03:00,25.81,25.81,25.81,25.81,1
MOEX:RVI,2021-10-19T22:36:00+03:00,25.81,25.81,25.81,25.81,1
MOEX:RVI,2021-10-19T22:37:00+03:00,25.81,25.81,25.81,25.81,1
MOEX:RVI,2021-10-19T22:38:00+03:00,25.81,25.81,25.81,25.81,1
MOEX:RVI,2021-10-19T22:39:00+03:00,25.81,25.81,25.81,25.81,1
MOEX:RVI,2021-10-19T22:40:00+03:00,25.81,25.81,25.81,25.81,1
MOEX:RVI,2021-10-19T22:41:00+03:00,25.81,25.81,25.81,25.81,1
MOEX:RVI,2021-10-19T22:42:00+03:00,25.81,25.81,25.81,25.81,1
MOEX:RVI,2021-10-19T22:43:00+03:00,25.81,25.81,25.81,25.81,1
MOEX:RVI,2021-10-19T22:44:00+03:00,25.81,25.81,25.81,25.81,1
MOEX:RVI,2021-10-19T22:45:00+03:00,25.81,25.83,25.81,25.83,3
MOEX:RVI,2021-10-19T22:46:00+03:00,25.83,25.83,25.83,25.83,1
MOEX:RVI,2021-10-19T22:47:00+03:00,25.83,25.83,25.83,25.83,1
MOEX:RVI,2021-10-19T22:48:00+03:00,25.83,25.83,25.83,25.83,1
MOEX:RVI,2021-10-19T22:49:00+03:00,25.83,25.83,25.83,25.83,1
MOEX:RVI,2021-10-19T22:50:00+03:00,25.83,25.83,25.83,25.83,1
MOEX:RVI,2021-10-19T22:51:00+03:00,25.83,25.84,25.83,25.84,2
MOEX:RVI,2021-10-19T22:52:00+03:00,25.84,25.84,25.84,25.84,1
MOEX:RVI,2021-10-19T22:53:00+03:00,25.84,25.84,25.84,25.84,1
MOEX:RVI,2021-10-19T22:54:00+03:00,25.84,25.89,25.84,25.89,6
MOEX:RVI,2021-10-19T22:55:00+03:00,25.89,25.89,25.89,25.89,1
MOEX:RVI,2021-10-19T22:56:00+03:00,25.89,25.89,25.89,25.89,1
MOEX:RVI,2021-10-19T22:57:00+03:00,25.89,25.89,25.89,25.89,1
MOEX:RVI,2021-10-19T22:58:00+03:00,25.89,25.89,25.89,25.89,1
MOEX:RVI,2021-10-19T22:59:00+03:00,25.89,25.89,25.89,25.89,1
MOEX:RVI,2021-10-19T23:00:00+03:00,25.89,25.89,25.89,25.89,1
MOEX:RVI,2021-10-19T23:01:00+03:00,25.89,25.89,25.89,25.89,1
MOEX:RVI,2021-10-19T23:02:00+03:00,25.89,25.89,25.89,25.89,1
MOEX:RVI,2021-10-19T23:03:00+03:00,25.89,25.95,25.89,25.95,7
MOEX:RVI,2021-10-19T23:04:00+03:00,25.95,25.95,25.95,25.95,1
MOEX:RVI,2021-10-19T23:05:00+03:00,25.95,25.95,25.95,25.95,1
MOEX:RVI,2021-10-19T23:06:00+03:00,25.95,25.95,25.95,25.95,1
MOEX:RVI,2021-10-19T23:07:00+03:00,25.95,25.95,25.95,25.95,1
MOEX:RVI,2021-10-19T23:08:00+03:00,25.95,25.95,25.95,25.95,1
MOEX:RVI,2021-10-19T23:09:00+03:00,25.95,25.95,25.95,25.95,1
MOEX:RVI,2021-10-19T23:10:00+03:00,25.95,25.95,25.95,25.95,1
MOEX:RVI,2021-10-19T23:11:00+03:00,25.95,25.95,25.95,25.95,1
MOEX:RVI,2021-10-19T23:12:00+03:00,25.95,25.95,25.95,25.95,1
MOEX:RVI,2021-10-19T23:13:00+03:00,25.95,25.97,25.95,25.97,3
MOEX:RVI,2021-10-19T23:14:00+03:00,25.97,25.97,25.97,25.97,1
MOEX:RVI,2021-10-19T23:15:00+03:00,25.97,25.97,25.97,25.97,1
MOEX:RVI,2021-10-19T23:16:00+03:00,25.97,25.97,25.97,25.97,1
MOEX:RVI,2021-10-19T23:17:00+03:00,25.97,25.97,25.97,25.97,1
MOEX:RVI,2021-10-19T23:18:00+03:00,25.97,25.97,25.97,25.97,1
MOEX:RVI,2021-10-19T23:19:00+03:00,25.97,25.97,25.97,25.97,1
MOEX:RVI,2021-10-19T23:20:00+03:00,25.97,25.97,25.97,25.97,1
MOEX:RVI,2021-10-19T23:21:00+03:00,25.97,25.97,25.97,25.97,1
MOEX:RVI,2021-10-19T23:22:00+03:00,25.97,25.97,25.97,25.97,1
MOEX:RVI,2021-10-19T23:23:00+03:00,25.97,25.97,25.97,25.97,1
MOEX:RVI,2021-10-19T23:24:00+03:00,25.97,25.97,25.97,25.97,1
MOEX:RVI,2021-10-19T23:25:00+03:00,25.97,25.97,25.97,25.97,1
MOEX:RVI,2021-10-19T23:26:00+03:00,25.97,25.97,25.97,25.97,1
MOEX:RVI,2021-10-19T23:27:00+03:00,25.97,25.98,25.97,25.98,2
MOEX:RVI,2021-10-19T23:28:00+03:00,25.98,25.98,25.98,25.98,1
MOEX:RVI,2021-10-19T23:29:00+03:00,25.98,25.98,25.98,25.98,1
MOEX:RVI,2021-10-19T23:30:00+03:00,25.98,25.98,25.98,25.98,1
MOEX:RVI,2021-10-19T23:31:00+03:00,25.98,25.98,25.98,25.98,1
MOEX:RVI,2021-10-19T23:32:00+03:00,25.98,25.98,25.98,25.98,1
MOEX:RVI,2021-10-19T23:33:00+03:00,25.98,25.98,25.98,25.98,1
MOEX:RVI,2021-10-19T23:34:00+03:00,25.98,25.98,25.98,25.98,1
MOEX:RVI,2021-10-19T23:35:00+03:00,25.98,25.98,25.98,25.98,1
MOEX:RVI,2021-10-19T23:36:00+03:00,25.98,25.98,25.98,25.98,1
MOEX:RVI,2021-10-19T23:37:00+03:00,25.98,25.98,25.98,25.98,1
MOEX:RVI,2021-10-19T23:38:00+03:00,25.98,25.98,25.98,25.98,1
MOEX:RVI,2021-10-19T23:39:00+03:00,25.98,25.98,25.98,25.98,1
MOEX:RVI,2021-10-19T23:40:00+03:00,25.98,25.98,25.98,25.98,1
MOEX:RVI,2021-10-19T23:41:00+03:00,26.04,26.05,26.01,26.01,6
MOEX:RVI,2021-10-19T23:42:00+03:00,26.01,26.01,25.93,25.93,9
MOEX:RVI,2021-10-19T23:43:00+03:00,25.93,26.00,25.93,26.00,8
MOEX:RVI,2021-10-19T23:44:00+03:00,26.00,26.00,25.98,25.98,3
MOEX:RVI,2021-10-19T23:45:00+03:00,25.98,25.98,25.98,25.98,1
MOEX:RVI,2021-10-19T23:46:00+03:00,25.96,25.96,25.95,25.95,2
MOEX:RVI,2021-10-19T23:47:00+03:00,25.95,25.96,25.95,25.96,2
MOEX:RVI,2021-10-19T23:48:00+03:00,25.96,25.96,25.96,25.96,1
MOEX:RVI,2021-10-19T23:49:00+03:00,25.96,25.96,25.96,25.96,1
MOEX:RVI,2021-10-19T23:50:00+03:00,25.96,25.96,25.96,25.96,1
