Finam:NG,2019-03-21T01:15:00+03:00,2.831,2.831,2.831,2.831,2
Finam:NG,2019-03-21T01:16:00+03:00,2.831,2.832,2.831,2.832,5
Finam:NG,2019-03-21T01:17:00+03:00,2.831,2.832,2.831,2.832,4
Finam:NG,2019-03-21T01:18:00+03:00,2.831,2.831,2.831,2.831,3
Finam:NG,2019-03-21T01:19:00+03:00,2.831,2.832,2.831,2.832,5
Finam:NG,2019-03-21T01:20:00+03:00,2.831,2.833,2.831,2.833,12
Finam:NG,2019-03-21T01:21:00+03:00,2.833,2.833,2.833,2.833,1
Finam:NG,2019-03-21T01:22:00+03:00,2.833,2.833,2.833,2.833,2
Finam:NG,2019-03-21T01:24:00+03:00,2.834,2.834,2.834,2.834,5
Finam:NG,2019-03-21T01:25:00+03:00,2.834,2.834,2.834,2.834,3
Finam:NG,2019-03-21T01:26:00+03:00,2.835,2.835,2.835,2.835,1
Finam:NG,2019-03-21T01:27:00+03:00,2.835,2.835,2.834,2.834,14
Finam:NG,2019-03-21T01:28:00+03:00,2.835,2.835,2.835,2.835,1
Finam:NG,2019-03-21T01:29:00+03:00,2.835,2.835,2.834,2.835,3
Finam:NG,2019-03-21T01:30:00+03:00,2.835,2.835,2.835,2.835,2
Finam:NG,2019-03-21T01:34:00+03:00,2.834,2.834,2.834,2.834,1
Finam:NG,2019-03-21T01:35:00+03:00,2.834,2.834,2.834,2.834,2
Finam:NG,2019-03-21T01:42:00+03:00,2.835,2.835,2.835,2.835,1
Finam:NG,2019-03-21T01:43:00+03:00,2.833,2.833,2.833,2.833,1
Finam:NG,2019-03-21T01:46:00+03:00,2.835,2.835,2.835,2.835,1
Finam:NG,2019-03-21T01:47:00+03:00,2.835,2.835,2.835,2.835,1
Finam:NG,2019-03-21T01:51:00+03:00,2.835,2.836,2.835,2.835,21
Finam:NG,2019-03-21T01:54:00+03:00,2.835,2.835,2.835,2.835,5
Finam:NG,2019-03-21T01:58:00+03:00,2.836,2.837,2.836,2.837,15
Finam:NG,2019-03-21T02:00:00+03:00,2.836,2.836,2.835,2.835,7
Finam:NG,2019-03-21T02:02:00+03:00,2.836,2.837,2.836,2.837,8
Finam:NG,2019-03-21T02:05:00+03:00,2.836,2.836,2.836,2.836,8
Finam:NG,2019-03-21T02:07:00+03:00,2.835,2.835,2.835,2.835,1
Finam:NG,2019-03-21T02:09:00+03:00,2.835,2.835,2.835,2.835,3
Finam:NG,2019-03-21T02:10:00+03:00,2.835,2.835,2.835,2.835,1
Finam:NG,2019-03-21T02:11:00+03:00,2.835,2.835,2.834,2.834,5
Finam:NG,2019-03-21T02:13:00+03:00,2.834,2.834,2.834,2.834,1
Finam:NG,2019-03-21T02:14:00+03:00,2.835,2.835,2.835,2.835,3
Finam:NG,2019-03-21T02:15:00+03:00,2.836,2.836,2.836,2.836,1
Finam:NG,2019-03-21T02:17:00+03:00,2.836,2.836,2.835,2.835,4
Finam:NG,2019-03-21T02:22:00+03:00,2.836,2.837,2.836,2.837,2
Finam:NG,2019-03-21T02:23:00+03:00,2.837,2.839,2.837,2.838,27
Finam:NG,2019-03-21T02:24:00+03:00,2.838,2.838,2.838,2.838,1
Finam:NG,2019-03-21T02:25:00+03:00,2.839,2.839,2.839,2.839,8
Finam:NG,2019-03-21T02:27:00+03:00,2.839,2.839,2.839,2.839,1
Finam:NG,2019-03-21T02:28:00+03:00,2.838,2.839,2.838,2.838,6
Finam:NG,2019-03-21T02:29:00+03:00,2.838,2.838,2.837,2.837,5
Finam:NG,2019-03-21T02:30:00+03:00,2.837,2.837,2.837,2.837,1
Finam:NG,2019-03-21T02:31:00+03:00,2.837,2.838,2.837,2.837,12
Finam:NG,2019-03-21T02:32:00+03:00,2.838,2.839,2.838,2.838,14
Finam:NG,2019-03-21T02:34:00+03:00,2.838,2.838,2.837,2.837,12
Finam:NG,2019-03-21T02:35:00+03:00,2.836,2.836,2.836,2.836,1
Finam:NG,2019-03-21T02:36:00+03:00,2.837,2.837,2.837,2.837,1
Finam:NG,2019-03-21T02:39:00+03:00,2.836,2.836,2.836,2.836,1
Finam:NG,2019-03-21T02:40:00+03:00,2.837,2.838,2.837,2.837,15
Finam:NG,2019-03-21T02:41:00+03:00,2.838,2.838,2.838,2.838,1
Finam:NG,2019-03-21T02:45:00+03:00,2.838,2.838,2.838,2.838,1
Finam:NG,2019-03-21T02:46:00+03:00,2.837,2.837,2.837,2.837,1
Finam:NG,2019-03-21T02:49:00+03:00,2.837,2.837,2.837,2.837,1
Finam:NG,2019-03-21T02:51:00+03:00,2.837,2.837,2.837,2.837,3
Finam:NG,2019-03-21T02:56:00+03:00,2.836,2.836,2.836,2.836,1
Finam:NG,2019-03-21T02:58:00+03:00,2.837,2.837,2.837,2.837,1
Finam:NG,2019-03-21T02:59:00+03:00,2.838,2.838,2.836,2.836,13
Finam:NG,2019-03-21T03:02:00+03:00,2.835,2.836,2.835,2.836,6
Finam:NG,2019-03-21T03:03:00+03:00,2.835,2.835,2.835,2.835,5
Finam:NG,2019-03-21T03:05:00+03:00,2.835,2.835,2.835,2.835,1
Finam:NG,2019-03-21T03:06:00+03:00,2.835,2.835,2.833,2.833,10
Finam:NG,2019-03-21T03:07:00+03:00,2.834,2.835,2.834,2.835,10
Finam:NG,2019-03-21T03:09:00+03:00,2.835,2.835,2.835,2.835,2
Finam:NG,2019-03-21T03:11:00+03:00,2.834,2.834,2.834,2.834,1
Finam:NG,2019-03-21T03:12:00+03:00,2.834,2.834,2.834,2.834,1
Finam:NG,2019-03-21T03:16:00+03:00,2.834,2.834,2.834,2.834,1
Finam:NG,2019-03-21T03:17:00+03:00,2.834,2.835,2.834,2.835,6
Finam:NG,2019-03-21T03:19:00+03:00,2.835,2.835,2.835,2.835,1
Finam:NG,2019-03-21T03:29:00+03:00,2.835,2.835,2.835,2.835,4
Finam:NG,2019-03-21T03:31:00+03:00,2.835,2.835,2.835,2.835,1
Finam:NG,2019-03-21T03:38:00+03:00,2.834,2.835,2.834,2.834,4
Finam:NG,2019-03-21T03:41:00+03:00,2.834,2.834,2.834,2.834,1
Finam:NG,2019-03-21T03:44:00+03:00,2.835,2.835,2.835,2.835,3
Finam:NG,2019-03-21T03:46:00+03:00,2.834,2.834,2.834,2.834,3
Finam:NG,2019-03-21T03:47:00+03:00,2.835,2.835,2.835,2.835,1
Finam:NG,2019-03-21T03:53:00+03:00,2.835,2.835,2.835,2.835,1
Finam:NG,2019-03-21T04:00:00+03:00,2.835,2.835,2.834,2.835,10
Finam:NG,2019-03-21T04:01:00+03:00,2.835,2.835,2.835,2.835,1
Finam:NG,2019-03-21T04:02:00+03:00,2.836,2.836,2.836,2.836,5
Finam:NG,2019-03-21T04:04:00+03:00,2.836,2.836,2.836,2.836,1
Finam:NG,2019-03-21T04:08:00+03:00,2.836,2.836,2.836,2.836,3
Finam:NG,2019-03-21T04:13:00+03:00,2.835,2.835,2.835,2.835,1
Finam:NG,2019-03-21T04:16:00+03:00,2.836,2.836,2.836,2.836,2
Finam:NG,2019-03-21T04:20:00+03:00,2.837,2.837,2.837,2.837,1
Finam:NG,2019-03-21T04:24:00+03:00,2.837,2.837,2.837,2.837,1
Finam:NG,2019-03-21T04:25:00+03:00,2.837,2.837,2.837,2.837,1
Finam:NG,2019-03-21T04:31:00+03:00,2.837,2.837,2.837,2.837,1
Finam:NG,2019-03-21T04:32:00+03:00,2.837,2.837,2.837,2.837,1
Finam:NG,2019-03-21T04:36:00+03:00,2.836,2.836,2.836,2.836,1
Finam:NG,2019-03-21T04:38:00+03:00,2.836,2.836,2.836,2.836,3
Finam:NG,2019-03-21T04:39:00+03:00,2.835,2.835,2.835,2.835,1
Finam:NG,2019-03-21T04:40:00+03:00,2.835,2.835,2.835,2.835,6
Finam:NG,2019-03-21T04:43:00+03:00,2.836,2.836,2.836,2.836,8
Finam:NG,2019-03-21T04:45:00+03:00,2.835,2.835,2.835,2.835,5
Finam:NG,2019-03-21T04:47:00+03:00,2.835,2.835,2.834,2.834,7
Finam:NG,2019-03-21T04:54:00+03:00,2.834,2.834,2.834,2.834,7
Finam:NG,2019-03-21T04:59:00+03:00,2.832,2.832,2.832,2.832,1
Finam:NG,2019-03-21T05:00:00+03:00,2.833,2.835,2.833,2.835,11
Finam:NG,2019-03-21T05:02:00+03:00,2.835,2.835,2.835,2.835,1
Finam:NG,2019-03-21T05:03:00+03:00,2.834,2.834,2.834,2.834,1
Finam:NG,2019-03-21T05:07:00+03:00,2.834,2.834,2.834,2.834,1
Finam:NG,2019-03-21T05:08:00+03:00,2.834,2.834,2.834,2.834,1
Finam:NG,2019-03-21T05:09:00+03:00,2.835,2.835,2.835,2.835,2
Finam:NG,2019-03-21T05:14:00+03:00,2.835,2.835,2.835,2.835,4
Finam:NG,2019-03-21T05:19:00+03:00,2.835,2.835,2.835,2.835,8
Finam:NG,2019-03-21T05:22:00+03:00,2.835,2.835,2.834,2.834,5
Finam:NG,2019-03-21T05:23:00+03:00,2.834,2.834,2.834,2.834,7
Finam:NG,2019-03-21T05:24:00+03:00,2.834,2.834,2.834,2.834,1
Finam:NG,2019-03-21T05:25:00+03:00,2.834,2.834,2.834,2.834,1
Finam:NG,2019-03-21T05:28:00+03:00,2.834,2.834,2.834,2.834,2
Finam:NG,2019-03-21T05:32:00+03:00,2.834,2.834,2.834,2.834,1
Finam:NG,2019-03-21T05:34:00+03:00,2.833,2.833,2.833,2.833,2
Finam:NG,2019-03-21T05:35:00+03:00,2.833,2.833,2.833,2.833,1
Finam:NG,2019-03-21T05:36:00+03:00,2.834,2.834,2.834,2.834,1
Finam:NG,2019-03-21T05:42:00+03:00,2.834,2.835,2.834,2.835,2
Finam:NG,2019-03-21T05:45:00+03:00,2.834,2.834,2.834,2.834,1
Finam:NG,2019-03-21T05:55:00+03:00,2.835,2.835,2.835,2.835,2
Finam:NG,2019-03-21T05:59:00+03:00,2.834,2.836,2.834,2.836,2
Finam:NG,2019-03-21T06:04:00+03:00,2.836,2.836,2.836,2.836,3
Finam:NG,2019-03-21T06:05:00+03:00,2.835,2.835,2.835,2.835,1
Finam:NG,2019-03-21T06:06:00+03:00,2.836,2.836,2.836,2.836,1
Finam:NG,2019-03-21T06:09:00+03:00,2.836,2.836,2.836,2.836,1
Finam:NG,2019-03-21T06:16:00+03:00,2.835,2.835,2.835,2.835,1
Finam:NG,2019-03-21T06:18:00+03:00,2.836,2.836,2.836,2.836,2
Finam:NG,2019-03-21T06:28:00+03:00,2.835,2.835,2.835,2.835,3
Finam:NG,2019-03-21T06:29:00+03:00,2.834,2.835,2.834,2.835,2
Finam:NG,2019-03-21T06:41:00+03:00,2.836,2.836,2.836,2.836,7
Finam:NG,2019-03-21T06:42:00+03:00,2.836,2.837,2.836,2.837,4
Finam:NG,2019-03-21T06:58:00+03:00,2.836,2.837,2.836,2.837,4
Finam:NG,2019-03-21T07:01:00+03:00,2.837,2.837,2.837,2.837,1
Finam:NG,2019-03-21T07:02:00+03:00,2.836,2.836,2.835,2.835,4
Finam:NG,2019-03-21T07:04:00+03:00,2.835,2.835,2.835,2.835,2
Finam:NG,2019-03-21T07:05:00+03:00,2.836,2.836,2.836,2.836,2
Finam:NG,2019-03-21T07:07:00+03:00,2.835,2.835,2.835,2.835,3
Finam:NG,2019-03-21T07:15:00+03:00,2.834,2.834,2.834,2.834,3
Finam:NG,2019-03-21T07:20:00+03:00,2.834,2.834,2.833,2.833,3
Finam:NG,2019-03-21T07:22:00+03:00,2.833,2.833,2.833,2.833,3
Finam:NG,2019-03-21T07:23:00+03:00,2.833,2.833,2.833,2.833,1
Finam:NG,2019-03-21T07:25:00+03:00,2.832,2.832,2.830,2.831,19
Finam:NG,2019-03-21T07:26:00+03:00,2.831,2.832,2.831,2.832,6
Finam:NG,2019-03-21T07:27:00+03:00,2.831,2.832,2.831,2.832,4
Finam:NG,2019-03-21T07:28:00+03:00,2.831,2.831,2.831,2.831,1
Finam:NG,2019-03-21T07:29:00+03:00,2.830,2.830,2.830,2.830,1
Finam:NG,2019-03-21T07:30:00+03:00,2.831,2.831,2.831,2.831,3
Finam:NG,2019-03-21T07:32:00+03:00,2.830,2.830,2.827,2.827,38
Finam:NG,2019-03-21T07:33:00+03:00,2.828,2.828,2.828,2.828,1
Finam:NG,2019-03-21T07:34:00+03:00,2.829,2.829,2.829,2.829,1
Finam:NG,2019-03-21T07:36:00+03:00,2.830,2.831,2.830,2.831,2
Finam:NG,2019-03-21T07:38:00+03:00,2.830,2.830,2.830,2.830,1
Finam:NG,2019-03-21T07:39:00+03:00,2.830,2.830,2.829,2.829,3
Finam:NG,2019-03-21T07:42:00+03:00,2.829,2.829,2.829,2.829,3
Finam:NG,2019-03-21T07:43:00+03:00,2.830,2.830,2.830,2.830,5
Finam:NG,2019-03-21T07:45:00+03:00,2.830,2.830,2.830,2.830,1
Finam:NG,2019-03-21T07:46:00+03:00,2.830,2.830,2.830,2.830,1
Finam:NG,2019-03-21T07:48:00+03:00,2.830,2.830,2.829,2.829,4
Finam:NG,2019-03-21T07:49:00+03:00,2.828,2.828,2.828,2.828,6
Finam:NG,2019-03-21T07:52:00+03:00,2.828,2.828,2.828,2.828,1
Finam:NG,2019-03-21T07:54:00+03:00,2.828,2.828,2.828,2.828,1
Finam:NG,2019-03-21T07:57:00+03:00,2.829,2.829,2.829,2.829,3
Finam:NG,2019-03-21T07:58:00+03:00,2.829,2.830,2.829,2.830,12
Finam:NG,2019-03-21T07:59:00+03:00,2.829,2.829,2.829,2.829,7
Finam:NG,2019-03-21T08:00:00+03:00,2.830,2.830,2.828,2.828,6
Finam:NG,2019-03-21T08:01:00+03:00,2.827,2.827,2.823,2.825,95
Finam:NG,2019-03-21T08:02:00+03:00,2.825,2.825,2.821,2.821,51
Finam:NG,2019-03-21T08:03:00+03:00,2.822,2.822,2.815,2.821,134
Finam:NG,2019-03-21T08:04:00+03:00,2.821,2.823,2.820,2.823,17
Finam:NG,2019-03-21T08:05:00+03:00,2.823,2.823,2.823,2.823,5
Finam:NG,2019-03-21T08:06:00+03:00,2.823,2.823,2.822,2.822,7
Finam:NG,2019-03-21T08:07:00+03:00,2.821,2.822,2.820,2.822,25
Finam:NG,2019-03-21T08:08:00+03:00,2.823,2.823,2.822,2.823,12
Finam:NG,2019-03-21T08:09:00+03:00,2.823,2.823,2.823,2.823,3
Finam:NG,2019-03-21T08:11:00+03:00,2.821,2.821,2.821,2.821,2
Finam:NG,2019-03-21T08:12:00+03:00,2.823,2.825,2.823,2.825,11
Finam:NG,2019-03-21T08:13:00+03:00,2.825,2.825,2.822,2.823,8
Finam:NG,2019-03-21T08:14:00+03:00,2.823,2.823,2.823,2.823,1
Finam:NG,2019-03-21T08:16:00+03:00,2.824,2.824,2.824,2.824,2
Finam:NG,2019-03-21T08:17:00+03:00,2.825,2.826,2.825,2.826,2
Finam:NG,2019-03-21T08:18:00+03:00,2.825,2.826,2.825,2.826,6
Finam:NG,2019-03-21T08:19:00+03:00,2.827,2.827,2.827,2.827,1
Finam:NG,2019-03-21T08:20:00+03:00,2.827,2.827,2.825,2.825,8
Finam:NG,2019-03-21T08:21:00+03:00,2.825,2.825,2.825,2.825,2
Finam:NG,2019-03-21T08:23:00+03:00,2.825,2.825,2.825,2.825,1
Finam:NG,2019-03-21T08:24:00+03:00,2.824,2.825,2.824,2.825,3
Finam:NG,2019-03-21T08:26:00+03:00,2.826,2.826,2.825,2.825,2
Finam:NG,2019-03-21T08:28:00+03:00,2.825,2.825,2.825,2.825,3
Finam:NG,2019-03-21T08:30:00+03:00,2.825,2.825,2.825,2.825,1
Finam:NG,2019-03-21T08:32:00+03:00,2.825,2.825,2.825,2.825,10
Finam:NG,2019-03-21T08:33:00+03:00,2.824,2.824,2.823,2.823,4
Finam:NG,2019-03-21T08:34:00+03:00,2.822,2.822,2.822,2.822,8
Finam:NG,2019-03-21T08:35:00+03:00,2.823,2.824,2.823,2.824,9
Finam:NG,2019-03-21T08:36:00+03:00,2.824,2.826,2.824,2.826,9
Finam:NG,2019-03-21T08:37:00+03:00,2.827,2.827,2.826,2.826,6
Finam:NG,2019-03-21T08:39:00+03:00,2.825,2.825,2.824,2.825,12
Finam:NG,2019-03-21T08:41:00+03:00,2.826,2.826,2.826,2.826,1
Finam:NG,2019-03-21T08:43:00+03:00,2.826,2.826,2.826,2.826,1
Finam:NG,2019-03-21T08:53:00+03:00,2.826,2.826,2.826,2.826,1
Finam:NG,2019-03-21T08:55:00+03:00,2.826,2.826,2.826,2.826,1
Finam:NG,2019-03-21T08:59:00+03:00,2.825,2.825,2.825,2.825,2
Finam:NG,2019-03-21T09:06:00+03:00,2.825,2.826,2.825,2.826,9
Finam:NG,2019-03-21T09:07:00+03:00,2.826,2.826,2.826,2.826,4
Finam:NG,2019-03-21T09:08:00+03:00,2.826,2.826,2.826,2.826,3
Finam:NG,2019-03-21T09:10:00+03:00,2.826,2.826,2.826,2.826,2
Finam:NG,2019-03-21T09:14:00+03:00,2.826,2.826,2.826,2.826,2
Finam:NG,2019-03-21T09:16:00+03:00,2.826,2.826,2.826,2.826,2
Finam:NG,2019-03-21T09:19:00+03:00,2.826,2.826,2.826,2.826,1
Finam:NG,2019-03-21T09:21:00+03:00,2.826,2.826,2.826,2.826,1
Finam:NG,2019-03-21T09:25:00+03:00,2.826,2.826,2.826,2.826,5
Finam:NG,2019-03-21T09:27:00+03:00,2.826,2.826,2.826,2.826,1
Finam:NG,2019-03-21T09:28:00+03:00,2.827,2.827,2.827,2.827,1
Finam:NG,2019-03-21T09:29:00+03:00,2.826,2.826,2.826,2.826,3
Finam:NG,2019-03-21T09:32:00+03:00,2.825,2.825,2.825,2.825,1
Finam:NG,2019-03-21T09:33:00+03:00,2.825,2.825,2.825,2.825,1
Finam:NG,2019-03-21T09:35:00+03:00,2.826,2.828,2.826,2.828,22
Finam:NG,2019-03-21T09:36:00+03:00,2.828,2.828,2.828,2.828,1
Finam:NG,2019-03-21T09:37:00+03:00,2.829,2.829,2.828,2.829,5
Finam:NG,2019-03-21T09:41:00+03:00,2.830,2.830,2.829,2.829,4
Finam:NG,2019-03-21T09:42:00+03:00,2.830,2.831,2.830,2.830,7
Finam:NG,2019-03-21T09:43:00+03:00,2.831,2.831,2.831,2.831,1
Finam:NG,2019-03-21T09:44:00+03:00,2.831,2.831,2.831,2.831,1
Finam:NG,2019-03-21T09:45:00+03:00,2.830,2.830,2.830,2.830,1
Finam:NG,2019-03-21T09:46:00+03:00,2.831,2.831,2.831,2.831,1
Finam:NG,2019-03-21T09:48:00+03:00,2.831,2.831,2.830,2.830,3
Finam:NG,2019-03-21T09:50:00+03:00,2.831,2.831,2.830,2.830,3
Finam:NG,2019-03-21T09:53:00+03:00,2.830,2.830,2.830,2.830,1
Finam:NG,2019-03-21T09:54:00+03:00,2.830,2.831,2.830,2.831,4
Finam:NG,2019-03-21T09:55:00+03:00,2.831,2.831,2.831,2.831,1
Finam:NG,2019-03-21T09:56:00+03:00,2.832,2.832,2.830,2.830,5
Finam:NG,2019-03-21T09:57:00+03:00,2.829,2.830,2.829,2.830,2
Finam:NG,2019-03-21T09:59:00+03:00,2.829,2.829,2.829,2.829,1
Finam:NG,2019-03-21T10:00:00+03:00,2.830,2.831,2.830,2.831,8
Finam:NG,2019-03-21T10:02:00+03:00,2.830,2.830,2.830,2.830,1
Finam:NG,2019-03-21T10:03:00+03:00,2.829,2.829,2.829,2.829,1
Finam:NG,2019-03-21T10:04:00+03:00,2.829,2.829,2.828,2.828,11
Finam:NG,2019-03-21T10:06:00+03:00,2.827,2.827,2.827,2.827,1
Finam:NG,2019-03-21T10:07:00+03:00,2.829,2.829,2.828,2.828,2
Finam:NG,2019-03-21T10:08:00+03:00,2.827,2.827,2.827,2.827,1
Finam:NG,2019-03-21T10:09:00+03:00,2.826,2.826,2.826,2.826,1
Finam:NG,2019-03-21T10:10:00+03:00,2.828,2.828,2.828,2.828,1
Finam:NG,2019-03-21T10:11:00+03:00,2.826,2.827,2.826,2.827,3
Finam:NG,2019-03-21T10:12:00+03:00,2.827,2.828,2.827,2.828,5
Finam:NG,2019-03-21T10:13:00+03:00,2.828,2.828,2.828,2.828,1
Finam:NG,2019-03-21T10:14:00+03:00,2.829,2.834,2.829,2.833,36
Finam:NG,2019-03-21T10:15:00+03:00,2.833,2.834,2.833,2.834,3
Finam:NG,2019-03-21T10:16:00+03:00,2.833,2.833,2.833,2.833,7
Finam:NG,2019-03-21T10:17:00+03:00,2.832,2.832,2.832,2.832,2
Finam:NG,2019-03-21T10:18:00+03:00,2.832,2.833,2.832,2.833,4
Finam:NG,2019-03-21T10:21:00+03:00,2.831,2.832,2.831,2.832,3
Finam:NG,2019-03-21T10:22:00+03:00,2.832,2.832,2.832,2.832,1
Finam:NG,2019-03-21T10:23:00+03:00,2.832,2.832,2.832,2.832,1
Finam:NG,2019-03-21T10:24:00+03:00,2.831,2.832,2.831,2.832,3
Finam:NG,2019-03-21T10:25:00+03:00,2.833,2.833,2.833,2.833,3
Finam:NG,2019-03-21T10:26:00+03:00,2.833,2.833,2.833,2.833,1
Finam:NG,2019-03-21T10:27:00+03:00,2.832,2.832,2.832,2.832,2
Finam:NG,2019-03-21T10:28:00+03:00,2.832,2.832,2.832,2.832,2
Finam:NG,2019-03-21T10:30:00+03:00,2.831,2.831,2.831,2.831,6
Finam:NG,2019-03-21T10:31:00+03:00,2.831,2.832,2.831,2.832,5
Finam:NG,2019-03-21T10:32:00+03:00,2.832,2.832,2.832,2.832,2
Finam:NG,2019-03-21T10:33:00+03:00,2.831,2.831,2.831,2.831,1
Finam:NG,2019-03-21T10:34:00+03:00,2.831,2.831,2.830,2.830,7
Finam:NG,2019-03-21T10:35:00+03:00,2.830,2.830,2.830,2.830,1
Finam:NG,2019-03-21T10:36:00+03:00,2.831,2.831,2.831,2.831,2
Finam:NG,2019-03-21T10:37:00+03:00,2.831,2.832,2.831,2.832,7
Finam:NG,2019-03-21T10:38:00+03:00,2.830,2.830,2.830,2.830,3
Finam:NG,2019-03-21T10:39:00+03:00,2.830,2.830,2.828,2.828,6
Finam:NG,2019-03-21T10:40:00+03:00,2.829,2.829,2.828,2.828,3
Finam:NG,2019-03-21T10:41:00+03:00,2.828,2.828,2.826,2.827,11
Finam:NG,2019-03-21T10:42:00+03:00,2.828,2.828,2.828,2.828,1
Finam:NG,2019-03-21T10:43:00+03:00,2.829,2.829,2.828,2.828,3
Finam:NG,2019-03-21T10:45:00+03:00,2.830,2.830,2.830,2.830,1
Finam:NG,2019-03-21T10:47:00+03:00,2.830,2.830,2.830,2.830,1
Finam:NG,2019-03-21T10:48:00+03:00,2.830,2.831,2.830,2.830,8
Finam:NG,2019-03-21T10:54:00+03:00,2.830,2.830,2.830,2.830,2
Finam:NG,2019-03-21T10:56:00+03:00,2.831,2.832,2.831,2.831,3
Finam:NG,2019-03-21T10:57:00+03:00,2.831,2.831,2.830,2.831,5
Finam:NG,2019-03-21T10:58:00+03:00,2.831,2.831,2.831,2.831,2
Finam:NG,2019-03-21T10:59:00+03:00,2.831,2.831,2.831,2.831,3
Finam:NG,2019-03-21T11:00:00+03:00,2.831,2.831,2.830,2.830,3
Finam:NG,2019-03-21T11:02:00+03:00,2.830,2.830,2.830,2.830,1
Finam:NG,2019-03-21T11:03:00+03:00,2.829,2.829,2.828,2.828,9
Finam:NG,2019-03-21T11:04:00+03:00,2.828,2.829,2.828,2.829,3
Finam:NG,2019-03-21T11:05:00+03:00,2.830,2.830,2.829,2.829,4
Finam:NG,2019-03-21T11:14:00+03:00,2.829,2.829,2.829,2.829,2
Finam:NG,2019-03-21T11:17:00+03:00,2.830,2.830,2.830,2.830,1
Finam:NG,2019-03-21T11:18:00+03:00,2.830,2.830,2.830,2.830,1
Finam:NG,2019-03-21T11:19:00+03:00,2.830,2.830,2.829,2.829,2
Finam:NG,2019-03-21T11:26:00+03:00,2.827,2.827,2.827,2.827,1
Finam:NG,2019-03-21T11:27:00+03:00,2.828,2.829,2.828,2.829,2
Finam:NG,2019-03-21T11:28:00+03:00,2.829,2.829,2.829,2.829,1
Finam:NG,2019-03-21T11:29:00+03:00,2.829,2.829,2.829,2.829,1
Finam:NG,2019-03-21T11:30:00+03:00,2.830,2.830,2.830,2.830,1
Finam:NG,2019-03-21T11:34:00+03:00,2.830,2.830,2.829,2.829,6
Finam:NG,2019-03-21T11:41:00+03:00,2.829,2.829,2.829,2.829,2
Finam:NG,2019-03-21T11:43:00+03:00,2.829,2.829,2.828,2.828,5
Finam:NG,2019-03-21T11:46:00+03:00,2.828,2.828,2.828,2.828,4
Finam:NG,2019-03-21T11:47:00+03:00,2.828,2.829,2.828,2.829,5
Finam:NG,2019-03-21T11:48:00+03:00,2.830,2.830,2.829,2.829,4
Finam:NG,2019-03-21T11:52:00+03:00,2.828,2.829,2.828,2.828,7
Finam:NG,2019-03-21T11:55:00+03:00,2.827,2.827,2.827,2.827,2
Finam:NG,2019-03-21T11:58:00+03:00,2.827,2.827,2.827,2.827,2
Finam:NG,2019-03-21T11:59:00+03:00,2.828,2.829,2.828,2.829,4
Finam:NG,2019-03-21T12:08:00+03:00,2.829,2.829,2.829,2.829,9
Finam:NG,2019-03-21T12:09:00+03:00,2.830,2.830,2.830,2.830,1
Finam:NG,2019-03-21T12:12:00+03:00,2.830,2.830,2.830,2.830,1
Finam:NG,2019-03-21T12:13:00+03:00,2.829,2.829,2.829,2.829,6
Finam:NG,2019-03-21T12:14:00+03:00,2.828,2.828,2.828,2.828,1
Finam:NG,2019-03-21T12:16:00+03:00,2.828,2.828,2.827,2.827,7
Finam:NG,2019-03-21T12:18:00+03:00,2.826,2.828,2.826,2.828,9
Finam:NG,2019-03-21T12:31:00+03:00,2.828,2.828,2.827,2.827,2
Finam:NG,2019-03-21T12:32:00+03:00,2.826,2.826,2.826,2.826,2
Finam:NG,2019-03-21T12:33:00+03:00,2.825,2.825,2.824,2.825,7
Finam:NG,2019-03-21T12:34:00+03:00,2.825,2.826,2.825,2.826,4
Finam:NG,2019-03-21T12:38:00+03:00,2.824,2.824,2.824,2.824,2
Finam:NG,2019-03-21T12:39:00+03:00,2.825,2.825,2.825,2.825,2
Finam:NG,2019-03-21T12:40:00+03:00,2.824,2.824,2.824,2.824,1
Finam:NG,2019-03-21T12:41:00+03:00,2.823,2.823,2.823,2.823,1
Finam:NG,2019-03-21T12:43:00+03:00,2.823,2.823,2.823,2.823,1
Finam:NG,2019-03-21T12:44:00+03:00,2.825,2.825,2.823,2.823,6
Finam:NG,2019-03-21T12:45:00+03:00,2.823,2.823,2.823,2.823,1
Finam:NG,2019-03-21T12:46:00+03:00,2.823,2.823,2.821,2.821,11
Finam:NG,2019-03-21T12:47:00+03:00,2.821,2.822,2.821,2.822,6
Finam:NG,2019-03-21T12:48:00+03:00,2.821,2.821,2.821,2.821,1
Finam:NG,2019-03-21T12:49:00+03:00,2.821,2.821,2.821,2.821,1
Finam:NG,2019-03-21T12:50:00+03:00,2.822,2.823,2.822,2.823,17
Finam:NG,2019-03-21T12:52:00+03:00,2.822,2.822,2.822,2.822,1
Finam:NG,2019-03-21T12:54:00+03:00,2.824,2.824,2.824,2.824,2
Finam:NG,2019-03-21T12:56:00+03:00,2.824,2.824,2.824,2.824,1
Finam:NG,2019-03-21T12:57:00+03:00,2.823,2.823,2.822,2.822,3
Finam:NG,2019-03-21T12:58:00+03:00,2.824,2.825,2.824,2.825,19
Finam:NG,2019-03-21T12:59:00+03:00,2.825,2.826,2.825,2.825,25
Finam:NG,2019-03-21T13:01:00+03:00,2.824,2.824,2.823,2.823,11
Finam:NG,2019-03-21T13:02:00+03:00,2.824,2.824,2.824,2.824,3
Finam:NG,2019-03-21T13:05:00+03:00,2.824,2.824,2.824,2.824,3
Finam:NG,2019-03-21T13:06:00+03:00,2.824,2.824,2.823,2.823,4
Finam:NG,2019-03-21T13:07:00+03:00,2.823,2.823,2.823,2.823,1
Finam:NG,2019-03-21T13:08:00+03:00,2.823,2.823,2.823,2.823,2
Finam:NG,2019-03-21T13:09:00+03:00,2.823,2.823,2.823,2.823,1
Finam:NG,2019-03-21T13:10:00+03:00,2.823,2.823,2.823,2.823,1
Finam:NG,2019-03-21T13:12:00+03:00,2.822,2.823,2.822,2.823,2
Finam:NG,2019-03-21T13:15:00+03:00,2.824,2.824,2.824,2.824,4
Finam:NG,2019-03-21T13:17:00+03:00,2.823,2.823,2.822,2.822,3
Finam:NG,2019-03-21T13:18:00+03:00,2.824,2.824,2.824,2.824,3
Finam:NG,2019-03-21T13:21:00+03:00,2.825,2.825,2.825,2.825,1
Finam:NG,2019-03-21T13:22:00+03:00,2.825,2.825,2.824,2.824,2
Finam:NG,2019-03-21T13:23:00+03:00,2.824,2.824,2.824,2.824,1
Finam:NG,2019-03-21T13:24:00+03:00,2.823,2.823,2.823,2.823,1
Finam:NG,2019-03-21T13:25:00+03:00,2.821,2.822,2.819,2.819,7
Finam:NG,2019-03-21T13:26:00+03:00,2.818,2.818,2.816,2.817,67
Finam:NG,2019-03-21T13:27:00+03:00,2.816,2.818,2.816,2.818,5
Finam:NG,2019-03-21T13:28:00+03:00,2.818,2.818,2.818,2.818,2
Finam:NG,2019-03-21T13:30:00+03:00,2.818,2.820,2.818,2.820,6
Finam:NG,2019-03-21T13:31:00+03:00,2.820,2.820,2.820,2.820,4
Finam:NG,2019-03-21T13:32:00+03:00,2.821,2.822,2.817,2.818,31
Finam:NG,2019-03-21T13:33:00+03:00,2.817,2.818,2.817,2.818,11
Finam:NG,2019-03-21T13:35:00+03:00,2.818,2.820,2.818,2.820,7
Finam:NG,2019-03-21T13:36:00+03:00,2.820,2.820,2.820,2.820,1
Finam:NG,2019-03-21T13:37:00+03:00,2.820,2.820,2.820,2.820,1
Finam:NG,2019-03-21T13:38:00+03:00,2.820,2.820,2.820,2.820,1
Finam:NG,2019-03-21T13:39:00+03:00,2.820,2.820,2.820,2.820,1
Finam:NG,2019-03-21T13:40:00+03:00,2.819,2.819,2.819,2.819,4
Finam:NG,2019-03-21T13:41:00+03:00,2.817,2.817,2.817,2.817,2
Finam:NG,2019-03-21T13:42:00+03:00,2.817,2.818,2.817,2.818,4
Finam:NG,2019-03-21T13:44:00+03:00,2.817,2.820,2.816,2.820,27
Finam:NG,2019-03-21T13:45:00+03:00,2.821,2.822,2.821,2.822,14
Finam:NG,2019-03-21T13:46:00+03:00,2.822,2.823,2.822,2.823,11
Finam:NG,2019-03-21T13:47:00+03:00,2.823,2.823,2.823,2.823,1
Finam:NG,2019-03-21T13:48:00+03:00,2.822,2.822,2.822,2.822,3
Finam:NG,2019-03-21T13:50:00+03:00,2.823,2.823,2.822,2.822,3
Finam:NG,2019-03-21T13:52:00+03:00,2.823,2.823,2.823,2.823,3
Finam:NG,2019-03-21T13:53:00+03:00,2.824,2.824,2.824,2.824,4
Finam:NG,2019-03-21T13:54:00+03:00,2.824,2.825,2.824,2.825,7
Finam:NG,2019-03-21T13:55:00+03:00,2.825,2.825,2.824,2.824,5
Finam:NG,2019-03-21T13:56:00+03:00,2.823,2.823,2.823,2.823,3
Finam:NG,2019-03-21T13:58:00+03:00,2.822,2.822,2.822,2.822,2
Finam:NG,2019-03-21T14:00:00+03:00,2.821,2.821,2.819,2.821,19
Finam:NG,2019-03-21T14:01:00+03:00,2.822,2.822,2.820,2.821,8
Finam:NG,2019-03-21T14:02:00+03:00,2.821,2.821,2.821,2.821,3
Finam:NG,2019-03-21T14:03:00+03:00,2.821,2.821,2.821,2.821,2
Finam:NG,2019-03-21T14:05:00+03:00,2.820,2.820,2.817,2.818,17
Finam:NG,2019-03-21T14:06:00+03:00,2.819,2.823,2.819,2.821,28
Finam:NG,2019-03-21T14:07:00+03:00,2.820,2.820,2.818,2.820,26
Finam:NG,2019-03-21T14:08:00+03:00,2.819,2.820,2.818,2.819,58
Finam:NG,2019-03-21T14:09:00+03:00,2.819,2.819,2.818,2.818,7
Finam:NG,2019-03-21T14:10:00+03:00,2.818,2.819,2.817,2.818,28
Finam:NG,2019-03-21T14:11:00+03:00,2.818,2.819,2.817,2.819,26
Finam:NG,2019-03-21T14:12:00+03:00,2.819,2.821,2.819,2.821,55
Finam:NG,2019-03-21T14:14:00+03:00,2.821,2.821,2.821,2.821,1
Finam:NG,2019-03-21T14:15:00+03:00,2.821,2.821,2.819,2.820,33
Finam:NG,2019-03-21T14:16:00+03:00,2.820,2.820,2.819,2.819,2
Finam:NG,2019-03-21T14:17:00+03:00,2.820,2.820,2.819,2.819,4
Finam:NG,2019-03-21T14:18:00+03:00,2.820,2.820,2.819,2.819,3
Finam:NG,2019-03-21T14:19:00+03:00,2.819,2.819,2.817,2.819,22
Finam:NG,2019-03-21T14:20:00+03:00,2.820,2.820,2.820,2.820,22
Finam:NG,2019-03-21T14:23:00+03:00,2.821,2.822,2.821,2.821,19
Finam:NG,2019-03-21T14:26:00+03:00,2.820,2.820,2.819,2.820,11
Finam:NG,2019-03-21T14:27:00+03:00,2.820,2.822,2.820,2.822,43
Finam:NG,2019-03-21T14:28:00+03:00,2.823,2.824,2.823,2.823,13
Finam:NG,2019-03-21T14:29:00+03:00,2.824,2.826,2.824,2.825,22
Finam:NG,2019-03-21T14:30:00+03:00,2.825,2.825,2.824,2.825,5
Finam:NG,2019-03-21T14:31:00+03:00,2.825,2.825,2.823,2.823,53
Finam:NG,2019-03-21T14:32:00+03:00,2.824,2.824,2.823,2.823,5
Finam:NG,2019-03-21T14:33:00+03:00,2.822,2.822,2.821,2.821,9
Finam:NG,2019-03-21T14:34:00+03:00,2.821,2.822,2.821,2.822,15
Finam:NG,2019-03-21T14:35:00+03:00,2.823,2.823,2.823,2.823,2
Finam:NG,2019-03-21T14:36:00+03:00,2.822,2.823,2.821,2.823,79
Finam:NG,2019-03-21T14:37:00+03:00,2.823,2.823,2.822,2.822,19
Finam:NG,2019-03-21T14:39:00+03:00,2.822,2.822,2.821,2.821,13
Finam:NG,2019-03-21T14:40:00+03:00,2.820,2.820,2.818,2.820,26
Finam:NG,2019-03-21T14:42:00+03:00,2.819,2.819,2.816,2.818,37
Finam:NG,2019-03-21T14:43:00+03:00,2.818,2.818,2.817,2.818,10
Finam:NG,2019-03-21T14:44:00+03:00,2.817,2.817,2.816,2.816,9
Finam:NG,2019-03-21T14:45:00+03:00,2.816,2.817,2.816,2.816,46
Finam:NG,2019-03-21T14:46:00+03:00,2.816,2.816,2.812,2.816,120
Finam:NG,2019-03-21T14:47:00+03:00,2.815,2.816,2.815,2.815,8
Finam:NG,2019-03-21T14:48:00+03:00,2.814,2.815,2.814,2.815,8
Finam:NG,2019-03-21T14:49:00+03:00,2.814,2.816,2.814,2.816,19
Finam:NG,2019-03-21T14:50:00+03:00,2.814,2.817,2.812,2.812,137
Finam:NG,2019-03-21T14:51:00+03:00,2.813,2.815,2.813,2.815,17
Finam:NG,2019-03-21T14:52:00+03:00,2.814,2.815,2.814,2.814,6
Finam:NG,2019-03-21T14:53:00+03:00,2.814,2.814,2.812,2.814,74
Finam:NG,2019-03-21T14:54:00+03:00,2.813,2.814,2.812,2.813,40
Finam:NG,2019-03-21T14:55:00+03:00,2.813,2.813,2.813,2.813,4
Finam:NG,2019-03-21T14:56:00+03:00,2.813,2.814,2.813,2.814,4
Finam:NG,2019-03-21T14:58:00+03:00,2.814,2.816,2.814,2.815,41
Finam:NG,2019-03-21T14:59:00+03:00,2.814,2.815,2.811,2.811,29
Finam:NG,2019-03-21T15:00:00+03:00,2.811,2.812,2.805,2.809,341
Finam:NG,2019-03-21T15:01:00+03:00,2.809,2.809,2.807,2.807,26
Finam:NG,2019-03-21T15:02:00+03:00,2.807,2.809,2.807,2.809,61
Finam:NG,2019-03-21T15:03:00+03:00,2.809,2.809,2.807,2.807,143
Finam:NG,2019-03-21T15:04:00+03:00,2.808,2.809,2.808,2.809,32
Finam:NG,2019-03-21T15:05:00+03:00,2.808,2.808,2.806,2.806,30
Finam:NG,2019-03-21T15:06:00+03:00,2.807,2.807,2.806,2.807,30
Finam:NG,2019-03-21T15:07:00+03:00,2.808,2.808,2.806,2.806,45
Finam:NG,2019-03-21T15:08:00+03:00,2.806,2.806,2.804,2.805,78
Finam:NG,2019-03-21T15:09:00+03:00,2.805,2.809,2.803,2.804,427
Finam:NG,2019-03-21T15:10:00+03:00,2.804,2.806,2.804,2.806,56
Finam:NG,2019-03-21T15:11:00+03:00,2.807,2.808,2.807,2.808,22
Finam:NG,2019-03-21T15:12:00+03:00,2.809,2.809,2.808,2.808,4
Finam:NG,2019-03-21T15:13:00+03:00,2.809,2.809,2.807,2.807,13
Finam:NG,2019-03-21T15:14:00+03:00,2.807,2.807,2.807,2.807,24
Finam:NG,2019-03-21T15:15:00+03:00,2.807,2.810,2.806,2.808,118
Finam:NG,2019-03-21T15:16:00+03:00,2.809,2.812,2.809,2.810,58
Finam:NG,2019-03-21T15:17:00+03:00,2.811,2.811,2.810,2.810,16
Finam:NG,2019-03-21T15:18:00+03:00,2.810,2.810,2.807,2.807,63
Finam:NG,2019-03-21T15:19:00+03:00,2.807,2.809,2.806,2.809,42
Finam:NG,2019-03-21T15:20:00+03:00,2.810,2.812,2.810,2.812,34
Finam:NG,2019-03-21T15:21:00+03:00,2.812,2.812,2.810,2.810,52
Finam:NG,2019-03-21T15:22:00+03:00,2.810,2.810,2.810,2.810,11
Finam:NG,2019-03-21T15:23:00+03:00,2.810,2.810,2.807,2.807,32
Finam:NG,2019-03-21T15:24:00+03:00,2.807,2.807,2.806,2.806,30
Finam:NG,2019-03-21T15:25:00+03:00,2.806,2.809,2.806,2.809,32
Finam:NG,2019-03-21T15:26:00+03:00,2.809,2.809,2.808,2.808,2
Finam:NG,2019-03-21T15:27:00+03:00,2.809,2.810,2.809,2.810,21
Finam:NG,2019-03-21T15:28:00+03:00,2.810,2.811,2.810,2.811,16
Finam:NG,2019-03-21T15:29:00+03:00,2.811,2.811,2.811,2.811,20
Finam:NG,2019-03-21T15:30:00+03:00,2.810,2.811,2.810,2.811,2
Finam:NG,2019-03-21T15:31:00+03:00,2.810,2.810,2.806,2.809,141
Finam:NG,2019-03-21T15:32:00+03:00,2.809,2.809,2.809,2.809,8
Finam:NG,2019-03-21T15:33:00+03:00,2.808,2.808,2.804,2.804,64
Finam:NG,2019-03-21T15:34:00+03:00,2.804,2.805,2.803,2.804,78
Finam:NG,2019-03-21T15:35:00+03:00,2.804,2.805,2.802,2.804,235
Finam:NG,2019-03-21T15:36:00+03:00,2.804,2.805,2.802,2.802,184
Finam:NG,2019-03-21T15:37:00+03:00,2.802,2.803,2.802,2.803,51
Finam:NG,2019-03-21T15:38:00+03:00,2.803,2.803,2.802,2.802,13
Finam:NG,2019-03-21T15:39:00+03:00,2.802,2.803,2.799,2.800,138
Finam:NG,2019-03-21T15:40:00+03:00,2.800,2.803,2.800,2.802,60
Finam:NG,2019-03-21T15:41:00+03:00,2.802,2.805,2.802,2.805,56
Finam:NG,2019-03-21T15:42:00+03:00,2.804,2.806,2.804,2.806,55
Finam:NG,2019-03-21T15:43:00+03:00,2.805,2.806,2.804,2.805,45
Finam:NG,2019-03-21T15:44:00+03:00,2.806,2.806,2.805,2.805,33
Finam:NG,2019-03-21T15:45:00+03:00,2.806,2.806,2.805,2.805,3
Finam:NG,2019-03-21T15:46:00+03:00,2.805,2.806,2.804,2.805,30
Finam:NG,2019-03-21T15:47:00+03:00,2.805,2.806,2.805,2.806,18
Finam:NG,2019-03-21T15:48:00+03:00,2.807,2.807,2.806,2.806,11
Finam:NG,2019-03-21T15:49:00+03:00,2.807,2.807,2.805,2.805,56
Finam:NG,2019-03-21T15:50:00+03:00,2.806,2.806,2.804,2.804,32
Finam:NG,2019-03-21T15:51:00+03:00,2.804,2.807,2.804,2.807,30
Finam:NG,2019-03-21T15:52:00+03:00,2.807,2.807,2.804,2.805,97
Finam:NG,2019-03-21T15:53:00+03:00,2.804,2.804,2.802,2.803,49
Finam:NG,2019-03-21T15:54:00+03:00,2.803,2.804,2.802,2.802,55
Finam:NG,2019-03-21T15:55:00+03:00,2.802,2.802,2.800,2.801,163
Finam:NG,2019-03-21T15:56:00+03:00,2.801,2.803,2.801,2.802,55
Finam:NG,2019-03-21T15:57:00+03:00,2.801,2.803,2.801,2.802,66
Finam:NG,2019-03-21T15:58:00+03:00,2.802,2.802,2.801,2.801,37
Finam:NG,2019-03-21T15:59:00+03:00,2.801,2.802,2.798,2.798,241
Finam:NG,2019-03-21T16:00:00+03:00,2.799,2.802,2.798,2.800,278
Finam:NG,2019-03-21T16:01:00+03:00,2.799,2.799,2.796,2.799,193
Finam:NG,2019-03-21T16:02:00+03:00,2.798,2.801,2.798,2.800,93
Finam:NG,2019-03-21T16:03:00+03:00,2.800,2.801,2.800,2.800,72
Finam:NG,2019-03-21T16:04:00+03:00,2.801,2.803,2.801,2.801,101
Finam:NG,2019-03-21T16:05:00+03:00,2.802,2.804,2.802,2.802,77
Finam:NG,2019-03-21T16:06:00+03:00,2.803,2.805,2.802,2.805,48
Finam:NG,2019-03-21T16:07:00+03:00,2.805,2.807,2.805,2.806,287
Finam:NG,2019-03-21T16:08:00+03:00,2.806,2.806,2.805,2.805,99
Finam:NG,2019-03-21T16:09:00+03:00,2.806,2.806,2.805,2.805,19
Finam:NG,2019-03-21T16:10:00+03:00,2.804,2.805,2.804,2.805,9
Finam:NG,2019-03-21T16:11:00+03:00,2.805,2.808,2.805,2.808,194
Finam:NG,2019-03-21T16:12:00+03:00,2.808,2.808,2.806,2.807,97
Finam:NG,2019-03-21T16:13:00+03:00,2.808,2.808,2.806,2.807,58
Finam:NG,2019-03-21T16:14:00+03:00,2.807,2.808,2.806,2.806,36
Finam:NG,2019-03-21T16:15:00+03:00,2.805,2.805,2.801,2.802,220
Finam:NG,2019-03-21T16:16:00+03:00,2.802,2.803,2.801,2.802,69
Finam:NG,2019-03-21T16:17:00+03:00,2.803,2.804,2.803,2.804,101
Finam:NG,2019-03-21T16:18:00+03:00,2.805,2.805,2.804,2.805,82
Finam:NG,2019-03-21T16:19:00+03:00,2.805,2.805,2.805,2.805,11
Finam:NG,2019-03-21T16:20:00+03:00,2.805,2.805,2.804,2.804,18
Finam:NG,2019-03-21T16:21:00+03:00,2.805,2.805,2.805,2.805,1
Finam:NG,2019-03-21T16:22:00+03:00,2.804,2.804,2.802,2.802,133
Finam:NG,2019-03-21T16:23:00+03:00,2.802,2.802,2.801,2.801,16
Finam:NG,2019-03-21T16:24:00+03:00,2.801,2.802,2.801,2.802,40
Finam:NG,2019-03-21T16:25:00+03:00,2.801,2.802,2.800,2.801,138
Finam:NG,2019-03-21T16:26:00+03:00,2.800,2.802,2.800,2.801,27
Finam:NG,2019-03-21T16:27:00+03:00,2.801,2.802,2.801,2.802,43
Finam:NG,2019-03-21T16:28:00+03:00,2.802,2.802,2.800,2.801,104
Finam:NG,2019-03-21T16:29:00+03:00,2.800,2.800,2.799,2.800,118
Finam:NG,2019-03-21T16:30:00+03:00,2.801,2.801,2.800,2.801,53
Finam:NG,2019-03-21T16:31:00+03:00,2.801,2.804,2.801,2.804,107
Finam:NG,2019-03-21T16:32:00+03:00,2.804,2.805,2.803,2.804,37
Finam:NG,2019-03-21T16:33:00+03:00,2.803,2.806,2.803,2.805,71
Finam:NG,2019-03-21T16:34:00+03:00,2.805,2.805,2.804,2.804,36
Finam:NG,2019-03-21T16:35:00+03:00,2.804,2.806,2.804,2.806,45
Finam:NG,2019-03-21T16:36:00+03:00,2.806,2.808,2.806,2.807,22
Finam:NG,2019-03-21T16:37:00+03:00,2.807,2.807,2.806,2.807,9
Finam:NG,2019-03-21T16:38:00+03:00,2.807,2.807,2.806,2.806,5
Finam:NG,2019-03-21T16:39:00+03:00,2.806,2.807,2.805,2.807,60
Finam:NG,2019-03-21T16:40:00+03:00,2.806,2.806,2.806,2.806,2
Finam:NG,2019-03-21T16:41:00+03:00,2.807,2.810,2.806,2.807,170
Finam:NG,2019-03-21T16:42:00+03:00,2.807,2.809,2.807,2.808,66
Finam:NG,2019-03-21T16:43:00+03:00,2.808,2.815,2.808,2.815,421
Finam:NG,2019-03-21T16:44:00+03:00,2.815,2.815,2.814,2.814,96
Finam:NG,2019-03-21T16:45:00+03:00,2.814,2.816,2.812,2.815,193
Finam:NG,2019-03-21T16:46:00+03:00,2.814,2.817,2.813,2.813,200
Finam:NG,2019-03-21T16:47:00+03:00,2.813,2.813,2.811,2.812,91
Finam:NG,2019-03-21T16:48:00+03:00,2.811,2.811,2.810,2.811,165
Finam:NG,2019-03-21T16:49:00+03:00,2.810,2.810,2.808,2.809,165
Finam:NG,2019-03-21T16:50:00+03:00,2.808,2.809,2.807,2.808,91
Finam:NG,2019-03-21T16:51:00+03:00,2.808,2.809,2.806,2.807,160
Finam:NG,2019-03-21T16:52:00+03:00,2.807,2.807,2.805,2.806,103
Finam:NG,2019-03-21T16:53:00+03:00,2.806,2.807,2.806,2.807,79
Finam:NG,2019-03-21T16:54:00+03:00,2.807,2.809,2.807,2.809,53
Finam:NG,2019-03-21T16:55:00+03:00,2.809,2.809,2.807,2.807,26
Finam:NG,2019-03-21T16:56:00+03:00,2.808,2.808,2.807,2.807,64
Finam:NG,2019-03-21T16:57:00+03:00,2.806,2.806,2.802,2.802,102
Finam:NG,2019-03-21T16:58:00+03:00,2.803,2.804,2.800,2.801,217
Finam:NG,2019-03-21T16:59:00+03:00,2.802,2.803,2.801,2.803,52
Finam:NG,2019-03-21T17:00:00+03:00,2.803,2.807,2.802,2.806,179
Finam:NG,2019-03-21T17:01:00+03:00,2.807,2.809,2.805,2.809,93
Finam:NG,2019-03-21T17:02:00+03:00,2.809,2.809,2.808,2.809,16
Finam:NG,2019-03-21T17:03:00+03:00,2.809,2.812,2.809,2.810,146
Finam:NG,2019-03-21T17:04:00+03:00,2.809,2.811,2.809,2.810,77
Finam:NG,2019-03-21T17:05:00+03:00,2.810,2.811,2.807,2.809,155
Finam:NG,2019-03-21T17:06:00+03:00,2.808,2.809,2.807,2.809,126
Finam:NG,2019-03-21T17:07:00+03:00,2.810,2.811,2.809,2.811,57
Finam:NG,2019-03-21T17:08:00+03:00,2.811,2.811,2.810,2.811,27
Finam:NG,2019-03-21T17:09:00+03:00,2.810,2.811,2.809,2.811,21
Finam:NG,2019-03-21T17:10:00+03:00,2.811,2.812,2.810,2.812,61
Finam:NG,2019-03-21T17:11:00+03:00,2.812,2.812,2.810,2.812,25
Finam:NG,2019-03-21T17:12:00+03:00,2.811,2.812,2.811,2.811,77
Finam:NG,2019-03-21T17:13:00+03:00,2.812,2.812,2.811,2.811,20
Finam:NG,2019-03-21T17:14:00+03:00,2.811,2.812,2.811,2.812,33
Finam:NG,2019-03-21T17:15:00+03:00,2.812,2.813,2.811,2.812,47
Finam:NG,2019-03-21T17:16:00+03:00,2.812,2.813,2.812,2.812,65
Finam:NG,2019-03-21T17:17:00+03:00,2.812,2.812,2.811,2.811,27
Finam:NG,2019-03-21T17:18:00+03:00,2.811,2.811,2.809,2.809,94
Finam:NG,2019-03-21T17:19:00+03:00,2.809,2.810,2.809,2.810,35
Finam:NG,2019-03-21T17:20:00+03:00,2.809,2.813,2.809,2.812,83
Finam:NG,2019-03-21T17:21:00+03:00,2.812,2.813,2.811,2.812,25
Finam:NG,2019-03-21T17:22:00+03:00,2.812,2.813,2.812,2.813,9
Finam:NG,2019-03-21T17:23:00+03:00,2.812,2.815,2.812,2.815,139
Finam:NG,2019-03-21T17:24:00+03:00,2.816,2.819,2.814,2.814,210
Finam:NG,2019-03-21T17:25:00+03:00,2.814,2.815,2.812,2.814,129
Finam:NG,2019-03-21T17:26:00+03:00,2.813,2.814,2.811,2.812,293
Finam:NG,2019-03-21T17:27:00+03:00,2.812,2.813,2.810,2.812,158
Finam:NG,2019-03-21T17:28:00+03:00,2.811,2.812,2.810,2.812,91
Finam:NG,2019-03-21T17:29:00+03:00,2.812,2.816,2.811,2.816,152
Finam:NG,2019-03-21T17:30:00+03:00,2.816,2.816,2.805,2.806,828
Finam:NG,2019-03-21T17:31:00+03:00,2.806,2.810,2.804,2.810,411
Finam:NG,2019-03-21T17:32:00+03:00,2.810,2.812,2.808,2.808,181
Finam:NG,2019-03-21T17:33:00+03:00,2.808,2.810,2.807,2.807,75
Finam:NG,2019-03-21T17:34:00+03:00,2.808,2.811,2.807,2.811,102
Finam:NG,2019-03-21T17:35:00+03:00,2.811,2.811,2.809,2.810,35
Finam:NG,2019-03-21T17:36:00+03:00,2.809,2.811,2.809,2.811,25
Finam:NG,2019-03-21T17:37:00+03:00,2.811,2.812,2.810,2.811,32
Finam:NG,2019-03-21T17:38:00+03:00,2.811,2.811,2.809,2.810,42
Finam:NG,2019-03-21T17:39:00+03:00,2.811,2.821,2.811,2.820,286
Finam:NG,2019-03-21T17:40:00+03:00,2.820,2.820,2.817,2.817,84
Finam:NG,2019-03-21T17:41:00+03:00,2.817,2.822,2.817,2.821,82
Finam:NG,2019-03-21T17:42:00+03:00,2.820,2.821,2.820,2.820,54
Finam:NG,2019-03-21T17:43:00+03:00,2.820,2.821,2.819,2.821,36
Finam:NG,2019-03-21T17:44:00+03:00,2.821,2.821,2.819,2.819,59
Finam:NG,2019-03-21T17:45:00+03:00,2.819,2.823,2.819,2.821,179
Finam:NG,2019-03-21T17:46:00+03:00,2.821,2.823,2.821,2.821,37
Finam:NG,2019-03-21T17:47:00+03:00,2.821,2.821,2.819,2.820,54
Finam:NG,2019-03-21T17:48:00+03:00,2.820,2.821,2.819,2.821,27
Finam:NG,2019-03-21T17:49:00+03:00,2.820,2.820,2.818,2.819,112
Finam:NG,2019-03-21T17:50:00+03:00,2.819,2.819,2.818,2.818,54
Finam:NG,2019-03-21T17:51:00+03:00,2.819,2.819,2.816,2.816,85
Finam:NG,2019-03-21T17:52:00+03:00,2.817,2.818,2.814,2.815,117
Finam:NG,2019-03-21T17:53:00+03:00,2.815,2.818,2.814,2.815,90
Finam:NG,2019-03-21T17:54:00+03:00,2.815,2.816,2.809,2.811,293
Finam:NG,2019-03-21T17:55:00+03:00,2.811,2.813,2.811,2.812,102
Finam:NG,2019-03-21T17:56:00+03:00,2.811,2.814,2.811,2.814,68
Finam:NG,2019-03-21T17:57:00+03:00,2.813,2.814,2.813,2.813,118
Finam:NG,2019-03-21T17:58:00+03:00,2.813,2.816,2.812,2.816,124
Finam:NG,2019-03-21T17:59:00+03:00,2.815,2.815,2.813,2.813,66
Finam:NG,2019-03-21T18:00:00+03:00,2.813,2.814,2.811,2.811,109
Finam:NG,2019-03-21T18:01:00+03:00,2.811,2.811,2.809,2.810,79
Finam:NG,2019-03-21T18:02:00+03:00,2.810,2.812,2.807,2.808,283
Finam:NG,2019-03-21T18:03:00+03:00,2.807,2.809,2.807,2.808,42
Finam:NG,2019-03-21T18:04:00+03:00,2.808,2.808,2.805,2.805,440
Finam:NG,2019-03-21T18:05:00+03:00,2.805,2.805,2.803,2.804,115
Finam:NG,2019-03-21T18:06:00+03:00,2.804,2.805,2.803,2.803,66
Finam:NG,2019-03-21T18:07:00+03:00,2.803,2.805,2.803,2.803,121
Finam:NG,2019-03-21T18:08:00+03:00,2.803,2.803,2.799,2.801,246
Finam:NG,2019-03-21T18:09:00+03:00,2.800,2.802,2.799,2.800,196
Finam:NG,2019-03-21T18:10:00+03:00,2.801,2.801,2.797,2.798,204
Finam:NG,2019-03-21T18:11:00+03:00,2.798,2.801,2.797,2.800,204
Finam:NG,2019-03-21T18:12:00+03:00,2.800,2.801,2.798,2.798,82
Finam:NG,2019-03-21T18:13:00+03:00,2.799,2.800,2.799,2.799,61
Finam:NG,2019-03-21T18:14:00+03:00,2.799,2.800,2.799,2.800,52
Finam:NG,2019-03-21T18:15:00+03:00,2.801,2.801,2.799,2.800,69
Finam:NG,2019-03-21T18:16:00+03:00,2.800,2.800,2.799,2.800,55
Finam:NG,2019-03-21T18:17:00+03:00,2.800,2.803,2.800,2.803,127
Finam:NG,2019-03-21T18:18:00+03:00,2.802,2.803,2.800,2.801,99
Finam:NG,2019-03-21T18:19:00+03:00,2.801,2.801,2.799,2.800,47
Finam:NG,2019-03-21T18:20:00+03:00,2.800,2.801,2.799,2.801,11
Finam:NG,2019-03-21T18:21:00+03:00,2.801,2.802,2.801,2.802,54
Finam:NG,2019-03-21T18:22:00+03:00,2.802,2.802,2.801,2.801,57
Finam:NG,2019-03-21T18:23:00+03:00,2.802,2.802,2.801,2.801,23
Finam:NG,2019-03-21T18:24:00+03:00,2.801,2.801,2.801,2.801,20
Finam:NG,2019-03-21T18:25:00+03:00,2.801,2.801,2.801,2.801,9
Finam:NG,2019-03-21T18:26:00+03:00,2.802,2.803,2.801,2.801,102
Finam:NG,2019-03-21T18:27:00+03:00,2.802,2.802,2.802,2.802,1
Finam:NG,2019-03-21T18:28:00+03:00,2.802,2.802,2.800,2.800,242
Finam:NG,2019-03-21T18:29:00+03:00,2.800,2.800,2.798,2.799,163
Finam:NG,2019-03-21T18:30:00+03:00,2.798,2.800,2.798,2.799,48
Finam:NG,2019-03-21T18:31:00+03:00,2.799,2.800,2.799,2.800,44
Finam:NG,2019-03-21T18:32:00+03:00,2.800,2.801,2.800,2.800,25
Finam:NG,2019-03-21T18:34:00+03:00,2.800,2.800,2.800,2.800,22
Finam:NG,2019-03-21T18:35:00+03:00,2.800,2.800,2.800,2.800,2
Finam:NG,2019-03-21T18:36:00+03:00,2.800,2.801,2.799,2.800,66
Finam:NG,2019-03-21T18:37:00+03:00,2.800,2.800,2.799,2.800,5
Finam:NG,2019-03-21T18:38:00+03:00,2.799,2.801,2.799,2.801,30
Finam:NG,2019-03-21T18:39:00+03:00,2.801,2.802,2.801,2.801,37
Finam:NG,2019-03-21T18:40:00+03:00,2.802,2.802,2.801,2.802,37
Finam:NG,2019-03-21T18:41:00+03:00,2.802,2.802,2.802,2.802,8
Finam:NG,2019-03-21T18:42:00+03:00,2.802,2.804,2.802,2.804,76
Finam:NG,2019-03-21T18:43:00+03:00,2.803,2.803,2.803,2.803,38
Finam:NG,2019-03-21T18:44:00+03:00,2.803,2.806,2.802,2.805,70
Finam:NG,2019-03-21T18:45:00+03:00,2.805,2.805,2.804,2.804,44
Finam:NG,2019-03-21T18:46:00+03:00,2.803,2.804,2.803,2.804,19
Finam:NG,2019-03-21T18:47:00+03:00,2.803,2.805,2.803,2.805,64
Finam:NG,2019-03-21T18:48:00+03:00,2.805,2.805,2.805,2.805,8
Finam:NG,2019-03-21T18:49:00+03:00,2.805,2.806,2.805,2.805,19
Finam:NG,2019-03-21T18:50:00+03:00,2.805,2.805,2.803,2.803,14
Finam:NG,2019-03-21T18:51:00+03:00,2.804,2.805,2.804,2.805,11
Finam:NG,2019-03-21T18:52:00+03:00,2.805,2.805,2.803,2.804,64
Finam:NG,2019-03-21T18:53:00+03:00,2.804,2.805,2.804,2.805,26
Finam:NG,2019-03-21T18:54:00+03:00,2.805,2.806,2.805,2.806,46
Finam:NG,2019-03-21T18:55:00+03:00,2.806,2.806,2.806,2.806,15
Finam:NG,2019-03-21T18:56:00+03:00,2.806,2.806,2.806,2.806,1
Finam:NG,2019-03-21T18:57:00+03:00,2.806,2.806,2.805,2.805,15
Finam:NG,2019-03-21T18:58:00+03:00,2.805,2.806,2.805,2.806,13
Finam:NG,2019-03-21T18:59:00+03:00,2.805,2.805,2.804,2.804,9
Finam:NG,2019-03-21T19:00:00+03:00,2.805,2.808,2.805,2.807,159
Finam:NG,2019-03-21T19:01:00+03:00,2.807,2.808,2.807,2.807,33
Finam:NG,2019-03-21T19:02:00+03:00,2.807,2.808,2.805,2.807,147
Finam:NG,2019-03-21T19:03:00+03:00,2.807,2.807,2.806,2.806,5
Finam:NG,2019-03-21T19:04:00+03:00,2.806,2.807,2.806,2.807,53
Finam:NG,2019-03-21T19:05:00+03:00,2.806,2.807,2.805,2.807,39
Finam:NG,2019-03-21T19:06:00+03:00,2.806,2.806,2.805,2.805,99
Finam:NG,2019-03-21T19:07:00+03:00,2.804,2.806,2.804,2.805,58
Finam:NG,2019-03-21T19:08:00+03:00,2.805,2.805,2.804,2.805,92
Finam:NG,2019-03-21T19:09:00+03:00,2.806,2.806,2.805,2.805,31
Finam:NG,2019-03-21T19:10:00+03:00,2.805,2.805,2.803,2.804,49
Finam:NG,2019-03-21T19:11:00+03:00,2.804,2.804,2.803,2.803,42
Finam:NG,2019-03-21T19:12:00+03:00,2.803,2.803,2.802,2.802,42
Finam:NG,2019-03-21T19:13:00+03:00,2.802,2.802,2.802,2.802,3
Finam:NG,2019-03-21T19:14:00+03:00,2.802,2.804,2.802,2.803,92
Finam:NG,2019-03-21T19:15:00+03:00,2.803,2.804,2.803,2.804,52
Finam:NG,2019-03-21T19:16:00+03:00,2.804,2.805,2.804,2.805,34
Finam:NG,2019-03-21T19:17:00+03:00,2.804,2.806,2.804,2.806,86
Finam:NG,2019-03-21T19:19:00+03:00,2.806,2.806,2.805,2.806,60
Finam:NG,2019-03-21T19:20:00+03:00,2.806,2.807,2.804,2.804,88
Finam:NG,2019-03-21T19:21:00+03:00,2.805,2.806,2.804,2.806,82
Finam:NG,2019-03-21T19:22:00+03:00,2.805,2.805,2.805,2.805,16
Finam:NG,2019-03-21T19:23:00+03:00,2.806,2.808,2.806,2.808,91
Finam:NG,2019-03-21T19:24:00+03:00,2.808,2.809,2.806,2.808,39
Finam:NG,2019-03-21T19:25:00+03:00,2.809,2.809,2.808,2.808,10
Finam:NG,2019-03-21T19:26:00+03:00,2.808,2.809,2.807,2.809,32
Finam:NG,2019-03-21T19:27:00+03:00,2.809,2.810,2.808,2.808,44
Finam:NG,2019-03-21T19:28:00+03:00,2.809,2.809,2.808,2.808,101
Finam:NG,2019-03-21T19:29:00+03:00,2.808,2.808,2.808,2.808,15
Finam:NG,2019-03-21T19:30:00+03:00,2.808,2.809,2.807,2.807,62
Finam:NG,2019-03-21T19:31:00+03:00,2.806,2.808,2.806,2.807,32
Finam:NG,2019-03-21T19:32:00+03:00,2.806,2.806,2.806,2.806,13
Finam:NG,2019-03-21T19:33:00+03:00,2.805,2.806,2.805,2.806,30
Finam:NG,2019-03-21T19:34:00+03:00,2.806,2.806,2.805,2.806,60
Finam:NG,2019-03-21T19:35:00+03:00,2.807,2.807,2.806,2.806,30
Finam:NG,2019-03-21T19:36:00+03:00,2.805,2.806,2.805,2.806,34
Finam:NG,2019-03-21T19:37:00+03:00,2.805,2.805,2.803,2.805,61
Finam:NG,2019-03-21T19:38:00+03:00,2.804,2.805,2.804,2.805,39
Finam:NG,2019-03-21T19:39:00+03:00,2.804,2.805,2.804,2.805,16
Finam:NG,2019-03-21T19:40:00+03:00,2.804,2.805,2.803,2.803,15
Finam:NG,2019-03-21T19:41:00+03:00,2.804,2.804,2.802,2.802,53
Finam:NG,2019-03-21T19:42:00+03:00,2.802,2.803,2.802,2.802,78
Finam:NG,2019-03-21T19:43:00+03:00,2.803,2.803,2.802,2.803,9
Finam:NG,2019-03-21T19:44:00+03:00,2.802,2.802,2.802,2.802,46
Finam:NG,2019-03-21T19:45:00+03:00,2.802,2.803,2.802,2.803,71
Finam:NG,2019-03-21T19:46:00+03:00,2.803,2.806,2.803,2.806,97
Finam:NG,2019-03-21T19:47:00+03:00,2.805,2.806,2.805,2.806,48
Finam:NG,2019-03-21T19:48:00+03:00,2.806,2.806,2.805,2.805,25
Finam:NG,2019-03-21T19:49:00+03:00,2.806,2.806,2.804,2.805,49
Finam:NG,2019-03-21T19:50:00+03:00,2.805,2.805,2.805,2.805,14
Finam:NG,2019-03-21T19:51:00+03:00,2.805,2.805,2.804,2.805,8
Finam:NG,2019-03-21T19:52:00+03:00,2.806,2.806,2.806,2.806,3
Finam:NG,2019-03-21T19:53:00+03:00,2.806,2.807,2.806,2.806,38
Finam:NG,2019-03-21T19:55:00+03:00,2.805,2.805,2.805,2.805,8
Finam:NG,2019-03-21T19:56:00+03:00,2.805,2.806,2.805,2.805,23
Finam:NG,2019-03-21T19:57:00+03:00,2.805,2.805,2.805,2.805,12
Finam:NG,2019-03-21T19:58:00+03:00,2.805,2.807,2.805,2.807,22
Finam:NG,2019-03-21T19:59:00+03:00,2.808,2.808,2.807,2.807,9
Finam:NG,2019-03-21T20:00:00+03:00,2.807,2.808,2.807,2.807,33
Finam:NG,2019-03-21T20:02:00+03:00,2.806,2.809,2.806,2.809,40
Finam:NG,2019-03-21T20:03:00+03:00,2.810,2.812,2.809,2.810,106
Finam:NG,2019-03-21T20:04:00+03:00,2.810,2.813,2.810,2.810,109
Finam:NG,2019-03-21T20:05:00+03:00,2.810,2.812,2.810,2.811,83
Finam:NG,2019-03-21T20:06:00+03:00,2.811,2.814,2.811,2.813,111
Finam:NG,2019-03-21T20:07:00+03:00,2.813,2.814,2.812,2.813,71
Finam:NG,2019-03-21T20:08:00+03:00,2.813,2.813,2.812,2.812,35
Finam:NG,2019-03-21T20:09:00+03:00,2.812,2.813,2.812,2.812,12
Finam:NG,2019-03-21T20:10:00+03:00,2.812,2.816,2.812,2.816,112
Finam:NG,2019-03-21T20:11:00+03:00,2.816,2.817,2.815,2.816,89
Finam:NG,2019-03-21T20:12:00+03:00,2.816,2.816,2.816,2.816,36
Finam:NG,2019-03-21T20:13:00+03:00,2.816,2.817,2.816,2.817,47
Finam:NG,2019-03-21T20:14:00+03:00,2.816,2.816,2.814,2.815,140
Finam:NG,2019-03-21T20:15:00+03:00,2.815,2.815,2.812,2.812,72
Finam:NG,2019-03-21T20:16:00+03:00,2.813,2.813,2.813,2.813,30
Finam:NG,2019-03-21T20:17:00+03:00,2.813,2.814,2.812,2.812,35
Finam:NG,2019-03-21T20:18:00+03:00,2.812,2.813,2.812,2.812,39
Finam:NG,2019-03-21T20:19:00+03:00,2.812,2.813,2.812,2.812,40
Finam:NG,2019-03-21T20:20:00+03:00,2.812,2.813,2.812,2.812,57
Finam:NG,2019-03-21T20:21:00+03:00,2.813,2.813,2.813,2.813,22
Finam:NG,2019-03-21T20:22:00+03:00,2.813,2.813,2.813,2.813,33
Finam:NG,2019-03-21T20:23:00+03:00,2.813,2.813,2.813,2.813,51
Finam:NG,2019-03-21T20:24:00+03:00,2.813,2.818,2.812,2.816,182
Finam:NG,2019-03-21T20:25:00+03:00,2.817,2.817,2.816,2.817,6
Finam:NG,2019-03-21T20:26:00+03:00,2.817,2.819,2.816,2.818,217
Finam:NG,2019-03-21T20:27:00+03:00,2.817,2.818,2.817,2.818,97
Finam:NG,2019-03-21T20:28:00+03:00,2.818,2.818,2.818,2.818,4
Finam:NG,2019-03-21T20:29:00+03:00,2.817,2.817,2.817,2.817,1
Finam:NG,2019-03-21T20:30:00+03:00,2.818,2.818,2.816,2.818,111
Finam:NG,2019-03-21T20:31:00+03:00,2.817,2.818,2.816,2.817,49
Finam:NG,2019-03-21T20:32:00+03:00,2.817,2.819,2.817,2.819,31
Finam:NG,2019-03-21T20:33:00+03:00,2.818,2.818,2.817,2.817,25
Finam:NG,2019-03-21T20:34:00+03:00,2.817,2.818,2.817,2.818,11
Finam:NG,2019-03-21T20:35:00+03:00,2.818,2.826,2.818,2.826,269
Finam:NG,2019-03-21T20:36:00+03:00,2.826,2.828,2.823,2.823,355
Finam:NG,2019-03-21T20:37:00+03:00,2.823,2.823,2.820,2.820,112
Finam:NG,2019-03-21T20:38:00+03:00,2.819,2.821,2.817,2.818,203
Finam:NG,2019-03-21T20:39:00+03:00,2.818,2.818,2.817,2.818,74
Finam:NG,2019-03-21T20:40:00+03:00,2.818,2.819,2.817,2.819,39
Finam:NG,2019-03-21T20:41:00+03:00,2.819,2.821,2.819,2.821,21
Finam:NG,2019-03-21T20:42:00+03:00,2.821,2.822,2.821,2.822,78
Finam:NG,2019-03-21T20:43:00+03:00,2.822,2.823,2.821,2.821,62
Finam:NG,2019-03-21T20:44:00+03:00,2.822,2.822,2.822,2.822,1
Finam:NG,2019-03-21T20:45:00+03:00,2.821,2.822,2.821,2.822,69
Finam:NG,2019-03-21T20:46:00+03:00,2.822,2.822,2.821,2.822,78
Finam:NG,2019-03-21T20:47:00+03:00,2.821,2.822,2.821,2.822,41
Finam:NG,2019-03-21T20:48:00+03:00,2.821,2.823,2.820,2.823,147
Finam:NG,2019-03-21T20:49:00+03:00,2.824,2.824,2.823,2.824,119
Finam:NG,2019-03-21T20:50:00+03:00,2.824,2.825,2.824,2.825,61
Finam:NG,2019-03-21T20:51:00+03:00,2.825,2.825,2.821,2.821,94
Finam:NG,2019-03-21T20:52:00+03:00,2.822,2.822,2.821,2.822,22
Finam:NG,2019-03-21T20:53:00+03:00,2.821,2.821,2.820,2.820,53
Finam:NG,2019-03-21T20:54:00+03:00,2.820,2.820,2.818,2.819,66
Finam:NG,2019-03-21T20:55:00+03:00,2.819,2.820,2.819,2.820,46
Finam:NG,2019-03-21T20:56:00+03:00,2.820,2.821,2.819,2.819,26
Finam:NG,2019-03-21T20:57:00+03:00,2.819,2.820,2.818,2.818,27
Finam:NG,2019-03-21T20:58:00+03:00,2.819,2.820,2.818,2.819,79
Finam:NG,2019-03-21T20:59:00+03:00,2.819,2.819,2.819,2.819,31
Finam:NG,2019-03-21T21:00:00+03:00,2.820,2.820,2.819,2.820,52
Finam:NG,2019-03-21T21:01:00+03:00,2.819,2.819,2.819,2.819,15
Finam:NG,2019-03-21T21:02:00+03:00,2.820,2.820,2.819,2.820,49
Finam:NG,2019-03-21T21:03:00+03:00,2.819,2.820,2.819,2.819,101
Finam:NG,2019-03-21T21:04:00+03:00,2.818,2.819,2.818,2.819,45
Finam:NG,2019-03-21T21:05:00+03:00,2.820,2.824,2.820,2.822,268
Finam:NG,2019-03-21T21:06:00+03:00,2.822,2.824,2.821,2.821,119
Finam:NG,2019-03-21T21:07:00+03:00,2.821,2.821,2.820,2.821,7
Finam:NG,2019-03-21T21:08:00+03:00,2.821,2.821,2.820,2.820,47
Finam:NG,2019-03-21T21:09:00+03:00,2.820,2.820,2.819,2.819,2
Finam:NG,2019-03-21T21:10:00+03:00,2.820,2.821,2.817,2.817,185
Finam:NG,2019-03-21T21:11:00+03:00,2.817,2.817,2.816,2.817,132
Finam:NG,2019-03-21T21:12:00+03:00,2.817,2.817,2.816,2.816,17
Finam:NG,2019-03-21T21:13:00+03:00,2.817,2.817,2.814,2.815,90
Finam:NG,2019-03-21T21:14:00+03:00,2.815,2.815,2.814,2.815,61
Finam:NG,2019-03-21T21:15:00+03:00,2.816,2.816,2.815,2.815,58
Finam:NG,2019-03-21T21:16:00+03:00,2.816,2.818,2.816,2.818,27
Finam:NG,2019-03-21T21:17:00+03:00,2.818,2.819,2.818,2.818,28
Finam:NG,2019-03-21T21:18:00+03:00,2.817,2.819,2.816,2.819,135
Finam:NG,2019-03-21T21:19:00+03:00,2.819,2.821,2.819,2.821,171
Finam:NG,2019-03-21T21:20:00+03:00,2.821,2.821,2.819,2.819,28
Finam:NG,2019-03-21T21:21:00+03:00,2.819,2.819,2.818,2.818,71
Finam:NG,2019-03-21T21:22:00+03:00,2.818,2.819,2.818,2.819,48
Finam:NG,2019-03-21T21:23:00+03:00,2.820,2.821,2.819,2.821,215
Finam:NG,2019-03-21T21:24:00+03:00,2.821,2.822,2.818,2.821,174
Finam:NG,2019-03-21T21:25:00+03:00,2.820,2.821,2.820,2.820,46
Finam:NG,2019-03-21T21:26:00+03:00,2.820,2.821,2.820,2.821,29
Finam:NG,2019-03-21T21:27:00+03:00,2.820,2.821,2.819,2.820,69
Finam:NG,2019-03-21T21:28:00+03:00,2.819,2.820,2.817,2.818,301
Finam:NG,2019-03-21T21:29:00+03:00,2.819,2.823,2.819,2.822,566
Finam:NG,2019-03-21T21:30:00+03:00,2.821,2.822,2.820,2.820,339
Finam:NG,2019-03-21T21:31:00+03:00,2.821,2.822,2.818,2.822,92
Finam:NG,2019-03-21T21:32:00+03:00,2.822,2.822,2.819,2.820,66
Finam:NG,2019-03-21T21:33:00+03:00,2.820,2.820,2.819,2.819,15
Finam:NG,2019-03-21T21:34:00+03:00,2.819,2.819,2.819,2.819,15
Finam:NG,2019-03-21T21:35:00+03:00,2.819,2.819,2.816,2.816,132
Finam:NG,2019-03-21T21:36:00+03:00,2.817,2.817,2.816,2.817,35
Finam:NG,2019-03-21T21:37:00+03:00,2.818,2.818,2.817,2.818,80
Finam:NG,2019-03-21T21:38:00+03:00,2.818,2.818,2.817,2.818,29
Finam:NG,2019-03-21T21:39:00+03:00,2.819,2.821,2.819,2.821,88
Finam:NG,2019-03-21T21:40:00+03:00,2.821,2.821,2.819,2.819,44
Finam:NG,2019-03-21T21:41:00+03:00,2.818,2.818,2.818,2.818,22
Finam:NG,2019-03-21T21:42:00+03:00,2.818,2.819,2.818,2.819,33
Finam:NG,2019-03-21T21:43:00+03:00,2.819,2.819,2.819,2.819,1
Finam:NG,2019-03-21T21:44:00+03:00,2.819,2.820,2.819,2.819,63
Finam:NG,2019-03-21T21:45:00+03:00,2.819,2.819,2.819,2.819,24
Finam:NG,2019-03-21T21:48:00+03:00,2.819,2.819,2.819,2.819,14
Finam:NG,2019-03-21T21:49:00+03:00,2.818,2.818,2.816,2.817,134
Finam:NG,2019-03-21T21:50:00+03:00,2.817,2.817,2.817,2.817,2
Finam:NG,2019-03-21T21:51:00+03:00,2.818,2.818,2.817,2.817,25
Finam:NG,2019-03-21T21:52:00+03:00,2.816,2.817,2.816,2.817,2
Finam:NG,2019-03-21T21:53:00+03:00,2.816,2.816,2.815,2.816,29
Finam:NG,2019-03-21T21:54:00+03:00,2.817,2.818,2.816,2.817,73
Finam:NG,2019-03-21T21:55:00+03:00,2.816,2.816,2.816,2.816,10
Finam:NG,2019-03-21T21:56:00+03:00,2.816,2.817,2.816,2.817,2
Finam:NG,2019-03-21T21:57:00+03:00,2.816,2.817,2.816,2.816,5
Finam:NG,2019-03-21T21:58:00+03:00,2.816,2.817,2.816,2.817,19
Finam:NG,2019-03-21T21:59:00+03:00,2.817,2.817,2.816,2.817,45
Finam:NG,2019-03-21T22:00:00+03:00,2.816,2.820,2.816,2.819,171
Finam:NG,2019-03-21T22:01:00+03:00,2.819,2.819,2.819,2.819,7
Finam:NG,2019-03-21T22:02:00+03:00,2.819,2.820,2.819,2.820,43
Finam:NG,2019-03-21T22:03:00+03:00,2.819,2.820,2.817,2.818,90
Finam:NG,2019-03-21T22:04:00+03:00,2.817,2.817,2.816,2.816,13
Finam:NG,2019-03-21T22:05:00+03:00,2.817,2.817,2.816,2.816,11
Finam:NG,2019-03-21T22:06:00+03:00,2.816,2.817,2.816,2.817,22
Finam:NG,2019-03-21T22:07:00+03:00,2.817,2.818,2.817,2.817,7
Finam:NG,2019-03-21T22:08:00+03:00,2.817,2.817,2.816,2.816,7
Finam:NG,2019-03-21T22:10:00+03:00,2.817,2.817,2.817,2.817,1
Finam:NG,2019-03-21T22:12:00+03:00,2.817,2.817,2.816,2.816,17
Finam:NG,2019-03-21T22:13:00+03:00,2.816,2.817,2.816,2.817,19
Finam:NG,2019-03-21T22:14:00+03:00,2.817,2.817,2.817,2.817,5
Finam:NG,2019-03-21T22:15:00+03:00,2.817,2.817,2.817,2.817,2
Finam:NG,2019-03-21T22:16:00+03:00,2.817,2.817,2.817,2.817,9
Finam:NG,2019-03-21T22:17:00+03:00,2.816,2.816,2.816,2.816,5
Finam:NG,2019-03-21T22:18:00+03:00,2.816,2.816,2.816,2.816,3
Finam:NG,2019-03-21T22:19:00+03:00,2.816,2.818,2.816,2.817,29
Finam:NG,2019-03-21T22:20:00+03:00,2.816,2.818,2.816,2.818,21
Finam:NG,2019-03-21T22:21:00+03:00,2.817,2.818,2.817,2.818,25
Finam:NG,2019-03-21T22:22:00+03:00,2.817,2.818,2.817,2.818,45
Finam:NG,2019-03-21T22:23:00+03:00,2.818,2.818,2.817,2.817,26
Finam:NG,2019-03-21T22:24:00+03:00,2.817,2.817,2.817,2.817,2
Finam:NG,2019-03-21T22:25:00+03:00,2.818,2.818,2.817,2.817,4
Finam:NG,2019-03-21T22:26:00+03:00,2.817,2.817,2.817,2.817,2
Finam:NG,2019-03-21T22:27:00+03:00,2.818,2.818,2.818,2.818,1
Finam:NG,2019-03-21T22:28:00+03:00,2.817,2.818,2.817,2.818,21
Finam:NG,2019-03-21T22:29:00+03:00,2.818,2.818,2.818,2.818,9
Finam:NG,2019-03-21T22:30:00+03:00,2.818,2.820,2.818,2.819,92
Finam:NG,2019-03-21T22:31:00+03:00,2.820,2.820,2.820,2.820,5
Finam:NG,2019-03-21T22:33:00+03:00,2.819,2.820,2.819,2.819,43
Finam:NG,2019-03-21T22:34:00+03:00,2.819,2.820,2.819,2.820,18
Finam:NG,2019-03-21T22:35:00+03:00,2.820,2.820,2.820,2.820,34
Finam:NG,2019-03-21T22:36:00+03:00,2.820,2.820,2.820,2.820,1
Finam:NG,2019-03-21T22:37:00+03:00,2.821,2.821,2.819,2.819,37
Finam:NG,2019-03-21T22:38:00+03:00,2.820,2.820,2.820,2.820,22
Finam:NG,2019-03-21T22:39:00+03:00,2.820,2.820,2.820,2.820,18
Finam:NG,2019-03-21T22:40:00+03:00,2.820,2.821,2.819,2.820,17
Finam:NG,2019-03-21T22:41:00+03:00,2.821,2.821,2.820,2.821,14
Finam:NG,2019-03-21T22:42:00+03:00,2.820,2.821,2.820,2.821,30
Finam:NG,2019-03-21T22:43:00+03:00,2.821,2.821,2.820,2.820,19
Finam:NG,2019-03-21T22:44:00+03:00,2.821,2.822,2.821,2.821,47
Finam:NG,2019-03-21T22:45:00+03:00,2.820,2.820,2.820,2.820,4
Finam:NG,2019-03-21T22:46:00+03:00,2.820,2.820,2.820,2.820,32
Finam:NG,2019-03-21T22:47:00+03:00,2.821,2.821,2.820,2.820,10
Finam:NG,2019-03-21T22:48:00+03:00,2.821,2.821,2.821,2.821,1
Finam:NG,2019-03-21T22:50:00+03:00,2.821,2.822,2.821,2.821,51
Finam:NG,2019-03-21T22:51:00+03:00,2.821,2.821,2.820,2.820,14
Finam:NG,2019-03-21T22:54:00+03:00,2.821,2.821,2.821,2.821,40
Finam:NG,2019-03-21T22:56:00+03:00,2.822,2.822,2.822,2.822,44
Finam:NG,2019-03-21T22:57:00+03:00,2.822,2.822,2.821,2.822,56
Finam:NG,2019-03-21T22:58:00+03:00,2.822,2.822,2.819,2.820,76
Finam:NG,2019-03-21T22:59:00+03:00,2.820,2.821,2.820,2.820,21
Finam:NG,2019-03-21T23:01:00+03:00,2.820,2.821,2.820,2.821,16
Finam:NG,2019-03-21T23:02:00+03:00,2.820,2.820,2.820,2.820,3
Finam:NG,2019-03-21T23:03:00+03:00,2.820,2.820,2.820,2.820,3
Finam:NG,2019-03-21T23:05:00+03:00,2.821,2.821,2.821,2.821,4
Finam:NG,2019-03-21T23:06:00+03:00,2.821,2.821,2.821,2.821,4
Finam:NG,2019-03-21T23:07:00+03:00,2.821,2.821,2.821,2.821,3
Finam:NG,2019-03-21T23:08:00+03:00,2.821,2.821,2.821,2.821,1
Finam:NG,2019-03-21T23:09:00+03:00,2.821,2.821,2.821,2.821,4
Finam:NG,2019-03-21T23:10:00+03:00,2.821,2.821,2.821,2.821,1
Finam:NG,2019-03-21T23:11:00+03:00,2.821,2.821,2.821,2.821,14
Finam:NG,2019-03-21T23:12:00+03:00,2.821,2.821,2.821,2.821,1
Finam:NG,2019-03-21T23:13:00+03:00,2.821,2.821,2.821,2.821,2
Finam:NG,2019-03-21T23:14:00+03:00,2.821,2.821,2.821,2.821,9
Finam:NG,2019-03-21T23:15:00+03:00,2.821,2.821,2.820,2.820,13
Finam:NG,2019-03-21T23:18:00+03:00,2.821,2.821,2.821,2.821,4
Finam:NG,2019-03-21T23:19:00+03:00,2.821,2.821,2.821,2.821,15
Finam:NG,2019-03-21T23:21:00+03:00,2.822,2.823,2.822,2.822,65
Finam:NG,2019-03-21T23:22:00+03:00,2.822,2.822,2.822,2.822,2
Finam:NG,2019-03-21T23:23:00+03:00,2.822,2.822,2.822,2.822,6
Finam:NG,2019-03-21T23:24:00+03:00,2.822,2.822,2.822,2.822,4
Finam:NG,2019-03-21T23:25:00+03:00,2.821,2.821,2.821,2.821,1
Finam:NG,2019-03-21T23:27:00+03:00,2.821,2.821,2.821,2.821,1
Finam:NG,2019-03-21T23:29:00+03:00,2.822,2.822,2.822,2.822,9
Finam:NG,2019-03-21T23:30:00+03:00,2.822,2.822,2.821,2.821,18
Finam:NG,2019-03-21T23:31:00+03:00,2.821,2.821,2.821,2.821,1
Finam:NG,2019-03-21T23:33:00+03:00,2.822,2.822,2.822,2.822,2
Finam:NG,2019-03-21T23:35:00+03:00,2.821,2.821,2.820,2.820,7
Finam:NG,2019-03-21T23:36:00+03:00,2.820,2.820,2.820,2.820,2
Finam:NG,2019-03-21T23:37:00+03:00,2.820,2.820,2.820,2.820,1
Finam:NG,2019-03-21T23:40:00+03:00,2.820,2.820,2.820,2.820,1
Finam:NG,2019-03-21T23:41:00+03:00,2.821,2.821,2.821,2.821,4
Finam:NG,2019-03-21T23:43:00+03:00,2.820,2.821,2.820,2.820,13
Finam:NG,2019-03-21T23:44:00+03:00,2.820,2.820,2.820,2.820,19
Finam:NG,2019-03-21T23:45:00+03:00,2.819,2.821,2.819,2.819,28
Finam:NG,2019-03-21T23:46:00+03:00,2.819,2.819,2.819,2.819,1
Finam:NG,2019-03-21T23:47:00+03:00,2.820,2.820,2.820,2.820,4
Finam:NG,2019-03-21T23:48:00+03:00,2.820,2.822,2.820,2.821,36
Finam:NG,2019-03-21T23:49:00+03:00,2.821,2.822,2.820,2.820,35
Finam:NG,2019-03-21T23:50:00+03:00,2.820,2.821,2.820,2.820,14
Finam:NG,2019-03-21T23:52:00+03:00,2.820,2.820,2.820,2.820,1
Finam:NG,2019-03-21T23:53:00+03:00,2.821,2.821,2.820,2.820,3
Finam:NG,2019-03-21T23:54:00+03:00,2.820,2.821,2.820,2.821,2
Finam:NG,2019-03-21T23:55:00+03:00,2.820,2.820,2.819,2.820,7
Finam:NG,2019-03-21T23:58:00+03:00,2.820,2.820,2.818,2.818,85
Finam:NG,2019-03-21T23:59:00+03:00,2.818,2.818,2.816,2.818,56
