Finam:SP,2019-11-19T16:30:00+03:00,3127.4500,3127.6400,3126.9400,3127.6100,36
Finam:SP,2019-11-19T16:31:00+03:00,3127.4900,3127.5300,3125.5700,3125.5700,50
Finam:SP,2019-11-19T16:32:00+03:00,3125.6700,3126.0500,3124.5900,3124.5900,46
Finam:SP,2019-11-19T16:33:00+03:00,3124.8900,3124.8900,3124.2100,3124.2100,48
Finam:SP,2019-11-19T16:34:00+03:00,3124.2500,3125.3500,3123.7900,3125.0700,60
Finam:SP,2019-11-19T16:35:00+03:00,3125.0500,3125.2000,3124.6400,3124.8800,54
Finam:SP,2019-11-19T16:36:00+03:00,3124.8600,3125.5500,3124.8600,3125.0800,51
Finam:SP,2019-11-19T16:37:00+03:00,3124.9700,3125.0100,3124.3500,3124.4200,51
Finam:SP,2019-11-19T16:38:00+03:00,3124.3400,3124.7400,3123.9500,3124.6700,56
Finam:SP,2019-11-19T16:39:00+03:00,3124.7100,3125.4200,3124.6900,3125.0700,55
Finam:SP,2019-11-19T16:40:00+03:00,3125.0900,3125.2600,3124.6700,3124.7700,56
Finam:SP,2019-11-19T16:41:00+03:00,3124.6900,3124.6900,3124.3700,3124.5200,52
Finam:SP,2019-11-19T16:42:00+03:00,3124.5100,3124.6400,3124.0400,3124.3100,55
Finam:SP,2019-11-19T16:43:00+03:00,3124.3000,3124.3800,3123.6100,3123.6100,56
Finam:SP,2019-11-19T16:44:00+03:00,3123.6200,3123.6700,3123.1200,3123.1500,54
Finam:SP,2019-11-19T16:45:00+03:00,3123.1200,3123.8300,3123.0200,3123.4700,55
Finam:SP,2019-11-19T16:46:00+03:00,3123.5600,3123.6100,3122.8800,3123.1600,50
Finam:SP,2019-11-19T16:47:00+03:00,3123.1400,3123.1700,3122.8800,3122.9700,47
Finam:SP,2019-11-19T16:48:00+03:00,3123.0000,3123.5100,3122.5900,3123.5100,59
Finam:SP,2019-11-19T16:49:00+03:00,3123.5600,3124.0700,3123.5200,3123.6600,54
Finam:SP,2019-11-19T16:50:00+03:00,3123.6300,3123.9600,3123.4900,3123.5200,54
Finam:SP,2019-11-19T16:51:00+03:00,3123.5000,3123.5000,3121.8100,3122.0600,44
Finam:SP,2019-11-19T16:52:00+03:00,3122.1700,3122.6400,3122.0000,3122.0600,53
Finam:SP,2019-11-19T16:53:00+03:00,3122.0500,3122.1600,3121.5600,3121.7400,48
Finam:SP,2019-11-19T16:54:00+03:00,3121.7100,3121.9200,3121.3300,3121.6500,56
Finam:SP,2019-11-19T16:55:00+03:00,3121.5900,3122.8200,3121.5800,3122.6800,51
Finam:SP,2019-11-19T16:56:00+03:00,3122.6700,3122.9900,3122.1800,3122.5100,53
Finam:SP,2019-11-19T16:57:00+03:00,3122.5200,3122.6200,3122.2600,3122.2900,54
Finam:SP,2019-11-19T16:58:00+03:00,3122.2800,3122.2900,3121.8300,3121.8900,54
Finam:SP,2019-11-19T16:59:00+03:00,3121.7900,3121.8200,3121.3800,3121.8100,51
Finam:SP,2019-11-19T17:00:00+03:00,3121.7600,3121.8600,3121.3200,3121.8600,36
Finam:SP,2019-11-19T17:01:00+03:00,3121.9000,3122.4000,3121.6100,3122.0000,51
Finam:SP,2019-11-19T17:02:00+03:00,3121.9800,3122.0100,3120.7500,3120.7500,50
Finam:SP,2019-11-19T17:03:00+03:00,3120.7400,3120.7400,3119.9800,3120.0800,49
Finam:SP,2019-11-19T17:04:00+03:00,3120.1200,3120.4500,3119.6700,3119.8800,50
Finam:SP,2019-11-19T17:05:00+03:00,3119.8600,3120.2200,3119.7600,3119.9600,49
Finam:SP,2019-11-19T17:06:00+03:00,3119.9700,3119.9700,3119.3900,3119.4700,53
Finam:SP,2019-11-19T17:07:00+03:00,3119.4100,3119.4600,3119.1000,3119.1300,56
Finam:SP,2019-11-19T17:08:00+03:00,3119.1500,3119.6900,3118.8700,3119.6700,53
Finam:SP,2019-11-19T17:09:00+03:00,3119.6800,3120.0500,3119.2400,3119.3700,48
Finam:SP,2019-11-19T17:10:00+03:00,3119.3400,3120.2700,3119.3200,3120.2700,52
Finam:SP,2019-11-19T17:11:00+03:00,3120.2900,3120.6200,3120.2600,3120.6200,49
Finam:SP,2019-11-19T17:12:00+03:00,3120.6400,3121.3800,3120.6400,3121.3800,52
Finam:SP,2019-11-19T17:13:00+03:00,3121.4000,3121.5200,3121.0800,3121.4800,50
Finam:SP,2019-11-19T17:14:00+03:00,3121.4900,3121.5000,3120.6200,3120.6200,53
Finam:SP,2019-11-19T17:15:00+03:00,3120.6400,3120.6500,3120.2100,3120.3300,53
Finam:SP,2019-11-19T17:16:00+03:00,3120.4100,3120.5900,3119.9400,3120.5600,51
Finam:SP,2019-11-19T17:17:00+03:00,3120.6000,3121.0800,3120.5800,3121.0000,46
Finam:SP,2019-11-19T17:18:00+03:00,3121.0100,3121.4100,3120.9700,3121.3900,48
Finam:SP,2019-11-19T17:19:00+03:00,3121.3700,3121.6700,3121.3200,3121.3800,54
Finam:SP,2019-11-19T17:20:00+03:00,3121.4400,3121.7300,3121.2600,3121.3000,53
Finam:SP,2019-11-19T17:21:00+03:00,3121.2900,3121.4400,3121.1600,3121.2000,49
Finam:SP,2019-11-19T17:22:00+03:00,3121.2100,3121.2100,3120.1100,3120.4700,54
Finam:SP,2019-11-19T17:23:00+03:00,3120.4600,3120.5600,3120.3600,3120.4500,52
Finam:SP,2019-11-19T17:24:00+03:00,3120.4300,3120.6100,3120.3800,3120.4800,47
Finam:SP,2019-11-19T17:25:00+03:00,3120.4700,3120.7600,3120.4700,3120.6900,53
Finam:SP,2019-11-19T17:26:00+03:00,3120.6100,3120.8300,3120.3300,3120.3800,49
Finam:SP,2019-11-19T17:27:00+03:00,3120.3700,3120.4900,3119.8700,3119.9800,52
Finam:SP,2019-11-19T17:28:00+03:00,3119.9700,3120.0200,3119.1800,3120.0200,49
Finam:SP,2019-11-19T17:29:00+03:00,3120.0100,3120.6300,3120.0100,3120.6300,48
Finam:SP,2019-11-19T17:30:00+03:00,3120.6900,3120.9600,3119.1800,3119.6700,47
Finam:SP,2019-11-19T17:31:00+03:00,3119.6400,3119.9500,3118.8300,3119.8500,49
Finam:SP,2019-11-19T17:32:00+03:00,3119.8000,3120.0700,3119.3900,3120.0700,54
Finam:SP,2019-11-19T17:33:00+03:00,3120.0600,3120.4600,3119.7500,3119.8900,55
Finam:SP,2019-11-19T17:34:00+03:00,3119.9000,3120.4300,3119.8200,3120.4300,48
Finam:SP,2019-11-19T17:35:00+03:00,3120.3900,3120.4900,3120.1600,3120.4900,53
Finam:SP,2019-11-19T17:36:00+03:00,3120.5100,3120.6400,3119.7500,3119.8500,50
Finam:SP,2019-11-19T17:37:00+03:00,3119.8400,3120.3700,3119.7400,3119.8000,52
Finam:SP,2019-11-19T17:38:00+03:00,3119.8600,3120.4400,3119.7600,3120.4000,46
Finam:SP,2019-11-19T17:39:00+03:00,3120.4300,3121.0200,3120.4300,3120.6000,55
Finam:SP,2019-11-19T17:40:00+03:00,3120.6300,3120.9900,3120.5600,3120.7800,51
Finam:SP,2019-11-19T17:41:00+03:00,3120.8100,3120.8800,3120.6200,3120.6400,52
Finam:SP,2019-11-19T17:42:00+03:00,3120.6100,3120.6400,3120.3600,3120.4600,45
Finam:SP,2019-11-19T17:43:00+03:00,3120.4800,3120.7100,3120.2200,3120.2200,48
Finam:SP,2019-11-19T17:44:00+03:00,3120.1300,3120.1300,3119.6400,3119.6500,51
Finam:SP,2019-11-19T17:45:00+03:00,3119.6400,3119.9300,3119.5300,3119.6600,46
Finam:SP,2019-11-19T17:46:00+03:00,3119.6700,3119.8200,3119.4900,3119.5300,51
Finam:SP,2019-11-19T17:47:00+03:00,3119.5600,3119.5600,3117.6500,3117.6500,44
Finam:SP,2019-11-19T17:48:00+03:00,3117.5100,3117.5100,3116.3900,3116.3900,52
Finam:SP,2019-11-19T17:49:00+03:00,3116.3400,3116.3900,3115.8600,3115.9800,54
Finam:SP,2019-11-19T17:50:00+03:00,3115.9700,3116.5900,3115.8900,3116.1000,53
Finam:SP,2019-11-19T17:51:00+03:00,3116.0800,3116.0800,3114.5700,3114.5700,55
Finam:SP,2019-11-19T17:52:00+03:00,3114.5900,3114.7200,3114.3900,3114.4500,47
Finam:SP,2019-11-19T17:53:00+03:00,3114.4300,3115.0000,3114.2000,3114.7400,48
Finam:SP,2019-11-19T17:54:00+03:00,3114.6900,3115.4600,3114.6000,3115.1800,53
Finam:SP,2019-11-19T17:55:00+03:00,3115.1400,3115.1400,3114.7800,3114.8200,48
Finam:SP,2019-11-19T17:56:00+03:00,3114.7100,3114.7100,3113.5600,3113.7300,51
Finam:SP,2019-11-19T17:57:00+03:00,3113.7400,3114.0200,3113.4700,3113.7400,54
Finam:SP,2019-11-19T17:58:00+03:00,3113.7300,3114.3700,3113.7100,3114.3700,52
Finam:SP,2019-11-19T17:59:00+03:00,3114.3900,3114.7800,3114.3900,3114.6400,43
Finam:SP,2019-11-19T18:00:00+03:00,3114.6500,3114.9700,3114.5700,3114.9400,48
Finam:SP,2019-11-19T18:01:00+03:00,3114.9600,3115.4900,3114.9300,3115.4900,49
Finam:SP,2019-11-19T18:02:00+03:00,3115.5300,3116.7100,3115.5300,3116.7000,48
Finam:SP,2019-11-19T18:03:00+03:00,3116.6800,3116.6800,3116.3400,3116.3400,46
Finam:SP,2019-11-19T18:04:00+03:00,3116.3500,3116.4200,3115.6300,3116.0100,45
Finam:SP,2019-11-19T18:05:00+03:00,3116.0300,3116.1800,3115.6100,3115.6800,56
Finam:SP,2019-11-19T18:06:00+03:00,3115.6700,3116.3800,3115.6700,3116.3700,51
Finam:SP,2019-11-19T18:07:00+03:00,3116.3900,3116.6900,3116.1400,3116.5700,51
Finam:SP,2019-11-19T18:08:00+03:00,3116.5800,3116.7400,3116.2000,3116.2000,52
Finam:SP,2019-11-19T18:09:00+03:00,3116.1800,3116.4100,3116.0100,3116.3800,49
Finam:SP,2019-11-19T18:10:00+03:00,3116.3700,3116.6300,3116.3400,3116.3700,46
Finam:SP,2019-11-19T18:11:00+03:00,3116.3600,3116.3700,3116.0900,3116.3100,47
Finam:SP,2019-11-19T18:12:00+03:00,3116.3200,3116.3200,3115.6700,3116.0200,54
Finam:SP,2019-11-19T18:13:00+03:00,3116.0300,3116.6600,3116.0100,3116.6600,45
Finam:SP,2019-11-19T18:14:00+03:00,3116.7000,3117.4400,3116.7000,3117.2200,51
Finam:SP,2019-11-19T18:15:00+03:00,3117.2400,3117.3600,3116.9000,3117.0100,48
Finam:SP,2019-11-19T18:16:00+03:00,3117.0200,3117.1900,3116.8800,3117.1900,52
Finam:SP,2019-11-19T18:17:00+03:00,3117.2000,3117.4900,3117.1900,3117.3800,46
Finam:SP,2019-11-19T18:18:00+03:00,3117.3900,3118.2700,3117.3900,3118.1200,48
Finam:SP,2019-11-19T18:19:00+03:00,3118.1300,3118.2700,3117.9000,3118.0900,54
Finam:SP,2019-11-19T18:20:00+03:00,3118.1000,3118.5000,3118.1000,3118.2800,42
Finam:SP,2019-11-19T18:21:00+03:00,3118.3100,3118.4600,3117.8600,3117.8600,47
Finam:SP,2019-11-19T18:22:00+03:00,3117.8700,3117.9700,3117.6800,3117.6800,51
Finam:SP,2019-11-19T18:23:00+03:00,3117.6900,3118.3700,3117.6700,3118.2000,50
Finam:SP,2019-11-19T18:24:00+03:00,3118.2100,3118.5300,3118.2000,3118.4700,52
Finam:SP,2019-11-19T18:25:00+03:00,3118.3600,3118.9700,3118.3400,3118.8600,43
Finam:SP,2019-11-19T18:26:00+03:00,3118.8500,3118.9700,3118.6200,3118.9100,40
Finam:SP,2019-11-19T18:27:00+03:00,3118.9200,3119.7000,3118.9200,3119.5500,49
Finam:SP,2019-11-19T18:28:00+03:00,3119.5700,3120.0300,3119.5700,3119.9100,41
Finam:SP,2019-11-19T18:29:00+03:00,3119.9400,3119.9500,3119.6700,3119.9000,47
Finam:SP,2019-11-19T18:30:00+03:00,3119.8900,3119.9300,3119.5600,3119.8500,53
Finam:SP,2019-11-19T18:31:00+03:00,3119.8300,3120.1500,3119.7900,3120.1400,48
Finam:SP,2019-11-19T18:32:00+03:00,3120.1500,3120.4100,3120.1400,3120.4100,48
Finam:SP,2019-11-19T18:33:00+03:00,3120.3900,3120.7700,3120.3100,3120.6200,48
Finam:SP,2019-11-19T18:34:00+03:00,3120.6100,3120.6300,3120.4400,3120.5100,41
Finam:SP,2019-11-19T18:35:00+03:00,3120.5600,3120.6200,3120.2000,3120.2200,44
Finam:SP,2019-11-19T18:36:00+03:00,3120.2300,3120.5200,3120.1300,3120.1400,46
Finam:SP,2019-11-19T18:37:00+03:00,3120.1200,3120.1800,3119.9400,3120.0700,44
Finam:SP,2019-11-19T18:38:00+03:00,3120.0800,3123.2500,3119.8500,3123.2500,33
Finam:SP,2019-11-19T18:39:00+03:00,3125.2100,3125.3800,3123.7900,3123.7900,10
Finam:SP,2019-11-19T18:40:00+03:00,3123.7200,3124.0900,3122.7100,3122.7100,47
Finam:SP,2019-11-19T18:41:00+03:00,3122.7000,3122.7000,3122.2100,3122.2100,47
Finam:SP,2019-11-19T18:42:00+03:00,3122.2000,3122.5200,3122.1200,3122.1200,52
Finam:SP,2019-11-19T18:43:00+03:00,3122.1000,3122.1900,3121.8800,3121.9400,47
Finam:SP,2019-11-19T18:44:00+03:00,3121.9500,3121.9800,3121.6200,3121.6200,49
Finam:SP,2019-11-19T18:45:00+03:00,3121.5600,3121.9100,3120.7800,3120.9400,55
Finam:SP,2019-11-19T18:46:00+03:00,3121.0400,3121.0700,3120.2800,3120.4600,57
Finam:SP,2019-11-19T18:47:00+03:00,3120.4000,3120.8000,3120.0700,3120.5100,54
Finam:SP,2019-11-19T18:48:00+03:00,3120.5200,3120.8900,3120.5200,3120.7500,49
Finam:SP,2019-11-19T18:49:00+03:00,3120.7400,3120.7800,3120.5200,3120.7700,47
Finam:SP,2019-11-19T18:50:00+03:00,3120.7800,3121.0800,3120.6200,3121.0800,48
Finam:SP,2019-11-19T18:51:00+03:00,3121.0900,3121.3700,3120.9900,3121.0200,45
Finam:SP,2019-11-19T18:52:00+03:00,3121.0300,3121.2700,3121.0300,3121.1600,42
Finam:SP,2019-11-19T18:53:00+03:00,3121.1500,3121.3300,3120.6400,3121.3100,52
Finam:SP,2019-11-19T18:54:00+03:00,3121.3600,3121.7500,3121.0600,3121.7400,52
Finam:SP,2019-11-19T18:55:00+03:00,3121.7500,3121.9600,3121.7100,3121.7100,51
Finam:SP,2019-11-19T18:56:00+03:00,3121.7000,3121.7500,3121.4300,3121.6000,49
Finam:SP,2019-11-19T18:57:00+03:00,3121.5400,3121.7900,3121.4400,3121.7300,51
Finam:SP,2019-11-19T18:58:00+03:00,3121.7400,3121.8300,3121.4800,3121.6800,51
Finam:SP,2019-11-19T18:59:00+03:00,3121.7200,3122.1500,3121.7000,3122.1500,49
Finam:SP,2019-11-19T19:00:00+03:00,3122.2200,3123.1200,3122.2200,3122.2500,49
Finam:SP,2019-11-19T19:01:00+03:00,3122.2600,3122.2600,3121.8100,3121.8200,48
Finam:SP,2019-11-19T19:02:00+03:00,3121.7900,3121.8000,3121.5100,3121.5100,48
Finam:SP,2019-11-19T19:03:00+03:00,3121.4500,3121.5700,3121.0000,3121.0900,46
Finam:SP,2019-11-19T19:04:00+03:00,3121.0800,3121.3500,3121.0800,3121.3300,50
Finam:SP,2019-11-19T19:05:00+03:00,3121.3500,3121.3500,3119.1800,3119.7100,29
Finam:SP,2019-11-19T19:06:00+03:00,3119.6800,3119.6800,3118.5500,3119.3000,48
Finam:SP,2019-11-19T19:07:00+03:00,3119.3400,3119.6200,3118.9700,3119.2200,54
Finam:SP,2019-11-19T19:08:00+03:00,3119.2800,3119.4800,3119.1600,3119.2300,52
Finam:SP,2019-11-19T19:09:00+03:00,3119.2200,3119.4500,3119.0900,3119.4500,55
Finam:SP,2019-11-19T19:10:00+03:00,3119.4100,3119.8000,3119.2600,3119.6400,48
Finam:SP,2019-11-19T19:11:00+03:00,3119.6200,3119.7700,3119.4500,3119.4800,53
Finam:SP,2019-11-19T19:12:00+03:00,3119.4700,3119.4900,3119.2400,3119.2400,45
Finam:SP,2019-11-19T19:13:00+03:00,3119.2200,3119.6900,3119.0700,3119.6900,45
Finam:SP,2019-11-19T19:14:00+03:00,3119.7300,3120.1800,3119.7300,3120.1800,45
Finam:SP,2019-11-19T19:15:00+03:00,3120.2000,3120.4900,3119.9900,3120.4900,51
Finam:SP,2019-11-19T19:16:00+03:00,3120.4800,3120.8100,3120.4800,3120.7100,50
Finam:SP,2019-11-19T19:17:00+03:00,3120.7300,3120.8400,3120.6000,3120.8400,47
Finam:SP,2019-11-19T19:18:00+03:00,3120.8300,3121.5000,3120.7300,3120.7900,49
Finam:SP,2019-11-19T19:19:00+03:00,3120.7800,3120.9500,3120.7100,3120.7900,49
Finam:SP,2019-11-19T19:20:00+03:00,3120.8200,3121.1700,3120.7900,3121.1000,50
Finam:SP,2019-11-19T19:21:00+03:00,3121.0700,3121.5900,3121.0200,3121.5900,50
Finam:SP,2019-11-19T19:22:00+03:00,3121.6000,3122.1300,3121.6000,3122.1000,46
Finam:SP,2019-11-19T19:23:00+03:00,3122.0800,3122.0800,3121.8300,3121.8300,49
Finam:SP,2019-11-19T19:24:00+03:00,3121.8200,3121.8300,3121.5000,3121.5100,50
Finam:SP,2019-11-19T19:25:00+03:00,3121.5200,3121.5400,3121.2900,3121.3700,48
Finam:SP,2019-11-19T19:26:00+03:00,3121.3600,3121.3800,3120.7900,3120.8000,46
Finam:SP,2019-11-19T19:27:00+03:00,3120.8100,3120.8800,3120.6100,3120.8400,50
Finam:SP,2019-11-19T19:28:00+03:00,3120.8600,3121.0900,3120.7800,3120.9900,45
Finam:SP,2019-11-19T19:29:00+03:00,3121.0100,3121.1400,3121.0100,3121.1000,46
Finam:SP,2019-11-19T19:30:00+03:00,3121.0900,3121.1100,3120.5600,3120.6000,49
Finam:SP,2019-11-19T19:31:00+03:00,3120.5700,3120.8400,3120.2900,3120.7700,51
Finam:SP,2019-11-19T19:32:00+03:00,3120.7500,3120.8100,3120.1000,3120.1800,40
Finam:SP,2019-11-19T19:33:00+03:00,3120.1900,3120.4300,3120.0400,3120.1100,51
Finam:SP,2019-11-19T19:34:00+03:00,3120.0700,3120.0700,3119.7300,3119.7600,47
Finam:SP,2019-11-19T19:35:00+03:00,3119.7200,3119.7900,3119.3600,3119.4000,46
Finam:SP,2019-11-19T19:36:00+03:00,3119.3700,3119.6200,3118.8300,3119.5000,50
Finam:SP,2019-11-19T19:37:00+03:00,3119.4800,3119.7400,3119.4800,3119.4900,48
Finam:SP,2019-11-19T19:38:00+03:00,3119.4800,3119.8000,3119.3400,3119.7300,49
Finam:SP,2019-11-19T19:39:00+03:00,3119.7400,3119.8400,3119.7300,3119.7800,48
Finam:SP,2019-11-19T19:40:00+03:00,3119.8300,3119.8500,3119.2200,3119.2400,48
Finam:SP,2019-11-19T19:41:00+03:00,3119.2300,3119.2300,3118.6500,3118.8300,50
Finam:SP,2019-11-19T19:42:00+03:00,3118.8200,3119.0500,3118.7100,3118.7600,49
Finam:SP,2019-11-19T19:43:00+03:00,3118.7500,3118.7500,3118.3700,3118.5300,47
Finam:SP,2019-11-19T19:44:00+03:00,3118.5000,3118.5800,3117.9000,3118.0600,41
Finam:SP,2019-11-19T19:45:00+03:00,3118.0500,3118.5500,3117.8900,3118.5400,48
Finam:SP,2019-11-19T19:46:00+03:00,3118.5200,3119.3600,3118.5200,3119.3600,49
Finam:SP,2019-11-19T19:47:00+03:00,3119.3700,3119.7800,3119.3700,3119.4100,47
Finam:SP,2019-11-19T19:48:00+03:00,3119.4000,3119.8000,3119.4000,3119.7400,50
Finam:SP,2019-11-19T19:49:00+03:00,3119.7500,3120.1700,3119.7100,3120.1700,45
Finam:SP,2019-11-19T19:50:00+03:00,3120.1600,3120.1600,3119.5200,3119.5500,49
Finam:SP,2019-11-19T19:51:00+03:00,3119.5300,3119.6400,3119.4600,3119.4600,49
Finam:SP,2019-11-19T19:52:00+03:00,3119.4700,3119.7700,3119.4000,3119.7700,41
Finam:SP,2019-11-19T19:53:00+03:00,3119.7600,3119.8600,3119.7300,3119.7600,43
Finam:SP,2019-11-19T19:54:00+03:00,3119.7400,3119.7400,3119.4000,3119.4000,44
Finam:SP,2019-11-19T19:55:00+03:00,3119.3600,3119.9900,3119.2900,3119.9900,45
Finam:SP,2019-11-19T19:56:00+03:00,3120.0000,3120.2800,3120.0000,3120.1900,44
Finam:SP,2019-11-19T19:57:00+03:00,3120.2000,3120.4800,3120.2000,3120.4500,41
Finam:SP,2019-11-19T19:58:00+03:00,3120.4900,3120.5400,3120.4600,3120.5100,35
Finam:SP,2019-11-19T19:59:00+03:00,3120.5000,3120.5400,3120.3900,3120.5300,36
Finam:SP,2019-11-19T20:00:00+03:00,3120.5600,3120.5900,3120.0100,3120.0200,46
Finam:SP,2019-11-19T20:01:00+03:00,3120.0000,3120.0100,3119.0800,3119.2400,46
Finam:SP,2019-11-19T20:02:00+03:00,3119.2300,3119.2300,3118.9500,3119.0100,44
Finam:SP,2019-11-19T20:03:00+03:00,3118.9900,3119.1700,3118.7300,3119.1700,51
Finam:SP,2019-11-19T20:04:00+03:00,3119.1600,3119.5100,3119.1500,3119.4800,40
Finam:SP,2019-11-19T20:05:00+03:00,3119.4700,3119.4900,3119.0700,3119.1100,48
Finam:SP,2019-11-19T20:06:00+03:00,3119.1500,3119.1800,3118.9300,3119.0300,43
Finam:SP,2019-11-19T20:07:00+03:00,3119.0400,3119.6600,3119.0400,3119.5700,46
Finam:SP,2019-11-19T20:08:00+03:00,3119.5300,3119.6200,3119.3800,3119.6000,41
Finam:SP,2019-11-19T20:09:00+03:00,3119.5900,3120.1000,3119.5900,3120.0400,46
Finam:SP,2019-11-19T20:10:00+03:00,3120.0300,3120.0800,3119.9300,3120.0800,41
Finam:SP,2019-11-19T20:11:00+03:00,3120.1000,3120.3800,3120.1000,3120.3300,47
Finam:SP,2019-11-19T20:12:00+03:00,3120.3200,3120.4900,3120.2600,3120.4600,45
Finam:SP,2019-11-19T20:13:00+03:00,3120.4800,3120.7700,3120.4100,3120.7700,43
Finam:SP,2019-11-19T20:14:00+03:00,3120.7800,3121.3500,3120.7600,3121.2300,46
Finam:SP,2019-11-19T20:15:00+03:00,3121.2200,3121.4700,3121.2100,3121.3300,42
Finam:SP,2019-11-19T20:16:00+03:00,3121.3400,3121.5600,3121.2900,3121.5300,41
Finam:SP,2019-11-19T20:17:00+03:00,3121.5500,3121.9600,3121.5500,3121.9500,53
Finam:SP,2019-11-19T20:18:00+03:00,3121.9600,3122.0000,3121.7700,3121.8400,41
Finam:SP,2019-11-19T20:19:00+03:00,3121.8300,3121.9200,3121.7700,3121.8500,38
Finam:SP,2019-11-19T20:20:00+03:00,3121.8600,3122.1600,3121.6700,3122.1600,45
Finam:SP,2019-11-19T20:21:00+03:00,3122.1700,3122.3900,3121.9700,3121.9700,42
Finam:SP,2019-11-19T20:22:00+03:00,3121.7900,3121.7900,3121.6300,3121.6600,48
Finam:SP,2019-11-19T20:23:00+03:00,3121.6900,3121.6900,3121.3000,3121.3100,42
Finam:SP,2019-11-19T20:24:00+03:00,3121.3200,3121.3600,3121.0900,3121.1100,42
Finam:SP,2019-11-19T20:25:00+03:00,3121.1200,3121.2400,3121.0800,3121.2400,38
Finam:SP,2019-11-19T20:26:00+03:00,3121.2300,3121.5900,3121.2300,3121.5900,41
Finam:SP,2019-11-19T20:27:00+03:00,3121.6000,3121.6100,3121.1800,3121.2200,48
Finam:SP,2019-11-19T20:28:00+03:00,3121.2100,3121.3800,3121.2100,3121.3400,38
Finam:SP,2019-11-19T20:29:00+03:00,3121.3300,3121.3300,3120.9900,3121.0300,48
Finam:SP,2019-11-19T20:30:00+03:00,3120.9800,3121.0100,3120.7000,3120.9900,46
Finam:SP,2019-11-19T20:31:00+03:00,3121.0100,3121.3800,3121.0000,3121.3800,42
Finam:SP,2019-11-19T20:32:00+03:00,3121.4000,3121.4000,3121.0800,3121.1300,48
Finam:SP,2019-11-19T20:33:00+03:00,3121.1400,3121.5300,3121.1300,3121.4500,46
Finam:SP,2019-11-19T20:34:00+03:00,3121.4400,3121.7200,3121.3400,3121.6600,44
Finam:SP,2019-11-19T20:35:00+03:00,3121.6500,3121.6900,3121.4100,3121.4500,36
Finam:SP,2019-11-19T20:36:00+03:00,3121.4300,3121.5200,3121.4100,3121.4700,43
Finam:SP,2019-11-19T20:37:00+03:00,3121.4600,3121.4700,3120.9600,3120.9700,36
Finam:SP,2019-11-19T20:38:00+03:00,3120.9600,3121.3100,3120.9600,3121.0700,47
Finam:SP,2019-11-19T20:39:00+03:00,3121.0800,3121.8100,3121.0800,3121.8100,46
Finam:SP,2019-11-19T20:40:00+03:00,3121.8200,3122.1700,3121.8100,3122.0600,43
Finam:SP,2019-11-19T20:41:00+03:00,3122.0500,3122.3100,3122.0500,3122.2600,42
Finam:SP,2019-11-19T20:42:00+03:00,3122.2700,3122.4000,3122.2700,3122.3000,43
Finam:SP,2019-11-19T20:43:00+03:00,3122.3100,3122.3400,3121.8900,3121.9200,48
Finam:SP,2019-11-19T20:44:00+03:00,3121.9800,3122.0000,3121.7400,3121.8000,44
Finam:SP,2019-11-19T20:45:00+03:00,3121.8200,3122.0300,3121.7500,3121.7500,46
Finam:SP,2019-11-19T20:46:00+03:00,3121.7300,3121.9000,3121.6900,3121.9000,39
Finam:SP,2019-11-19T20:47:00+03:00,3121.8900,3122.1500,3121.8800,3122.0600,41
Finam:SP,2019-11-19T20:48:00+03:00,3122.0300,3122.4600,3122.0200,3122.4500,46
Finam:SP,2019-11-19T20:49:00+03:00,3122.4600,3122.5300,3122.2100,3122.5300,41
Finam:SP,2019-11-19T20:50:00+03:00,3122.5500,3122.6600,3122.3900,3122.5000,42
Finam:SP,2019-11-19T20:51:00+03:00,3122.4900,3122.5500,3122.4300,3122.5300,36
Finam:SP,2019-11-19T20:52:00+03:00,3122.5100,3122.5700,3121.7000,3121.7300,42
Finam:SP,2019-11-19T20:53:00+03:00,3121.7400,3121.7700,3121.5400,3121.5700,36
Finam:SP,2019-11-19T20:54:00+03:00,3121.4900,3121.5700,3121.4200,3121.4300,38
Finam:SP,2019-11-19T20:55:00+03:00,3121.3900,3121.4800,3121.3400,3121.4100,43
Finam:SP,2019-11-19T20:56:00+03:00,3121.4000,3121.4700,3121.3200,3121.4200,44
Finam:SP,2019-11-19T20:57:00+03:00,3121.3100,3121.4900,3121.2700,3121.4100,46
Finam:SP,2019-11-19T20:58:00+03:00,3121.4000,3121.5300,3121.3400,3121.3500,45
Finam:SP,2019-11-19T20:59:00+03:00,3121.3600,3121.3900,3120.9800,3121.0400,40
Finam:SP,2019-11-19T21:00:00+03:00,3121.0300,3121.5600,3121.0300,3121.4400,46
Finam:SP,2019-11-19T21:01:00+03:00,3121.5600,3122.4000,3121.5600,3122.3700,50
Finam:SP,2019-11-19T21:02:00+03:00,3122.3800,3122.5800,3122.3200,3122.5700,42
Finam:SP,2019-11-19T21:03:00+03:00,3122.5900,3123.2400,3122.5600,3123.0300,49
Finam:SP,2019-11-19T21:04:00+03:00,3123.0200,3123.0300,3122.7300,3122.9100,41
Finam:SP,2019-11-19T21:05:00+03:00,3122.9400,3123.0700,3122.7600,3123.0700,43
Finam:SP,2019-11-19T21:06:00+03:00,3123.0800,3123.3500,3123.0600,3123.3500,43
Finam:SP,2019-11-19T21:07:00+03:00,3123.3800,3123.8300,3123.3800,3123.8000,48
Finam:SP,2019-11-19T21:08:00+03:00,3123.7900,3124.0600,3123.7800,3124.0400,44
Finam:SP,2019-11-19T21:09:00+03:00,3124.0300,3124.2800,3123.6400,3123.6600,48
Finam:SP,2019-11-19T21:10:00+03:00,3123.6500,3123.7200,3123.5000,3123.5800,45
Finam:SP,2019-11-19T21:11:00+03:00,3123.5900,3123.6800,3123.4800,3123.6700,45
Finam:SP,2019-11-19T21:12:00+03:00,3123.6800,3123.7000,3123.2100,3123.3100,46
Finam:SP,2019-11-19T21:13:00+03:00,3123.3200,3123.4000,3123.1200,3123.3600,46
Finam:SP,2019-11-19T21:14:00+03:00,3123.3800,3123.5300,3123.3500,3123.4500,38
Finam:SP,2019-11-19T21:15:00+03:00,3123.4600,3123.4900,3123.2200,3123.3100,38
Finam:SP,2019-11-19T21:16:00+03:00,3123.3300,3123.5000,3123.2500,3123.2600,44
Finam:SP,2019-11-19T21:17:00+03:00,3123.2400,3123.2500,3123.1000,3123.2000,43
Finam:SP,2019-11-19T21:18:00+03:00,3123.1900,3123.5100,3123.1300,3123.4000,39
Finam:SP,2019-11-19T21:19:00+03:00,3123.3900,3123.6200,3123.3800,3123.5900,40
Finam:SP,2019-11-19T21:20:00+03:00,3123.5800,3123.6300,3123.3000,3123.3900,43
Finam:SP,2019-11-19T21:21:00+03:00,3123.5000,3124.1700,3123.5000,3123.8700,46
Finam:SP,2019-11-19T21:22:00+03:00,3123.8800,3124.6700,3123.8800,3124.6200,44
Finam:SP,2019-11-19T21:23:00+03:00,3124.6300,3124.8500,3124.6200,3124.6700,42
Finam:SP,2019-11-19T21:24:00+03:00,3124.6800,3124.8500,3124.5900,3124.8300,40
Finam:SP,2019-11-19T21:25:00+03:00,3124.8100,3124.9700,3124.8100,3124.9200,42
Finam:SP,2019-11-19T21:26:00+03:00,3124.9300,3124.9300,3124.7500,3124.7700,42
Finam:SP,2019-11-19T21:27:00+03:00,3124.7800,3124.9300,3124.7100,3124.9300,48
Finam:SP,2019-11-19T21:28:00+03:00,3124.9600,3125.1600,3124.7300,3124.7300,47
Finam:SP,2019-11-19T21:29:00+03:00,3124.7500,3124.8100,3124.5800,3124.8100,47
Finam:SP,2019-11-19T21:30:00+03:00,3124.8200,3124.8600,3124.5000,3124.5400,41
Finam:SP,2019-11-19T21:31:00+03:00,3124.5500,3124.5600,3124.1900,3124.1900,48
Finam:SP,2019-11-19T21:32:00+03:00,3124.2000,3124.3600,3123.9900,3124.0100,43
Finam:SP,2019-11-19T21:33:00+03:00,3124.0000,3124.1200,3123.9500,3124.0100,47
Finam:SP,2019-11-19T21:34:00+03:00,3123.9900,3124.0700,3123.7300,3123.7900,45
Finam:SP,2019-11-19T21:35:00+03:00,3123.8200,3123.9300,3123.7500,3123.9300,41
Finam:SP,2019-11-19T21:36:00+03:00,3123.9200,3124.1600,3123.9000,3124.1200,48
Finam:SP,2019-11-19T21:37:00+03:00,3124.1400,3124.1400,3123.8500,3123.9300,43
Finam:SP,2019-11-19T21:38:00+03:00,3123.9500,3123.9600,3123.7800,3123.7800,38
Finam:SP,2019-11-19T21:39:00+03:00,3123.7700,3123.7800,3123.5400,3123.6000,44
Finam:SP,2019-11-19T21:40:00+03:00,3123.5900,3123.6600,3123.4700,3123.6200,40
Finam:SP,2019-11-19T21:41:00+03:00,3123.6400,3123.8800,3123.5800,3123.7400,44
Finam:SP,2019-11-19T21:42:00+03:00,3123.7300,3123.8100,3123.6600,3123.7200,42
Finam:SP,2019-11-19T21:43:00+03:00,3123.7300,3124.0100,3123.5700,3124.0100,41
Finam:SP,2019-11-19T21:44:00+03:00,3124.0400,3124.0500,3123.9500,3124.0400,41
Finam:SP,2019-11-19T21:45:00+03:00,3124.0300,3124.2900,3123.9900,3124.2400,45
Finam:SP,2019-11-19T21:46:00+03:00,3124.2500,3124.3500,3124.2400,3124.2700,43
Finam:SP,2019-11-19T21:47:00+03:00,3124.2500,3124.5700,3124.2500,3124.5300,49
Finam:SP,2019-11-19T21:48:00+03:00,3124.5200,3124.5400,3124.2200,3124.2200,44
Finam:SP,2019-11-19T21:49:00+03:00,3124.1800,3124.7000,3124.1100,3124.4600,48
Finam:SP,2019-11-19T21:50:00+03:00,3124.4400,3124.4400,3124.0100,3124.0200,49
Finam:SP,2019-11-19T21:51:00+03:00,3124.0100,3124.0300,3123.2400,3123.2400,40
Finam:SP,2019-11-19T21:52:00+03:00,3123.2500,3123.2500,3122.1600,3122.4400,52
Finam:SP,2019-11-19T21:53:00+03:00,3122.5100,3122.8300,3122.4200,3122.4200,44
Finam:SP,2019-11-19T21:54:00+03:00,3122.4000,3122.5100,3122.2800,3122.3000,42
Finam:SP,2019-11-19T21:55:00+03:00,3122.3100,3122.3500,3122.0200,3122.2000,46
Finam:SP,2019-11-19T21:56:00+03:00,3122.2200,3122.5300,3122.2200,3122.2900,48
Finam:SP,2019-11-19T21:57:00+03:00,3122.2800,3122.2800,3121.5800,3121.6200,48
Finam:SP,2019-11-19T21:58:00+03:00,3121.6000,3122.1700,3121.5700,3122.1100,44
Finam:SP,2019-11-19T21:59:00+03:00,3122.1000,3122.3400,3121.9400,3122.0400,45
Finam:SP,2019-11-19T22:00:00+03:00,3122.0100,3122.0400,3121.6300,3121.8500,50
Finam:SP,2019-11-19T22:01:00+03:00,3121.8700,3122.5400,3121.8700,3122.4300,48
Finam:SP,2019-11-19T22:02:00+03:00,3122.4400,3122.5200,3121.9300,3121.9300,47
Finam:SP,2019-11-19T22:03:00+03:00,3121.9200,3122.0900,3121.8200,3122.0400,42
Finam:SP,2019-11-19T22:04:00+03:00,3122.0200,3122.0700,3121.8500,3121.9700,46
Finam:SP,2019-11-19T22:05:00+03:00,3121.9600,3122.5800,3121.8400,3122.5700,49
Finam:SP,2019-11-19T22:06:00+03:00,3122.5600,3122.7300,3122.2300,3122.7300,47
Finam:SP,2019-11-19T22:07:00+03:00,3122.7200,3123.4600,3122.7000,3123.4100,43
Finam:SP,2019-11-19T22:08:00+03:00,3123.3300,3123.4600,3123.2300,3123.3600,41
Finam:SP,2019-11-19T22:09:00+03:00,3123.3500,3123.3500,3122.8900,3122.8900,45
Finam:SP,2019-11-19T22:10:00+03:00,3122.8700,3123.4700,3122.8100,3123.4700,45
Finam:SP,2019-11-19T22:11:00+03:00,3123.4600,3123.7900,3123.4000,3123.7300,42
Finam:SP,2019-11-19T22:12:00+03:00,3123.7500,3124.3400,3123.6500,3124.3400,48
Finam:SP,2019-11-19T22:13:00+03:00,3124.3600,3124.5300,3124.3500,3124.4400,43
Finam:SP,2019-11-19T22:14:00+03:00,3124.4300,3124.4800,3124.3500,3124.3900,41
Finam:SP,2019-11-19T22:15:00+03:00,3124.4000,3124.5100,3123.7800,3123.8000,48
Finam:SP,2019-11-19T22:16:00+03:00,3123.7900,3123.9700,3123.7600,3123.9500,33
Finam:SP,2019-11-19T22:17:00+03:00,3123.8900,3123.9100,3123.3200,3123.3500,48
Finam:SP,2019-11-19T22:18:00+03:00,3123.3400,3123.5500,3123.2900,3123.4500,50
Finam:SP,2019-11-19T22:19:00+03:00,3123.4400,3123.6100,3123.4400,3123.6000,44
Finam:SP,2019-11-19T22:20:00+03:00,3123.6100,3123.6500,3123.4100,3123.4200,44
Finam:SP,2019-11-19T22:21:00+03:00,3123.4100,3123.4100,3123.1000,3123.1100,43
Finam:SP,2019-11-19T22:22:00+03:00,3123.1200,3123.1300,3122.7800,3122.7900,42
Finam:SP,2019-11-19T22:23:00+03:00,3122.8100,3122.8100,3122.0100,3122.2300,47
Finam:SP,2019-11-19T22:24:00+03:00,3122.2400,3122.6000,3122.2100,3122.4800,46
Finam:SP,2019-11-19T22:25:00+03:00,3122.5000,3122.5000,3121.9900,3122.0900,45
Finam:SP,2019-11-19T22:26:00+03:00,3122.0800,3122.3800,3122.0700,3122.3700,43
Finam:SP,2019-11-19T22:27:00+03:00,3122.3500,3122.4100,3122.2200,3122.4100,45
Finam:SP,2019-11-19T22:28:00+03:00,3122.4300,3122.4900,3121.6300,3121.6300,49
Finam:SP,2019-11-19T22:29:00+03:00,3121.6200,3121.6400,3121.3200,3121.4100,50
Finam:SP,2019-11-19T22:30:00+03:00,3121.4000,3121.9300,3121.4000,3121.9000,52
Finam:SP,2019-11-19T22:31:00+03:00,3121.8800,3122.2200,3121.8200,3122.2200,47
Finam:SP,2019-11-19T22:32:00+03:00,3122.2300,3122.5000,3122.1400,3122.5000,45
Finam:SP,2019-11-19T22:33:00+03:00,3122.4900,3122.5600,3122.4000,3122.4600,46
Finam:SP,2019-11-19T22:34:00+03:00,3122.4800,3122.7000,3122.3600,3122.3600,46
Finam:SP,2019-11-19T22:35:00+03:00,3122.4100,3122.5900,3122.2600,3122.5700,46
Finam:SP,2019-11-19T22:36:00+03:00,3122.5800,3123.3900,3122.5800,3123.3900,46
Finam:SP,2019-11-19T22:37:00+03:00,3123.4100,3123.9000,3123.2500,3123.9000,47
Finam:SP,2019-11-19T22:38:00+03:00,3123.9100,3124.1200,3123.8500,3123.9100,44
Finam:SP,2019-11-19T22:39:00+03:00,3123.9300,3123.9300,3123.6400,3123.7500,50
Finam:SP,2019-11-19T22:40:00+03:00,3123.7400,3123.7600,3123.3800,3123.4800,41
Finam:SP,2019-11-19T22:41:00+03:00,3123.4600,3123.8200,3123.4600,3123.8200,43
Finam:SP,2019-11-19T22:42:00+03:00,3123.7700,3123.8200,3122.9900,3122.9900,46
Finam:SP,2019-11-19T22:43:00+03:00,3122.9800,3123.0300,3122.6600,3122.6600,47
Finam:SP,2019-11-19T22:44:00+03:00,3122.6700,3122.7500,3122.6600,3122.6700,51
Finam:SP,2019-11-19T22:45:00+03:00,3122.6600,3122.8100,3122.5700,3122.8100,48
Finam:SP,2019-11-19T22:46:00+03:00,3122.8200,3123.3600,3122.8100,3123.2800,50
Finam:SP,2019-11-19T22:47:00+03:00,3123.2500,3123.2600,3121.9100,3121.9500,51
Finam:SP,2019-11-19T22:48:00+03:00,3121.9300,3122.0100,3121.4400,3121.5900,46
Finam:SP,2019-11-19T22:49:00+03:00,3121.7600,3122.6700,3121.7200,3122.4700,45
Finam:SP,2019-11-19T22:50:00+03:00,3122.4500,3122.4500,3121.5500,3121.7600,47
Finam:SP,2019-11-19T22:51:00+03:00,3121.7200,3121.7300,3120.8500,3120.8500,52
Finam:SP,2019-11-19T22:52:00+03:00,3121.0400,3121.2500,3120.7500,3120.8700,48
Finam:SP,2019-11-19T22:53:00+03:00,3120.8800,3121.4900,3120.8500,3121.4500,57
Finam:SP,2019-11-19T22:54:00+03:00,3121.8800,3121.8800,3120.6100,3120.6100,54
Finam:SP,2019-11-19T22:55:00+03:00,3120.6600,3120.9800,3120.3400,3120.4100,52
Finam:SP,2019-11-19T22:56:00+03:00,3120.3600,3120.3600,3119.8600,3119.9700,54
Finam:SP,2019-11-19T22:57:00+03:00,3119.9600,3120.0300,3119.5900,3120.0300,56
Finam:SP,2019-11-19T22:58:00+03:00,3120.0200,3120.5800,3119.9200,3120.5800,51
Finam:SP,2019-11-19T22:59:00+03:00,3120.5900,3121.1400,3120.1700,3120.1700,28
Finam:SP,2019-11-19T23:00:00+03:00,3120.1500,3120.1600,3120.1400,3120.1400,8
Finam:SP,2019-11-19T23:01:00+03:00,3120.1500,3120.1500,3120.1500,3120.1500,1
Finam:SP,2019-11-19T23:02:00+03:00,3120.1600,3120.1700,3120.1500,3120.1600,5
Finam:SP,2019-11-19T23:03:00+03:00,3120.1700,3120.1900,3120.1700,3120.1900,2
Finam:SP,2019-11-19T23:04:00+03:00,3120.1800,3120.1800,3120.1700,3120.1700,2
Finam:SP,2019-11-19T23:05:00+03:00,3120.1800,3120.1800,3120.1800,3120.1800,1
