MOEX:MOEX,2023-04-26T10:00:00+03:00,110.85,110.93,110.80,110.88,941
MOEX:MOEX,2023-04-26T10:01:00+03:00,110.87,110.87,110.80,110.83,53
MOEX:MOEX,2023-04-26T10:02:00+03:00,110.82,110.85,110.79,110.79,731
MOEX:MOEX,2023-04-26T10:03:00+03:00,110.80,110.82,110.71,110.76,653
MOEX:MOEX,2023-04-26T10:04:00+03:00,110.73,110.76,110.71,110.74,305
MOEX:MOEX,2023-04-26T10:05:00+03:00,110.74,110.74,110.63,110.63,509
MOEX:MOEX,2023-04-26T10:06:00+03:00,110.64,110.67,110.62,110.62,611
MOEX:MOEX,2023-04-26T10:07:00+03:00,110.67,110.73,110.60,110.64,2290
MOEX:MOEX,2023-04-26T10:08:00+03:00,110.64,110.64,110.63,110.63,112
MOEX:MOEX,2023-04-26T10:09:00+03:00,110.63,110.64,110.62,110.64,137
MOEX:MOEX,2023-04-26T10:10:00+03:00,110.62,110.67,110.62,110.64,202
MOEX:MOEX,2023-04-26T10:11:00+03:00,110.62,110.65,110.61,110.64,1462
MOEX:MOEX,2023-04-26T10:12:00+03:00,110.65,110.65,110.64,110.64,178
MOEX:MOEX,2023-04-26T10:13:00+03:00,110.64,110.65,110.64,110.64,28
MOEX:MOEX,2023-04-26T10:14:00+03:00,110.65,110.68,110.64,110.68,327
MOEX:MOEX,2023-04-26T10:15:00+03:00,110.65,110.69,110.65,110.68,98
MOEX:MOEX,2023-04-26T10:16:00+03:00,110.65,110.70,110.65,110.69,435
MOEX:MOEX,2023-04-26T10:17:00+03:00,110.69,110.69,110.68,110.69,150
MOEX:MOEX,2023-04-26T10:18:00+03:00,110.69,110.69,110.68,110.69,72
MOEX:MOEX,2023-04-26T10:19:00+03:00,110.69,110.69,110.68,110.68,16
MOEX:MOEX,2023-04-26T10:20:00+03:00,110.69,110.69,110.68,110.69,281
MOEX:MOEX,2023-04-26T10:21:00+03:00,110.69,110.69,110.68,110.69,27
MOEX:MOEX,2023-04-26T10:22:00+03:00,110.69,110.69,110.68,110.69,394
MOEX:MOEX,2023-04-26T10:23:00+03:00,110.68,110.69,110.68,110.69,192
MOEX:MOEX,2023-04-26T10:24:00+03:00,110.69,110.69,110.68,110.69,460
MOEX:MOEX,2023-04-26T10:25:00+03:00,110.69,110.74,110.69,110.74,388
MOEX:MOEX,2023-04-26T10:26:00+03:00,110.72,110.74,110.71,110.74,310
MOEX:MOEX,2023-04-26T10:27:00+03:00,110.74,110.74,110.71,110.73,81
MOEX:MOEX,2023-04-26T10:28:00+03:00,110.73,110.74,110.71,110.73,163
MOEX:MOEX,2023-04-26T10:29:00+03:00,110.74,110.74,110.68,110.72,350
MOEX:MOEX,2023-04-26T10:30:00+03:00,110.72,110.74,110.70,110.72,783
MOEX:MOEX,2023-04-26T10:31:00+03:00,110.73,110.73,110.72,110.73,78
MOEX:MOEX,2023-04-26T10:32:00+03:00,110.73,110.74,110.73,110.73,16
MOEX:MOEX,2023-04-26T10:33:00+03:00,110.73,110.74,110.73,110.74,517
MOEX:MOEX,2023-04-26T10:34:00+03:00,110.75,110.79,110.74,110.74,117
MOEX:MOEX,2023-04-26T10:35:00+03:00,110.77,110.79,110.77,110.79,119
MOEX:MOEX,2023-04-26T10:36:00+03:00,110.79,110.80,110.75,110.76,38
MOEX:MOEX,2023-04-26T10:37:00+03:00,110.76,110.79,110.76,110.79,125
MOEX:MOEX,2023-04-26T10:38:00+03:00,110.76,110.79,110.76,110.79,65
MOEX:MOEX,2023-04-26T10:39:00+03:00,110.79,110.79,110.75,110.78,1129
MOEX:MOEX,2023-04-26T10:40:00+03:00,110.78,110.79,110.74,110.79,68
MOEX:MOEX,2023-04-26T10:41:00+03:00,110.78,110.79,110.78,110.79,20
MOEX:MOEX,2023-04-26T10:42:00+03:00,110.79,110.79,110.67,110.78,671
MOEX:MOEX,2023-04-26T10:43:00+03:00,110.75,110.80,110.74,110.79,1037
MOEX:MOEX,2023-04-26T10:44:00+03:00,110.79,110.80,110.79,110.79,58
MOEX:MOEX,2023-04-26T10:45:00+03:00,110.79,110.80,110.77,110.77,412
MOEX:MOEX,2023-04-26T10:46:00+03:00,110.79,110.79,110.76,110.79,11
MOEX:MOEX,2023-04-26T10:47:00+03:00,110.79,110.79,110.79,110.79,1
MOEX:MOEX,2023-04-26T10:48:00+03:00,110.79,110.79,110.77,110.79,4
MOEX:MOEX,2023-04-26T10:49:00+03:00,110.79,110.79,110.73,110.76,199
MOEX:MOEX,2023-04-26T10:50:00+03:00,110.73,110.76,110.73,110.76,47
MOEX:MOEX,2023-04-26T10:51:00+03:00,110.76,110.76,110.72,110.73,166
MOEX:MOEX,2023-04-26T10:52:00+03:00,110.73,110.73,110.73,110.73,26
MOEX:MOEX,2023-04-26T10:53:00+03:00,110.77,110.78,110.72,110.73,306
MOEX:MOEX,2023-04-26T10:54:00+03:00,110.78,110.78,110.72,110.76,297
MOEX:MOEX,2023-04-26T10:55:00+03:00,110.76,110.76,110.72,110.72,16
MOEX:MOEX,2023-04-26T10:56:00+03:00,110.74,110.74,110.71,110.74,34
MOEX:MOEX,2023-04-26T10:57:00+03:00,110.74,110.74,110.72,110.72,65
MOEX:MOEX,2023-04-26T10:58:00+03:00,110.73,110.74,110.71,110.71,162
MOEX:MOEX,2023-04-26T10:59:00+03:00,110.74,110.80,110.74,110.80,802
MOEX:MOEX,2023-04-26T11:00:00+03:00,110.80,110.81,110.75,110.81,712
MOEX:MOEX,2023-04-26T11:01:00+03:00,110.82,110.84,110.60,110.75,4201
MOEX:MOEX,2023-04-26T11:02:00+03:00,110.75,110.79,110.75,110.78,57
MOEX:MOEX,2023-04-26T11:03:00+03:00,110.79,110.79,110.79,110.79,300
MOEX:MOEX,2023-04-26T11:04:00+03:00,110.79,110.79,110.76,110.76,26
MOEX:MOEX,2023-04-26T11:05:00+03:00,110.78,110.78,110.78,110.78,22
MOEX:MOEX,2023-04-26T11:06:00+03:00,110.78,110.78,110.76,110.78,20
MOEX:MOEX,2023-04-26T11:07:00+03:00,110.78,110.78,110.77,110.77,2
MOEX:MOEX,2023-04-26T11:08:00+03:00,110.76,110.80,110.75,110.80,243
MOEX:MOEX,2023-04-26T11:09:00+03:00,110.80,110.80,110.75,110.80,48
MOEX:MOEX,2023-04-26T11:10:00+03:00,110.80,110.80,110.78,110.78,6
MOEX:MOEX,2023-04-26T11:11:00+03:00,110.77,110.79,110.76,110.78,161
MOEX:MOEX,2023-04-26T11:12:00+03:00,110.78,110.81,110.77,110.81,282
MOEX:MOEX,2023-04-26T11:13:00+03:00,110.81,110.81,110.81,110.81,159
MOEX:MOEX,2023-04-26T11:14:00+03:00,110.81,110.82,110.80,110.80,44
MOEX:MOEX,2023-04-26T11:15:00+03:00,110.80,110.80,110.78,110.78,146
MOEX:MOEX,2023-04-26T11:16:00+03:00,110.80,110.80,110.78,110.78,35
MOEX:MOEX,2023-04-26T11:17:00+03:00,110.78,110.80,110.77,110.77,26
MOEX:MOEX,2023-04-26T11:18:00+03:00,110.80,110.80,110.77,110.77,171
MOEX:MOEX,2023-04-26T11:19:00+03:00,110.80,110.80,110.80,110.80,3
MOEX:MOEX,2023-04-26T11:20:00+03:00,110.79,110.80,110.79,110.80,1529
MOEX:MOEX,2023-04-26T11:21:00+03:00,110.80,110.80,110.79,110.80,165
MOEX:MOEX,2023-04-26T11:22:00+03:00,110.79,110.80,110.79,110.79,1056
MOEX:MOEX,2023-04-26T11:23:00+03:00,110.80,110.80,110.79,110.79,98
MOEX:MOEX,2023-04-26T11:24:00+03:00,110.80,110.80,110.79,110.80,53
MOEX:MOEX,2023-04-26T11:25:00+03:00,110.80,110.80,110.77,110.79,543
MOEX:MOEX,2023-04-26T11:26:00+03:00,110.79,110.80,110.79,110.80,852
MOEX:MOEX,2023-04-26T11:27:00+03:00,110.80,110.80,110.80,110.80,1
MOEX:MOEX,2023-04-26T11:28:00+03:00,110.80,110.80,110.79,110.80,52
MOEX:MOEX,2023-04-26T11:29:00+03:00,110.80,110.80,110.79,110.80,12
MOEX:MOEX,2023-04-26T11:30:00+03:00,110.79,110.80,110.79,110.80,106
MOEX:MOEX,2023-04-26T11:31:00+03:00,110.80,110.80,110.79,110.80,79
MOEX:MOEX,2023-04-26T11:32:00+03:00,110.80,110.80,110.79,110.80,141
MOEX:MOEX,2023-04-26T11:33:00+03:00,110.80,110.80,110.79,110.79,233
MOEX:MOEX,2023-04-26T11:34:00+03:00,110.79,110.80,110.79,110.80,7
MOEX:MOEX,2023-04-26T11:35:00+03:00,110.80,110.80,110.79,110.80,6
MOEX:MOEX,2023-04-26T11:36:00+03:00,110.80,110.80,110.79,110.80,18
MOEX:MOEX,2023-04-26T11:37:00+03:00,110.79,110.79,110.79,110.79,26
MOEX:MOEX,2023-04-26T11:38:00+03:00,110.80,110.80,110.80,110.80,7
MOEX:MOEX,2023-04-26T11:39:00+03:00,110.80,110.80,110.79,110.80,366
MOEX:MOEX,2023-04-26T11:40:00+03:00,110.80,110.80,110.80,110.80,2
MOEX:MOEX,2023-04-26T11:41:00+03:00,110.80,110.80,110.79,110.79,26
MOEX:MOEX,2023-04-26T11:42:00+03:00,110.80,110.80,110.79,110.80,19
MOEX:MOEX,2023-04-26T11:43:00+03:00,110.79,110.80,110.79,110.80,441
MOEX:MOEX,2023-04-26T11:44:00+03:00,110.80,110.80,110.79,110.80,51
MOEX:MOEX,2023-04-26T11:45:00+03:00,110.79,110.80,110.79,110.80,86
MOEX:MOEX,2023-04-26T11:46:00+03:00,110.80,110.80,110.80,110.80,13
MOEX:MOEX,2023-04-26T11:47:00+03:00,110.80,110.80,110.80,110.80,345
MOEX:MOEX,2023-04-26T11:48:00+03:00,110.79,110.80,110.79,110.80,182
MOEX:MOEX,2023-04-26T11:49:00+03:00,110.80,110.80,110.80,110.80,25
MOEX:MOEX,2023-04-26T11:50:00+03:00,110.80,110.97,110.78,110.88,5684
MOEX:MOEX,2023-04-26T11:51:00+03:00,110.94,110.95,110.94,110.95,59
MOEX:MOEX,2023-04-26T11:52:00+03:00,110.95,110.95,110.93,110.95,55
MOEX:MOEX,2023-04-26T11:53:00+03:00,110.94,110.95,110.93,110.93,27
MOEX:MOEX,2023-04-26T11:54:00+03:00,110.93,110.95,110.93,110.94,65
MOEX:MOEX,2023-04-26T11:55:00+03:00,110.93,110.94,110.93,110.94,121
MOEX:MOEX,2023-04-26T11:56:00+03:00,110.94,110.94,110.93,110.94,252
MOEX:MOEX,2023-04-26T11:57:00+03:00,110.92,110.92,110.90,110.92,87
MOEX:MOEX,2023-04-26T11:58:00+03:00,110.92,110.92,110.90,110.90,20
MOEX:MOEX,2023-04-26T11:59:00+03:00,110.90,110.91,110.90,110.91,48
MOEX:MOEX,2023-04-26T12:00:00+03:00,110.90,110.90,110.85,110.86,171
MOEX:MOEX,2023-04-26T12:01:00+03:00,110.85,110.89,110.81,110.81,245
MOEX:MOEX,2023-04-26T12:02:00+03:00,110.89,110.89,110.85,110.88,119
MOEX:MOEX,2023-04-26T12:03:00+03:00,110.86,110.87,110.86,110.87,105
MOEX:MOEX,2023-04-26T12:04:00+03:00,110.87,110.87,110.87,110.87,19
MOEX:MOEX,2023-04-26T12:05:00+03:00,110.87,110.87,110.82,110.87,75
MOEX:MOEX,2023-04-26T12:06:00+03:00,110.87,110.90,110.82,110.89,155
MOEX:MOEX,2023-04-26T12:07:00+03:00,110.89,110.89,110.81,110.89,290
MOEX:MOEX,2023-04-26T12:08:00+03:00,110.87,110.89,110.82,110.82,140
MOEX:MOEX,2023-04-26T12:09:00+03:00,110.88,110.88,110.82,110.88,106
MOEX:MOEX,2023-04-26T12:10:00+03:00,110.88,110.88,110.84,110.84,270
MOEX:MOEX,2023-04-26T12:11:00+03:00,110.84,110.88,110.84,110.88,283
MOEX:MOEX,2023-04-26T12:12:00+03:00,110.85,110.88,110.85,110.88,37
MOEX:MOEX,2023-04-26T12:13:00+03:00,110.88,110.88,110.86,110.88,41
MOEX:MOEX,2023-04-26T12:14:00+03:00,110.86,110.89,110.86,110.89,55
MOEX:MOEX,2023-04-26T12:15:00+03:00,110.89,110.89,110.88,110.88,59
MOEX:MOEX,2023-04-26T12:16:00+03:00,110.89,110.89,110.87,110.87,57
MOEX:MOEX,2023-04-26T12:17:00+03:00,110.89,110.89,110.88,110.89,22
MOEX:MOEX,2023-04-26T12:18:00+03:00,110.89,110.89,110.88,110.88,62
MOEX:MOEX,2023-04-26T12:19:00+03:00,110.89,110.89,110.88,110.89,23
MOEX:MOEX,2023-04-26T12:20:00+03:00,110.89,110.89,110.88,110.89,25
MOEX:MOEX,2023-04-26T12:21:00+03:00,110.88,110.90,110.88,110.88,66
MOEX:MOEX,2023-04-26T12:22:00+03:00,110.88,110.89,110.88,110.89,129
MOEX:MOEX,2023-04-26T12:23:00+03:00,110.88,110.89,110.82,110.83,916
MOEX:MOEX,2023-04-26T12:24:00+03:00,110.81,110.84,110.81,110.81,34
MOEX:MOEX,2023-04-26T12:25:00+03:00,110.80,110.81,110.78,110.81,280
MOEX:MOEX,2023-04-26T12:26:00+03:00,110.78,110.82,110.78,110.82,50
MOEX:MOEX,2023-04-26T12:27:00+03:00,110.82,110.84,110.77,110.84,148
MOEX:MOEX,2023-04-26T12:28:00+03:00,110.84,110.87,110.83,110.87,194
MOEX:MOEX,2023-04-26T12:29:00+03:00,110.87,110.94,110.86,110.94,1340
MOEX:MOEX,2023-04-26T12:30:00+03:00,110.89,110.95,110.89,110.93,112
MOEX:MOEX,2023-04-26T12:31:00+03:00,110.93,110.95,110.90,110.90,1040
MOEX:MOEX,2023-04-26T12:32:00+03:00,110.90,110.95,110.90,110.93,171
MOEX:MOEX,2023-04-26T12:33:00+03:00,110.93,110.94,110.90,110.92,167
MOEX:MOEX,2023-04-26T12:34:00+03:00,110.92,110.94,110.89,110.93,334
MOEX:MOEX,2023-04-26T12:35:00+03:00,110.94,110.94,110.89,110.93,182
MOEX:MOEX,2023-04-26T12:36:00+03:00,110.90,110.93,110.90,110.90,176
MOEX:MOEX,2023-04-26T12:37:00+03:00,110.90,110.90,110.85,110.90,443
MOEX:MOEX,2023-04-26T12:38:00+03:00,110.90,110.90,110.85,110.90,67
MOEX:MOEX,2023-04-26T12:39:00+03:00,110.87,110.93,110.87,110.88,268
MOEX:MOEX,2023-04-26T12:40:00+03:00,110.88,110.90,110.88,110.90,40
MOEX:MOEX,2023-04-26T12:41:00+03:00,110.90,110.93,110.87,110.93,199
MOEX:MOEX,2023-04-26T12:42:00+03:00,110.90,110.94,110.88,110.94,946
MOEX:MOEX,2023-04-26T12:43:00+03:00,110.93,110.94,110.89,110.94,52
MOEX:MOEX,2023-04-26T12:44:00+03:00,110.94,110.94,110.93,110.94,201
MOEX:MOEX,2023-04-26T12:45:00+03:00,110.94,110.94,110.93,110.94,358
MOEX:MOEX,2023-04-26T12:46:00+03:00,110.94,110.95,110.93,110.95,1019
MOEX:MOEX,2023-04-26T12:47:00+03:00,110.95,110.95,110.94,110.95,250
MOEX:MOEX,2023-04-26T12:48:00+03:00,110.95,110.95,110.93,110.95,592
MOEX:MOEX,2023-04-26T12:49:00+03:00,110.94,110.94,110.92,110.92,49
MOEX:MOEX,2023-04-26T12:50:00+03:00,110.92,110.98,110.92,110.97,5127
MOEX:MOEX,2023-04-26T12:51:00+03:00,110.92,111.00,110.92,110.93,5233
MOEX:MOEX,2023-04-26T12:52:00+03:00,110.92,110.97,110.92,110.97,67
MOEX:MOEX,2023-04-26T12:53:00+03:00,110.94,110.97,110.94,110.96,40
MOEX:MOEX,2023-04-26T12:54:00+03:00,110.94,110.95,110.94,110.94,26
MOEX:MOEX,2023-04-26T12:55:00+03:00,110.95,110.98,110.93,110.93,650
MOEX:MOEX,2023-04-26T12:56:00+03:00,110.92,110.93,110.87,110.87,488
MOEX:MOEX,2023-04-26T12:57:00+03:00,110.88,110.90,110.86,110.87,122
MOEX:MOEX,2023-04-26T12:58:00+03:00,110.87,110.90,110.85,110.87,172
MOEX:MOEX,2023-04-26T12:59:00+03:00,110.86,110.87,110.86,110.87,103
MOEX:MOEX,2023-04-26T13:00:00+03:00,110.87,110.87,110.85,110.87,52
MOEX:MOEX,2023-04-26T13:01:00+03:00,110.87,110.88,110.86,110.87,54
MOEX:MOEX,2023-04-26T13:02:00+03:00,110.89,110.92,110.89,110.92,26
MOEX:MOEX,2023-04-26T13:03:00+03:00,110.91,110.93,110.91,110.91,341
MOEX:MOEX,2023-04-26T13:04:00+03:00,110.91,110.91,110.90,110.90,297
MOEX:MOEX,2023-04-26T13:05:00+03:00,110.89,110.89,110.84,110.84,278
MOEX:MOEX,2023-04-26T13:06:00+03:00,110.85,110.89,110.84,110.84,273
MOEX:MOEX,2023-04-26T13:07:00+03:00,110.87,110.90,110.84,110.89,617
MOEX:MOEX,2023-04-26T13:08:00+03:00,110.85,110.89,110.84,110.84,86
MOEX:MOEX,2023-04-26T13:09:00+03:00,110.84,110.88,110.84,110.88,151
MOEX:MOEX,2023-04-26T13:10:00+03:00,110.84,110.88,110.84,110.85,71
MOEX:MOEX,2023-04-26T13:11:00+03:00,110.85,110.88,110.84,110.85,114
MOEX:MOEX,2023-04-26T13:12:00+03:00,110.85,110.87,110.84,110.87,133
MOEX:MOEX,2023-04-26T13:13:00+03:00,110.87,110.88,110.85,110.86,25
MOEX:MOEX,2023-04-26T13:14:00+03:00,110.86,110.89,110.85,110.89,140
MOEX:MOEX,2023-04-26T13:15:00+03:00,110.85,110.89,110.85,110.88,84
MOEX:MOEX,2023-04-26T13:16:00+03:00,110.88,110.90,110.85,110.89,190
MOEX:MOEX,2023-04-26T13:17:00+03:00,110.89,110.89,110.87,110.89,175
MOEX:MOEX,2023-04-26T13:18:00+03:00,110.89,110.90,110.87,110.90,184
MOEX:MOEX,2023-04-26T13:19:00+03:00,110.90,110.91,110.82,110.90,839
MOEX:MOEX,2023-04-26T13:20:00+03:00,110.83,110.88,110.83,110.88,167
MOEX:MOEX,2023-04-26T13:21:00+03:00,110.87,110.88,110.84,110.88,124
MOEX:MOEX,2023-04-26T13:22:00+03:00,110.87,110.88,110.85,110.88,145
MOEX:MOEX,2023-04-26T13:23:00+03:00,110.88,110.89,110.86,110.89,101
MOEX:MOEX,2023-04-26T13:24:00+03:00,110.88,110.88,110.86,110.86,21
MOEX:MOEX,2023-04-26T13:25:00+03:00,110.88,110.93,110.87,110.89,925
MOEX:MOEX,2023-04-26T13:26:00+03:00,110.87,110.95,110.87,110.93,866
MOEX:MOEX,2023-04-26T13:27:00+03:00,110.89,110.94,110.89,110.91,50
MOEX:MOEX,2023-04-26T13:28:00+03:00,110.91,110.97,110.91,110.97,399
MOEX:MOEX,2023-04-26T13:29:00+03:00,110.96,110.97,110.92,110.92,110
MOEX:MOEX,2023-04-26T13:30:00+03:00,110.96,110.98,110.94,110.96,138
MOEX:MOEX,2023-04-26T13:31:00+03:00,110.96,110.96,110.93,110.93,23
MOEX:MOEX,2023-04-26T13:32:00+03:00,110.93,110.96,110.92,110.92,126
MOEX:MOEX,2023-04-26T13:33:00+03:00,110.92,110.92,110.92,110.92,49
MOEX:MOEX,2023-04-26T13:34:00+03:00,110.92,110.95,110.92,110.92,31
MOEX:MOEX,2023-04-26T13:35:00+03:00,110.92,110.96,110.91,110.92,64
MOEX:MOEX,2023-04-26T13:36:00+03:00,110.92,110.95,110.92,110.92,24
MOEX:MOEX,2023-04-26T13:37:00+03:00,110.92,110.94,110.91,110.94,129
MOEX:MOEX,2023-04-26T13:38:00+03:00,110.94,110.94,110.91,110.92,26
MOEX:MOEX,2023-04-26T13:39:00+03:00,110.92,110.93,110.92,110.92,63
MOEX:MOEX,2023-04-26T13:40:00+03:00,110.92,110.93,110.91,110.91,77
MOEX:MOEX,2023-04-26T13:41:00+03:00,110.91,110.93,110.91,110.93,95
MOEX:MOEX,2023-04-26T13:42:00+03:00,110.91,110.93,110.91,110.93,119
MOEX:MOEX,2023-04-26T13:43:00+03:00,110.91,110.93,110.90,110.90,83
MOEX:MOEX,2023-04-26T13:44:00+03:00,110.89,110.92,110.88,110.92,219
MOEX:MOEX,2023-04-26T13:45:00+03:00,110.92,110.92,110.86,110.90,217
MOEX:MOEX,2023-04-26T13:46:00+03:00,110.89,110.94,110.87,110.94,589
MOEX:MOEX,2023-04-26T13:47:00+03:00,110.91,110.94,110.87,110.91,527
MOEX:MOEX,2023-04-26T13:48:00+03:00,110.87,110.92,110.87,110.89,98
MOEX:MOEX,2023-04-26T13:49:00+03:00,110.89,110.91,110.88,110.88,48
MOEX:MOEX,2023-04-26T13:50:00+03:00,110.88,110.91,110.88,110.88,92
MOEX:MOEX,2023-04-26T13:51:00+03:00,110.91,110.91,110.88,110.88,23
MOEX:MOEX,2023-04-26T13:52:00+03:00,110.88,110.91,110.88,110.91,25
MOEX:MOEX,2023-04-26T13:53:00+03:00,110.90,110.91,110.90,110.90,30
MOEX:MOEX,2023-04-26T13:54:00+03:00,110.91,110.93,110.90,110.92,110
MOEX:MOEX,2023-04-26T13:55:00+03:00,110.91,110.92,110.91,110.91,36
MOEX:MOEX,2023-04-26T13:56:00+03:00,110.92,110.92,110.91,110.91,21
MOEX:MOEX,2023-04-26T13:57:00+03:00,110.92,110.92,110.90,110.92,35
MOEX:MOEX,2023-04-26T13:58:00+03:00,110.92,110.92,110.90,110.90,21
MOEX:MOEX,2023-04-26T13:59:00+03:00,110.92,110.92,110.90,110.90,57
MOEX:MOEX,2023-04-26T14:00:00+03:00,110.92,110.92,110.91,110.91,30
MOEX:MOEX,2023-04-26T14:01:00+03:00,110.91,110.91,110.91,110.91,29
MOEX:MOEX,2023-04-26T14:02:00+03:00,110.91,110.91,110.90,110.90,93
MOEX:MOEX,2023-04-26T14:03:00+03:00,110.90,110.91,110.90,110.91,31
MOEX:MOEX,2023-04-26T14:04:00+03:00,110.90,110.91,110.90,110.90,50
MOEX:MOEX,2023-04-26T14:05:00+03:00,110.90,110.91,110.90,110.90,475
MOEX:MOEX,2023-04-26T14:06:00+03:00,110.90,110.91,110.90,110.90,23
MOEX:MOEX,2023-04-26T14:07:00+03:00,110.90,110.90,110.88,110.88,46
MOEX:MOEX,2023-04-26T14:08:00+03:00,110.88,110.90,110.87,110.90,119
MOEX:MOEX,2023-04-26T14:09:00+03:00,110.87,110.90,110.86,110.90,21
MOEX:MOEX,2023-04-26T14:10:00+03:00,110.90,110.90,110.82,110.84,849
MOEX:MOEX,2023-04-26T14:11:00+03:00,110.85,110.89,110.84,110.89,28
MOEX:MOEX,2023-04-26T14:12:00+03:00,110.85,110.89,110.85,110.86,40
MOEX:MOEX,2023-04-26T14:13:00+03:00,110.86,110.89,110.86,110.89,341
MOEX:MOEX,2023-04-26T14:14:00+03:00,110.89,110.90,110.88,110.88,71
MOEX:MOEX,2023-04-26T14:15:00+03:00,110.88,110.91,110.88,110.91,336
MOEX:MOEX,2023-04-26T14:16:00+03:00,110.93,110.95,110.91,110.95,324
MOEX:MOEX,2023-04-26T14:17:00+03:00,110.95,110.97,110.93,110.96,437
MOEX:MOEX,2023-04-26T14:18:00+03:00,110.96,110.99,110.94,110.99,470
MOEX:MOEX,2023-04-26T14:19:00+03:00,110.99,111.00,110.99,110.99,98
MOEX:MOEX,2023-04-26T14:20:00+03:00,111.00,111.00,110.92,110.92,79
MOEX:MOEX,2023-04-26T14:21:00+03:00,110.96,110.98,110.92,110.98,242
MOEX:MOEX,2023-04-26T14:22:00+03:00,110.97,110.98,110.94,110.97,135
MOEX:MOEX,2023-04-26T14:23:00+03:00,110.94,110.95,110.90,110.90,38
MOEX:MOEX,2023-04-26T14:24:00+03:00,110.93,110.94,110.89,110.94,263
MOEX:MOEX,2023-04-26T14:25:00+03:00,110.93,110.94,110.93,110.93,330
MOEX:MOEX,2023-04-26T14:26:00+03:00,110.93,110.94,110.89,110.90,201
MOEX:MOEX,2023-04-26T14:27:00+03:00,110.90,110.92,110.88,110.88,382
MOEX:MOEX,2023-04-26T14:28:00+03:00,110.87,110.91,110.87,110.87,29
MOEX:MOEX,2023-04-26T14:29:00+03:00,110.87,110.92,110.87,110.92,241
MOEX:MOEX,2023-04-26T14:30:00+03:00,110.90,110.93,110.89,110.93,240
MOEX:MOEX,2023-04-26T14:31:00+03:00,110.90,110.93,110.90,110.90,24
MOEX:MOEX,2023-04-26T14:32:00+03:00,110.93,110.93,110.90,110.90,37
MOEX:MOEX,2023-04-26T14:33:00+03:00,110.92,110.92,110.90,110.90,28
MOEX:MOEX,2023-04-26T14:34:00+03:00,110.90,110.92,110.90,110.90,29
MOEX:MOEX,2023-04-26T14:35:00+03:00,110.90,110.92,110.90,110.92,44
MOEX:MOEX,2023-04-26T14:36:00+03:00,110.91,110.92,110.90,110.90,208
MOEX:MOEX,2023-04-26T14:37:00+03:00,110.88,110.90,110.86,110.90,159
MOEX:MOEX,2023-04-26T14:38:00+03:00,110.87,110.87,110.86,110.86,39
MOEX:MOEX,2023-04-26T14:39:00+03:00,110.86,110.87,110.86,110.86,178
MOEX:MOEX,2023-04-26T14:40:00+03:00,110.86,110.86,110.83,110.86,65
MOEX:MOEX,2023-04-26T14:41:00+03:00,110.86,110.87,110.81,110.87,841
MOEX:MOEX,2023-04-26T14:42:00+03:00,110.87,110.90,110.84,110.89,390
MOEX:MOEX,2023-04-26T14:43:00+03:00,110.89,110.89,110.85,110.89,119
MOEX:MOEX,2023-04-26T14:44:00+03:00,110.89,110.90,110.85,110.86,231
MOEX:MOEX,2023-04-26T14:45:00+03:00,110.88,110.92,110.88,110.92,200
MOEX:MOEX,2023-04-26T14:46:00+03:00,110.92,111.01,110.87,111.01,4638
MOEX:MOEX,2023-04-26T14:47:00+03:00,111.01,111.01,111.00,111.00,202
MOEX:MOEX,2023-04-26T14:48:00+03:00,111.00,111.00,110.93,110.93,78
MOEX:MOEX,2023-04-26T14:49:00+03:00,110.96,110.96,110.93,110.95,29
MOEX:MOEX,2023-04-26T14:50:00+03:00,110.95,110.98,110.95,110.95,46
MOEX:MOEX,2023-04-26T14:51:00+03:00,110.95,110.95,110.92,110.92,101
MOEX:MOEX,2023-04-26T14:52:00+03:00,110.92,110.92,110.85,110.90,599
MOEX:MOEX,2023-04-26T14:53:00+03:00,110.87,110.87,110.87,110.87,41
MOEX:MOEX,2023-04-26T14:54:00+03:00,110.88,110.89,110.85,110.89,139
MOEX:MOEX,2023-04-26T14:55:00+03:00,110.86,110.90,110.86,110.87,60
MOEX:MOEX,2023-04-26T14:56:00+03:00,110.87,110.90,110.87,110.88,37
MOEX:MOEX,2023-04-26T14:57:00+03:00,110.90,110.92,110.85,110.85,436
MOEX:MOEX,2023-04-26T14:58:00+03:00,110.85,110.85,110.83,110.83,46
MOEX:MOEX,2023-04-26T14:59:00+03:00,110.84,110.85,110.83,110.83,174
MOEX:MOEX,2023-04-26T15:00:00+03:00,110.82,110.83,110.81,110.83,516
MOEX:MOEX,2023-04-26T15:01:00+03:00,110.83,110.90,110.82,110.90,191
MOEX:MOEX,2023-04-26T15:02:00+03:00,110.90,110.90,110.84,110.88,190
MOEX:MOEX,2023-04-26T15:03:00+03:00,110.88,110.88,110.84,110.84,217
MOEX:MOEX,2023-04-26T15:04:00+03:00,110.87,110.88,110.86,110.87,50
MOEX:MOEX,2023-04-26T15:05:00+03:00,110.88,110.90,110.87,110.89,101
MOEX:MOEX,2023-04-26T15:06:00+03:00,110.90,110.93,110.89,110.90,564
MOEX:MOEX,2023-04-26T15:07:00+03:00,110.91,110.91,110.91,110.91,19
MOEX:MOEX,2023-04-26T15:08:00+03:00,110.95,110.95,110.91,110.91,299
MOEX:MOEX,2023-04-26T15:09:00+03:00,110.95,110.95,110.91,110.95,75
MOEX:MOEX,2023-04-26T15:10:00+03:00,110.95,110.95,110.85,110.86,1575
MOEX:MOEX,2023-04-26T15:11:00+03:00,110.88,110.91,110.88,110.91,221
MOEX:MOEX,2023-04-26T15:12:00+03:00,110.88,110.88,110.87,110.87,126
MOEX:MOEX,2023-04-26T15:13:00+03:00,110.87,110.90,110.87,110.90,105
MOEX:MOEX,2023-04-26T15:14:00+03:00,110.90,110.92,110.90,110.91,21
MOEX:MOEX,2023-04-26T15:15:00+03:00,110.92,110.92,110.91,110.91,31
MOEX:MOEX,2023-04-26T15:16:00+03:00,110.91,110.92,110.91,110.92,332
MOEX:MOEX,2023-04-26T15:17:00+03:00,110.92,110.95,110.92,110.92,21
MOEX:MOEX,2023-04-26T15:18:00+03:00,110.92,110.92,110.91,110.92,20
MOEX:MOEX,2023-04-26T15:19:00+03:00,110.91,110.94,110.90,110.94,401
MOEX:MOEX,2023-04-26T15:20:00+03:00,110.91,110.91,110.91,110.91,29
MOEX:MOEX,2023-04-26T15:21:00+03:00,110.91,110.92,110.91,110.91,19
MOEX:MOEX,2023-04-26T15:22:00+03:00,110.91,110.94,110.90,110.90,194
MOEX:MOEX,2023-04-26T15:23:00+03:00,110.90,110.91,110.90,110.91,381
MOEX:MOEX,2023-04-26T15:24:00+03:00,110.91,110.91,110.90,110.90,125
MOEX:MOEX,2023-04-26T15:25:00+03:00,110.90,110.91,110.90,110.90,25
MOEX:MOEX,2023-04-26T15:26:00+03:00,110.90,110.92,110.90,110.90,21
MOEX:MOEX,2023-04-26T15:27:00+03:00,110.92,110.92,110.90,110.91,174
MOEX:MOEX,2023-04-26T15:28:00+03:00,110.91,110.92,110.90,110.90,26
MOEX:MOEX,2023-04-26T15:29:00+03:00,110.90,110.93,110.90,110.93,34
MOEX:MOEX,2023-04-26T15:30:00+03:00,110.90,110.93,110.90,110.90,33
MOEX:MOEX,2023-04-26T15:31:00+03:00,110.90,110.93,110.90,110.93,40
MOEX:MOEX,2023-04-26T15:32:00+03:00,110.91,110.93,110.90,110.90,57
MOEX:MOEX,2023-04-26T15:33:00+03:00,110.91,110.93,110.90,110.90,47
MOEX:MOEX,2023-04-26T15:34:00+03:00,110.93,110.93,110.90,110.90,23
MOEX:MOEX,2023-04-26T15:35:00+03:00,110.93,110.99,110.91,110.95,1114
MOEX:MOEX,2023-04-26T15:36:00+03:00,110.95,110.97,110.94,110.94,29
MOEX:MOEX,2023-04-26T15:37:00+03:00,110.94,110.98,110.93,110.95,73
MOEX:MOEX,2023-04-26T15:38:00+03:00,110.98,111.01,110.96,111.01,2584
MOEX:MOEX,2023-04-26T15:39:00+03:00,110.97,111.01,110.97,111.01,404
MOEX:MOEX,2023-04-26T15:40:00+03:00,111.01,111.01,111.00,111.00,68
MOEX:MOEX,2023-04-26T15:41:00+03:00,111.01,111.01,111.00,111.00,29
MOEX:MOEX,2023-04-26T15:42:00+03:00,111.00,111.16,110.99,111.10,5878
MOEX:MOEX,2023-04-26T15:43:00+03:00,111.13,111.13,111.00,111.01,1530
MOEX:MOEX,2023-04-26T15:44:00+03:00,111.01,111.05,111.01,111.05,121
MOEX:MOEX,2023-04-26T15:45:00+03:00,111.04,111.17,111.02,111.16,771
MOEX:MOEX,2023-04-26T15:46:00+03:00,111.16,111.17,111.13,111.14,274
MOEX:MOEX,2023-04-26T15:47:00+03:00,111.14,111.16,111.14,111.15,56
MOEX:MOEX,2023-04-26T15:48:00+03:00,111.16,111.19,111.16,111.18,496
MOEX:MOEX,2023-04-26T15:49:00+03:00,111.17,111.18,111.16,111.16,238
MOEX:MOEX,2023-04-26T15:50:00+03:00,111.17,111.31,111.16,111.30,5503
MOEX:MOEX,2023-04-26T15:51:00+03:00,111.30,111.36,111.30,111.36,2401
MOEX:MOEX,2023-04-26T15:52:00+03:00,111.36,111.37,111.35,111.35,824
MOEX:MOEX,2023-04-26T15:53:00+03:00,111.35,111.37,111.34,111.35,1437
MOEX:MOEX,2023-04-26T15:54:00+03:00,111.35,111.35,111.33,111.34,304
MOEX:MOEX,2023-04-26T15:55:00+03:00,111.35,111.35,111.33,111.34,329
MOEX:MOEX,2023-04-26T15:56:00+03:00,111.33,111.34,111.31,111.31,135
MOEX:MOEX,2023-04-26T15:57:00+03:00,111.31,111.31,111.28,111.28,304
MOEX:MOEX,2023-04-26T15:58:00+03:00,111.29,111.33,111.26,111.30,867
MOEX:MOEX,2023-04-26T15:59:00+03:00,111.32,111.33,111.28,111.32,594
MOEX:MOEX,2023-04-26T16:00:00+03:00,111.33,111.49,111.31,111.46,6841
MOEX:MOEX,2023-04-26T16:01:00+03:00,111.47,111.47,111.41,111.41,86
MOEX:MOEX,2023-04-26T16:02:00+03:00,111.42,111.50,111.42,111.49,3375
MOEX:MOEX,2023-04-26T16:03:00+03:00,111.49,111.50,111.44,111.47,151
MOEX:MOEX,2023-04-26T16:04:00+03:00,111.47,111.47,111.45,111.47,99
MOEX:MOEX,2023-04-26T16:05:00+03:00,111.46,111.47,111.39,111.43,1298
MOEX:MOEX,2023-04-26T16:06:00+03:00,111.39,111.43,111.39,111.42,59
MOEX:MOEX,2023-04-26T16:07:00+03:00,111.39,111.42,111.39,111.40,186
MOEX:MOEX,2023-04-26T16:08:00+03:00,111.40,111.47,111.40,111.43,1477
MOEX:MOEX,2023-04-26T16:09:00+03:00,111.44,111.46,111.41,111.41,577
MOEX:MOEX,2023-04-26T16:10:00+03:00,111.40,111.49,111.36,111.47,2858
MOEX:MOEX,2023-04-26T16:11:00+03:00,111.48,111.48,111.43,111.43,103
MOEX:MOEX,2023-04-26T16:12:00+03:00,111.46,111.47,111.44,111.44,166
MOEX:MOEX,2023-04-26T16:13:00+03:00,111.44,111.45,111.40,111.41,149
MOEX:MOEX,2023-04-26T16:14:00+03:00,111.41,111.45,111.40,111.43,435
MOEX:MOEX,2023-04-26T16:15:00+03:00,111.44,111.45,111.43,111.45,519
MOEX:MOEX,2023-04-26T16:16:00+03:00,111.45,111.45,111.40,111.44,1327
MOEX:MOEX,2023-04-26T16:17:00+03:00,111.44,111.46,111.43,111.44,696
MOEX:MOEX,2023-04-26T16:18:00+03:00,111.45,111.50,111.43,111.50,5905
MOEX:MOEX,2023-04-26T16:19:00+03:00,111.50,111.50,111.46,111.46,1202
MOEX:MOEX,2023-04-26T16:20:00+03:00,111.47,111.53,111.47,111.48,3354
MOEX:MOEX,2023-04-26T16:21:00+03:00,111.50,111.50,111.48,111.50,94
MOEX:MOEX,2023-04-26T16:22:00+03:00,111.50,111.50,111.48,111.50,176
MOEX:MOEX,2023-04-26T16:23:00+03:00,111.49,111.50,111.48,111.48,128
MOEX:MOEX,2023-04-26T16:24:00+03:00,111.48,111.50,111.48,111.50,117
MOEX:MOEX,2023-04-26T16:25:00+03:00,111.49,111.50,111.48,111.50,117
MOEX:MOEX,2023-04-26T16:26:00+03:00,111.50,111.50,111.49,111.50,188
MOEX:MOEX,2023-04-26T16:27:00+03:00,111.49,111.50,111.48,111.48,826
MOEX:MOEX,2023-04-26T16:28:00+03:00,111.49,111.49,111.47,111.47,51
MOEX:MOEX,2023-04-26T16:29:00+03:00,111.49,111.49,111.45,111.46,396
MOEX:MOEX,2023-04-26T16:30:00+03:00,111.45,111.47,111.20,111.31,27766
MOEX:MOEX,2023-04-26T16:31:00+03:00,111.31,111.32,111.28,111.28,412
MOEX:MOEX,2023-04-26T16:32:00+03:00,111.28,111.29,111.26,111.26,98
MOEX:MOEX,2023-04-26T16:33:00+03:00,111.26,111.26,111.23,111.25,785
MOEX:MOEX,2023-04-26T16:34:00+03:00,111.25,111.25,111.23,111.25,558
MOEX:MOEX,2023-04-26T16:35:00+03:00,111.25,111.26,111.25,111.25,37
MOEX:MOEX,2023-04-26T16:36:00+03:00,111.25,111.25,111.22,111.22,479
MOEX:MOEX,2023-04-26T16:37:00+03:00,111.25,111.26,111.25,111.25,151
MOEX:MOEX,2023-04-26T16:38:00+03:00,111.25,111.25,111.22,111.23,121
MOEX:MOEX,2023-04-26T16:39:00+03:00,111.23,111.23,111.17,111.18,981
MOEX:MOEX,2023-04-26T16:40:00+03:00,111.22,111.24,111.19,111.21,56
MOEX:MOEX,2023-04-26T16:41:00+03:00,111.21,111.25,111.21,111.22,46
MOEX:MOEX,2023-04-26T16:42:00+03:00,111.21,111.26,111.19,111.19,164
MOEX:MOEX,2023-04-26T16:43:00+03:00,111.21,111.23,111.21,111.22,516
MOEX:MOEX,2023-04-26T16:44:00+03:00,111.23,111.25,111.21,111.22,224
MOEX:MOEX,2023-04-26T16:45:00+03:00,111.22,111.24,111.19,111.24,389
MOEX:MOEX,2023-04-26T16:46:00+03:00,111.22,111.24,111.20,111.21,45
MOEX:MOEX,2023-04-26T16:47:00+03:00,111.24,111.32,111.23,111.32,1062
MOEX:MOEX,2023-04-26T16:48:00+03:00,111.32,111.32,111.26,111.26,571
MOEX:MOEX,2023-04-26T16:49:00+03:00,111.26,111.26,111.26,111.26,19
MOEX:MOEX,2023-04-26T16:50:00+03:00,111.27,111.27,111.26,111.26,28
MOEX:MOEX,2023-04-26T16:51:00+03:00,111.26,111.29,111.26,111.26,22
MOEX:MOEX,2023-04-26T16:52:00+03:00,111.28,111.28,111.26,111.27,45
MOEX:MOEX,2023-04-26T16:53:00+03:00,111.29,111.29,111.26,111.26,87
MOEX:MOEX,2023-04-26T16:54:00+03:00,111.29,111.32,111.26,111.26,331
MOEX:MOEX,2023-04-26T16:55:00+03:00,111.31,111.34,111.26,111.26,334
MOEX:MOEX,2023-04-26T16:56:00+03:00,111.30,111.30,111.20,111.25,599
MOEX:MOEX,2023-04-26T16:57:00+03:00,111.20,111.25,111.20,111.21,167
MOEX:MOEX,2023-04-26T16:58:00+03:00,111.21,111.25,111.20,111.20,26
MOEX:MOEX,2023-04-26T16:59:00+03:00,111.25,111.25,111.20,111.21,32
MOEX:MOEX,2023-04-26T17:00:00+03:00,111.20,111.23,111.18,111.18,54
MOEX:MOEX,2023-04-26T17:01:00+03:00,111.20,111.20,111.17,111.17,59
MOEX:MOEX,2023-04-26T17:02:00+03:00,111.20,111.20,111.17,111.18,41
MOEX:MOEX,2023-04-26T17:03:00+03:00,111.20,111.20,111.17,111.17,721
MOEX:MOEX,2023-04-26T17:04:00+03:00,111.18,111.18,111.17,111.17,38
MOEX:MOEX,2023-04-26T17:05:00+03:00,111.19,111.19,111.16,111.16,81
MOEX:MOEX,2023-04-26T17:06:00+03:00,111.16,111.18,111.16,111.16,333
MOEX:MOEX,2023-04-26T17:07:00+03:00,111.16,111.16,111.16,111.16,42
MOEX:MOEX,2023-04-26T17:08:00+03:00,111.18,111.18,111.16,111.18,32
MOEX:MOEX,2023-04-26T17:09:00+03:00,111.18,111.18,111.17,111.17,40
MOEX:MOEX,2023-04-26T17:10:00+03:00,111.17,111.17,111.17,111.17,81
MOEX:MOEX,2023-04-26T17:11:00+03:00,111.17,111.19,111.17,111.19,90
MOEX:MOEX,2023-04-26T17:12:00+03:00,111.19,111.20,111.18,111.18,189
MOEX:MOEX,2023-04-26T17:13:00+03:00,111.23,111.25,111.22,111.22,119
MOEX:MOEX,2023-04-26T17:14:00+03:00,111.26,111.31,111.26,111.26,322
MOEX:MOEX,2023-04-26T17:15:00+03:00,111.26,111.30,111.21,111.22,526
MOEX:MOEX,2023-04-26T17:16:00+03:00,111.22,111.22,111.20,111.20,119
MOEX:MOEX,2023-04-26T17:17:00+03:00,111.22,111.27,111.19,111.19,619
MOEX:MOEX,2023-04-26T17:18:00+03:00,111.19,111.22,111.18,111.18,102
MOEX:MOEX,2023-04-26T17:19:00+03:00,111.22,111.22,111.16,111.16,242
MOEX:MOEX,2023-04-26T17:20:00+03:00,111.16,111.19,111.15,111.15,3259
MOEX:MOEX,2023-04-26T17:21:00+03:00,111.15,111.15,111.10,111.12,380
MOEX:MOEX,2023-04-26T17:22:00+03:00,111.14,111.14,111.10,111.10,182
MOEX:MOEX,2023-04-26T17:23:00+03:00,111.15,111.15,111.06,111.08,367
MOEX:MOEX,2023-04-26T17:24:00+03:00,111.10,111.10,111.08,111.08,42
MOEX:MOEX,2023-04-26T17:25:00+03:00,111.08,111.09,111.03,111.03,651
MOEX:MOEX,2023-04-26T17:26:00+03:00,111.03,111.06,111.03,111.03,106
MOEX:MOEX,2023-04-26T17:27:00+03:00,111.03,111.03,111.00,111.00,965
MOEX:MOEX,2023-04-26T17:28:00+03:00,111.02,111.04,110.96,110.96,269
MOEX:MOEX,2023-04-26T17:29:00+03:00,110.97,110.97,110.92,110.92,116
MOEX:MOEX,2023-04-26T17:30:00+03:00,110.92,110.97,110.88,110.97,992
MOEX:MOEX,2023-04-26T17:31:00+03:00,110.97,110.97,110.90,110.96,235
MOEX:MOEX,2023-04-26T17:32:00+03:00,110.91,110.97,110.90,110.96,225
MOEX:MOEX,2023-04-26T17:33:00+03:00,110.95,110.96,110.95,110.96,3
MOEX:MOEX,2023-04-26T17:34:00+03:00,110.95,110.96,110.93,110.96,57
MOEX:MOEX,2023-04-26T17:35:00+03:00,110.96,111.09,110.96,111.05,523
MOEX:MOEX,2023-04-26T17:36:00+03:00,111.06,111.23,111.06,111.23,2590
MOEX:MOEX,2023-04-26T17:37:00+03:00,111.24,111.29,111.16,111.17,1063
MOEX:MOEX,2023-04-26T17:38:00+03:00,111.16,111.17,111.10,111.14,236
MOEX:MOEX,2023-04-26T17:39:00+03:00,111.14,111.31,111.14,111.30,1229
MOEX:MOEX,2023-04-26T17:40:00+03:00,111.30,111.31,111.30,111.30,299
MOEX:MOEX,2023-04-26T17:41:00+03:00,111.30,111.30,111.17,111.22,335
MOEX:MOEX,2023-04-26T17:42:00+03:00,111.22,111.22,111.14,111.19,271
MOEX:MOEX,2023-04-26T17:43:00+03:00,111.14,111.19,111.14,111.14,31
MOEX:MOEX,2023-04-26T17:44:00+03:00,111.14,111.19,111.09,111.09,379
MOEX:MOEX,2023-04-26T17:45:00+03:00,111.09,111.09,111.07,111.07,19
MOEX:MOEX,2023-04-26T17:46:00+03:00,111.05,111.08,111.05,111.06,14
MOEX:MOEX,2023-04-26T17:47:00+03:00,111.05,111.08,111.05,111.05,55
MOEX:MOEX,2023-04-26T17:48:00+03:00,111.08,111.12,111.07,111.07,50
MOEX:MOEX,2023-04-26T17:49:00+03:00,111.10,111.10,111.05,111.05,45
MOEX:MOEX,2023-04-26T17:50:00+03:00,111.10,111.10,111.04,111.04,34
MOEX:MOEX,2023-04-26T17:51:00+03:00,111.06,111.06,111.04,111.04,134
MOEX:MOEX,2023-04-26T17:52:00+03:00,111.04,111.05,111.04,111.04,82
MOEX:MOEX,2023-04-26T17:53:00+03:00,111.04,111.05,111.04,111.04,38
MOEX:MOEX,2023-04-26T17:54:00+03:00,111.04,111.04,111.04,111.04,28
MOEX:MOEX,2023-04-26T17:55:00+03:00,111.05,111.09,111.05,111.07,98
MOEX:MOEX,2023-04-26T17:56:00+03:00,111.07,111.07,111.07,111.07,20
MOEX:MOEX,2023-04-26T17:57:00+03:00,111.07,111.09,111.06,111.07,187
MOEX:MOEX,2023-04-26T17:58:00+03:00,111.06,111.09,111.06,111.06,249
MOEX:MOEX,2023-04-26T17:59:00+03:00,111.05,111.06,111.04,111.05,184
MOEX:MOEX,2023-04-26T18:00:00+03:00,111.04,111.05,111.04,111.04,30
MOEX:MOEX,2023-04-26T18:01:00+03:00,111.05,111.05,111.04,111.04,26
MOEX:MOEX,2023-04-26T18:02:00+03:00,111.05,111.05,111.03,111.05,58
MOEX:MOEX,2023-04-26T18:03:00+03:00,111.03,111.03,111.03,111.03,4
MOEX:MOEX,2023-04-26T18:04:00+03:00,111.03,111.04,111.03,111.03,15
MOEX:MOEX,2023-04-26T18:05:00+03:00,111.01,111.03,111.01,111.03,85
MOEX:MOEX,2023-04-26T18:06:00+03:00,111.03,111.08,111.03,111.06,131
MOEX:MOEX,2023-04-26T18:07:00+03:00,111.06,111.06,111.05,111.06,94
MOEX:MOEX,2023-04-26T18:08:00+03:00,111.06,111.08,111.06,111.06,102
MOEX:MOEX,2023-04-26T18:09:00+03:00,111.06,111.08,111.06,111.06,40
MOEX:MOEX,2023-04-26T18:10:00+03:00,111.08,111.08,111.08,111.08,40
MOEX:MOEX,2023-04-26T18:11:00+03:00,111.08,111.08,111.08,111.08,5
MOEX:MOEX,2023-04-26T18:12:00+03:00,111.08,111.09,111.08,111.09,11
MOEX:MOEX,2023-04-26T18:13:00+03:00,111.09,111.09,111.09,111.09,148
MOEX:MOEX,2023-04-26T18:14:00+03:00,111.09,111.09,111.09,111.09,137
MOEX:MOEX,2023-04-26T18:15:00+03:00,111.10,111.10,111.10,111.10,110
MOEX:MOEX,2023-04-26T18:16:00+03:00,111.10,111.11,111.09,111.11,91
MOEX:MOEX,2023-04-26T18:17:00+03:00,111.11,111.11,111.11,111.11,1
MOEX:MOEX,2023-04-26T18:18:00+03:00,111.11,111.11,111.10,111.11,72
MOEX:MOEX,2023-04-26T18:19:00+03:00,111.10,111.11,111.06,111.06,343
MOEX:MOEX,2023-04-26T18:20:00+03:00,111.09,111.09,111.09,111.09,5
MOEX:MOEX,2023-04-26T18:21:00+03:00,111.09,111.09,111.09,111.09,15
MOEX:MOEX,2023-04-26T18:22:00+03:00,111.09,111.09,111.09,111.09,34
MOEX:MOEX,2023-04-26T18:23:00+03:00,111.09,111.09,111.09,111.09,22
MOEX:MOEX,2023-04-26T18:24:00+03:00,111.09,111.09,111.08,111.08,6
MOEX:MOEX,2023-04-26T18:25:00+03:00,111.09,111.10,111.09,111.10,126
MOEX:MOEX,2023-04-26T18:26:00+03:00,111.10,111.10,111.09,111.09,12
MOEX:MOEX,2023-04-26T18:27:00+03:00,111.10,111.10,111.08,111.08,201
MOEX:MOEX,2023-04-26T18:28:00+03:00,111.08,111.08,111.08,111.08,100
MOEX:MOEX,2023-04-26T18:29:00+03:00,111.07,111.08,111.07,111.08,31
MOEX:MOEX,2023-04-26T18:30:00+03:00,111.09,111.10,111.09,111.10,8
MOEX:MOEX,2023-04-26T18:31:00+03:00,111.11,111.17,111.11,111.17,249
MOEX:MOEX,2023-04-26T18:32:00+03:00,111.17,111.19,111.14,111.14,125
MOEX:MOEX,2023-04-26T18:33:00+03:00,111.19,111.21,111.19,111.21,87
MOEX:MOEX,2023-04-26T18:34:00+03:00,111.20,111.20,111.20,111.20,2
MOEX:MOEX,2023-04-26T18:35:00+03:00,111.19,111.21,111.17,111.20,215
MOEX:MOEX,2023-04-26T18:36:00+03:00,111.19,111.19,111.19,111.19,87
MOEX:MOEX,2023-04-26T18:37:00+03:00,111.20,111.21,111.19,111.20,293
MOEX:MOEX,2023-04-26T18:38:00+03:00,111.20,111.20,111.14,111.14,100
MOEX:MOEX,2023-04-26T18:39:00+03:00,111.20,111.20,111.20,111.20,60
MOEX:MOEX,2023-04-26T18:45:00+03:00,111.03,111.03,111.03,111.03,3024
MOEX:MOEX,2023-04-26T18:46:00+03:00,111.03,111.03,111.03,111.03,14
MOEX:MOEX,2023-04-26T18:47:00+03:00,111.03,111.03,111.03,111.03,1
MOEX:MOEX,2023-04-26T18:48:00+03:00,111.03,111.03,111.03,111.03,1
MOEX:MOEX,2023-04-26T19:04:00+03:00,111.11,111.11,111.11,111.11,236
MOEX:MOEX,2023-04-26T19:05:00+03:00,111.22,111.24,111.20,111.20,78
MOEX:MOEX,2023-04-26T19:06:00+03:00,111.20,111.20,111.15,111.15,41
MOEX:MOEX,2023-04-26T19:08:00+03:00,111.15,111.15,111.15,111.15,20
MOEX:MOEX,2023-04-26T19:09:00+03:00,111.15,111.15,111.15,111.15,4
MOEX:MOEX,2023-04-26T19:10:00+03:00,111.14,111.17,111.14,111.17,12
MOEX:MOEX,2023-04-26T19:11:00+03:00,111.17,111.17,111.16,111.16,29
MOEX:MOEX,2023-04-26T19:12:00+03:00,111.15,111.16,111.15,111.16,40
MOEX:MOEX,2023-04-26T19:13:00+03:00,111.14,111.16,111.14,111.16,35
MOEX:MOEX,2023-04-26T19:14:00+03:00,111.16,111.16,111.16,111.16,5
MOEX:MOEX,2023-04-26T19:15:00+03:00,111.15,111.15,111.14,111.15,65
MOEX:MOEX,2023-04-26T19:16:00+03:00,111.15,111.15,111.15,111.15,5
MOEX:MOEX,2023-04-26T19:17:00+03:00,111.14,111.14,111.08,111.09,591
MOEX:MOEX,2023-04-26T19:18:00+03:00,111.13,111.13,111.09,111.09,101
MOEX:MOEX,2023-04-26T19:19:00+03:00,111.10,111.10,111.10,111.10,1
MOEX:MOEX,2023-04-26T19:20:00+03:00,111.10,111.14,111.10,111.14,240
MOEX:MOEX,2023-04-26T19:22:00+03:00,111.14,111.14,111.10,111.10,54
MOEX:MOEX,2023-04-26T19:23:00+03:00,111.10,111.14,111.10,111.14,65
MOEX:MOEX,2023-04-26T19:24:00+03:00,111.14,111.14,111.09,111.09,223
MOEX:MOEX,2023-04-26T19:25:00+03:00,111.12,111.12,111.07,111.07,8
MOEX:MOEX,2023-04-26T19:26:00+03:00,111.12,111.14,111.12,111.14,121
MOEX:MOEX,2023-04-26T19:27:00+03:00,111.13,111.14,111.13,111.14,3
MOEX:MOEX,2023-04-26T19:28:00+03:00,111.14,111.14,111.12,111.12,26
MOEX:MOEX,2023-04-26T19:29:00+03:00,111.12,111.12,111.12,111.12,2
MOEX:MOEX,2023-04-26T19:30:00+03:00,111.12,111.12,111.11,111.11,151
MOEX:MOEX,2023-04-26T19:31:00+03:00,111.14,111.14,111.14,111.14,67
MOEX:MOEX,2023-04-26T19:32:00+03:00,111.14,111.14,111.09,111.13,163
MOEX:MOEX,2023-04-26T19:34:00+03:00,111.10,111.14,111.10,111.11,13
MOEX:MOEX,2023-04-26T19:35:00+03:00,111.11,111.14,111.11,111.14,22
MOEX:MOEX,2023-04-26T19:36:00+03:00,111.14,111.14,111.11,111.11,8
MOEX:MOEX,2023-04-26T19:37:00+03:00,111.14,111.14,111.14,111.14,10
MOEX:MOEX,2023-04-26T19:38:00+03:00,111.14,111.15,111.14,111.14,94
MOEX:MOEX,2023-04-26T19:39:00+03:00,111.14,111.15,111.14,111.15,18
MOEX:MOEX,2023-04-26T19:40:00+03:00,111.15,111.15,111.11,111.15,5
MOEX:MOEX,2023-04-26T19:41:00+03:00,111.15,111.15,111.15,111.15,1
MOEX:MOEX,2023-04-26T19:42:00+03:00,111.11,111.11,111.11,111.11,2
MOEX:MOEX,2023-04-26T19:43:00+03:00,111.15,111.15,111.15,111.15,26
MOEX:MOEX,2023-04-26T19:44:00+03:00,111.11,111.14,111.11,111.13,110
MOEX:MOEX,2023-04-26T19:46:00+03:00,111.11,111.11,111.10,111.11,9
MOEX:MOEX,2023-04-26T19:47:00+03:00,111.11,111.13,111.11,111.13,5
MOEX:MOEX,2023-04-26T19:48:00+03:00,111.13,111.14,111.13,111.14,10
MOEX:MOEX,2023-04-26T19:49:00+03:00,111.14,111.14,111.14,111.14,9
MOEX:MOEX,2023-04-26T19:50:00+03:00,111.11,111.14,111.11,111.14,26
MOEX:MOEX,2023-04-26T19:51:00+03:00,111.14,111.15,111.11,111.11,209
MOEX:MOEX,2023-04-26T19:52:00+03:00,111.15,111.15,111.15,111.15,1
MOEX:MOEX,2023-04-26T19:55:00+03:00,111.14,111.14,111.14,111.14,2
MOEX:MOEX,2023-04-26T19:56:00+03:00,111.15,111.15,111.15,111.15,2
MOEX:MOEX,2023-04-26T19:58:00+03:00,111.14,111.15,111.14,111.14,13
MOEX:MOEX,2023-04-26T19:59:00+03:00,111.14,111.14,111.14,111.14,11
MOEX:MOEX,2023-04-26T20:00:00+03:00,111.14,111.15,111.14,111.15,21
MOEX:MOEX,2023-04-26T20:01:00+03:00,111.14,111.14,111.14,111.14,7
MOEX:MOEX,2023-04-26T20:02:00+03:00,111.14,111.14,111.10,111.11,454
MOEX:MOEX,2023-04-26T20:04:00+03:00,111.14,111.14,111.14,111.14,1
MOEX:MOEX,2023-04-26T20:06:00+03:00,111.14,111.23,111.14,111.23,1243
MOEX:MOEX,2023-04-26T20:07:00+03:00,111.22,111.23,111.22,111.22,40
MOEX:MOEX,2023-04-26T20:08:00+03:00,111.22,111.27,111.22,111.27,198
MOEX:MOEX,2023-04-26T20:09:00+03:00,111.26,111.26,111.26,111.26,39
MOEX:MOEX,2023-04-26T20:11:00+03:00,111.26,111.28,111.26,111.28,76
MOEX:MOEX,2023-04-26T20:12:00+03:00,111.27,111.27,111.27,111.27,6
MOEX:MOEX,2023-04-26T20:13:00+03:00,111.27,111.27,111.27,111.27,7
MOEX:MOEX,2023-04-26T20:14:00+03:00,111.27,111.28,111.27,111.28,47
MOEX:MOEX,2023-04-26T20:15:00+03:00,111.26,111.27,111.25,111.27,45
MOEX:MOEX,2023-04-26T20:16:00+03:00,111.28,111.28,111.25,111.25,56
MOEX:MOEX,2023-04-26T20:17:00+03:00,111.25,111.28,111.25,111.28,264
MOEX:MOEX,2023-04-26T20:18:00+03:00,111.28,111.28,111.28,111.28,3
MOEX:MOEX,2023-04-26T20:19:00+03:00,111.25,111.28,111.23,111.27,19
MOEX:MOEX,2023-04-26T20:20:00+03:00,111.23,111.23,111.23,111.23,12
MOEX:MOEX,2023-04-26T20:21:00+03:00,111.27,111.27,111.27,111.27,5
MOEX:MOEX,2023-04-26T20:22:00+03:00,111.23,111.27,111.23,111.27,67
MOEX:MOEX,2023-04-26T20:23:00+03:00,111.27,111.27,111.27,111.27,3
MOEX:MOEX,2023-04-26T20:25:00+03:00,111.23,111.23,111.23,111.23,37
MOEX:MOEX,2023-04-26T20:27:00+03:00,111.23,111.24,111.22,111.24,30
MOEX:MOEX,2023-04-26T20:28:00+03:00,111.24,111.24,111.22,111.22,85
MOEX:MOEX,2023-04-26T20:29:00+03:00,111.21,111.22,111.21,111.22,19
MOEX:MOEX,2023-04-26T20:32:00+03:00,111.22,111.22,111.22,111.22,7
MOEX:MOEX,2023-04-26T20:34:00+03:00,111.22,111.23,111.21,111.23,87
MOEX:MOEX,2023-04-26T20:35:00+03:00,111.23,111.23,111.23,111.23,20
MOEX:MOEX,2023-04-26T20:36:00+03:00,111.24,111.24,111.22,111.24,18
MOEX:MOEX,2023-04-26T20:37:00+03:00,111.24,111.24,111.24,111.24,4
MOEX:MOEX,2023-04-26T20:38:00+03:00,111.22,111.24,111.22,111.24,68
MOEX:MOEX,2023-04-26T20:39:00+03:00,111.22,111.24,111.22,111.24,35
MOEX:MOEX,2023-04-26T20:41:00+03:00,111.24,111.24,111.24,111.24,7
MOEX:MOEX,2023-04-26T20:42:00+03:00,111.22,111.22,111.22,111.22,16
MOEX:MOEX,2023-04-26T20:43:00+03:00,111.22,111.22,111.22,111.22,40
MOEX:MOEX,2023-04-26T20:44:00+03:00,111.22,111.22,111.22,111.22,4
MOEX:MOEX,2023-04-26T20:45:00+03:00,111.22,111.22,111.21,111.22,4
MOEX:MOEX,2023-04-26T20:47:00+03:00,111.21,111.21,111.20,111.20,54
MOEX:MOEX,2023-04-26T20:49:00+03:00,111.20,111.22,111.20,111.22,25
MOEX:MOEX,2023-04-26T20:50:00+03:00,111.22,111.22,111.20,111.20,4
MOEX:MOEX,2023-04-26T20:52:00+03:00,111.20,111.20,111.20,111.20,4
MOEX:MOEX,2023-04-26T20:54:00+03:00,111.22,111.22,111.20,111.20,65
MOEX:MOEX,2023-04-26T20:55:00+03:00,111.22,111.22,111.20,111.20,3
MOEX:MOEX,2023-04-26T20:56:00+03:00,111.20,111.20,111.17,111.17,240
MOEX:MOEX,2023-04-26T20:58:00+03:00,111.18,111.18,111.16,111.16,72
MOEX:MOEX,2023-04-26T20:59:00+03:00,111.20,111.20,111.18,111.18,19
MOEX:MOEX,2023-04-26T21:00:00+03:00,111.20,111.25,111.20,111.24,905
MOEX:MOEX,2023-04-26T21:01:00+03:00,111.19,111.24,111.19,111.20,22
MOEX:MOEX,2023-04-26T21:02:00+03:00,111.24,111.24,111.24,111.24,2
MOEX:MOEX,2023-04-26T21:05:00+03:00,111.22,111.23,111.22,111.23,3
MOEX:MOEX,2023-04-26T21:08:00+03:00,111.23,111.23,111.23,111.23,26
MOEX:MOEX,2023-04-26T21:09:00+03:00,111.25,111.25,111.25,111.25,10
MOEX:MOEX,2023-04-26T21:10:00+03:00,111.25,111.26,111.25,111.26,128
MOEX:MOEX,2023-04-26T21:11:00+03:00,111.25,111.26,111.25,111.26,15
MOEX:MOEX,2023-04-26T21:12:00+03:00,111.25,111.27,111.25,111.26,144
MOEX:MOEX,2023-04-26T21:13:00+03:00,111.27,111.27,111.27,111.27,11
MOEX:MOEX,2023-04-26T21:14:00+03:00,111.27,111.27,111.26,111.26,7
MOEX:MOEX,2023-04-26T21:15:00+03:00,111.27,111.27,111.26,111.26,16
MOEX:MOEX,2023-04-26T21:16:00+03:00,111.27,111.27,111.25,111.25,83
MOEX:MOEX,2023-04-26T21:17:00+03:00,111.26,111.26,111.26,111.26,68
MOEX:MOEX,2023-04-26T21:18:00+03:00,111.27,111.27,111.26,111.26,12
MOEX:MOEX,2023-04-26T21:19:00+03:00,111.27,111.27,111.27,111.27,1
MOEX:MOEX,2023-04-26T21:20:00+03:00,111.26,111.26,111.26,111.26,91
MOEX:MOEX,2023-04-26T21:21:00+03:00,111.27,111.27,111.27,111.27,278
MOEX:MOEX,2023-04-26T21:22:00+03:00,111.26,111.28,111.26,111.28,139
MOEX:MOEX,2023-04-26T21:24:00+03:00,111.28,111.28,111.27,111.27,60
MOEX:MOEX,2023-04-26T21:25:00+03:00,111.29,111.29,111.27,111.29,54
MOEX:MOEX,2023-04-26T21:26:00+03:00,111.29,111.29,111.29,111.29,160
MOEX:MOEX,2023-04-26T21:27:00+03:00,111.29,111.29,111.27,111.29,82
MOEX:MOEX,2023-04-26T21:28:00+03:00,111.29,111.29,111.27,111.27,37
MOEX:MOEX,2023-04-26T21:29:00+03:00,111.29,111.29,111.25,111.25,107
MOEX:MOEX,2023-04-26T21:30:00+03:00,111.25,111.25,111.25,111.25,15
MOEX:MOEX,2023-04-26T21:31:00+03:00,111.27,111.27,111.27,111.27,9
MOEX:MOEX,2023-04-26T21:32:00+03:00,111.27,111.27,111.25,111.25,34
MOEX:MOEX,2023-04-26T21:33:00+03:00,111.25,111.26,111.25,111.26,46
MOEX:MOEX,2023-04-26T21:34:00+03:00,111.26,111.26,111.20,111.20,86
MOEX:MOEX,2023-04-26T21:35:00+03:00,111.22,111.25,111.22,111.25,7
MOEX:MOEX,2023-04-26T21:36:00+03:00,111.25,111.25,111.25,111.25,4
MOEX:MOEX,2023-04-26T21:37:00+03:00,111.22,111.25,111.22,111.25,2
MOEX:MOEX,2023-04-26T21:38:00+03:00,111.22,111.22,111.22,111.22,1
MOEX:MOEX,2023-04-26T21:40:00+03:00,111.25,111.25,111.23,111.25,13
MOEX:MOEX,2023-04-26T21:41:00+03:00,111.25,111.25,111.25,111.25,10
MOEX:MOEX,2023-04-26T21:42:00+03:00,111.25,111.25,111.23,111.25,158
MOEX:MOEX,2023-04-26T21:43:00+03:00,111.25,111.29,111.25,111.29,148
MOEX:MOEX,2023-04-26T21:44:00+03:00,111.26,111.26,111.23,111.26,153
MOEX:MOEX,2023-04-26T21:45:00+03:00,111.23,111.26,111.23,111.26,13
MOEX:MOEX,2023-04-26T21:46:00+03:00,111.25,111.27,111.25,111.27,38
MOEX:MOEX,2023-04-26T21:47:00+03:00,111.26,111.26,111.26,111.26,1
MOEX:MOEX,2023-04-26T21:48:00+03:00,111.27,111.28,111.27,111.27,91
MOEX:MOEX,2023-04-26T21:49:00+03:00,111.27,111.27,111.27,111.27,9
MOEX:MOEX,2023-04-26T21:50:00+03:00,111.27,111.27,111.27,111.27,10
MOEX:MOEX,2023-04-26T21:51:00+03:00,111.28,111.30,111.27,111.27,254
MOEX:MOEX,2023-04-26T21:52:00+03:00,111.27,111.27,111.27,111.27,60
MOEX:MOEX,2023-04-26T21:53:00+03:00,111.28,111.28,111.28,111.28,1
MOEX:MOEX,2023-04-26T21:54:00+03:00,111.28,111.28,111.28,111.28,26
MOEX:MOEX,2023-04-26T21:55:00+03:00,111.28,111.28,111.25,111.25,307
MOEX:MOEX,2023-04-26T21:56:00+03:00,111.27,111.27,111.27,111.27,2
MOEX:MOEX,2023-04-26T21:57:00+03:00,111.28,111.28,111.28,111.28,2
MOEX:MOEX,2023-04-26T21:58:00+03:00,111.28,111.28,111.25,111.28,52
MOEX:MOEX,2023-04-26T22:00:00+03:00,111.26,111.26,111.23,111.23,433
MOEX:MOEX,2023-04-26T22:01:00+03:00,111.23,111.23,111.23,111.23,445
MOEX:MOEX,2023-04-26T22:02:00+03:00,111.28,111.28,111.23,111.24,1116
MOEX:MOEX,2023-04-26T22:03:00+03:00,111.27,111.27,111.23,111.27,3
MOEX:MOEX,2023-04-26T22:04:00+03:00,111.23,111.27,111.23,111.23,23
MOEX:MOEX,2023-04-26T22:05:00+03:00,111.23,111.23,111.23,111.23,3
MOEX:MOEX,2023-04-26T22:06:00+03:00,111.27,111.27,111.26,111.27,14
MOEX:MOEX,2023-04-26T22:07:00+03:00,111.27,111.27,111.27,111.27,7
MOEX:MOEX,2023-04-26T22:08:00+03:00,111.27,111.27,111.27,111.27,2
MOEX:MOEX,2023-04-26T22:09:00+03:00,111.25,111.27,111.25,111.25,47
MOEX:MOEX,2023-04-26T22:10:00+03:00,111.27,111.28,111.27,111.28,27
MOEX:MOEX,2023-04-26T22:11:00+03:00,111.28,111.28,111.28,111.28,2
MOEX:MOEX,2023-04-26T22:12:00+03:00,111.28,111.28,111.28,111.28,38
MOEX:MOEX,2023-04-26T22:13:00+03:00,111.28,111.28,111.28,111.28,10
MOEX:MOEX,2023-04-26T22:14:00+03:00,111.27,111.28,111.27,111.28,83
MOEX:MOEX,2023-04-26T22:15:00+03:00,111.28,111.28,111.27,111.27,2
MOEX:MOEX,2023-04-26T22:16:00+03:00,111.27,111.28,111.27,111.27,265
MOEX:MOEX,2023-04-26T22:17:00+03:00,111.27,111.27,111.25,111.25,599
MOEX:MOEX,2023-04-26T22:18:00+03:00,111.25,111.29,111.25,111.28,676
MOEX:MOEX,2023-04-26T22:19:00+03:00,111.28,111.30,111.25,111.29,766
MOEX:MOEX,2023-04-26T22:20:00+03:00,111.29,111.29,111.26,111.26,16
MOEX:MOEX,2023-04-26T22:21:00+03:00,111.28,111.28,111.25,111.27,23
MOEX:MOEX,2023-04-26T22:22:00+03:00,111.27,111.27,111.25,111.27,8
MOEX:MOEX,2023-04-26T22:23:00+03:00,111.27,111.28,111.25,111.28,36
MOEX:MOEX,2023-04-26T22:24:00+03:00,111.27,111.27,111.25,111.27,14
MOEX:MOEX,2023-04-26T22:25:00+03:00,111.27,111.27,111.27,111.27,3
MOEX:MOEX,2023-04-26T22:26:00+03:00,111.27,111.27,111.25,111.27,12
MOEX:MOEX,2023-04-26T22:27:00+03:00,111.27,111.28,111.25,111.25,390
MOEX:MOEX,2023-04-26T22:28:00+03:00,111.27,111.27,111.25,111.25,8
MOEX:MOEX,2023-04-26T22:29:00+03:00,111.25,111.25,111.23,111.25,71
MOEX:MOEX,2023-04-26T22:30:00+03:00,111.22,111.22,111.21,111.21,6
MOEX:MOEX,2023-04-26T22:32:00+03:00,111.25,111.25,111.25,111.25,13
MOEX:MOEX,2023-04-26T22:33:00+03:00,111.27,111.27,111.23,111.26,107
MOEX:MOEX,2023-04-26T22:34:00+03:00,111.25,111.26,111.23,111.26,88
MOEX:MOEX,2023-04-26T22:35:00+03:00,111.26,111.27,111.26,111.27,547
MOEX:MOEX,2023-04-26T22:36:00+03:00,111.27,111.27,111.25,111.27,73
MOEX:MOEX,2023-04-26T22:37:00+03:00,111.28,111.29,111.28,111.29,616
MOEX:MOEX,2023-04-26T22:38:00+03:00,111.29,111.29,111.29,111.29,105
MOEX:MOEX,2023-04-26T22:39:00+03:00,111.29,111.29,111.29,111.29,127
MOEX:MOEX,2023-04-26T22:40:00+03:00,111.29,111.29,111.25,111.25,23
MOEX:MOEX,2023-04-26T22:41:00+03:00,111.25,111.25,111.10,111.17,2099
MOEX:MOEX,2023-04-26T22:42:00+03:00,111.17,111.19,111.14,111.19,260
MOEX:MOEX,2023-04-26T22:43:00+03:00,111.20,111.20,111.20,111.20,28
MOEX:MOEX,2023-04-26T22:44:00+03:00,111.20,111.20,111.13,111.13,147
MOEX:MOEX,2023-04-26T22:45:00+03:00,111.16,111.18,111.16,111.18,13
MOEX:MOEX,2023-04-26T22:46:00+03:00,111.12,111.16,111.12,111.16,19
MOEX:MOEX,2023-04-26T22:47:00+03:00,111.16,111.17,111.07,111.07,487
MOEX:MOEX,2023-04-26T22:48:00+03:00,111.09,111.14,111.07,111.14,183
MOEX:MOEX,2023-04-26T22:49:00+03:00,111.14,111.16,111.14,111.16,150
MOEX:MOEX,2023-04-26T22:50:00+03:00,111.16,111.16,111.16,111.16,148
MOEX:MOEX,2023-04-26T22:51:00+03:00,111.17,111.17,111.12,111.12,39
MOEX:MOEX,2023-04-26T22:52:00+03:00,111.12,111.15,111.09,111.15,86
MOEX:MOEX,2023-04-26T22:53:00+03:00,111.15,111.17,111.10,111.16,228
MOEX:MOEX,2023-04-26T22:54:00+03:00,111.18,111.19,111.18,111.19,16
MOEX:MOEX,2023-04-26T22:55:00+03:00,111.19,111.19,111.11,111.19,162
MOEX:MOEX,2023-04-26T22:56:00+03:00,111.13,111.16,111.12,111.16,24
MOEX:MOEX,2023-04-26T22:57:00+03:00,111.19,111.19,111.19,111.19,81
MOEX:MOEX,2023-04-26T22:59:00+03:00,111.19,111.19,111.19,111.19,41
MOEX:MOEX,2023-04-26T23:01:00+03:00,111.16,111.16,111.16,111.16,1
MOEX:MOEX,2023-04-26T23:03:00+03:00,111.15,111.15,111.15,111.15,2
MOEX:MOEX,2023-04-26T23:04:00+03:00,111.15,111.16,111.13,111.16,15
MOEX:MOEX,2023-04-26T23:05:00+03:00,111.15,111.15,111.14,111.14,22
MOEX:MOEX,2023-04-26T23:06:00+03:00,111.14,111.16,111.14,111.16,5
MOEX:MOEX,2023-04-26T23:07:00+03:00,111.15,111.16,111.14,111.14,15
MOEX:MOEX,2023-04-26T23:08:00+03:00,111.16,111.16,111.16,111.16,38
MOEX:MOEX,2023-04-26T23:09:00+03:00,111.13,111.16,111.13,111.16,6
MOEX:MOEX,2023-04-26T23:10:00+03:00,111.16,111.16,111.13,111.13,26
MOEX:MOEX,2023-04-26T23:11:00+03:00,111.16,111.16,111.16,111.16,1
MOEX:MOEX,2023-04-26T23:12:00+03:00,111.16,111.16,111.12,111.16,269
MOEX:MOEX,2023-04-26T23:13:00+03:00,111.16,111.18,111.13,111.15,256
MOEX:MOEX,2023-04-26T23:14:00+03:00,111.13,111.15,111.13,111.15,15
MOEX:MOEX,2023-04-26T23:15:00+03:00,111.13,111.15,111.13,111.15,4
MOEX:MOEX,2023-04-26T23:16:00+03:00,111.13,111.13,111.07,111.13,410
MOEX:MOEX,2023-04-26T23:17:00+03:00,111.13,111.13,111.07,111.07,482
MOEX:MOEX,2023-04-26T23:18:00+03:00,111.10,111.11,111.10,111.11,55
MOEX:MOEX,2023-04-26T23:19:00+03:00,111.11,111.11,111.10,111.10,59
MOEX:MOEX,2023-04-26T23:20:00+03:00,111.13,111.13,111.13,111.13,4
MOEX:MOEX,2023-04-26T23:22:00+03:00,111.11,111.13,111.11,111.13,5
MOEX:MOEX,2023-04-26T23:23:00+03:00,111.11,111.12,111.10,111.10,23
MOEX:MOEX,2023-04-26T23:24:00+03:00,111.10,111.12,111.10,111.12,2
MOEX:MOEX,2023-04-26T23:25:00+03:00,111.10,111.12,111.09,111.12,131
MOEX:MOEX,2023-04-26T23:26:00+03:00,111.12,111.13,111.09,111.09,41
MOEX:MOEX,2023-04-26T23:27:00+03:00,111.09,111.09,111.08,111.08,64
MOEX:MOEX,2023-04-26T23:28:00+03:00,111.08,111.10,111.01,111.06,712
MOEX:MOEX,2023-04-26T23:29:00+03:00,111.08,111.12,111.08,111.11,113
MOEX:MOEX,2023-04-26T23:30:00+03:00,111.12,111.13,111.12,111.13,177
MOEX:MOEX,2023-04-26T23:31:00+03:00,111.15,111.17,111.15,111.15,54
MOEX:MOEX,2023-04-26T23:33:00+03:00,111.15,111.15,111.15,111.15,6
MOEX:MOEX,2023-04-26T23:34:00+03:00,111.15,111.15,111.15,111.15,3
MOEX:MOEX,2023-04-26T23:36:00+03:00,111.14,111.15,111.14,111.15,46
MOEX:MOEX,2023-04-26T23:37:00+03:00,111.15,111.16,111.15,111.16,32
MOEX:MOEX,2023-04-26T23:40:00+03:00,111.15,111.15,111.12,111.12,2
MOEX:MOEX,2023-04-26T23:41:00+03:00,111.09,111.10,111.09,111.10,124
MOEX:MOEX,2023-04-26T23:42:00+03:00,111.10,111.10,111.10,111.10,11
MOEX:MOEX,2023-04-26T23:43:00+03:00,111.10,111.15,111.10,111.10,34
MOEX:MOEX,2023-04-26T23:46:00+03:00,111.08,111.08,111.08,111.08,5
MOEX:MOEX,2023-04-26T23:47:00+03:00,111.10,111.10,111.10,111.10,23
MOEX:MOEX,2023-04-26T23:48:00+03:00,111.08,111.08,111.01,111.01,202
MOEX:MOEX,2023-04-26T23:49:00+03:00,111.07,111.09,111.07,111.09,10
