MOEX:MTSS,2021-08-03T10:00:00+03:00,316.95,317.15,316.80,316.85,484
MOEX:MTSS,2021-08-03T10:01:00+03:00,316.85,317.10,316.70,317.10,733
MOEX:MTSS,2021-08-03T10:02:00+03:00,317.00,317.25,316.80,316.90,589
MOEX:MTSS,2021-08-03T10:03:00+03:00,316.90,317.10,316.75,317.10,151
MOEX:MTSS,2021-08-03T10:04:00+03:00,317.10,317.10,316.90,317.00,320
MOEX:MTSS,2021-08-03T10:05:00+03:00,317.00,317.10,316.90,317.05,330
MOEX:MTSS,2021-08-03T10:06:00+03:00,317.05,317.05,316.90,317.00,70
MOEX:MTSS,2021-08-03T10:07:00+03:00,317.00,317.10,316.70,316.85,915
MOEX:MTSS,2021-08-03T10:08:00+03:00,316.85,316.95,316.75,316.95,188
MOEX:MTSS,2021-08-03T10:09:00+03:00,316.80,316.95,316.65,316.80,1211
MOEX:MTSS,2021-08-03T10:10:00+03:00,316.80,316.80,316.30,316.50,2939
MOEX:MTSS,2021-08-03T10:11:00+03:00,316.50,316.55,316.30,316.50,100
MOEX:MTSS,2021-08-03T10:12:00+03:00,316.60,316.75,316.50,316.60,134
MOEX:MTSS,2021-08-03T10:13:00+03:00,316.55,316.60,316.50,316.60,580
MOEX:MTSS,2021-08-03T10:14:00+03:00,316.60,316.80,316.50,316.80,150
MOEX:MTSS,2021-08-03T10:15:00+03:00,316.80,316.90,316.70,316.90,197
MOEX:MTSS,2021-08-03T10:16:00+03:00,316.90,316.95,316.90,316.90,139
MOEX:MTSS,2021-08-03T10:17:00+03:00,316.95,316.95,316.80,316.80,152
MOEX:MTSS,2021-08-03T10:18:00+03:00,316.85,316.85,316.65,316.80,306
MOEX:MTSS,2021-08-03T10:19:00+03:00,316.75,316.80,316.70,316.80,249
MOEX:MTSS,2021-08-03T10:20:00+03:00,316.80,316.80,316.45,316.55,450
MOEX:MTSS,2021-08-03T10:21:00+03:00,316.60,316.70,316.45,316.55,1115
MOEX:MTSS,2021-08-03T10:22:00+03:00,316.65,316.65,316.50,316.50,73
MOEX:MTSS,2021-08-03T10:23:00+03:00,316.50,316.75,316.50,316.65,1588
MOEX:MTSS,2021-08-03T10:24:00+03:00,316.75,316.75,316.65,316.65,183
MOEX:MTSS,2021-08-03T10:25:00+03:00,316.65,316.75,316.55,316.65,1415
MOEX:MTSS,2021-08-03T10:26:00+03:00,316.65,316.80,316.60,316.80,1360
MOEX:MTSS,2021-08-03T10:27:00+03:00,316.70,316.80,316.70,316.80,242
MOEX:MTSS,2021-08-03T10:28:00+03:00,316.75,317.00,316.65,316.75,2114
MOEX:MTSS,2021-08-03T10:29:00+03:00,316.70,317.00,316.65,317.00,1151
MOEX:MTSS,2021-08-03T10:30:00+03:00,317.00,317.00,316.80,316.90,338
MOEX:MTSS,2021-08-03T10:31:00+03:00,316.80,316.95,316.75,316.80,965
MOEX:MTSS,2021-08-03T10:32:00+03:00,316.75,316.90,316.75,316.80,331
MOEX:MTSS,2021-08-03T10:33:00+03:00,316.75,316.85,316.70,316.80,576
MOEX:MTSS,2021-08-03T10:34:00+03:00,316.90,316.95,316.80,316.85,100
MOEX:MTSS,2021-08-03T10:35:00+03:00,316.85,316.85,316.75,316.80,131
MOEX:MTSS,2021-08-03T10:36:00+03:00,316.75,316.85,316.75,316.85,197
MOEX:MTSS,2021-08-03T10:37:00+03:00,316.80,316.90,316.75,316.75,315
MOEX:MTSS,2021-08-03T10:38:00+03:00,316.85,316.95,316.75,316.85,346
MOEX:MTSS,2021-08-03T10:39:00+03:00,316.85,316.85,316.70,316.80,189
MOEX:MTSS,2021-08-03T10:40:00+03:00,316.70,316.80,316.70,316.80,255
MOEX:MTSS,2021-08-03T10:41:00+03:00,316.70,316.85,316.70,316.80,340
MOEX:MTSS,2021-08-03T10:42:00+03:00,316.70,316.85,316.65,316.75,256
MOEX:MTSS,2021-08-03T10:43:00+03:00,316.85,316.85,316.35,316.65,3061
MOEX:MTSS,2021-08-03T10:44:00+03:00,316.55,316.75,316.50,316.75,604
MOEX:MTSS,2021-08-03T10:45:00+03:00,316.75,316.80,316.65,316.70,397
MOEX:MTSS,2021-08-03T10:46:00+03:00,316.75,316.80,316.65,316.70,241
MOEX:MTSS,2021-08-03T10:47:00+03:00,316.65,316.75,316.60,316.65,263
MOEX:MTSS,2021-08-03T10:48:00+03:00,316.75,316.95,316.75,316.95,664
MOEX:MTSS,2021-08-03T10:49:00+03:00,316.85,317.00,316.70,316.80,181
MOEX:MTSS,2021-08-03T10:50:00+03:00,316.70,316.80,316.70,316.75,76
MOEX:MTSS,2021-08-03T10:51:00+03:00,316.80,316.90,316.80,316.85,301
MOEX:MTSS,2021-08-03T10:52:00+03:00,316.85,316.85,316.80,316.85,95
MOEX:MTSS,2021-08-03T10:53:00+03:00,316.80,316.85,316.80,316.85,185
MOEX:MTSS,2021-08-03T10:54:00+03:00,316.80,316.85,316.75,316.85,174
MOEX:MTSS,2021-08-03T10:55:00+03:00,316.75,316.85,316.75,316.75,126
MOEX:MTSS,2021-08-03T10:56:00+03:00,316.75,316.85,316.65,316.65,194
MOEX:MTSS,2021-08-03T10:57:00+03:00,316.70,316.70,316.65,316.70,55
MOEX:MTSS,2021-08-03T10:58:00+03:00,316.70,316.70,316.65,316.70,210
MOEX:MTSS,2021-08-03T10:59:00+03:00,316.70,316.85,316.65,316.85,309
MOEX:MTSS,2021-08-03T11:00:00+03:00,316.85,316.95,316.70,316.95,270
MOEX:MTSS,2021-08-03T11:01:00+03:00,316.95,317.00,316.80,316.80,1421
MOEX:MTSS,2021-08-03T11:02:00+03:00,316.80,316.95,316.75,316.75,900
MOEX:MTSS,2021-08-03T11:03:00+03:00,316.90,316.95,316.80,316.95,123
MOEX:MTSS,2021-08-03T11:04:00+03:00,316.95,316.95,316.80,316.90,224
MOEX:MTSS,2021-08-03T11:05:00+03:00,316.85,316.90,316.75,316.85,64
MOEX:MTSS,2021-08-03T11:06:00+03:00,316.85,316.95,316.75,316.75,619
MOEX:MTSS,2021-08-03T11:07:00+03:00,316.75,316.85,316.75,316.85,60
MOEX:MTSS,2021-08-03T11:08:00+03:00,316.75,316.85,316.75,316.85,210
MOEX:MTSS,2021-08-03T11:09:00+03:00,316.75,316.90,316.75,316.90,253
MOEX:MTSS,2021-08-03T11:10:00+03:00,316.80,316.95,316.70,316.95,161
MOEX:MTSS,2021-08-03T11:11:00+03:00,316.95,316.95,316.85,316.95,102
MOEX:MTSS,2021-08-03T11:12:00+03:00,316.90,316.95,316.70,316.75,805
MOEX:MTSS,2021-08-03T11:13:00+03:00,316.75,316.80,316.65,316.65,152
MOEX:MTSS,2021-08-03T11:14:00+03:00,316.65,316.65,316.55,316.60,144
MOEX:MTSS,2021-08-03T11:15:00+03:00,316.65,316.65,316.55,316.65,52
MOEX:MTSS,2021-08-03T11:16:00+03:00,316.60,316.80,316.60,316.80,168
MOEX:MTSS,2021-08-03T11:17:00+03:00,316.80,316.80,316.70,316.80,883
MOEX:MTSS,2021-08-03T11:18:00+03:00,316.80,316.80,316.70,316.70,33
MOEX:MTSS,2021-08-03T11:19:00+03:00,316.80,316.85,316.70,316.85,384
MOEX:MTSS,2021-08-03T11:20:00+03:00,316.90,316.90,316.85,316.90,231
MOEX:MTSS,2021-08-03T11:21:00+03:00,316.90,316.90,316.80,316.90,25
MOEX:MTSS,2021-08-03T11:22:00+03:00,316.90,316.90,316.80,316.90,28
MOEX:MTSS,2021-08-03T11:23:00+03:00,316.80,316.90,316.80,316.85,87
MOEX:MTSS,2021-08-03T11:24:00+03:00,316.85,316.90,316.80,316.80,149
MOEX:MTSS,2021-08-03T11:25:00+03:00,316.90,317.00,316.80,316.80,1337
MOEX:MTSS,2021-08-03T11:26:00+03:00,316.95,316.95,316.85,316.90,73
MOEX:MTSS,2021-08-03T11:27:00+03:00,316.90,316.90,316.80,316.90,181
MOEX:MTSS,2021-08-03T11:28:00+03:00,316.90,316.90,316.90,316.90,60
MOEX:MTSS,2021-08-03T11:29:00+03:00,316.90,316.95,316.90,316.90,81
MOEX:MTSS,2021-08-03T11:30:00+03:00,316.90,316.90,316.70,316.90,259
MOEX:MTSS,2021-08-03T11:31:00+03:00,316.90,316.95,316.80,316.90,203
MOEX:MTSS,2021-08-03T11:32:00+03:00,316.85,316.85,316.70,316.80,88
MOEX:MTSS,2021-08-03T11:33:00+03:00,316.65,316.80,316.65,316.80,89
MOEX:MTSS,2021-08-03T11:34:00+03:00,316.80,316.85,316.65,316.85,184
MOEX:MTSS,2021-08-03T11:35:00+03:00,316.70,316.70,316.60,316.60,84
MOEX:MTSS,2021-08-03T11:36:00+03:00,316.70,316.70,316.50,316.50,602
MOEX:MTSS,2021-08-03T11:37:00+03:00,316.50,316.55,316.45,316.55,619
MOEX:MTSS,2021-08-03T11:38:00+03:00,316.55,316.55,316.55,316.55,80
MOEX:MTSS,2021-08-03T11:39:00+03:00,316.55,316.55,316.50,316.55,78
MOEX:MTSS,2021-08-03T11:40:00+03:00,316.55,316.70,316.55,316.70,286
MOEX:MTSS,2021-08-03T11:41:00+03:00,316.70,316.70,316.50,316.55,363
MOEX:MTSS,2021-08-03T11:42:00+03:00,316.60,316.60,316.50,316.50,93
MOEX:MTSS,2021-08-03T11:43:00+03:00,316.60,316.60,316.50,316.60,45
MOEX:MTSS,2021-08-03T11:44:00+03:00,316.60,316.60,316.60,316.60,35
MOEX:MTSS,2021-08-03T11:45:00+03:00,316.60,316.60,316.55,316.55,89
MOEX:MTSS,2021-08-03T11:46:00+03:00,316.55,316.65,316.50,316.60,34
MOEX:MTSS,2021-08-03T11:47:00+03:00,316.65,316.70,316.60,316.60,86
MOEX:MTSS,2021-08-03T11:48:00+03:00,316.65,316.65,316.65,316.65,38
MOEX:MTSS,2021-08-03T11:49:00+03:00,316.60,316.70,316.60,316.60,78
MOEX:MTSS,2021-08-03T11:50:00+03:00,316.60,316.65,316.60,316.60,105
MOEX:MTSS,2021-08-03T11:51:00+03:00,316.60,316.60,316.55,316.60,25
MOEX:MTSS,2021-08-03T11:52:00+03:00,316.60,316.60,316.50,316.50,85
MOEX:MTSS,2021-08-03T11:53:00+03:00,316.50,316.60,316.50,316.50,173
MOEX:MTSS,2021-08-03T11:54:00+03:00,316.50,316.60,316.30,316.45,1828
MOEX:MTSS,2021-08-03T11:55:00+03:00,316.45,316.45,316.30,316.30,175
MOEX:MTSS,2021-08-03T11:56:00+03:00,316.30,316.45,316.30,316.40,229
MOEX:MTSS,2021-08-03T11:57:00+03:00,316.40,316.55,316.35,316.40,163
MOEX:MTSS,2021-08-03T11:58:00+03:00,316.40,316.60,316.40,316.60,173
MOEX:MTSS,2021-08-03T11:59:00+03:00,316.60,316.85,316.60,316.85,136
MOEX:MTSS,2021-08-03T12:00:00+03:00,316.70,316.85,316.65,316.85,163
MOEX:MTSS,2021-08-03T12:01:00+03:00,316.90,316.90,316.85,316.85,363
MOEX:MTSS,2021-08-03T12:02:00+03:00,316.85,316.85,316.70,316.70,20
MOEX:MTSS,2021-08-03T12:03:00+03:00,316.70,316.70,316.60,316.65,60
MOEX:MTSS,2021-08-03T12:04:00+03:00,316.65,316.65,316.55,316.65,47
MOEX:MTSS,2021-08-03T12:05:00+03:00,316.65,316.70,316.65,316.70,226
MOEX:MTSS,2021-08-03T12:06:00+03:00,316.70,316.70,316.70,316.70,39
MOEX:MTSS,2021-08-03T12:07:00+03:00,316.70,316.80,316.70,316.80,77
MOEX:MTSS,2021-08-03T12:08:00+03:00,316.80,316.80,316.70,316.80,13
MOEX:MTSS,2021-08-03T12:09:00+03:00,316.80,316.80,316.65,316.65,257
MOEX:MTSS,2021-08-03T12:10:00+03:00,316.65,316.65,316.65,316.65,30
MOEX:MTSS,2021-08-03T12:11:00+03:00,316.65,316.65,316.65,316.65,41
MOEX:MTSS,2021-08-03T12:12:00+03:00,316.65,316.70,316.60,316.65,201
MOEX:MTSS,2021-08-03T12:13:00+03:00,316.65,316.70,316.60,316.60,76
MOEX:MTSS,2021-08-03T12:14:00+03:00,316.70,316.70,316.60,316.70,32
MOEX:MTSS,2021-08-03T12:15:00+03:00,316.70,316.70,316.55,316.55,68
MOEX:MTSS,2021-08-03T12:16:00+03:00,316.65,316.70,316.65,316.70,50
MOEX:MTSS,2021-08-03T12:17:00+03:00,316.70,316.70,316.55,316.55,79
MOEX:MTSS,2021-08-03T12:18:00+03:00,316.65,316.65,316.55,316.65,68
MOEX:MTSS,2021-08-03T12:19:00+03:00,316.60,316.60,316.45,316.60,739
MOEX:MTSS,2021-08-03T12:20:00+03:00,316.60,316.60,316.55,316.60,101
MOEX:MTSS,2021-08-03T12:21:00+03:00,316.55,316.70,316.55,316.60,148
MOEX:MTSS,2021-08-03T12:22:00+03:00,316.60,316.70,316.50,316.55,945
MOEX:MTSS,2021-08-03T12:23:00+03:00,316.50,316.55,316.45,316.55,92
MOEX:MTSS,2021-08-03T12:24:00+03:00,316.55,316.55,316.40,316.40,375
MOEX:MTSS,2021-08-03T12:25:00+03:00,316.40,316.60,316.35,316.60,199
MOEX:MTSS,2021-08-03T12:26:00+03:00,316.55,316.60,316.45,316.45,80
MOEX:MTSS,2021-08-03T12:27:00+03:00,316.45,316.55,316.45,316.45,123
MOEX:MTSS,2021-08-03T12:28:00+03:00,316.55,316.60,316.45,316.60,93
MOEX:MTSS,2021-08-03T12:29:00+03:00,316.50,316.65,316.50,316.65,12
MOEX:MTSS,2021-08-03T12:30:00+03:00,316.65,316.65,316.50,316.50,170
MOEX:MTSS,2021-08-03T12:31:00+03:00,316.50,316.50,316.45,316.50,150
MOEX:MTSS,2021-08-03T12:32:00+03:00,316.60,316.65,316.40,316.65,1968
MOEX:MTSS,2021-08-03T12:33:00+03:00,316.65,316.65,316.55,316.65,205
MOEX:MTSS,2021-08-03T12:34:00+03:00,316.60,316.70,316.50,316.70,1009
MOEX:MTSS,2021-08-03T12:35:00+03:00,316.55,316.70,316.45,316.45,515
MOEX:MTSS,2021-08-03T12:36:00+03:00,316.65,316.65,316.55,316.55,21
MOEX:MTSS,2021-08-03T12:37:00+03:00,316.55,316.75,316.55,316.60,1224
MOEX:MTSS,2021-08-03T12:38:00+03:00,316.65,316.80,316.65,316.75,299
MOEX:MTSS,2021-08-03T12:39:00+03:00,316.70,316.80,316.70,316.75,162
MOEX:MTSS,2021-08-03T12:40:00+03:00,316.75,316.75,316.70,316.75,155
MOEX:MTSS,2021-08-03T12:41:00+03:00,316.70,316.75,316.60,316.60,141
MOEX:MTSS,2021-08-03T12:42:00+03:00,316.65,316.65,316.60,316.65,46
MOEX:MTSS,2021-08-03T12:43:00+03:00,316.65,316.80,316.55,316.70,407
MOEX:MTSS,2021-08-03T12:44:00+03:00,316.70,316.80,316.65,316.65,12
MOEX:MTSS,2021-08-03T12:45:00+03:00,316.70,316.70,316.60,316.65,50
MOEX:MTSS,2021-08-03T12:46:00+03:00,316.60,316.70,316.55,316.60,199
MOEX:MTSS,2021-08-03T12:47:00+03:00,316.70,316.70,316.55,316.55,62
MOEX:MTSS,2021-08-03T12:48:00+03:00,316.55,316.65,316.50,316.65,127
MOEX:MTSS,2021-08-03T12:49:00+03:00,316.55,316.65,316.55,316.65,96
MOEX:MTSS,2021-08-03T12:50:00+03:00,316.65,316.75,316.60,316.75,358
MOEX:MTSS,2021-08-03T12:51:00+03:00,316.75,316.75,316.50,316.55,87
MOEX:MTSS,2021-08-03T12:52:00+03:00,316.55,316.75,316.55,316.70,104
MOEX:MTSS,2021-08-03T12:53:00+03:00,316.70,316.70,316.55,316.65,36
MOEX:MTSS,2021-08-03T12:54:00+03:00,316.55,316.65,316.45,316.60,179
MOEX:MTSS,2021-08-03T12:55:00+03:00,316.60,316.60,316.55,316.55,37
MOEX:MTSS,2021-08-03T12:56:00+03:00,316.50,316.75,316.50,316.65,743
MOEX:MTSS,2021-08-03T12:57:00+03:00,316.65,316.65,316.55,316.60,128
MOEX:MTSS,2021-08-03T12:58:00+03:00,316.65,316.65,316.50,316.60,84
MOEX:MTSS,2021-08-03T12:59:00+03:00,316.60,316.60,316.50,316.60,74
MOEX:MTSS,2021-08-03T13:00:00+03:00,316.60,316.60,316.40,316.50,1112
MOEX:MTSS,2021-08-03T13:01:00+03:00,316.50,316.50,316.35,316.50,47
MOEX:MTSS,2021-08-03T13:02:00+03:00,316.50,316.50,316.45,316.45,70
MOEX:MTSS,2021-08-03T13:03:00+03:00,316.45,316.45,316.30,316.35,409
MOEX:MTSS,2021-08-03T13:04:00+03:00,316.40,316.45,316.40,316.45,59
MOEX:MTSS,2021-08-03T13:05:00+03:00,316.35,316.45,316.30,316.45,372
MOEX:MTSS,2021-08-03T13:06:00+03:00,316.40,316.45,316.40,316.40,128
MOEX:MTSS,2021-08-03T13:07:00+03:00,316.45,316.45,316.40,316.40,215
MOEX:MTSS,2021-08-03T13:08:00+03:00,316.40,316.45,316.30,316.40,44
MOEX:MTSS,2021-08-03T13:09:00+03:00,316.40,316.40,316.35,316.35,85
MOEX:MTSS,2021-08-03T13:10:00+03:00,316.35,316.45,316.35,316.45,135
MOEX:MTSS,2021-08-03T13:11:00+03:00,316.35,316.40,316.30,316.35,144
MOEX:MTSS,2021-08-03T13:12:00+03:00,316.30,316.35,316.30,316.35,301
MOEX:MTSS,2021-08-03T13:13:00+03:00,316.40,316.55,316.35,316.55,248
MOEX:MTSS,2021-08-03T13:14:00+03:00,316.45,316.55,316.45,316.55,8
MOEX:MTSS,2021-08-03T13:15:00+03:00,316.50,316.50,316.40,316.40,75
MOEX:MTSS,2021-08-03T13:16:00+03:00,316.45,316.55,316.40,316.40,244
MOEX:MTSS,2021-08-03T13:17:00+03:00,316.55,316.55,316.40,316.55,15
MOEX:MTSS,2021-08-03T13:18:00+03:00,316.50,316.55,316.50,316.50,176
MOEX:MTSS,2021-08-03T13:19:00+03:00,316.50,316.50,316.40,316.45,48
MOEX:MTSS,2021-08-03T13:20:00+03:00,316.45,316.50,316.45,316.50,79
MOEX:MTSS,2021-08-03T13:21:00+03:00,316.40,316.50,316.40,316.50,14
MOEX:MTSS,2021-08-03T13:22:00+03:00,316.50,316.50,316.45,316.50,30
MOEX:MTSS,2021-08-03T13:23:00+03:00,316.50,316.50,316.45,316.50,61
MOEX:MTSS,2021-08-03T13:24:00+03:00,316.50,316.50,316.45,316.50,25
MOEX:MTSS,2021-08-03T13:25:00+03:00,316.50,316.50,316.45,316.45,126
MOEX:MTSS,2021-08-03T13:26:00+03:00,316.50,316.50,316.45,316.45,5
MOEX:MTSS,2021-08-03T13:27:00+03:00,316.50,316.50,316.45,316.50,80
MOEX:MTSS,2021-08-03T13:28:00+03:00,316.50,316.50,316.45,316.45,168
MOEX:MTSS,2021-08-03T13:29:00+03:00,316.45,316.50,316.45,316.50,262
MOEX:MTSS,2021-08-03T13:30:00+03:00,316.55,316.55,316.50,316.55,221
MOEX:MTSS,2021-08-03T13:31:00+03:00,316.50,316.55,316.50,316.55,53
MOEX:MTSS,2021-08-03T13:32:00+03:00,316.55,316.65,316.50,316.65,186
MOEX:MTSS,2021-08-03T13:33:00+03:00,316.60,316.60,316.50,316.60,122
MOEX:MTSS,2021-08-03T13:34:00+03:00,316.50,316.60,316.50,316.50,24
MOEX:MTSS,2021-08-03T13:35:00+03:00,316.50,316.55,316.50,316.55,794
MOEX:MTSS,2021-08-03T13:36:00+03:00,316.55,316.55,316.50,316.55,48
MOEX:MTSS,2021-08-03T13:37:00+03:00,316.55,316.55,316.55,316.55,111
MOEX:MTSS,2021-08-03T13:38:00+03:00,316.50,316.55,316.50,316.50,163
MOEX:MTSS,2021-08-03T13:39:00+03:00,316.55,316.55,316.45,316.55,58
MOEX:MTSS,2021-08-03T13:40:00+03:00,316.55,316.55,316.45,316.55,116
MOEX:MTSS,2021-08-03T13:41:00+03:00,316.55,316.55,316.45,316.55,18
MOEX:MTSS,2021-08-03T13:42:00+03:00,316.55,316.55,316.45,316.55,121
MOEX:MTSS,2021-08-03T13:43:00+03:00,316.50,316.55,316.45,316.55,75
MOEX:MTSS,2021-08-03T13:44:00+03:00,316.55,316.55,316.45,316.55,43
MOEX:MTSS,2021-08-03T13:45:00+03:00,316.50,316.60,316.45,316.60,353
MOEX:MTSS,2021-08-03T13:46:00+03:00,316.60,316.60,316.45,316.60,18
MOEX:MTSS,2021-08-03T13:47:00+03:00,316.55,316.55,316.55,316.55,47
MOEX:MTSS,2021-08-03T13:48:00+03:00,316.50,316.70,316.50,316.70,205
MOEX:MTSS,2021-08-03T13:49:00+03:00,316.70,316.70,316.55,316.65,98
MOEX:MTSS,2021-08-03T13:50:00+03:00,316.65,316.65,316.60,316.65,90
MOEX:MTSS,2021-08-03T13:51:00+03:00,316.65,316.65,316.60,316.65,82
MOEX:MTSS,2021-08-03T13:52:00+03:00,316.65,316.65,316.50,316.60,128
MOEX:MTSS,2021-08-03T13:53:00+03:00,316.60,316.60,316.60,316.60,63
MOEX:MTSS,2021-08-03T13:54:00+03:00,316.60,316.65,316.55,316.60,261
MOEX:MTSS,2021-08-03T13:55:00+03:00,316.55,316.60,316.55,316.60,92
MOEX:MTSS,2021-08-03T13:56:00+03:00,316.70,316.70,316.70,316.70,18
MOEX:MTSS,2021-08-03T13:57:00+03:00,316.70,316.70,316.55,316.55,104
MOEX:MTSS,2021-08-03T13:58:00+03:00,316.55,316.75,316.55,316.75,96
MOEX:MTSS,2021-08-03T13:59:00+03:00,316.75,316.75,316.60,316.70,99
MOEX:MTSS,2021-08-03T14:00:00+03:00,316.60,316.75,316.60,316.75,108
MOEX:MTSS,2021-08-03T14:01:00+03:00,316.70,316.75,316.60,316.70,45
MOEX:MTSS,2021-08-03T14:02:00+03:00,316.70,316.75,316.70,316.70,43
MOEX:MTSS,2021-08-03T14:03:00+03:00,316.70,316.75,316.70,316.75,30
MOEX:MTSS,2021-08-03T14:04:00+03:00,316.75,316.80,316.70,316.80,518
MOEX:MTSS,2021-08-03T14:05:00+03:00,316.75,316.90,316.75,316.80,337
MOEX:MTSS,2021-08-03T14:06:00+03:00,316.85,316.90,316.85,316.90,113
MOEX:MTSS,2021-08-03T14:07:00+03:00,316.90,316.90,316.85,316.85,45
MOEX:MTSS,2021-08-03T14:08:00+03:00,316.90,316.90,316.85,316.90,51
MOEX:MTSS,2021-08-03T14:09:00+03:00,316.90,316.90,316.80,316.80,300
MOEX:MTSS,2021-08-03T14:10:00+03:00,316.90,316.90,316.80,316.85,256
MOEX:MTSS,2021-08-03T14:11:00+03:00,316.85,316.85,316.80,316.85,59
MOEX:MTSS,2021-08-03T14:12:00+03:00,316.85,316.90,316.85,316.90,86
MOEX:MTSS,2021-08-03T14:13:00+03:00,316.90,316.90,316.85,316.85,107
MOEX:MTSS,2021-08-03T14:14:00+03:00,316.85,316.90,316.80,316.80,837
MOEX:MTSS,2021-08-03T14:15:00+03:00,316.90,316.90,316.80,316.85,19
MOEX:MTSS,2021-08-03T14:16:00+03:00,316.80,316.85,316.80,316.85,86
MOEX:MTSS,2021-08-03T14:17:00+03:00,316.80,316.85,316.80,316.85,27
MOEX:MTSS,2021-08-03T14:18:00+03:00,316.80,316.85,316.80,316.85,11
MOEX:MTSS,2021-08-03T14:19:00+03:00,316.80,316.85,316.80,316.80,75
MOEX:MTSS,2021-08-03T14:20:00+03:00,316.80,317.00,316.80,316.85,1346
MOEX:MTSS,2021-08-03T14:21:00+03:00,316.80,316.90,316.75,316.80,72
MOEX:MTSS,2021-08-03T14:22:00+03:00,316.85,316.85,316.80,316.85,31
MOEX:MTSS,2021-08-03T14:23:00+03:00,316.80,316.80,316.75,316.80,115
MOEX:MTSS,2021-08-03T14:24:00+03:00,316.75,316.80,316.75,316.80,10
MOEX:MTSS,2021-08-03T14:25:00+03:00,316.80,316.80,316.75,316.75,117
MOEX:MTSS,2021-08-03T14:26:00+03:00,316.75,316.85,316.75,316.75,241
MOEX:MTSS,2021-08-03T14:27:00+03:00,316.75,316.85,316.75,316.75,158
MOEX:MTSS,2021-08-03T14:28:00+03:00,316.75,316.90,316.75,316.75,5
MOEX:MTSS,2021-08-03T14:29:00+03:00,316.90,316.90,316.75,316.75,140
MOEX:MTSS,2021-08-03T14:30:00+03:00,316.75,316.90,316.75,316.75,117
MOEX:MTSS,2021-08-03T14:31:00+03:00,316.90,316.90,316.75,316.90,50
MOEX:MTSS,2021-08-03T14:32:00+03:00,316.90,316.90,316.90,316.90,8
MOEX:MTSS,2021-08-03T14:33:00+03:00,316.80,316.85,316.70,316.75,368
MOEX:MTSS,2021-08-03T14:34:00+03:00,316.85,316.85,316.75,316.75,129
MOEX:MTSS,2021-08-03T14:35:00+03:00,316.75,316.85,316.70,316.85,91
MOEX:MTSS,2021-08-03T14:36:00+03:00,316.80,316.85,316.75,316.75,10
MOEX:MTSS,2021-08-03T14:37:00+03:00,316.85,316.90,316.70,316.80,108
MOEX:MTSS,2021-08-03T14:38:00+03:00,316.80,316.85,316.60,316.60,787
MOEX:MTSS,2021-08-03T14:39:00+03:00,316.65,316.70,316.60,316.65,147
MOEX:MTSS,2021-08-03T14:40:00+03:00,316.70,316.70,316.60,316.65,185
MOEX:MTSS,2021-08-03T14:41:00+03:00,316.65,316.65,316.60,316.60,69
MOEX:MTSS,2021-08-03T14:42:00+03:00,316.65,316.65,316.60,316.60,35
MOEX:MTSS,2021-08-03T14:43:00+03:00,316.60,316.60,316.55,316.55,48
MOEX:MTSS,2021-08-03T14:44:00+03:00,316.60,316.60,316.55,316.60,13
MOEX:MTSS,2021-08-03T14:45:00+03:00,316.55,316.60,316.55,316.55,100
MOEX:MTSS,2021-08-03T14:46:00+03:00,316.55,316.60,316.50,316.60,159
MOEX:MTSS,2021-08-03T14:47:00+03:00,316.50,316.60,316.50,316.55,180
MOEX:MTSS,2021-08-03T14:48:00+03:00,316.50,316.55,316.50,316.55,50
MOEX:MTSS,2021-08-03T14:49:00+03:00,316.55,316.55,316.50,316.55,105
MOEX:MTSS,2021-08-03T14:50:00+03:00,316.50,316.55,316.50,316.50,14
MOEX:MTSS,2021-08-03T14:51:00+03:00,316.55,316.60,316.50,316.55,673
MOEX:MTSS,2021-08-03T14:52:00+03:00,316.55,316.55,316.35,316.50,1105
MOEX:MTSS,2021-08-03T14:53:00+03:00,316.35,316.50,316.35,316.40,93
MOEX:MTSS,2021-08-03T14:54:00+03:00,316.40,316.40,316.35,316.40,154
MOEX:MTSS,2021-08-03T14:55:00+03:00,316.50,316.60,316.50,316.60,338
MOEX:MTSS,2021-08-03T14:56:00+03:00,316.60,316.60,316.50,316.60,51
MOEX:MTSS,2021-08-03T14:57:00+03:00,316.60,316.60,316.50,316.55,74
MOEX:MTSS,2021-08-03T14:58:00+03:00,316.55,316.55,316.50,316.55,43
MOEX:MTSS,2021-08-03T14:59:00+03:00,316.55,316.55,316.50,316.50,75
MOEX:MTSS,2021-08-03T15:00:00+03:00,316.45,316.55,316.45,316.50,158
MOEX:MTSS,2021-08-03T15:01:00+03:00,316.50,316.50,316.45,316.50,27
MOEX:MTSS,2021-08-03T15:02:00+03:00,316.45,316.50,316.45,316.50,329
MOEX:MTSS,2021-08-03T15:03:00+03:00,316.45,316.50,316.45,316.50,78
MOEX:MTSS,2021-08-03T15:04:00+03:00,316.50,316.50,316.45,316.50,62
MOEX:MTSS,2021-08-03T15:05:00+03:00,316.50,316.50,316.40,316.45,250
MOEX:MTSS,2021-08-03T15:06:00+03:00,316.45,316.50,316.30,316.40,627
MOEX:MTSS,2021-08-03T15:07:00+03:00,316.40,316.50,316.40,316.40,86
MOEX:MTSS,2021-08-03T15:08:00+03:00,316.50,316.50,316.30,316.45,276
MOEX:MTSS,2021-08-03T15:09:00+03:00,316.30,316.45,316.30,316.45,75
MOEX:MTSS,2021-08-03T15:10:00+03:00,316.45,316.50,316.35,316.50,238
MOEX:MTSS,2021-08-03T15:11:00+03:00,316.50,316.50,316.40,316.50,112
MOEX:MTSS,2021-08-03T15:12:00+03:00,316.50,316.55,316.50,316.55,26
MOEX:MTSS,2021-08-03T15:13:00+03:00,316.55,316.65,316.50,316.60,216
MOEX:MTSS,2021-08-03T15:14:00+03:00,316.60,316.60,316.55,316.60,99
MOEX:MTSS,2021-08-03T15:15:00+03:00,316.60,316.65,316.35,316.35,453
MOEX:MTSS,2021-08-03T15:16:00+03:00,316.45,316.45,316.35,316.35,90
MOEX:MTSS,2021-08-03T15:17:00+03:00,316.45,316.45,316.35,316.45,116
MOEX:MTSS,2021-08-03T15:18:00+03:00,316.45,316.45,316.45,316.45,14
MOEX:MTSS,2021-08-03T15:19:00+03:00,316.45,316.50,316.40,316.50,83
MOEX:MTSS,2021-08-03T15:20:00+03:00,316.40,316.50,316.25,316.40,724
MOEX:MTSS,2021-08-03T15:21:00+03:00,316.40,316.50,316.30,316.45,82
MOEX:MTSS,2021-08-03T15:22:00+03:00,316.45,316.50,316.40,316.50,331
MOEX:MTSS,2021-08-03T15:23:00+03:00,316.45,316.45,316.40,316.40,10
MOEX:MTSS,2021-08-03T15:24:00+03:00,316.40,316.45,316.40,316.45,87
MOEX:MTSS,2021-08-03T15:25:00+03:00,316.45,316.50,316.40,316.50,34
MOEX:MTSS,2021-08-03T15:26:00+03:00,316.50,316.60,316.40,316.50,91
MOEX:MTSS,2021-08-03T15:27:00+03:00,316.50,316.50,316.40,316.50,4
MOEX:MTSS,2021-08-03T15:28:00+03:00,316.45,316.50,316.45,316.45,44
MOEX:MTSS,2021-08-03T15:29:00+03:00,316.50,316.50,316.40,316.40,36
MOEX:MTSS,2021-08-03T15:30:00+03:00,316.50,316.50,316.40,316.50,20
MOEX:MTSS,2021-08-03T15:31:00+03:00,316.40,316.50,316.40,316.40,94
MOEX:MTSS,2021-08-03T15:32:00+03:00,316.50,316.50,316.45,316.50,70
MOEX:MTSS,2021-08-03T15:33:00+03:00,316.50,316.50,316.45,316.50,60
MOEX:MTSS,2021-08-03T15:34:00+03:00,316.50,316.50,316.45,316.50,96
MOEX:MTSS,2021-08-03T15:35:00+03:00,316.50,316.50,316.30,316.45,322
MOEX:MTSS,2021-08-03T15:36:00+03:00,316.35,316.45,316.35,316.45,54
MOEX:MTSS,2021-08-03T15:37:00+03:00,316.35,316.45,316.35,316.45,27
MOEX:MTSS,2021-08-03T15:38:00+03:00,316.45,316.45,316.35,316.45,156
MOEX:MTSS,2021-08-03T15:39:00+03:00,316.40,316.50,316.40,316.50,139
MOEX:MTSS,2021-08-03T15:40:00+03:00,316.45,316.50,316.40,316.50,300
MOEX:MTSS,2021-08-03T15:41:00+03:00,316.50,316.50,316.40,316.50,1578
MOEX:MTSS,2021-08-03T15:42:00+03:00,316.50,316.50,316.35,316.35,549
MOEX:MTSS,2021-08-03T15:43:00+03:00,316.45,316.45,316.30,316.40,994
MOEX:MTSS,2021-08-03T15:44:00+03:00,316.45,316.50,316.35,316.35,1197
MOEX:MTSS,2021-08-03T15:45:00+03:00,316.45,316.50,316.10,316.25,4727
MOEX:MTSS,2021-08-03T15:46:00+03:00,316.30,316.45,316.25,316.45,1024
MOEX:MTSS,2021-08-03T15:47:00+03:00,316.45,316.50,316.35,316.35,625
MOEX:MTSS,2021-08-03T15:48:00+03:00,316.40,316.45,316.35,316.45,715
MOEX:MTSS,2021-08-03T15:49:00+03:00,316.45,316.50,316.30,316.30,791
MOEX:MTSS,2021-08-03T15:50:00+03:00,316.25,316.40,316.25,316.40,633
MOEX:MTSS,2021-08-03T15:51:00+03:00,316.40,316.50,316.35,316.35,1357
MOEX:MTSS,2021-08-03T15:52:00+03:00,316.50,316.55,316.45,316.50,768
MOEX:MTSS,2021-08-03T15:53:00+03:00,316.50,316.55,316.45,316.55,125
MOEX:MTSS,2021-08-03T15:54:00+03:00,316.55,316.55,316.45,316.45,588
MOEX:MTSS,2021-08-03T15:55:00+03:00,316.45,316.45,316.30,316.45,132
MOEX:MTSS,2021-08-03T15:56:00+03:00,316.45,316.70,316.30,316.50,1742
MOEX:MTSS,2021-08-03T15:57:00+03:00,316.35,316.45,316.35,316.35,39
MOEX:MTSS,2021-08-03T15:58:00+03:00,316.45,316.45,316.35,316.45,44
MOEX:MTSS,2021-08-03T15:59:00+03:00,316.35,316.45,316.30,316.35,115
MOEX:MTSS,2021-08-03T16:00:00+03:00,316.30,316.35,316.25,316.30,299
MOEX:MTSS,2021-08-03T16:01:00+03:00,316.25,316.30,316.20,316.30,259
MOEX:MTSS,2021-08-03T16:02:00+03:00,316.25,316.40,316.25,316.40,331
MOEX:MTSS,2021-08-03T16:03:00+03:00,316.35,316.35,316.25,316.35,63
MOEX:MTSS,2021-08-03T16:04:00+03:00,316.35,316.35,316.25,316.30,27
MOEX:MTSS,2021-08-03T16:05:00+03:00,316.30,316.30,316.20,316.25,194
MOEX:MTSS,2021-08-03T16:06:00+03:00,316.15,316.25,316.15,316.25,330
MOEX:MTSS,2021-08-03T16:07:00+03:00,316.20,316.30,316.15,316.25,292
MOEX:MTSS,2021-08-03T16:08:00+03:00,316.25,316.25,316.25,316.25,28
MOEX:MTSS,2021-08-03T16:09:00+03:00,316.20,316.25,316.15,316.25,254
MOEX:MTSS,2021-08-03T16:10:00+03:00,316.25,316.25,316.10,316.25,548
MOEX:MTSS,2021-08-03T16:11:00+03:00,316.15,316.25,316.10,316.25,215
MOEX:MTSS,2021-08-03T16:12:00+03:00,316.10,316.25,316.10,316.10,435
MOEX:MTSS,2021-08-03T16:13:00+03:00,316.05,316.20,316.05,316.20,212
MOEX:MTSS,2021-08-03T16:14:00+03:00,316.20,316.45,316.10,316.30,1278
MOEX:MTSS,2021-08-03T16:15:00+03:00,316.30,316.40,316.30,316.30,37
MOEX:MTSS,2021-08-03T16:16:00+03:00,316.35,316.40,316.05,316.05,434
MOEX:MTSS,2021-08-03T16:17:00+03:00,316.15,316.30,316.10,316.20,187
MOEX:MTSS,2021-08-03T16:18:00+03:00,316.30,316.30,316.15,316.20,76
MOEX:MTSS,2021-08-03T16:19:00+03:00,316.25,316.25,316.15,316.20,149
MOEX:MTSS,2021-08-03T16:20:00+03:00,316.25,316.25,316.20,316.20,18
MOEX:MTSS,2021-08-03T16:21:00+03:00,316.20,316.25,316.15,316.25,151
MOEX:MTSS,2021-08-03T16:22:00+03:00,316.25,316.25,316.20,316.20,2
MOEX:MTSS,2021-08-03T16:23:00+03:00,316.20,316.25,316.15,316.20,126
MOEX:MTSS,2021-08-03T16:24:00+03:00,316.20,316.20,316.15,316.20,165
MOEX:MTSS,2021-08-03T16:25:00+03:00,316.20,316.25,316.15,316.25,211
MOEX:MTSS,2021-08-03T16:26:00+03:00,316.25,316.25,316.20,316.20,15
MOEX:MTSS,2021-08-03T16:27:00+03:00,316.20,316.25,316.15,316.20,188
MOEX:MTSS,2021-08-03T16:28:00+03:00,316.15,316.20,316.15,316.20,325
MOEX:MTSS,2021-08-03T16:29:00+03:00,316.20,316.30,315.90,316.30,12142
MOEX:MTSS,2021-08-03T16:30:00+03:00,316.30,317.10,316.30,316.95,9376
MOEX:MTSS,2021-08-03T16:31:00+03:00,316.85,317.10,316.80,316.85,2181
MOEX:MTSS,2021-08-03T16:32:00+03:00,316.85,316.95,316.75,316.80,351
MOEX:MTSS,2021-08-03T16:33:00+03:00,316.75,316.75,316.50,316.50,1636
MOEX:MTSS,2021-08-03T16:34:00+03:00,316.65,316.95,316.50,316.90,936
MOEX:MTSS,2021-08-03T16:35:00+03:00,316.90,316.90,316.75,316.85,638
MOEX:MTSS,2021-08-03T16:36:00+03:00,316.85,317.00,316.85,316.95,637
MOEX:MTSS,2021-08-03T16:37:00+03:00,316.85,316.85,316.60,316.60,187
MOEX:MTSS,2021-08-03T16:38:00+03:00,316.60,316.80,316.55,316.55,694
MOEX:MTSS,2021-08-03T16:39:00+03:00,316.60,316.65,316.45,316.45,332
MOEX:MTSS,2021-08-03T16:40:00+03:00,316.50,316.50,316.25,316.35,496
MOEX:MTSS,2021-08-03T16:41:00+03:00,316.25,316.50,316.25,316.40,523
MOEX:MTSS,2021-08-03T16:42:00+03:00,316.40,316.65,316.40,316.65,263
MOEX:MTSS,2021-08-03T16:43:00+03:00,316.65,316.65,316.35,316.35,611
MOEX:MTSS,2021-08-03T16:44:00+03:00,316.45,316.45,316.35,316.45,32
MOEX:MTSS,2021-08-03T16:45:00+03:00,316.35,316.40,316.35,316.35,12
MOEX:MTSS,2021-08-03T16:46:00+03:00,316.30,316.40,316.20,316.20,411
MOEX:MTSS,2021-08-03T16:47:00+03:00,316.40,316.40,316.25,316.35,811
MOEX:MTSS,2021-08-03T16:48:00+03:00,316.20,316.35,316.15,316.30,619
MOEX:MTSS,2021-08-03T16:49:00+03:00,316.20,316.35,316.20,316.25,240
MOEX:MTSS,2021-08-03T16:50:00+03:00,316.25,316.25,316.15,316.25,245
MOEX:MTSS,2021-08-03T16:51:00+03:00,316.20,316.25,316.15,316.25,302
MOEX:MTSS,2021-08-03T16:52:00+03:00,316.30,316.30,316.10,316.20,464
MOEX:MTSS,2021-08-03T16:53:00+03:00,316.15,316.40,316.15,316.40,616
MOEX:MTSS,2021-08-03T16:54:00+03:00,316.40,316.40,316.20,316.25,156
MOEX:MTSS,2021-08-03T16:55:00+03:00,316.25,316.25,316.05,316.15,650
MOEX:MTSS,2021-08-03T16:56:00+03:00,316.20,316.30,316.15,316.25,17
MOEX:MTSS,2021-08-03T16:57:00+03:00,316.25,316.25,316.00,316.00,450
MOEX:MTSS,2021-08-03T16:58:00+03:00,316.00,316.10,316.00,316.10,645
MOEX:MTSS,2021-08-03T16:59:00+03:00,316.10,316.20,316.00,316.05,370
MOEX:MTSS,2021-08-03T17:00:00+03:00,316.15,316.25,316.05,316.25,309
MOEX:MTSS,2021-08-03T17:01:00+03:00,316.30,316.30,316.10,316.25,667
MOEX:MTSS,2021-08-03T17:02:00+03:00,316.10,316.30,316.10,316.30,160
MOEX:MTSS,2021-08-03T17:03:00+03:00,316.30,316.30,316.20,316.20,72
MOEX:MTSS,2021-08-03T17:04:00+03:00,316.20,316.30,316.10,316.30,421
MOEX:MTSS,2021-08-03T17:05:00+03:00,316.25,316.30,316.15,316.30,115
MOEX:MTSS,2021-08-03T17:06:00+03:00,316.20,316.25,316.20,316.25,133
MOEX:MTSS,2021-08-03T17:07:00+03:00,316.25,316.30,316.20,316.20,89
MOEX:MTSS,2021-08-03T17:08:00+03:00,316.20,316.20,316.15,316.20,451
MOEX:MTSS,2021-08-03T17:09:00+03:00,316.30,316.30,316.25,316.25,9
MOEX:MTSS,2021-08-03T17:10:00+03:00,316.25,316.30,316.20,316.20,170
MOEX:MTSS,2021-08-03T17:11:00+03:00,316.20,316.30,316.20,316.20,8
MOEX:MTSS,2021-08-03T17:12:00+03:00,316.20,316.30,316.15,316.20,203
MOEX:MTSS,2021-08-03T17:13:00+03:00,316.30,316.30,316.20,316.30,65
MOEX:MTSS,2021-08-03T17:14:00+03:00,316.30,316.30,316.20,316.25,418
MOEX:MTSS,2021-08-03T17:15:00+03:00,316.25,316.25,316.20,316.20,43
MOEX:MTSS,2021-08-03T17:16:00+03:00,316.25,316.40,316.20,316.40,441
MOEX:MTSS,2021-08-03T17:17:00+03:00,316.35,316.35,316.25,316.35,54
MOEX:MTSS,2021-08-03T17:18:00+03:00,316.25,316.35,316.25,316.25,86
MOEX:MTSS,2021-08-03T17:19:00+03:00,316.35,316.40,316.25,316.40,749
MOEX:MTSS,2021-08-03T17:20:00+03:00,316.30,316.30,316.25,316.30,318
MOEX:MTSS,2021-08-03T17:21:00+03:00,316.25,316.30,316.25,316.25,125
MOEX:MTSS,2021-08-03T17:22:00+03:00,316.25,316.30,316.20,316.25,156
MOEX:MTSS,2021-08-03T17:23:00+03:00,316.25,316.25,316.20,316.20,120
MOEX:MTSS,2021-08-03T17:24:00+03:00,316.25,316.30,316.20,316.30,459
MOEX:MTSS,2021-08-03T17:25:00+03:00,316.25,316.30,316.25,316.30,111
MOEX:MTSS,2021-08-03T17:26:00+03:00,316.30,316.30,316.15,316.25,158
MOEX:MTSS,2021-08-03T17:27:00+03:00,316.25,316.25,316.15,316.25,170
MOEX:MTSS,2021-08-03T17:28:00+03:00,316.15,316.30,316.15,316.25,1162
MOEX:MTSS,2021-08-03T17:29:00+03:00,316.25,316.25,316.15,316.25,234
MOEX:MTSS,2021-08-03T17:30:00+03:00,316.25,316.25,316.15,316.25,85
MOEX:MTSS,2021-08-03T17:31:00+03:00,316.15,316.30,316.15,316.25,202
MOEX:MTSS,2021-08-03T17:32:00+03:00,316.25,316.25,316.20,316.20,120
MOEX:MTSS,2021-08-03T17:33:00+03:00,316.15,316.20,316.15,316.20,357
MOEX:MTSS,2021-08-03T17:34:00+03:00,316.15,316.20,316.10,316.15,187
MOEX:MTSS,2021-08-03T17:35:00+03:00,316.10,316.15,316.10,316.10,241
MOEX:MTSS,2021-08-03T17:36:00+03:00,316.15,316.15,316.10,316.15,178
MOEX:MTSS,2021-08-03T17:37:00+03:00,316.10,316.15,316.10,316.15,93
MOEX:MTSS,2021-08-03T17:38:00+03:00,316.15,316.20,316.10,316.20,201
MOEX:MTSS,2021-08-03T17:39:00+03:00,316.15,316.15,316.05,316.10,154
MOEX:MTSS,2021-08-03T17:40:00+03:00,316.05,316.10,316.05,316.10,142
MOEX:MTSS,2021-08-03T17:41:00+03:00,316.10,316.10,316.05,316.10,16
MOEX:MTSS,2021-08-03T17:42:00+03:00,316.10,316.15,316.10,316.15,150
MOEX:MTSS,2021-08-03T17:43:00+03:00,316.15,316.20,316.15,316.15,112
MOEX:MTSS,2021-08-03T17:44:00+03:00,316.15,316.20,316.15,316.15,104
MOEX:MTSS,2021-08-03T17:45:00+03:00,316.15,316.20,316.15,316.20,15
MOEX:MTSS,2021-08-03T17:46:00+03:00,316.20,316.20,316.15,316.15,52
MOEX:MTSS,2021-08-03T17:47:00+03:00,316.20,316.20,316.15,316.15,28
MOEX:MTSS,2021-08-03T17:48:00+03:00,316.15,316.20,316.15,316.20,67
MOEX:MTSS,2021-08-03T17:49:00+03:00,316.15,316.20,316.15,316.20,8
MOEX:MTSS,2021-08-03T17:50:00+03:00,316.20,316.20,316.20,316.20,60
MOEX:MTSS,2021-08-03T17:51:00+03:00,316.20,316.20,316.20,316.20,26
MOEX:MTSS,2021-08-03T17:52:00+03:00,316.20,316.20,316.15,316.20,13
MOEX:MTSS,2021-08-03T17:53:00+03:00,316.15,316.20,316.15,316.20,244
MOEX:MTSS,2021-08-03T17:54:00+03:00,316.20,316.20,316.20,316.20,42
MOEX:MTSS,2021-08-03T17:55:00+03:00,316.10,316.20,316.05,316.05,630
MOEX:MTSS,2021-08-03T17:56:00+03:00,316.15,316.15,316.05,316.10,94
MOEX:MTSS,2021-08-03T17:57:00+03:00,316.15,316.20,316.15,316.20,92
MOEX:MTSS,2021-08-03T17:58:00+03:00,316.20,316.20,316.10,316.15,97
MOEX:MTSS,2021-08-03T17:59:00+03:00,316.15,316.15,316.05,316.05,74
MOEX:MTSS,2021-08-03T18:00:00+03:00,316.15,316.20,316.15,316.15,1262
MOEX:MTSS,2021-08-03T18:01:00+03:00,316.20,316.20,316.15,316.20,392
MOEX:MTSS,2021-08-03T18:02:00+03:00,316.20,316.20,315.95,316.10,5772
MOEX:MTSS,2021-08-03T18:03:00+03:00,316.10,316.15,316.00,316.00,172
MOEX:MTSS,2021-08-03T18:04:00+03:00,316.10,316.10,316.00,316.00,25
MOEX:MTSS,2021-08-03T18:05:00+03:00,315.95,316.00,315.95,316.00,136
MOEX:MTSS,2021-08-03T18:06:00+03:00,316.00,316.20,316.00,316.05,718
MOEX:MTSS,2021-08-03T18:07:00+03:00,316.05,316.15,316.05,316.10,30
MOEX:MTSS,2021-08-03T18:08:00+03:00,316.10,316.10,316.05,316.10,260
MOEX:MTSS,2021-08-03T18:09:00+03:00,316.05,316.05,316.00,316.05,171
MOEX:MTSS,2021-08-03T18:10:00+03:00,316.05,316.15,316.00,316.00,719
MOEX:MTSS,2021-08-03T18:11:00+03:00,316.10,316.15,316.10,316.10,409
MOEX:MTSS,2021-08-03T18:12:00+03:00,316.15,316.20,316.00,316.00,1441
MOEX:MTSS,2021-08-03T18:13:00+03:00,316.00,316.20,316.00,316.20,734
MOEX:MTSS,2021-08-03T18:14:00+03:00,316.10,316.10,316.05,316.10,189
MOEX:MTSS,2021-08-03T18:15:00+03:00,316.05,316.20,316.05,316.05,765
MOEX:MTSS,2021-08-03T18:16:00+03:00,316.15,316.25,316.05,316.10,1124
MOEX:MTSS,2021-08-03T18:17:00+03:00,316.05,316.15,316.00,316.00,541
MOEX:MTSS,2021-08-03T18:18:00+03:00,316.00,316.20,315.95,315.95,1889
MOEX:MTSS,2021-08-03T18:19:00+03:00,316.00,316.15,315.90,316.00,2273
MOEX:MTSS,2021-08-03T18:20:00+03:00,315.95,316.00,315.95,316.00,472
MOEX:MTSS,2021-08-03T18:21:00+03:00,316.00,316.10,315.95,316.00,484
MOEX:MTSS,2021-08-03T18:22:00+03:00,316.00,316.15,315.95,316.00,670
MOEX:MTSS,2021-08-03T18:23:00+03:00,316.05,316.15,316.00,316.15,780
MOEX:MTSS,2021-08-03T18:24:00+03:00,316.00,316.10,315.95,316.10,1000
MOEX:MTSS,2021-08-03T18:25:00+03:00,316.00,316.00,315.95,316.00,201
MOEX:MTSS,2021-08-03T18:26:00+03:00,315.95,316.10,315.95,316.10,239
MOEX:MTSS,2021-08-03T18:27:00+03:00,316.10,316.25,316.05,316.05,54
MOEX:MTSS,2021-08-03T18:28:00+03:00,316.05,316.15,316.05,316.05,260
MOEX:MTSS,2021-08-03T18:29:00+03:00,316.05,316.15,316.05,316.05,170
MOEX:MTSS,2021-08-03T18:30:00+03:00,316.15,316.15,316.05,316.05,107
MOEX:MTSS,2021-08-03T18:31:00+03:00,316.05,316.10,316.00,316.10,340
MOEX:MTSS,2021-08-03T18:32:00+03:00,316.10,316.25,316.00,316.20,453
MOEX:MTSS,2021-08-03T18:33:00+03:00,316.20,316.20,316.05,316.10,57
MOEX:MTSS,2021-08-03T18:34:00+03:00,316.10,316.10,316.05,316.05,141
MOEX:MTSS,2021-08-03T18:35:00+03:00,316.05,316.20,316.05,316.10,334
MOEX:MTSS,2021-08-03T18:36:00+03:00,316.20,316.20,316.05,316.05,318
MOEX:MTSS,2021-08-03T18:37:00+03:00,316.15,316.35,316.10,316.20,650
MOEX:MTSS,2021-08-03T18:38:00+03:00,316.20,316.30,316.20,316.25,135
MOEX:MTSS,2021-08-03T18:39:00+03:00,316.25,316.25,315.95,316.00,1995
MOEX:MTSS,2021-08-03T18:45:00+03:00,315.90,315.90,315.90,315.90,2276
MOEX:MTSS,2021-08-03T19:04:00+03:00,316.00,316.00,316.00,316.00,6
MOEX:MTSS,2021-08-03T19:05:00+03:00,316.40,316.40,316.30,316.35,9
MOEX:MTSS,2021-08-03T19:06:00+03:00,316.35,316.50,316.05,316.40,488
MOEX:MTSS,2021-08-03T19:07:00+03:00,316.35,316.40,315.90,316.35,361
MOEX:MTSS,2021-08-03T19:08:00+03:00,316.05,316.45,316.05,316.45,295
MOEX:MTSS,2021-08-03T19:09:00+03:00,316.20,316.40,316.15,316.15,258
MOEX:MTSS,2021-08-03T19:10:00+03:00,316.10,316.35,316.00,316.35,174
MOEX:MTSS,2021-08-03T19:11:00+03:00,316.30,316.40,316.10,316.20,55
MOEX:MTSS,2021-08-03T19:12:00+03:00,316.40,316.40,316.20,316.20,83
MOEX:MTSS,2021-08-03T19:13:00+03:00,316.20,316.35,316.20,316.35,5
MOEX:MTSS,2021-08-03T19:14:00+03:00,316.35,316.35,316.35,316.35,122
MOEX:MTSS,2021-08-03T19:15:00+03:00,316.40,316.40,316.15,316.40,65
MOEX:MTSS,2021-08-03T19:16:00+03:00,316.20,316.40,316.20,316.35,34
MOEX:MTSS,2021-08-03T19:17:00+03:00,316.35,316.40,316.35,316.40,39
MOEX:MTSS,2021-08-03T19:18:00+03:00,316.40,316.40,316.10,316.35,89
MOEX:MTSS,2021-08-03T19:19:00+03:00,316.10,316.35,316.10,316.15,74
MOEX:MTSS,2021-08-03T19:20:00+03:00,316.15,316.35,316.15,316.35,15
MOEX:MTSS,2021-08-03T19:21:00+03:00,316.35,316.35,316.35,316.35,8
MOEX:MTSS,2021-08-03T19:22:00+03:00,316.15,316.35,316.15,316.15,44
MOEX:MTSS,2021-08-03T19:23:00+03:00,316.35,316.35,316.35,316.35,9
MOEX:MTSS,2021-08-03T19:24:00+03:00,316.15,316.25,315.95,316.15,412
MOEX:MTSS,2021-08-03T19:25:00+03:00,316.30,316.30,316.00,316.30,204
MOEX:MTSS,2021-08-03T19:26:00+03:00,316.30,316.35,316.15,316.15,92
MOEX:MTSS,2021-08-03T19:27:00+03:00,316.30,316.40,316.30,316.40,20
MOEX:MTSS,2021-08-03T19:28:00+03:00,316.40,316.45,316.40,316.45,109
MOEX:MTSS,2021-08-03T19:29:00+03:00,316.45,316.45,316.45,316.45,6
MOEX:MTSS,2021-08-03T19:30:00+03:00,316.35,316.45,316.35,316.45,9
MOEX:MTSS,2021-08-03T19:31:00+03:00,316.45,316.45,316.45,316.45,22
MOEX:MTSS,2021-08-03T19:32:00+03:00,316.45,316.45,316.45,316.45,35
MOEX:MTSS,2021-08-03T19:33:00+03:00,316.45,316.45,316.45,316.45,9
MOEX:MTSS,2021-08-03T19:34:00+03:00,316.35,316.45,316.35,316.45,2
MOEX:MTSS,2021-08-03T19:35:00+03:00,316.35,316.45,316.35,316.45,4
MOEX:MTSS,2021-08-03T19:36:00+03:00,316.45,316.45,316.45,316.45,19
MOEX:MTSS,2021-08-03T19:37:00+03:00,316.45,316.45,316.45,316.45,31
MOEX:MTSS,2021-08-03T19:38:00+03:00,316.45,316.45,316.35,316.45,32
MOEX:MTSS,2021-08-03T19:39:00+03:00,316.45,316.50,316.35,316.50,105
MOEX:MTSS,2021-08-03T19:40:00+03:00,316.50,316.50,316.50,316.50,1
MOEX:MTSS,2021-08-03T19:41:00+03:00,316.50,316.50,316.30,316.30,13
MOEX:MTSS,2021-08-03T19:42:00+03:00,316.50,316.50,316.50,316.50,10
MOEX:MTSS,2021-08-03T19:43:00+03:00,316.50,316.50,316.30,316.30,25
MOEX:MTSS,2021-08-03T19:44:00+03:00,316.50,316.50,316.50,316.50,2
MOEX:MTSS,2021-08-03T19:45:00+03:00,316.50,316.50,316.50,316.50,9
MOEX:MTSS,2021-08-03T19:46:00+03:00,316.50,316.50,316.35,316.35,11
MOEX:MTSS,2021-08-03T19:47:00+03:00,316.50,316.50,316.35,316.50,39
MOEX:MTSS,2021-08-03T19:48:00+03:00,316.35,316.50,316.35,316.50,2
MOEX:MTSS,2021-08-03T19:49:00+03:00,316.50,316.50,316.35,316.50,6
MOEX:MTSS,2021-08-03T19:50:00+03:00,316.50,316.50,316.40,316.40,4
MOEX:MTSS,2021-08-03T19:51:00+03:00,316.40,316.45,316.30,316.30,66
MOEX:MTSS,2021-08-03T19:52:00+03:00,316.45,316.45,316.45,316.45,50
MOEX:MTSS,2021-08-03T19:53:00+03:00,316.45,316.45,316.15,316.15,152
MOEX:MTSS,2021-08-03T19:54:00+03:00,316.40,316.40,316.20,316.40,13
MOEX:MTSS,2021-08-03T19:55:00+03:00,316.40,316.40,316.20,316.40,15
MOEX:MTSS,2021-08-03T19:56:00+03:00,316.40,316.40,316.40,316.40,23
MOEX:MTSS,2021-08-03T19:57:00+03:00,316.40,316.45,316.40,316.45,41
MOEX:MTSS,2021-08-03T19:58:00+03:00,316.20,316.40,316.20,316.40,3
MOEX:MTSS,2021-08-03T19:59:00+03:00,316.45,316.45,316.40,316.45,15
MOEX:MTSS,2021-08-03T20:00:00+03:00,316.25,316.40,316.20,316.40,10
MOEX:MTSS,2021-08-03T20:01:00+03:00,316.40,316.40,316.20,316.40,110
MOEX:MTSS,2021-08-03T20:02:00+03:00,316.40,316.45,316.40,316.45,18
MOEX:MTSS,2021-08-03T20:03:00+03:00,316.45,316.45,316.25,316.25,32
MOEX:MTSS,2021-08-03T20:04:00+03:00,316.20,316.40,316.20,316.40,16
MOEX:MTSS,2021-08-03T20:05:00+03:00,316.20,316.40,316.20,316.40,35
MOEX:MTSS,2021-08-03T20:06:00+03:00,316.40,316.40,316.40,316.40,21
MOEX:MTSS,2021-08-03T20:07:00+03:00,316.35,316.35,316.35,316.35,41
MOEX:MTSS,2021-08-03T20:08:00+03:00,316.35,316.40,316.35,316.40,30
MOEX:MTSS,2021-08-03T20:09:00+03:00,316.40,316.40,316.40,316.40,3
MOEX:MTSS,2021-08-03T20:10:00+03:00,316.40,316.40,316.40,316.40,22
MOEX:MTSS,2021-08-03T20:11:00+03:00,316.40,316.40,316.25,316.25,21
MOEX:MTSS,2021-08-03T20:12:00+03:00,316.20,316.40,316.20,316.25,38
MOEX:MTSS,2021-08-03T20:13:00+03:00,316.40,316.45,316.40,316.45,3
MOEX:MTSS,2021-08-03T20:14:00+03:00,316.45,316.45,316.45,316.45,20
MOEX:MTSS,2021-08-03T20:15:00+03:00,316.45,316.45,316.45,316.45,19
MOEX:MTSS,2021-08-03T20:16:00+03:00,316.50,316.50,316.45,316.50,14
MOEX:MTSS,2021-08-03T20:17:00+03:00,316.50,316.50,316.50,316.50,6
MOEX:MTSS,2021-08-03T20:18:00+03:00,316.50,316.50,316.35,316.50,548
MOEX:MTSS,2021-08-03T20:19:00+03:00,316.55,316.55,316.50,316.55,54
MOEX:MTSS,2021-08-03T20:20:00+03:00,316.55,316.55,316.55,316.55,2
MOEX:MTSS,2021-08-03T20:21:00+03:00,316.50,316.55,316.50,316.55,14
MOEX:MTSS,2021-08-03T20:22:00+03:00,316.55,316.55,316.50,316.50,22
MOEX:MTSS,2021-08-03T20:23:00+03:00,316.55,316.55,316.55,316.55,63
MOEX:MTSS,2021-08-03T20:24:00+03:00,316.55,316.55,316.50,316.50,276
MOEX:MTSS,2021-08-03T20:25:00+03:00,316.50,316.55,316.50,316.55,39
MOEX:MTSS,2021-08-03T20:26:00+03:00,316.50,316.55,316.50,316.55,2
MOEX:MTSS,2021-08-03T20:27:00+03:00,316.50,316.50,316.50,316.50,47
MOEX:MTSS,2021-08-03T20:28:00+03:00,316.55,316.55,316.50,316.55,190
MOEX:MTSS,2021-08-03T20:29:00+03:00,316.55,316.55,316.50,316.50,94
MOEX:MTSS,2021-08-03T20:30:00+03:00,316.50,316.50,316.45,316.50,15
MOEX:MTSS,2021-08-03T20:31:00+03:00,316.50,316.65,316.50,316.65,590
MOEX:MTSS,2021-08-03T20:32:00+03:00,316.65,316.65,316.55,316.55,6
MOEX:MTSS,2021-08-03T20:33:00+03:00,316.60,316.75,316.60,316.75,281
MOEX:MTSS,2021-08-03T20:34:00+03:00,316.75,316.75,316.65,316.65,26
MOEX:MTSS,2021-08-03T20:35:00+03:00,316.70,316.75,316.65,316.75,163
MOEX:MTSS,2021-08-03T20:36:00+03:00,316.65,316.70,316.65,316.70,41
MOEX:MTSS,2021-08-03T20:37:00+03:00,316.70,316.70,316.65,316.70,69
MOEX:MTSS,2021-08-03T20:38:00+03:00,316.65,316.70,316.65,316.65,88
MOEX:MTSS,2021-08-03T20:39:00+03:00,316.65,316.65,316.60,316.60,20
MOEX:MTSS,2021-08-03T20:40:00+03:00,316.60,316.70,316.60,316.70,31
MOEX:MTSS,2021-08-03T20:41:00+03:00,316.70,316.75,316.60,316.75,120
MOEX:MTSS,2021-08-03T20:42:00+03:00,316.75,316.75,316.75,316.75,2
MOEX:MTSS,2021-08-03T20:43:00+03:00,316.60,316.70,316.60,316.70,106
MOEX:MTSS,2021-08-03T20:44:00+03:00,316.55,316.70,316.55,316.70,13
MOEX:MTSS,2021-08-03T20:45:00+03:00,316.65,316.65,316.65,316.65,12
MOEX:MTSS,2021-08-03T20:46:00+03:00,316.65,316.65,316.65,316.65,16
MOEX:MTSS,2021-08-03T20:47:00+03:00,316.65,316.75,316.50,316.75,107
MOEX:MTSS,2021-08-03T20:48:00+03:00,316.75,316.75,316.75,316.75,47
MOEX:MTSS,2021-08-03T20:49:00+03:00,316.70,316.75,316.70,316.75,58
MOEX:MTSS,2021-08-03T20:50:00+03:00,316.75,316.75,316.70,316.70,12
MOEX:MTSS,2021-08-03T20:51:00+03:00,316.65,316.65,316.65,316.65,10
MOEX:MTSS,2021-08-03T20:52:00+03:00,316.65,316.65,316.60,316.65,232
MOEX:MTSS,2021-08-03T20:53:00+03:00,316.75,316.75,316.65,316.75,9
MOEX:MTSS,2021-08-03T20:54:00+03:00,316.75,316.75,316.65,316.65,82
MOEX:MTSS,2021-08-03T20:55:00+03:00,316.65,316.65,316.65,316.65,2
MOEX:MTSS,2021-08-03T20:56:00+03:00,316.65,316.65,316.65,316.65,24
MOEX:MTSS,2021-08-03T20:57:00+03:00,316.65,316.70,316.65,316.70,6
MOEX:MTSS,2021-08-03T20:58:00+03:00,316.70,316.75,316.65,316.75,42
MOEX:MTSS,2021-08-03T20:59:00+03:00,316.75,316.75,316.60,316.75,7
MOEX:MTSS,2021-08-03T21:00:00+03:00,316.75,316.75,316.60,316.75,10
MOEX:MTSS,2021-08-03T21:01:00+03:00,316.60,316.60,316.60,316.60,26
MOEX:MTSS,2021-08-03T21:02:00+03:00,316.75,316.75,316.75,316.75,16
MOEX:MTSS,2021-08-03T21:03:00+03:00,316.60,316.75,316.60,316.75,25
MOEX:MTSS,2021-08-03T21:04:00+03:00,316.75,316.90,316.75,316.90,826
MOEX:MTSS,2021-08-03T21:05:00+03:00,316.85,317.00,316.85,316.95,323
MOEX:MTSS,2021-08-03T21:06:00+03:00,316.85,316.95,316.75,316.90,259
MOEX:MTSS,2021-08-03T21:07:00+03:00,316.90,316.90,316.85,316.85,2
MOEX:MTSS,2021-08-03T21:08:00+03:00,316.85,316.90,316.75,316.90,150
MOEX:MTSS,2021-08-03T21:09:00+03:00,316.75,316.85,316.70,316.70,7
MOEX:MTSS,2021-08-03T21:10:00+03:00,316.85,316.85,316.80,316.85,55
MOEX:MTSS,2021-08-03T21:11:00+03:00,316.80,316.80,316.80,316.80,1
MOEX:MTSS,2021-08-03T21:12:00+03:00,316.85,316.90,316.85,316.85,204
MOEX:MTSS,2021-08-03T21:13:00+03:00,316.85,316.85,316.85,316.85,3
MOEX:MTSS,2021-08-03T21:14:00+03:00,316.85,316.85,316.80,316.85,49
MOEX:MTSS,2021-08-03T21:15:00+03:00,316.85,316.85,316.80,316.85,57
MOEX:MTSS,2021-08-03T21:16:00+03:00,316.70,316.80,316.70,316.70,4
MOEX:MTSS,2021-08-03T21:17:00+03:00,316.70,316.80,316.70,316.80,13
MOEX:MTSS,2021-08-03T21:18:00+03:00,316.70,316.80,316.70,316.80,39
MOEX:MTSS,2021-08-03T21:19:00+03:00,316.80,316.80,316.80,316.80,28
MOEX:MTSS,2021-08-03T21:20:00+03:00,316.80,316.80,316.80,316.80,16
MOEX:MTSS,2021-08-03T21:21:00+03:00,316.80,316.80,316.80,316.80,11
MOEX:MTSS,2021-08-03T21:22:00+03:00,316.80,316.80,316.70,316.80,21
MOEX:MTSS,2021-08-03T21:23:00+03:00,316.80,316.80,316.80,316.80,11
MOEX:MTSS,2021-08-03T21:24:00+03:00,316.80,316.80,316.80,316.80,24
MOEX:MTSS,2021-08-03T21:25:00+03:00,316.85,316.85,316.85,316.85,98
MOEX:MTSS,2021-08-03T21:26:00+03:00,316.85,316.85,316.85,316.85,29
MOEX:MTSS,2021-08-03T21:27:00+03:00,316.80,316.85,316.80,316.85,14
MOEX:MTSS,2021-08-03T21:28:00+03:00,316.85,316.85,316.80,316.80,24
MOEX:MTSS,2021-08-03T21:29:00+03:00,316.75,316.75,316.70,316.70,52
MOEX:MTSS,2021-08-03T21:30:00+03:00,316.75,316.85,316.65,316.85,22
MOEX:MTSS,2021-08-03T21:31:00+03:00,316.80,316.85,316.80,316.80,18
MOEX:MTSS,2021-08-03T21:32:00+03:00,316.80,316.80,316.80,316.80,3
MOEX:MTSS,2021-08-03T21:33:00+03:00,316.65,316.80,316.65,316.80,7
MOEX:MTSS,2021-08-03T21:34:00+03:00,316.80,316.85,316.80,316.85,78
MOEX:MTSS,2021-08-03T21:35:00+03:00,316.80,316.85,316.80,316.85,3
MOEX:MTSS,2021-08-03T21:36:00+03:00,316.85,316.85,316.85,316.85,45
MOEX:MTSS,2021-08-03T21:37:00+03:00,316.85,316.85,316.80,316.80,8
MOEX:MTSS,2021-08-03T21:38:00+03:00,316.85,316.85,316.85,316.85,5
MOEX:MTSS,2021-08-03T21:39:00+03:00,316.85,316.85,316.85,316.85,10
MOEX:MTSS,2021-08-03T21:40:00+03:00,316.85,316.85,316.85,316.85,16
MOEX:MTSS,2021-08-03T21:41:00+03:00,316.85,316.85,316.85,316.85,6
MOEX:MTSS,2021-08-03T21:42:00+03:00,316.85,316.85,316.80,316.80,8
MOEX:MTSS,2021-08-03T21:43:00+03:00,316.80,316.80,316.80,316.80,23
MOEX:MTSS,2021-08-03T21:44:00+03:00,316.70,316.80,316.65,316.70,59
MOEX:MTSS,2021-08-03T21:45:00+03:00,316.80,316.80,316.65,316.80,15
MOEX:MTSS,2021-08-03T21:46:00+03:00,316.65,316.80,316.60,316.80,358
MOEX:MTSS,2021-08-03T21:47:00+03:00,316.80,316.80,316.80,316.80,6
MOEX:MTSS,2021-08-03T21:48:00+03:00,316.80,316.80,316.80,316.80,5
MOEX:MTSS,2021-08-03T21:49:00+03:00,316.80,316.85,316.70,316.70,78
MOEX:MTSS,2021-08-03T21:50:00+03:00,316.85,316.85,316.85,316.85,1
MOEX:MTSS,2021-08-03T21:51:00+03:00,316.70,316.85,316.70,316.85,162
MOEX:MTSS,2021-08-03T21:52:00+03:00,316.80,316.85,316.80,316.85,15
MOEX:MTSS,2021-08-03T21:53:00+03:00,316.80,316.80,316.80,316.80,39
MOEX:MTSS,2021-08-03T21:54:00+03:00,316.80,316.80,316.60,316.60,131
MOEX:MTSS,2021-08-03T21:55:00+03:00,316.70,316.70,316.60,316.60,20
MOEX:MTSS,2021-08-03T21:56:00+03:00,316.70,316.80,316.70,316.80,23
MOEX:MTSS,2021-08-03T21:57:00+03:00,316.80,316.85,316.65,316.85,140
MOEX:MTSS,2021-08-03T21:58:00+03:00,316.80,316.85,316.80,316.85,104
MOEX:MTSS,2021-08-03T21:59:00+03:00,316.80,316.80,316.65,316.65,41
MOEX:MTSS,2021-08-03T22:00:00+03:00,316.75,316.75,316.60,316.75,14
MOEX:MTSS,2021-08-03T22:01:00+03:00,316.75,316.75,316.60,316.75,23
MOEX:MTSS,2021-08-03T22:02:00+03:00,316.80,316.80,316.60,316.80,19
MOEX:MTSS,2021-08-03T22:03:00+03:00,316.80,316.85,316.60,316.85,57
MOEX:MTSS,2021-08-03T22:04:00+03:00,316.85,316.85,316.85,316.85,20
MOEX:MTSS,2021-08-03T22:05:00+03:00,316.85,316.85,316.85,316.85,24
MOEX:MTSS,2021-08-03T22:06:00+03:00,316.85,316.85,316.60,316.85,22
MOEX:MTSS,2021-08-03T22:07:00+03:00,316.70,316.85,316.70,316.85,14
MOEX:MTSS,2021-08-03T22:08:00+03:00,316.85,316.85,316.80,316.85,10
MOEX:MTSS,2021-08-03T22:09:00+03:00,316.85,316.85,316.60,316.85,19
MOEX:MTSS,2021-08-03T22:10:00+03:00,316.85,316.85,316.60,316.60,27
MOEX:MTSS,2021-08-03T22:11:00+03:00,316.80,316.80,316.80,316.80,24
MOEX:MTSS,2021-08-03T22:12:00+03:00,316.85,316.85,316.70,316.80,22
MOEX:MTSS,2021-08-03T22:13:00+03:00,316.80,316.85,316.80,316.85,10
MOEX:MTSS,2021-08-03T22:14:00+03:00,316.85,316.85,316.85,316.85,12
MOEX:MTSS,2021-08-03T22:15:00+03:00,316.70,316.85,316.70,316.85,25
MOEX:MTSS,2021-08-03T22:16:00+03:00,316.85,316.85,316.85,316.85,8
MOEX:MTSS,2021-08-03T22:17:00+03:00,316.80,316.85,316.80,316.85,15
MOEX:MTSS,2021-08-03T22:18:00+03:00,316.85,316.85,316.85,316.85,14
MOEX:MTSS,2021-08-03T22:19:00+03:00,316.85,316.85,316.80,316.85,23
MOEX:MTSS,2021-08-03T22:20:00+03:00,316.85,316.95,316.80,316.95,1229
MOEX:MTSS,2021-08-03T22:21:00+03:00,316.95,317.00,316.80,316.95,273
MOEX:MTSS,2021-08-03T22:22:00+03:00,316.80,316.80,316.80,316.80,108
MOEX:MTSS,2021-08-03T22:23:00+03:00,316.80,316.90,316.80,316.90,5
MOEX:MTSS,2021-08-03T22:24:00+03:00,316.90,316.90,316.80,316.80,3
MOEX:MTSS,2021-08-03T22:25:00+03:00,316.90,316.90,316.80,316.80,27
MOEX:MTSS,2021-08-03T22:26:00+03:00,316.90,316.90,316.80,316.90,6
MOEX:MTSS,2021-08-03T22:27:00+03:00,316.90,316.90,316.90,316.90,44
MOEX:MTSS,2021-08-03T22:28:00+03:00,316.90,316.90,316.90,316.90,18
MOEX:MTSS,2021-08-03T22:29:00+03:00,316.90,316.90,316.80,316.80,162
MOEX:MTSS,2021-08-03T22:30:00+03:00,316.80,316.80,316.80,316.80,47
MOEX:MTSS,2021-08-03T22:31:00+03:00,316.80,316.80,316.75,316.75,37
MOEX:MTSS,2021-08-03T22:32:00+03:00,316.75,316.80,316.75,316.80,77
MOEX:MTSS,2021-08-03T22:33:00+03:00,316.80,316.80,316.70,316.80,66
MOEX:MTSS,2021-08-03T22:34:00+03:00,316.80,316.80,316.80,316.80,56
MOEX:MTSS,2021-08-03T22:35:00+03:00,316.80,316.80,316.80,316.80,10
MOEX:MTSS,2021-08-03T22:36:00+03:00,316.80,316.80,316.80,316.80,1
MOEX:MTSS,2021-08-03T22:37:00+03:00,316.80,316.80,316.75,316.75,13
MOEX:MTSS,2021-08-03T22:38:00+03:00,316.80,316.80,316.80,316.80,56
MOEX:MTSS,2021-08-03T22:39:00+03:00,316.80,316.80,316.75,316.75,22
MOEX:MTSS,2021-08-03T22:40:00+03:00,316.80,316.80,316.70,316.80,20
MOEX:MTSS,2021-08-03T22:41:00+03:00,316.80,316.80,316.70,316.80,17
MOEX:MTSS,2021-08-03T22:42:00+03:00,316.80,316.80,316.75,316.80,31
MOEX:MTSS,2021-08-03T22:43:00+03:00,316.80,316.80,316.60,316.80,109
MOEX:MTSS,2021-08-03T22:44:00+03:00,316.80,316.80,316.80,316.80,6
MOEX:MTSS,2021-08-03T22:45:00+03:00,316.80,316.80,316.80,316.80,38
MOEX:MTSS,2021-08-03T22:46:00+03:00,316.80,316.80,316.70,316.70,4
MOEX:MTSS,2021-08-03T22:47:00+03:00,316.80,316.80,316.80,316.80,24
MOEX:MTSS,2021-08-03T22:48:00+03:00,316.80,316.80,316.80,316.80,32
MOEX:MTSS,2021-08-03T22:49:00+03:00,316.80,316.80,316.80,316.80,8
MOEX:MTSS,2021-08-03T22:50:00+03:00,316.80,316.80,316.65,316.65,19
MOEX:MTSS,2021-08-03T22:51:00+03:00,316.65,316.75,316.65,316.75,3
MOEX:MTSS,2021-08-03T22:52:00+03:00,316.75,316.75,316.65,316.65,3
MOEX:MTSS,2021-08-03T22:53:00+03:00,316.75,316.80,316.75,316.80,274
MOEX:MTSS,2021-08-03T22:54:00+03:00,316.75,316.75,316.75,316.75,26
MOEX:MTSS,2021-08-03T22:55:00+03:00,316.80,316.80,316.65,316.80,10
MOEX:MTSS,2021-08-03T22:56:00+03:00,316.80,316.80,316.65,316.80,15
MOEX:MTSS,2021-08-03T22:57:00+03:00,316.80,316.80,316.80,316.80,23
MOEX:MTSS,2021-08-03T22:58:00+03:00,316.80,316.90,316.80,316.90,408
MOEX:MTSS,2021-08-03T22:59:00+03:00,316.90,317.00,316.75,317.00,280
MOEX:MTSS,2021-08-03T23:00:00+03:00,317.00,317.00,316.95,316.95,450
MOEX:MTSS,2021-08-03T23:01:00+03:00,316.95,316.95,316.70,316.70,2
MOEX:MTSS,2021-08-03T23:02:00+03:00,316.90,316.90,316.70,316.80,9
MOEX:MTSS,2021-08-03T23:03:00+03:00,316.80,316.80,316.80,316.80,44
MOEX:MTSS,2021-08-03T23:04:00+03:00,316.80,316.95,316.70,316.70,41
MOEX:MTSS,2021-08-03T23:05:00+03:00,316.90,316.90,316.90,316.90,3
MOEX:MTSS,2021-08-03T23:06:00+03:00,316.90,316.95,316.70,316.95,52
MOEX:MTSS,2021-08-03T23:07:00+03:00,316.95,316.95,316.75,316.95,110
MOEX:MTSS,2021-08-03T23:08:00+03:00,316.95,317.00,316.90,316.90,106
MOEX:MTSS,2021-08-03T23:09:00+03:00,316.95,316.95,316.75,316.95,9
MOEX:MTSS,2021-08-03T23:10:00+03:00,316.95,316.95,316.95,316.95,18
MOEX:MTSS,2021-08-03T23:11:00+03:00,316.95,316.95,316.95,316.95,35
MOEX:MTSS,2021-08-03T23:12:00+03:00,316.75,317.00,316.75,317.00,146
MOEX:MTSS,2021-08-03T23:13:00+03:00,317.05,317.05,317.00,317.05,4
MOEX:MTSS,2021-08-03T23:14:00+03:00,317.05,317.05,317.05,317.05,44
MOEX:MTSS,2021-08-03T23:15:00+03:00,317.00,317.00,316.80,317.00,37
MOEX:MTSS,2021-08-03T23:16:00+03:00,317.00,317.00,317.00,317.00,27
MOEX:MTSS,2021-08-03T23:17:00+03:00,317.00,317.00,316.75,316.75,31
MOEX:MTSS,2021-08-03T23:18:00+03:00,317.00,317.00,316.90,316.90,4
MOEX:MTSS,2021-08-03T23:19:00+03:00,316.80,317.00,316.80,317.00,27
MOEX:MTSS,2021-08-03T23:20:00+03:00,317.00,317.00,316.95,317.00,30
MOEX:MTSS,2021-08-03T23:21:00+03:00,317.00,317.00,316.85,317.00,48
MOEX:MTSS,2021-08-03T23:22:00+03:00,317.00,317.00,316.90,316.90,29
MOEX:MTSS,2021-08-03T23:23:00+03:00,316.90,317.00,316.85,317.00,180
MOEX:MTSS,2021-08-03T23:24:00+03:00,316.80,316.95,316.75,316.95,34
MOEX:MTSS,2021-08-03T23:25:00+03:00,316.95,316.95,316.95,316.95,9
MOEX:MTSS,2021-08-03T23:26:00+03:00,316.95,316.95,316.75,316.95,31
MOEX:MTSS,2021-08-03T23:27:00+03:00,316.75,316.75,316.75,316.75,58
MOEX:MTSS,2021-08-03T23:28:00+03:00,316.95,316.95,316.95,316.95,4
MOEX:MTSS,2021-08-03T23:29:00+03:00,316.95,316.95,316.95,316.95,4
MOEX:MTSS,2021-08-03T23:30:00+03:00,316.95,316.95,316.95,316.95,19
MOEX:MTSS,2021-08-03T23:31:00+03:00,316.95,316.95,316.95,316.95,8
MOEX:MTSS,2021-08-03T23:32:00+03:00,317.00,317.00,317.00,317.00,5
MOEX:MTSS,2021-08-03T23:33:00+03:00,316.95,317.00,316.80,317.00,73
MOEX:MTSS,2021-08-03T23:34:00+03:00,316.80,316.95,316.80,316.95,11
MOEX:MTSS,2021-08-03T23:35:00+03:00,316.95,317.00,316.95,317.00,123
MOEX:MTSS,2021-08-03T23:36:00+03:00,317.00,317.05,317.00,317.05,692
MOEX:MTSS,2021-08-03T23:37:00+03:00,317.05,317.05,317.05,317.05,23
MOEX:MTSS,2021-08-03T23:38:00+03:00,317.00,317.00,316.90,316.90,7
MOEX:MTSS,2021-08-03T23:39:00+03:00,316.90,317.05,316.90,317.05,25
MOEX:MTSS,2021-08-03T23:40:00+03:00,317.00,317.00,317.00,317.00,11
MOEX:MTSS,2021-08-03T23:41:00+03:00,317.00,317.00,317.00,317.00,19
MOEX:MTSS,2021-08-03T23:42:00+03:00,317.00,317.00,317.00,317.00,1
MOEX:MTSS,2021-08-03T23:43:00+03:00,317.00,317.00,317.00,317.00,28
MOEX:MTSS,2021-08-03T23:44:00+03:00,317.00,317.00,316.90,317.00,180
MOEX:MTSS,2021-08-03T23:45:00+03:00,317.00,317.00,317.00,317.00,356
MOEX:MTSS,2021-08-03T23:47:00+03:00,317.00,317.05,317.00,317.05,348
MOEX:MTSS,2021-08-03T23:48:00+03:00,317.05,317.10,317.00,317.00,374
MOEX:MTSS,2021-08-03T23:49:00+03:00,317.00,317.30,317.00,317.30,2069
