MOEX:VKCO,2022-11-15T10:00:00+03:00,522.2,525.6,522.2,524.0,6016
MOEX:VKCO,2022-11-15T10:01:00+03:00,523.6,524.0,523.0,523.8,523
MOEX:VKCO,2022-11-15T10:02:00+03:00,523.2,523.8,522.0,522.8,2785
MOEX:VKCO,2022-11-15T10:03:00+03:00,522.8,523.0,522.0,522.6,2933
MOEX:VKCO,2022-11-15T10:04:00+03:00,523.0,523.0,522.2,522.8,447
MOEX:VKCO,2022-11-15T10:05:00+03:00,522.8,523.6,522.0,523.6,3781
MOEX:VKCO,2022-11-15T10:06:00+03:00,523.8,524.4,523.6,524.4,2762
MOEX:VKCO,2022-11-15T10:07:00+03:00,524.4,525.0,524.4,524.6,4808
MOEX:VKCO,2022-11-15T10:08:00+03:00,525.0,525.8,524.8,525.8,3663
MOEX:VKCO,2022-11-15T10:09:00+03:00,525.8,526.8,525.4,526.6,6620
MOEX:VKCO,2022-11-15T10:10:00+03:00,526.6,527.6,526.4,527.6,7163
MOEX:VKCO,2022-11-15T10:11:00+03:00,527.6,528.0,527.0,527.8,3101
MOEX:VKCO,2022-11-15T10:12:00+03:00,527.8,528.4,527.6,528.4,3235
MOEX:VKCO,2022-11-15T10:13:00+03:00,528.4,528.6,528.2,528.4,5082
MOEX:VKCO,2022-11-15T10:14:00+03:00,528.2,528.6,527.4,527.6,6194
MOEX:VKCO,2022-11-15T10:15:00+03:00,527.8,527.8,526.4,526.4,4906
MOEX:VKCO,2022-11-15T10:16:00+03:00,526.4,526.8,526.0,526.6,2166
MOEX:VKCO,2022-11-15T10:17:00+03:00,526.6,526.8,526.0,526.0,1316
MOEX:VKCO,2022-11-15T10:18:00+03:00,526.2,526.2,525.4,525.6,3200
MOEX:VKCO,2022-11-15T10:19:00+03:00,525.8,526.8,525.8,526.6,2203
MOEX:VKCO,2022-11-15T10:20:00+03:00,526.6,527.0,526.4,526.4,2091
MOEX:VKCO,2022-11-15T10:21:00+03:00,526.8,526.8,526.0,526.0,466
MOEX:VKCO,2022-11-15T10:22:00+03:00,526.4,526.4,525.0,525.4,13191
MOEX:VKCO,2022-11-15T10:23:00+03:00,525.4,525.4,524.8,525.0,10934
MOEX:VKCO,2022-11-15T10:24:00+03:00,525.0,525.8,524.8,525.6,1414
MOEX:VKCO,2022-11-15T10:25:00+03:00,525.4,526.6,525.4,526.6,2886
MOEX:VKCO,2022-11-15T10:26:00+03:00,526.4,526.4,526.0,526.2,685
MOEX:VKCO,2022-11-15T10:27:00+03:00,526.4,526.8,523.8,524.0,7646
MOEX:VKCO,2022-11-15T10:28:00+03:00,524.0,525.6,524.0,524.4,1742
MOEX:VKCO,2022-11-15T10:29:00+03:00,524.6,525.0,523.6,525.0,2502
MOEX:VKCO,2022-11-15T10:30:00+03:00,525.0,525.0,524.2,524.2,1507
MOEX:VKCO,2022-11-15T10:31:00+03:00,524.2,525.0,524.2,525.0,644
MOEX:VKCO,2022-11-15T10:32:00+03:00,524.6,525.0,524.6,525.0,204
MOEX:VKCO,2022-11-15T10:33:00+03:00,525.0,525.0,524.6,525.0,1352
MOEX:VKCO,2022-11-15T10:34:00+03:00,525.0,525.6,525.0,525.4,664
MOEX:VKCO,2022-11-15T10:35:00+03:00,525.6,525.6,524.8,524.8,1440
MOEX:VKCO,2022-11-15T10:36:00+03:00,524.6,524.8,524.6,524.6,417
MOEX:VKCO,2022-11-15T10:37:00+03:00,524.4,524.8,524.4,524.6,1275
MOEX:VKCO,2022-11-15T10:38:00+03:00,524.6,524.6,522.0,522.8,10458
MOEX:VKCO,2022-11-15T10:39:00+03:00,522.6,523.0,521.8,522.2,3341
MOEX:VKCO,2022-11-15T10:40:00+03:00,522.0,523.0,522.0,522.6,2994
MOEX:VKCO,2022-11-15T10:41:00+03:00,522.8,522.8,522.0,522.6,2937
MOEX:VKCO,2022-11-15T10:42:00+03:00,522.6,522.6,522.2,522.2,236
MOEX:VKCO,2022-11-15T10:43:00+03:00,522.4,522.4,522.0,522.4,1295
MOEX:VKCO,2022-11-15T10:44:00+03:00,522.2,522.8,522.2,522.6,1524
MOEX:VKCO,2022-11-15T10:45:00+03:00,522.8,522.8,522.0,522.4,2961
MOEX:VKCO,2022-11-15T10:46:00+03:00,522.4,522.4,522.2,522.2,702
MOEX:VKCO,2022-11-15T10:47:00+03:00,522.4,522.4,522.0,522.0,1076
MOEX:VKCO,2022-11-15T10:48:00+03:00,522.0,522.2,522.0,522.0,1784
MOEX:VKCO,2022-11-15T10:49:00+03:00,522.0,522.2,520.4,520.4,15437
MOEX:VKCO,2022-11-15T10:50:00+03:00,520.8,520.8,517.0,518.8,32635
MOEX:VKCO,2022-11-15T10:51:00+03:00,518.6,519.0,518.4,518.6,6362
MOEX:VKCO,2022-11-15T10:52:00+03:00,518.8,519.4,518.6,519.0,3179
MOEX:VKCO,2022-11-15T10:53:00+03:00,519.4,519.4,519.0,519.2,580
MOEX:VKCO,2022-11-15T10:54:00+03:00,519.0,520.0,519.0,519.8,1956
MOEX:VKCO,2022-11-15T10:55:00+03:00,519.8,521.2,519.8,521.2,1877
MOEX:VKCO,2022-11-15T10:56:00+03:00,521.2,521.4,520.8,521.0,1855
MOEX:VKCO,2022-11-15T10:57:00+03:00,521.0,521.0,519.6,519.6,3969
MOEX:VKCO,2022-11-15T10:58:00+03:00,519.4,520.0,519.2,519.4,1729
MOEX:VKCO,2022-11-15T10:59:00+03:00,519.2,519.4,518.8,518.8,1250
MOEX:VKCO,2022-11-15T11:00:00+03:00,519.2,519.4,518.6,519.4,1866
MOEX:VKCO,2022-11-15T11:01:00+03:00,519.4,520.0,519.2,519.4,1380
MOEX:VKCO,2022-11-15T11:02:00+03:00,519.8,520.0,519.8,519.8,402
MOEX:VKCO,2022-11-15T11:03:00+03:00,520.0,520.0,519.4,519.8,2134
MOEX:VKCO,2022-11-15T11:04:00+03:00,520.0,520.6,520.0,520.4,1409
MOEX:VKCO,2022-11-15T11:05:00+03:00,520.4,520.4,519.8,519.8,2298
MOEX:VKCO,2022-11-15T11:06:00+03:00,519.8,520.4,519.8,520.4,583
MOEX:VKCO,2022-11-15T11:07:00+03:00,520.4,521.0,520.2,520.2,1891
MOEX:VKCO,2022-11-15T11:08:00+03:00,520.0,520.2,520.0,520.0,582
MOEX:VKCO,2022-11-15T11:09:00+03:00,520.2,520.8,519.2,519.2,3069
MOEX:VKCO,2022-11-15T11:10:00+03:00,519.2,519.6,519.2,519.4,680
MOEX:VKCO,2022-11-15T11:11:00+03:00,519.6,519.6,519.0,519.0,649
MOEX:VKCO,2022-11-15T11:12:00+03:00,519.2,519.2,519.0,519.2,1730
MOEX:VKCO,2022-11-15T11:13:00+03:00,519.2,519.6,519.2,519.6,1053
MOEX:VKCO,2022-11-15T11:14:00+03:00,519.4,519.6,518.8,519.0,6181
MOEX:VKCO,2022-11-15T11:15:00+03:00,519.0,519.0,518.2,518.8,7283
MOEX:VKCO,2022-11-15T11:16:00+03:00,518.6,518.8,518.4,518.4,1276
MOEX:VKCO,2022-11-15T11:17:00+03:00,518.6,518.6,518.0,518.2,2845
MOEX:VKCO,2022-11-15T11:18:00+03:00,518.2,518.2,517.0,517.2,7428
MOEX:VKCO,2022-11-15T11:19:00+03:00,517.4,517.4,515.4,516.0,13156
MOEX:VKCO,2022-11-15T11:20:00+03:00,516.0,516.0,511.4,513.6,30895
MOEX:VKCO,2022-11-15T11:21:00+03:00,513.2,514.2,512.8,513.4,8404
MOEX:VKCO,2022-11-15T11:22:00+03:00,513.4,513.4,511.2,512.6,8280
MOEX:VKCO,2022-11-15T11:23:00+03:00,512.6,514.2,511.6,512.4,21946
MOEX:VKCO,2022-11-15T11:24:00+03:00,512.4,514.8,512.0,513.2,12211
MOEX:VKCO,2022-11-15T11:25:00+03:00,512.8,513.0,511.8,512.0,11031
MOEX:VKCO,2022-11-15T11:26:00+03:00,511.6,512.2,510.6,511.2,12435
MOEX:VKCO,2022-11-15T11:27:00+03:00,511.0,511.6,506.2,509.6,32170
MOEX:VKCO,2022-11-15T11:28:00+03:00,508.8,509.8,508.2,509.8,9464
MOEX:VKCO,2022-11-15T11:29:00+03:00,509.6,512.2,509.6,510.4,32585
MOEX:VKCO,2022-11-15T11:30:00+03:00,510.8,510.8,509.4,509.4,5720
MOEX:VKCO,2022-11-15T11:31:00+03:00,509.4,513.0,509.4,513.0,9632
MOEX:VKCO,2022-11-15T11:32:00+03:00,513.0,513.4,512.2,512.4,6122
MOEX:VKCO,2022-11-15T11:33:00+03:00,512.2,512.6,512.2,512.6,723
MOEX:VKCO,2022-11-15T11:34:00+03:00,512.6,513.8,512.4,513.8,4365
MOEX:VKCO,2022-11-15T11:35:00+03:00,513.4,514.2,513.0,513.8,10219
MOEX:VKCO,2022-11-15T11:36:00+03:00,513.4,513.8,513.4,513.4,1964
MOEX:VKCO,2022-11-15T11:37:00+03:00,513.4,513.6,512.6,513.0,2675
MOEX:VKCO,2022-11-15T11:38:00+03:00,513.2,513.2,512.4,512.4,970
MOEX:VKCO,2022-11-15T11:39:00+03:00,512.4,512.8,512.2,512.8,1313
MOEX:VKCO,2022-11-15T11:40:00+03:00,512.4,513.0,511.6,512.0,5597
MOEX:VKCO,2022-11-15T11:41:00+03:00,512.2,512.2,511.6,512.0,724
MOEX:VKCO,2022-11-15T11:42:00+03:00,512.0,513.8,511.8,513.4,6453
MOEX:VKCO,2022-11-15T11:43:00+03:00,513.4,513.4,512.6,513.0,710
MOEX:VKCO,2022-11-15T11:44:00+03:00,513.2,513.2,513.0,513.0,752
MOEX:VKCO,2022-11-15T11:45:00+03:00,513.2,513.2,513.0,513.2,2155
MOEX:VKCO,2022-11-15T11:46:00+03:00,513.0,513.2,513.0,513.0,654
MOEX:VKCO,2022-11-15T11:47:00+03:00,512.8,513.0,512.6,512.8,1382
MOEX:VKCO,2022-11-15T11:48:00+03:00,512.8,513.0,512.0,512.0,2936
MOEX:VKCO,2022-11-15T11:49:00+03:00,512.0,512.0,511.4,511.6,497
MOEX:VKCO,2022-11-15T11:50:00+03:00,511.6,511.8,510.8,510.8,1366
MOEX:VKCO,2022-11-15T11:51:00+03:00,511.0,511.0,510.4,510.4,3907
MOEX:VKCO,2022-11-15T11:52:00+03:00,510.4,511.0,510.2,510.4,2963
MOEX:VKCO,2022-11-15T11:53:00+03:00,510.6,510.6,508.6,508.8,10105
MOEX:VKCO,2022-11-15T11:54:00+03:00,508.8,509.0,507.0,507.0,9953
MOEX:VKCO,2022-11-15T11:55:00+03:00,507.0,509.2,507.0,509.2,7771
MOEX:VKCO,2022-11-15T11:56:00+03:00,509.0,509.8,509.0,509.6,2283
MOEX:VKCO,2022-11-15T11:57:00+03:00,509.6,509.8,509.0,509.0,1997
MOEX:VKCO,2022-11-15T11:58:00+03:00,509.6,509.6,508.0,508.4,3207
MOEX:VKCO,2022-11-15T11:59:00+03:00,508.6,508.6,508.0,508.2,1580
MOEX:VKCO,2022-11-15T12:00:00+03:00,508.6,508.8,508.2,508.8,1338
MOEX:VKCO,2022-11-15T12:01:00+03:00,509.0,510.2,508.2,510.2,11492
MOEX:VKCO,2022-11-15T12:02:00+03:00,510.2,511.0,510.2,510.6,1209
MOEX:VKCO,2022-11-15T12:03:00+03:00,510.6,512.0,510.6,511.6,5067
MOEX:VKCO,2022-11-15T12:04:00+03:00,511.6,512.0,511.6,511.8,2491
MOEX:VKCO,2022-11-15T12:05:00+03:00,511.8,511.8,511.6,511.6,665
MOEX:VKCO,2022-11-15T12:06:00+03:00,511.6,511.6,511.0,511.2,1571
MOEX:VKCO,2022-11-15T12:07:00+03:00,511.0,511.4,510.6,511.4,1659
MOEX:VKCO,2022-11-15T12:08:00+03:00,511.6,511.6,511.0,511.0,318
MOEX:VKCO,2022-11-15T12:09:00+03:00,511.0,511.0,510.6,510.6,248
MOEX:VKCO,2022-11-15T12:10:00+03:00,510.6,510.8,510.6,510.8,308
MOEX:VKCO,2022-11-15T12:11:00+03:00,510.8,511.0,510.6,510.8,2610
MOEX:VKCO,2022-11-15T12:12:00+03:00,510.8,510.8,510.4,510.4,1134
MOEX:VKCO,2022-11-15T12:13:00+03:00,510.2,511.0,510.2,510.4,195
MOEX:VKCO,2022-11-15T12:14:00+03:00,510.6,511.0,510.4,511.0,107
MOEX:VKCO,2022-11-15T12:15:00+03:00,511.0,511.0,510.4,510.8,1225
MOEX:VKCO,2022-11-15T12:16:00+03:00,510.6,510.6,510.2,510.6,713
MOEX:VKCO,2022-11-15T12:17:00+03:00,510.4,510.6,510.2,510.6,551
MOEX:VKCO,2022-11-15T12:18:00+03:00,510.6,510.8,510.4,510.6,290
MOEX:VKCO,2022-11-15T12:19:00+03:00,510.4,510.6,510.0,510.0,6068
MOEX:VKCO,2022-11-15T12:20:00+03:00,510.0,510.0,508.8,508.8,2435
MOEX:VKCO,2022-11-15T12:21:00+03:00,508.8,509.0,508.2,508.2,368
MOEX:VKCO,2022-11-15T12:22:00+03:00,508.2,508.4,507.4,508.0,5377
MOEX:VKCO,2022-11-15T12:23:00+03:00,508.0,508.0,507.6,507.8,1143
MOEX:VKCO,2022-11-15T12:24:00+03:00,507.8,508.0,507.2,507.2,2746
MOEX:VKCO,2022-11-15T12:25:00+03:00,507.2,507.2,506.4,506.4,3672
MOEX:VKCO,2022-11-15T12:26:00+03:00,506.8,506.8,506.4,506.6,2798
MOEX:VKCO,2022-11-15T12:27:00+03:00,506.8,507.8,506.6,507.8,4548
MOEX:VKCO,2022-11-15T12:28:00+03:00,508.0,508.6,507.8,508.6,2373
MOEX:VKCO,2022-11-15T12:29:00+03:00,508.6,508.6,507.8,508.0,2425
MOEX:VKCO,2022-11-15T12:30:00+03:00,508.2,509.0,508.0,508.8,3164
MOEX:VKCO,2022-11-15T12:31:00+03:00,508.6,509.4,508.4,509.2,1287
MOEX:VKCO,2022-11-15T12:32:00+03:00,509.0,509.4,509.0,509.4,345
MOEX:VKCO,2022-11-15T12:33:00+03:00,509.6,510.0,509.0,509.8,1888
MOEX:VKCO,2022-11-15T12:34:00+03:00,510.0,510.0,509.8,510.0,639
MOEX:VKCO,2022-11-15T12:35:00+03:00,510.0,511.0,510.0,510.4,4626
MOEX:VKCO,2022-11-15T12:36:00+03:00,510.4,510.4,509.6,509.8,1396
MOEX:VKCO,2022-11-15T12:37:00+03:00,510.2,510.6,509.8,510.4,850
MOEX:VKCO,2022-11-15T12:38:00+03:00,510.4,510.8,510.2,510.8,1390
MOEX:VKCO,2022-11-15T12:39:00+03:00,510.8,510.8,510.4,510.6,2248
MOEX:VKCO,2022-11-15T12:40:00+03:00,510.6,511.8,510.6,511.6,7145
MOEX:VKCO,2022-11-15T12:41:00+03:00,511.8,512.8,511.8,512.8,7500
MOEX:VKCO,2022-11-15T12:42:00+03:00,512.8,512.8,512.4,512.6,1372
MOEX:VKCO,2022-11-15T12:43:00+03:00,512.4,512.8,512.4,512.6,2090
MOEX:VKCO,2022-11-15T12:44:00+03:00,512.6,513.0,512.6,513.0,2527
MOEX:VKCO,2022-11-15T12:45:00+03:00,513.0,513.0,512.6,512.6,1157
MOEX:VKCO,2022-11-15T12:46:00+03:00,512.8,512.8,512.4,512.4,1260
MOEX:VKCO,2022-11-15T12:47:00+03:00,512.2,512.4,511.4,511.8,1109
MOEX:VKCO,2022-11-15T12:48:00+03:00,511.4,511.6,511.4,511.6,366
MOEX:VKCO,2022-11-15T12:49:00+03:00,511.8,511.8,511.4,511.4,251
MOEX:VKCO,2022-11-15T12:50:00+03:00,511.4,511.6,511.4,511.6,38
MOEX:VKCO,2022-11-15T12:51:00+03:00,511.6,511.8,511.6,511.6,41
MOEX:VKCO,2022-11-15T12:52:00+03:00,511.6,511.8,511.6,511.8,129
MOEX:VKCO,2022-11-15T12:53:00+03:00,511.8,511.8,511.6,511.6,32
MOEX:VKCO,2022-11-15T12:54:00+03:00,511.8,511.8,511.6,511.8,453
MOEX:VKCO,2022-11-15T12:55:00+03:00,511.6,511.6,511.2,511.6,741
MOEX:VKCO,2022-11-15T12:56:00+03:00,511.4,511.6,510.8,511.2,2161
MOEX:VKCO,2022-11-15T12:57:00+03:00,511.6,511.6,511.6,511.6,201
MOEX:VKCO,2022-11-15T12:58:00+03:00,511.6,511.6,510.8,510.8,1320
MOEX:VKCO,2022-11-15T12:59:00+03:00,511.4,511.6,511.4,511.6,133
MOEX:VKCO,2022-11-15T13:00:00+03:00,511.6,512.4,511.6,512.4,4048
MOEX:VKCO,2022-11-15T13:01:00+03:00,512.6,513.0,512.6,513.0,951
MOEX:VKCO,2022-11-15T13:02:00+03:00,512.8,513.0,512.6,512.6,959
MOEX:VKCO,2022-11-15T13:03:00+03:00,512.6,512.8,512.6,512.6,101
MOEX:VKCO,2022-11-15T13:04:00+03:00,513.0,513.6,512.2,513.4,4665
MOEX:VKCO,2022-11-15T13:05:00+03:00,513.4,514.4,513.4,514.0,5980
MOEX:VKCO,2022-11-15T13:06:00+03:00,514.2,516.0,514.0,516.0,6944
MOEX:VKCO,2022-11-15T13:07:00+03:00,515.8,517.0,515.8,516.6,9738
MOEX:VKCO,2022-11-15T13:08:00+03:00,517.0,517.4,516.8,517.4,6088
MOEX:VKCO,2022-11-15T13:09:00+03:00,517.2,517.4,516.8,516.8,2576
MOEX:VKCO,2022-11-15T13:10:00+03:00,516.8,517.6,516.4,517.2,3178
MOEX:VKCO,2022-11-15T13:11:00+03:00,517.2,517.2,517.0,517.2,778
MOEX:VKCO,2022-11-15T13:12:00+03:00,517.0,517.4,516.4,516.4,3940
MOEX:VKCO,2022-11-15T13:13:00+03:00,516.4,517.0,516.4,517.0,946
MOEX:VKCO,2022-11-15T13:14:00+03:00,517.0,518.4,517.0,518.4,4965
MOEX:VKCO,2022-11-15T13:15:00+03:00,518.4,518.6,518.0,518.0,3071
MOEX:VKCO,2022-11-15T13:16:00+03:00,518.2,518.2,517.2,517.8,1914
MOEX:VKCO,2022-11-15T13:17:00+03:00,518.0,518.0,517.6,517.6,542
MOEX:VKCO,2022-11-15T13:18:00+03:00,517.8,518.0,517.6,517.6,104
MOEX:VKCO,2022-11-15T13:19:00+03:00,517.8,518.6,517.6,518.4,1992
MOEX:VKCO,2022-11-15T13:20:00+03:00,518.4,518.8,518.4,518.4,1286
MOEX:VKCO,2022-11-15T13:21:00+03:00,518.8,518.8,518.2,518.2,1323
MOEX:VKCO,2022-11-15T13:22:00+03:00,518.2,518.2,517.0,517.4,6730
MOEX:VKCO,2022-11-15T13:23:00+03:00,517.6,518.0,516.2,516.2,5586
MOEX:VKCO,2022-11-15T13:24:00+03:00,516.2,516.6,516.0,516.4,1579
MOEX:VKCO,2022-11-15T13:25:00+03:00,516.6,517.0,516.4,516.8,2714
MOEX:VKCO,2022-11-15T13:26:00+03:00,517.0,517.2,516.8,516.8,1030
MOEX:VKCO,2022-11-15T13:27:00+03:00,516.8,516.8,516.6,516.6,883
MOEX:VKCO,2022-11-15T13:28:00+03:00,516.6,517.4,516.6,517.4,1929
MOEX:VKCO,2022-11-15T13:29:00+03:00,517.0,517.4,516.4,516.4,1495
MOEX:VKCO,2022-11-15T13:30:00+03:00,516.4,517.0,516.4,516.4,537
MOEX:VKCO,2022-11-15T13:31:00+03:00,516.4,516.6,516.4,516.6,30
MOEX:VKCO,2022-11-15T13:32:00+03:00,517.0,517.6,517.0,517.6,647
MOEX:VKCO,2022-11-15T13:33:00+03:00,517.6,517.6,517.2,517.2,1206
MOEX:VKCO,2022-11-15T13:34:00+03:00,517.4,517.4,517.2,517.4,954
MOEX:VKCO,2022-11-15T13:35:00+03:00,517.2,517.4,517.0,517.2,471
MOEX:VKCO,2022-11-15T13:36:00+03:00,517.2,517.4,517.0,517.4,576
MOEX:VKCO,2022-11-15T13:37:00+03:00,517.4,517.8,517.4,517.8,803
MOEX:VKCO,2022-11-15T13:38:00+03:00,517.8,517.8,517.4,517.4,201
MOEX:VKCO,2022-11-15T13:39:00+03:00,517.8,517.8,517.8,517.8,761
MOEX:VKCO,2022-11-15T13:40:00+03:00,517.8,517.8,517.6,517.6,25
MOEX:VKCO,2022-11-15T13:41:00+03:00,517.8,517.8,517.8,517.8,37
MOEX:VKCO,2022-11-15T13:42:00+03:00,518.0,518.6,518.0,518.2,3567
MOEX:VKCO,2022-11-15T13:43:00+03:00,518.4,518.4,518.4,518.4,143
MOEX:VKCO,2022-11-15T13:44:00+03:00,518.2,518.2,517.4,517.4,835
MOEX:VKCO,2022-11-15T13:45:00+03:00,517.4,517.6,517.4,517.6,222
MOEX:VKCO,2022-11-15T13:46:00+03:00,517.8,517.8,517.8,517.8,67
MOEX:VKCO,2022-11-15T13:47:00+03:00,517.8,517.8,517.4,517.4,896
MOEX:VKCO,2022-11-15T13:48:00+03:00,517.4,517.4,516.6,516.6,2801
MOEX:VKCO,2022-11-15T13:49:00+03:00,517.2,517.2,516.2,516.6,768
MOEX:VKCO,2022-11-15T13:50:00+03:00,516.2,516.2,515.0,515.4,5208
MOEX:VKCO,2022-11-15T13:51:00+03:00,515.0,515.4,515.0,515.2,343
MOEX:VKCO,2022-11-15T13:52:00+03:00,515.4,515.4,514.8,515.0,2006
MOEX:VKCO,2022-11-15T13:53:00+03:00,515.2,515.8,515.2,515.8,259
MOEX:VKCO,2022-11-15T13:54:00+03:00,515.4,515.6,515.4,515.4,73
MOEX:VKCO,2022-11-15T13:55:00+03:00,515.4,515.6,514.4,514.4,1252
MOEX:VKCO,2022-11-15T13:56:00+03:00,514.4,514.8,513.0,513.6,3629
MOEX:VKCO,2022-11-15T13:57:00+03:00,513.6,513.6,513.2,513.6,2664
MOEX:VKCO,2022-11-15T13:58:00+03:00,513.6,513.8,513.0,513.6,627
MOEX:VKCO,2022-11-15T13:59:00+03:00,513.4,513.8,513.2,513.8,1210
MOEX:VKCO,2022-11-15T14:00:00+03:00,513.8,513.8,513.0,513.6,2288
MOEX:VKCO,2022-11-15T14:01:00+03:00,513.8,514.4,513.8,514.4,1813
MOEX:VKCO,2022-11-15T14:02:00+03:00,514.4,514.6,514.2,514.4,26
MOEX:VKCO,2022-11-15T14:03:00+03:00,514.4,514.8,514.4,514.8,69
MOEX:VKCO,2022-11-15T14:04:00+03:00,515.0,515.6,515.0,515.2,2593
MOEX:VKCO,2022-11-15T14:05:00+03:00,515.2,515.4,514.4,514.4,1557
MOEX:VKCO,2022-11-15T14:06:00+03:00,514.4,514.4,514.0,514.0,706
MOEX:VKCO,2022-11-15T14:07:00+03:00,514.0,514.0,512.8,513.4,971
MOEX:VKCO,2022-11-15T14:08:00+03:00,513.2,513.8,512.8,513.0,595
MOEX:VKCO,2022-11-15T14:09:00+03:00,513.0,513.2,512.6,512.8,952
MOEX:VKCO,2022-11-15T14:10:00+03:00,512.6,512.8,512.0,512.6,2549
MOEX:VKCO,2022-11-15T14:11:00+03:00,512.6,512.8,511.8,511.8,1371
MOEX:VKCO,2022-11-15T14:12:00+03:00,511.8,512.8,511.6,512.4,2783
MOEX:VKCO,2022-11-15T14:13:00+03:00,512.6,512.6,512.2,512.6,451
MOEX:VKCO,2022-11-15T14:14:00+03:00,512.8,512.8,512.4,512.4,12
MOEX:VKCO,2022-11-15T14:15:00+03:00,512.4,512.4,511.8,511.8,678
MOEX:VKCO,2022-11-15T14:16:00+03:00,511.8,512.4,511.8,512.0,739
MOEX:VKCO,2022-11-15T14:17:00+03:00,512.2,512.6,512.0,512.0,88
MOEX:VKCO,2022-11-15T14:18:00+03:00,512.0,512.0,511.4,511.6,1255
MOEX:VKCO,2022-11-15T14:19:00+03:00,511.6,512.2,511.6,512.2,311
MOEX:VKCO,2022-11-15T14:20:00+03:00,512.2,512.8,512.2,512.8,731
MOEX:VKCO,2022-11-15T14:21:00+03:00,512.6,512.8,512.0,512.2,161
MOEX:VKCO,2022-11-15T14:22:00+03:00,512.2,512.8,512.2,512.2,176
MOEX:VKCO,2022-11-15T14:23:00+03:00,512.6,512.6,512.2,512.2,74
MOEX:VKCO,2022-11-15T14:24:00+03:00,512.2,512.4,512.2,512.2,80
MOEX:VKCO,2022-11-15T14:25:00+03:00,512.2,512.4,512.2,512.2,28
MOEX:VKCO,2022-11-15T14:26:00+03:00,512.2,512.8,512.2,512.8,160
MOEX:VKCO,2022-11-15T14:27:00+03:00,512.8,513.4,512.8,513.4,747
MOEX:VKCO,2022-11-15T14:28:00+03:00,513.6,513.6,513.6,513.6,223
MOEX:VKCO,2022-11-15T14:29:00+03:00,513.6,513.6,513.4,513.4,84
MOEX:VKCO,2022-11-15T14:30:00+03:00,513.8,514.0,513.4,513.4,2505
MOEX:VKCO,2022-11-15T14:31:00+03:00,513.4,513.4,512.8,512.8,552
MOEX:VKCO,2022-11-15T14:32:00+03:00,512.8,513.4,512.8,513.4,55
MOEX:VKCO,2022-11-15T14:33:00+03:00,513.4,513.4,512.8,512.8,79
MOEX:VKCO,2022-11-15T14:35:00+03:00,513.0,513.0,512.8,512.8,7
MOEX:VKCO,2022-11-15T14:36:00+03:00,512.8,512.8,512.4,512.4,1057
MOEX:VKCO,2022-11-15T14:37:00+03:00,512.6,512.6,512.2,512.2,15
MOEX:VKCO,2022-11-15T14:38:00+03:00,512.2,512.2,512.0,512.0,527
MOEX:VKCO,2022-11-15T14:39:00+03:00,512.0,512.0,511.6,511.6,462
MOEX:VKCO,2022-11-15T14:40:00+03:00,511.8,512.4,511.6,512.4,157
MOEX:VKCO,2022-11-15T14:42:00+03:00,512.6,512.6,512.6,512.6,4
MOEX:VKCO,2022-11-15T14:43:00+03:00,512.6,512.8,512.6,512.8,304
MOEX:VKCO,2022-11-15T14:44:00+03:00,512.8,513.2,512.8,513.2,396
MOEX:VKCO,2022-11-15T14:45:00+03:00,513.2,513.4,513.2,513.4,688
MOEX:VKCO,2022-11-15T14:46:00+03:00,513.2,513.2,513.0,513.0,43
MOEX:VKCO,2022-11-15T14:47:00+03:00,513.4,513.6,513.4,513.6,155
MOEX:VKCO,2022-11-15T14:48:00+03:00,513.6,513.6,513.6,513.6,10
MOEX:VKCO,2022-11-15T14:49:00+03:00,513.6,513.6,513.6,513.6,13
MOEX:VKCO,2022-11-15T14:50:00+03:00,513.6,513.6,513.6,513.6,306
MOEX:VKCO,2022-11-15T14:51:00+03:00,513.8,513.8,513.2,513.8,955
MOEX:VKCO,2022-11-15T14:52:00+03:00,513.2,513.2,513.2,513.2,40
MOEX:VKCO,2022-11-15T14:53:00+03:00,513.2,513.2,513.0,513.2,240
MOEX:VKCO,2022-11-15T14:54:00+03:00,513.0,513.2,511.4,512.4,5216
MOEX:VKCO,2022-11-15T14:55:00+03:00,512.4,513.2,511.2,512.6,5849
MOEX:VKCO,2022-11-15T14:56:00+03:00,512.0,512.2,512.0,512.2,79
MOEX:VKCO,2022-11-15T14:57:00+03:00,512.0,512.0,512.0,512.0,29
MOEX:VKCO,2022-11-15T14:58:00+03:00,512.0,512.0,512.0,512.0,15
MOEX:VKCO,2022-11-15T14:59:00+03:00,512.2,512.2,512.2,512.2,2
MOEX:VKCO,2022-11-15T15:00:00+03:00,512.2,512.2,512.0,512.2,56
MOEX:VKCO,2022-11-15T15:01:00+03:00,512.0,512.0,512.0,512.0,8
MOEX:VKCO,2022-11-15T15:02:00+03:00,512.0,512.0,511.8,511.8,449
MOEX:VKCO,2022-11-15T15:03:00+03:00,511.6,512.0,511.6,512.0,192
MOEX:VKCO,2022-11-15T15:04:00+03:00,512.0,512.0,510.2,511.4,5343
MOEX:VKCO,2022-11-15T15:05:00+03:00,511.6,511.8,511.0,511.2,926
MOEX:VKCO,2022-11-15T15:06:00+03:00,511.4,511.8,511.4,511.8,240
MOEX:VKCO,2022-11-15T15:07:00+03:00,511.6,511.8,511.4,511.8,262
MOEX:VKCO,2022-11-15T15:08:00+03:00,511.8,511.8,511.6,511.8,222
MOEX:VKCO,2022-11-15T15:09:00+03:00,511.8,512.2,511.8,512.0,1160
MOEX:VKCO,2022-11-15T15:10:00+03:00,512.0,512.0,512.0,512.0,2
MOEX:VKCO,2022-11-15T15:11:00+03:00,512.2,512.8,512.2,512.8,873
MOEX:VKCO,2022-11-15T15:12:00+03:00,513.0,513.4,512.8,513.2,877
MOEX:VKCO,2022-11-15T15:13:00+03:00,513.4,513.6,513.2,513.6,703
MOEX:VKCO,2022-11-15T15:14:00+03:00,513.6,513.8,513.2,513.8,770
MOEX:VKCO,2022-11-15T15:15:00+03:00,513.4,513.6,513.4,513.4,321
MOEX:VKCO,2022-11-15T15:16:00+03:00,513.4,513.6,513.4,513.4,67
MOEX:VKCO,2022-11-15T15:17:00+03:00,513.6,513.8,513.6,513.6,872
MOEX:VKCO,2022-11-15T15:18:00+03:00,513.6,513.8,513.6,513.8,458
MOEX:VKCO,2022-11-15T15:19:00+03:00,513.6,513.6,513.4,513.4,422
MOEX:VKCO,2022-11-15T15:20:00+03:00,513.4,513.4,512.8,513.0,3057
MOEX:VKCO,2022-11-15T15:21:00+03:00,512.8,513.0,512.8,512.8,330
MOEX:VKCO,2022-11-15T15:22:00+03:00,513.2,513.2,513.0,513.0,125
MOEX:VKCO,2022-11-15T15:23:00+03:00,513.0,513.4,513.0,513.0,145
MOEX:VKCO,2022-11-15T15:25:00+03:00,513.2,513.4,513.2,513.4,32
MOEX:VKCO,2022-11-15T15:26:00+03:00,513.0,513.0,513.0,513.0,10
MOEX:VKCO,2022-11-15T15:27:00+03:00,513.4,513.4,513.0,513.4,26
MOEX:VKCO,2022-11-15T15:28:00+03:00,513.4,513.4,513.4,513.4,50
MOEX:VKCO,2022-11-15T15:29:00+03:00,513.2,513.6,513.2,513.6,475
MOEX:VKCO,2022-11-15T15:30:00+03:00,513.6,513.6,513.6,513.6,70
MOEX:VKCO,2022-11-15T15:31:00+03:00,513.4,513.4,513.2,513.4,33
MOEX:VKCO,2022-11-15T15:32:00+03:00,513.6,513.6,513.6,513.6,85
MOEX:VKCO,2022-11-15T15:33:00+03:00,513.2,513.2,513.2,513.2,73
MOEX:VKCO,2022-11-15T15:34:00+03:00,513.4,513.4,513.2,513.2,74
MOEX:VKCO,2022-11-15T15:35:00+03:00,513.2,513.2,513.0,513.0,1025
MOEX:VKCO,2022-11-15T15:36:00+03:00,513.0,513.0,512.4,512.6,1141
MOEX:VKCO,2022-11-15T15:37:00+03:00,512.6,513.0,512.4,513.0,147
MOEX:VKCO,2022-11-15T15:38:00+03:00,512.8,512.8,512.4,512.4,105
MOEX:VKCO,2022-11-15T15:39:00+03:00,512.4,512.4,512.4,512.4,1
MOEX:VKCO,2022-11-15T15:40:00+03:00,512.6,512.6,512.6,512.6,10
MOEX:VKCO,2022-11-15T15:41:00+03:00,512.6,512.8,512.6,512.8,237
MOEX:VKCO,2022-11-15T15:42:00+03:00,512.8,513.0,512.6,512.6,25
MOEX:VKCO,2022-11-15T15:43:00+03:00,512.6,512.6,512.6,512.6,60
MOEX:VKCO,2022-11-15T15:44:00+03:00,512.8,512.8,512.6,512.6,855
MOEX:VKCO,2022-11-15T15:45:00+03:00,512.8,512.8,512.8,512.8,3
MOEX:VKCO,2022-11-15T15:46:00+03:00,512.8,512.8,512.8,512.8,4
MOEX:VKCO,2022-11-15T15:47:00+03:00,512.6,512.8,511.0,511.0,8550
MOEX:VKCO,2022-11-15T15:48:00+03:00,511.0,511.8,511.0,511.4,222
MOEX:VKCO,2022-11-15T15:49:00+03:00,511.8,511.8,511.6,511.6,105
MOEX:VKCO,2022-11-15T15:50:00+03:00,511.4,511.6,511.2,511.6,601
MOEX:VKCO,2022-11-15T15:51:00+03:00,511.2,511.2,511.2,511.2,131
MOEX:VKCO,2022-11-15T15:52:00+03:00,511.2,511.4,510.6,510.8,2585
MOEX:VKCO,2022-11-15T15:53:00+03:00,511.4,511.4,510.6,510.6,1384
MOEX:VKCO,2022-11-15T15:54:00+03:00,510.6,510.8,510.6,510.8,53
MOEX:VKCO,2022-11-15T15:55:00+03:00,510.6,511.0,510.6,511.0,291
MOEX:VKCO,2022-11-15T15:56:00+03:00,511.0,511.2,511.0,511.2,120
MOEX:VKCO,2022-11-15T15:57:00+03:00,511.0,511.4,510.6,511.4,828
MOEX:VKCO,2022-11-15T15:58:00+03:00,511.2,511.2,510.0,510.0,2984
MOEX:VKCO,2022-11-15T15:59:00+03:00,510.8,511.0,510.8,510.8,70
MOEX:VKCO,2022-11-15T16:00:00+03:00,511.2,511.4,510.0,510.0,2495
MOEX:VKCO,2022-11-15T16:01:00+03:00,510.2,510.2,510.0,510.0,8
MOEX:VKCO,2022-11-15T16:02:00+03:00,510.6,511.2,510.6,510.8,190
MOEX:VKCO,2022-11-15T16:03:00+03:00,510.6,510.6,510.2,510.2,37
MOEX:VKCO,2022-11-15T16:04:00+03:00,510.8,510.8,510.4,510.8,37
MOEX:VKCO,2022-11-15T16:05:00+03:00,510.8,510.8,510.0,510.0,1535
MOEX:VKCO,2022-11-15T16:06:00+03:00,510.4,510.4,510.4,510.4,2
MOEX:VKCO,2022-11-15T16:07:00+03:00,510.2,510.4,510.2,510.4,82
MOEX:VKCO,2022-11-15T16:08:00+03:00,510.2,510.6,510.0,510.6,835
MOEX:VKCO,2022-11-15T16:09:00+03:00,510.2,510.2,510.2,510.2,300
MOEX:VKCO,2022-11-15T16:10:00+03:00,510.4,510.4,510.4,510.4,22
MOEX:VKCO,2022-11-15T16:11:00+03:00,510.6,510.6,510.6,510.6,10
MOEX:VKCO,2022-11-15T16:12:00+03:00,510.8,511.6,510.8,511.2,1749
MOEX:VKCO,2022-11-15T16:13:00+03:00,511.0,511.0,511.0,511.0,99
MOEX:VKCO,2022-11-15T16:14:00+03:00,511.4,511.4,510.8,511.2,813
MOEX:VKCO,2022-11-15T16:15:00+03:00,510.8,511.2,510.8,510.8,159
MOEX:VKCO,2022-11-15T16:16:00+03:00,510.8,511.0,510.4,510.8,1865
MOEX:VKCO,2022-11-15T16:17:00+03:00,511.2,511.6,511.2,511.6,661
MOEX:VKCO,2022-11-15T16:18:00+03:00,511.4,511.4,511.4,511.4,51
MOEX:VKCO,2022-11-15T16:19:00+03:00,511.4,511.4,511.2,511.2,16
MOEX:VKCO,2022-11-15T16:20:00+03:00,511.4,511.4,511.2,511.2,20
MOEX:VKCO,2022-11-15T16:21:00+03:00,511.2,511.2,511.2,511.2,1
MOEX:VKCO,2022-11-15T16:22:00+03:00,511.2,511.8,511.2,511.6,433
MOEX:VKCO,2022-11-15T16:23:00+03:00,511.6,512.0,511.6,511.8,529
MOEX:VKCO,2022-11-15T16:24:00+03:00,511.8,512.0,511.6,511.6,1043
MOEX:VKCO,2022-11-15T16:25:00+03:00,511.6,512.2,511.6,512.0,2585
MOEX:VKCO,2022-11-15T16:26:00+03:00,512.0,512.0,511.8,512.0,1332
MOEX:VKCO,2022-11-15T16:27:00+03:00,511.6,511.8,511.4,511.8,167
MOEX:VKCO,2022-11-15T16:28:00+03:00,511.4,513.2,511.4,512.2,5446
MOEX:VKCO,2022-11-15T16:29:00+03:00,512.2,512.4,512.2,512.4,82
MOEX:VKCO,2022-11-15T16:30:00+03:00,512.4,512.6,512.4,512.4,436
MOEX:VKCO,2022-11-15T16:31:00+03:00,512.6,513.2,512.2,513.2,1388
MOEX:VKCO,2022-11-15T16:32:00+03:00,512.6,513.2,512.6,513.2,1589
MOEX:VKCO,2022-11-15T16:33:00+03:00,513.2,513.4,513.0,513.4,441
MOEX:VKCO,2022-11-15T16:34:00+03:00,513.2,513.4,513.0,513.2,221
MOEX:VKCO,2022-11-15T16:35:00+03:00,513.2,513.8,513.2,513.4,3048
MOEX:VKCO,2022-11-15T16:36:00+03:00,513.6,513.6,513.6,513.6,5
MOEX:VKCO,2022-11-15T16:37:00+03:00,513.2,513.2,512.8,513.0,317
MOEX:VKCO,2022-11-15T16:38:00+03:00,512.8,513.0,512.4,512.4,685
MOEX:VKCO,2022-11-15T16:39:00+03:00,512.4,512.4,509.6,511.0,21061
MOEX:VKCO,2022-11-15T16:40:00+03:00,510.6,511.0,510.6,510.8,305
MOEX:VKCO,2022-11-15T16:41:00+03:00,510.8,511.0,510.8,511.0,304
MOEX:VKCO,2022-11-15T16:42:00+03:00,510.6,511.2,510.6,510.8,1446
MOEX:VKCO,2022-11-15T16:43:00+03:00,510.8,511.2,510.6,511.2,528
MOEX:VKCO,2022-11-15T16:44:00+03:00,510.8,511.4,510.6,511.2,646
MOEX:VKCO,2022-11-15T16:45:00+03:00,511.0,511.0,510.2,510.2,1656
MOEX:VKCO,2022-11-15T16:46:00+03:00,510.0,510.4,510.0,510.4,23
MOEX:VKCO,2022-11-15T16:47:00+03:00,510.4,510.4,510.4,510.4,56
MOEX:VKCO,2022-11-15T16:48:00+03:00,510.4,510.4,510.2,510.2,8
MOEX:VKCO,2022-11-15T16:49:00+03:00,510.0,510.6,510.0,510.4,332
MOEX:VKCO,2022-11-15T16:50:00+03:00,510.8,510.8,510.2,510.2,249
MOEX:VKCO,2022-11-15T16:51:00+03:00,510.4,511.2,510.2,511.2,2199
MOEX:VKCO,2022-11-15T16:52:00+03:00,511.2,511.6,511.0,511.2,3544
MOEX:VKCO,2022-11-15T16:53:00+03:00,511.2,511.4,510.6,510.6,2356
MOEX:VKCO,2022-11-15T16:54:00+03:00,510.8,510.8,510.6,510.6,850
MOEX:VKCO,2022-11-15T16:55:00+03:00,510.6,514.0,510.6,512.0,18331
MOEX:VKCO,2022-11-15T16:56:00+03:00,512.4,513.0,511.8,513.0,1825
MOEX:VKCO,2022-11-15T16:57:00+03:00,512.4,513.0,512.4,513.0,2030
MOEX:VKCO,2022-11-15T16:58:00+03:00,512.6,512.8,512.4,512.8,282
MOEX:VKCO,2022-11-15T16:59:00+03:00,513.0,513.0,512.4,512.4,320
MOEX:VKCO,2022-11-15T17:00:00+03:00,512.8,513.0,512.8,513.0,604
MOEX:VKCO,2022-11-15T17:01:00+03:00,512.8,513.0,512.4,513.0,40
MOEX:VKCO,2022-11-15T17:02:00+03:00,512.6,512.6,512.4,512.4,61
MOEX:VKCO,2022-11-15T17:03:00+03:00,512.4,512.6,512.0,512.6,1516
MOEX:VKCO,2022-11-15T17:04:00+03:00,512.2,512.2,512.2,512.2,205
MOEX:VKCO,2022-11-15T17:05:00+03:00,512.2,512.2,511.8,511.8,3460
MOEX:VKCO,2022-11-15T17:06:00+03:00,512.0,512.0,511.8,512.0,15
MOEX:VKCO,2022-11-15T17:07:00+03:00,511.8,511.8,511.8,511.8,2
MOEX:VKCO,2022-11-15T17:08:00+03:00,512.0,512.0,511.4,511.4,145
MOEX:VKCO,2022-11-15T17:09:00+03:00,511.4,511.4,511.2,511.2,272
MOEX:VKCO,2022-11-15T17:10:00+03:00,511.4,512.0,511.4,511.8,203
MOEX:VKCO,2022-11-15T17:11:00+03:00,512.0,512.0,512.0,512.0,9
MOEX:VKCO,2022-11-15T17:12:00+03:00,511.8,512.0,511.6,511.6,303
MOEX:VKCO,2022-11-15T17:13:00+03:00,511.6,511.6,511.6,511.6,49
MOEX:VKCO,2022-11-15T17:14:00+03:00,512.0,512.0,512.0,512.0,48
MOEX:VKCO,2022-11-15T17:15:00+03:00,512.0,512.0,512.0,512.0,56
MOEX:VKCO,2022-11-15T17:16:00+03:00,512.2,512.2,512.2,512.2,2
MOEX:VKCO,2022-11-15T17:17:00+03:00,512.0,512.2,512.0,512.2,204
MOEX:VKCO,2022-11-15T17:18:00+03:00,512.2,512.2,512.2,512.2,5
MOEX:VKCO,2022-11-15T17:20:00+03:00,512.0,512.2,512.0,512.2,62
MOEX:VKCO,2022-11-15T17:21:00+03:00,512.2,512.2,511.4,511.4,162
MOEX:VKCO,2022-11-15T17:22:00+03:00,511.8,511.8,511.8,511.8,3
MOEX:VKCO,2022-11-15T17:23:00+03:00,511.8,511.8,511.8,511.8,6
MOEX:VKCO,2022-11-15T17:24:00+03:00,511.6,511.6,511.6,511.6,24
MOEX:VKCO,2022-11-15T17:26:00+03:00,511.8,512.0,511.8,512.0,104
MOEX:VKCO,2022-11-15T17:27:00+03:00,512.0,512.2,512.0,512.2,18
MOEX:VKCO,2022-11-15T17:28:00+03:00,512.2,512.2,512.2,512.2,39
MOEX:VKCO,2022-11-15T17:29:00+03:00,512.2,512.4,512.2,512.4,204
MOEX:VKCO,2022-11-15T17:30:00+03:00,512.4,512.6,512.4,512.6,267
MOEX:VKCO,2022-11-15T17:31:00+03:00,512.8,512.8,512.6,512.6,18
MOEX:VKCO,2022-11-15T17:32:00+03:00,512.8,512.8,512.8,512.8,10
MOEX:VKCO,2022-11-15T17:35:00+03:00,512.6,512.6,512.6,512.6,139
MOEX:VKCO,2022-11-15T17:36:00+03:00,512.6,512.8,512.6,512.6,106
MOEX:VKCO,2022-11-15T17:37:00+03:00,512.6,512.6,512.4,512.4,81
MOEX:VKCO,2022-11-15T17:38:00+03:00,512.2,512.4,511.8,512.2,531
MOEX:VKCO,2022-11-15T17:39:00+03:00,511.8,512.2,511.8,512.0,67
MOEX:VKCO,2022-11-15T17:40:00+03:00,511.8,511.8,511.6,511.6,388
MOEX:VKCO,2022-11-15T17:41:00+03:00,511.8,511.8,511.8,511.8,100
MOEX:VKCO,2022-11-15T17:42:00+03:00,511.8,511.8,511.8,511.8,103
MOEX:VKCO,2022-11-15T17:43:00+03:00,511.8,512.0,511.6,511.6,258
MOEX:VKCO,2022-11-15T17:44:00+03:00,511.6,512.0,511.6,511.8,333
MOEX:VKCO,2022-11-15T17:45:00+03:00,511.8,511.8,511.8,511.8,30
MOEX:VKCO,2022-11-15T17:46:00+03:00,511.8,512.0,511.8,512.0,33
MOEX:VKCO,2022-11-15T17:48:00+03:00,512.0,512.0,512.0,512.0,30
MOEX:VKCO,2022-11-15T17:49:00+03:00,511.6,512.0,511.6,511.6,14
MOEX:VKCO,2022-11-15T17:50:00+03:00,512.0,512.0,511.6,512.0,108
MOEX:VKCO,2022-11-15T17:51:00+03:00,511.8,511.8,511.8,511.8,6
MOEX:VKCO,2022-11-15T17:52:00+03:00,511.8,511.8,511.6,511.6,35
MOEX:VKCO,2022-11-15T17:53:00+03:00,511.6,511.8,511.6,511.8,253
MOEX:VKCO,2022-11-15T17:54:00+03:00,511.6,512.0,511.6,512.0,450
MOEX:VKCO,2022-11-15T17:55:00+03:00,512.0,512.0,511.8,511.8,211
MOEX:VKCO,2022-11-15T17:56:00+03:00,511.6,512.0,511.6,512.0,107
MOEX:VKCO,2022-11-15T17:57:00+03:00,511.8,511.8,511.6,511.6,6
MOEX:VKCO,2022-11-15T17:58:00+03:00,512.0,512.0,512.0,512.0,271
MOEX:VKCO,2022-11-15T17:59:00+03:00,512.0,512.6,512.0,512.4,874
MOEX:VKCO,2022-11-15T18:01:00+03:00,512.6,512.6,512.6,512.6,36
MOEX:VKCO,2022-11-15T18:02:00+03:00,512.4,512.6,512.4,512.4,54
MOEX:VKCO,2022-11-15T18:03:00+03:00,512.4,512.4,512.4,512.4,2
MOEX:VKCO,2022-11-15T18:04:00+03:00,512.2,512.2,512.2,512.2,2
MOEX:VKCO,2022-11-15T18:05:00+03:00,512.4,512.4,512.4,512.4,235
MOEX:VKCO,2022-11-15T18:06:00+03:00,512.0,512.2,512.0,512.0,360
MOEX:VKCO,2022-11-15T18:07:00+03:00,512.0,512.4,512.0,512.4,194
MOEX:VKCO,2022-11-15T18:08:00+03:00,512.0,512.2,512.0,512.2,3
MOEX:VKCO,2022-11-15T18:09:00+03:00,512.4,512.4,512.2,512.4,43
MOEX:VKCO,2022-11-15T18:10:00+03:00,512.4,512.6,512.4,512.6,75
MOEX:VKCO,2022-11-15T18:11:00+03:00,512.6,512.6,512.6,512.6,4
MOEX:VKCO,2022-11-15T18:12:00+03:00,512.2,512.6,512.2,512.6,74
MOEX:VKCO,2022-11-15T18:13:00+03:00,512.2,512.4,512.0,512.0,620
MOEX:VKCO,2022-11-15T18:15:00+03:00,512.4,512.4,512.0,512.0,47
MOEX:VKCO,2022-11-15T18:16:00+03:00,512.6,512.6,512.6,512.6,5
MOEX:VKCO,2022-11-15T18:17:00+03:00,512.2,512.6,512.0,512.0,60
MOEX:VKCO,2022-11-15T18:18:00+03:00,512.0,512.6,512.0,512.6,699
MOEX:VKCO,2022-11-15T18:19:00+03:00,512.0,512.4,511.6,512.4,1010
MOEX:VKCO,2022-11-15T18:20:00+03:00,512.4,512.6,511.8,512.6,687
MOEX:VKCO,2022-11-15T18:21:00+03:00,512.6,512.6,512.4,512.6,727
MOEX:VKCO,2022-11-15T18:22:00+03:00,512.8,512.8,512.4,512.4,2812
MOEX:VKCO,2022-11-15T18:23:00+03:00,512.8,513.0,512.4,512.4,897
MOEX:VKCO,2022-11-15T18:24:00+03:00,512.4,512.8,512.4,512.8,140
MOEX:VKCO,2022-11-15T18:25:00+03:00,512.8,513.0,512.6,513.0,214
MOEX:VKCO,2022-11-15T18:26:00+03:00,513.0,513.0,512.6,512.6,528
MOEX:VKCO,2022-11-15T18:27:00+03:00,512.8,512.8,512.2,512.8,303
MOEX:VKCO,2022-11-15T18:28:00+03:00,512.8,512.8,512.2,512.8,265
MOEX:VKCO,2022-11-15T18:29:00+03:00,512.4,512.8,512.2,512.2,89
MOEX:VKCO,2022-11-15T18:30:00+03:00,512.2,512.6,512.0,512.6,912
MOEX:VKCO,2022-11-15T18:31:00+03:00,512.2,512.6,512.0,512.0,106
MOEX:VKCO,2022-11-15T18:32:00+03:00,512.6,512.8,512.0,512.2,69
MOEX:VKCO,2022-11-15T18:33:00+03:00,512.4,512.8,512.2,512.4,62
MOEX:VKCO,2022-11-15T18:34:00+03:00,512.6,512.8,512.2,512.8,304
MOEX:VKCO,2022-11-15T18:35:00+03:00,512.2,512.8,512.2,512.4,191
MOEX:VKCO,2022-11-15T18:36:00+03:00,512.4,513.4,512.4,513.2,1425
MOEX:VKCO,2022-11-15T18:37:00+03:00,513.6,513.6,513.0,513.6,1169
MOEX:VKCO,2022-11-15T18:38:00+03:00,513.6,513.8,513.2,513.2,1210
MOEX:VKCO,2022-11-15T18:39:00+03:00,513.2,513.8,513.2,513.8,155
MOEX:VKCO,2022-11-15T18:45:00+03:00,512.4,512.4,512.4,512.4,1686
MOEX:VKCO,2022-11-15T18:46:00+03:00,512.4,512.4,512.4,512.4,2
MOEX:VKCO,2022-11-15T18:47:00+03:00,512.4,512.4,512.4,512.4,34
MOEX:VKCO,2022-11-15T18:48:00+03:00,512.4,512.4,512.4,512.4,3
MOEX:VKCO,2022-11-15T19:04:00+03:00,511.4,511.4,511.4,511.4,100
MOEX:VKCO,2022-11-15T19:05:00+03:00,511.4,513.6,511.4,513.0,430
MOEX:VKCO,2022-11-15T19:06:00+03:00,513.0,513.0,512.0,512.0,2150
MOEX:VKCO,2022-11-15T19:07:00+03:00,512.0,512.6,512.0,512.4,191
MOEX:VKCO,2022-11-15T19:08:00+03:00,512.4,512.8,512.4,512.8,143
MOEX:VKCO,2022-11-15T19:09:00+03:00,512.4,512.8,512.2,512.8,189
MOEX:VKCO,2022-11-15T19:10:00+03:00,512.4,512.8,512.4,512.8,250
MOEX:VKCO,2022-11-15T19:11:00+03:00,512.8,513.0,512.0,512.2,1711
MOEX:VKCO,2022-11-15T19:12:00+03:00,512.2,512.2,512.0,512.2,2028
MOEX:VKCO,2022-11-15T19:13:00+03:00,512.2,512.2,512.0,512.0,427
MOEX:VKCO,2022-11-15T19:14:00+03:00,512.0,512.2,512.0,512.0,658
MOEX:VKCO,2022-11-15T19:15:00+03:00,512.0,512.2,512.0,512.2,449
MOEX:VKCO,2022-11-15T19:16:00+03:00,512.2,512.2,512.0,512.0,171
MOEX:VKCO,2022-11-15T19:17:00+03:00,512.2,512.2,512.0,512.2,782
MOEX:VKCO,2022-11-15T19:18:00+03:00,512.0,512.2,512.0,512.2,61
MOEX:VKCO,2022-11-15T19:19:00+03:00,512.2,512.2,512.0,512.0,407
MOEX:VKCO,2022-11-15T19:20:00+03:00,512.2,512.2,512.0,512.2,220
MOEX:VKCO,2022-11-15T19:21:00+03:00,512.2,512.2,512.0,512.0,449
MOEX:VKCO,2022-11-15T19:22:00+03:00,512.0,512.2,512.0,512.2,119
MOEX:VKCO,2022-11-15T19:23:00+03:00,512.2,512.2,512.2,512.2,6
MOEX:VKCO,2022-11-15T19:24:00+03:00,512.2,512.2,512.0,512.0,263
MOEX:VKCO,2022-11-15T19:25:00+03:00,512.2,512.2,511.2,511.2,1375
MOEX:VKCO,2022-11-15T19:26:00+03:00,511.2,511.6,511.0,511.6,702
MOEX:VKCO,2022-11-15T19:27:00+03:00,511.4,511.4,511.4,511.4,18
MOEX:VKCO,2022-11-15T19:28:00+03:00,511.6,511.8,511.0,511.6,769
MOEX:VKCO,2022-11-15T19:29:00+03:00,511.0,511.6,510.2,510.4,961
MOEX:VKCO,2022-11-15T19:30:00+03:00,510.8,511.2,510.6,511.0,129
MOEX:VKCO,2022-11-15T19:31:00+03:00,511.2,511.6,511.0,511.6,63
MOEX:VKCO,2022-11-15T19:32:00+03:00,511.4,511.6,511.2,511.2,278
MOEX:VKCO,2022-11-15T19:33:00+03:00,511.2,511.4,511.0,511.0,223
MOEX:VKCO,2022-11-15T19:34:00+03:00,511.4,511.4,511.2,511.2,225
MOEX:VKCO,2022-11-15T19:35:00+03:00,511.4,511.4,511.2,511.4,32
MOEX:VKCO,2022-11-15T19:36:00+03:00,511.2,511.4,511.0,511.0,54
MOEX:VKCO,2022-11-15T19:37:00+03:00,511.4,511.4,511.0,511.0,230
MOEX:VKCO,2022-11-15T19:38:00+03:00,511.0,511.2,510.8,511.2,153
MOEX:VKCO,2022-11-15T19:39:00+03:00,511.0,511.2,511.0,511.0,226
MOEX:VKCO,2022-11-15T19:40:00+03:00,511.0,511.4,510.6,510.8,1953
MOEX:VKCO,2022-11-15T19:41:00+03:00,510.6,510.8,510.4,510.4,354
MOEX:VKCO,2022-11-15T19:42:00+03:00,510.8,510.8,510.4,510.4,263
MOEX:VKCO,2022-11-15T19:43:00+03:00,510.8,513.6,510.8,512.0,5243
MOEX:VKCO,2022-11-15T19:44:00+03:00,512.4,512.4,511.4,511.4,254
MOEX:VKCO,2022-11-15T19:45:00+03:00,512.0,512.0,510.8,510.8,53
MOEX:VKCO,2022-11-15T19:46:00+03:00,510.8,511.6,510.8,511.6,18
MOEX:VKCO,2022-11-15T19:47:00+03:00,511.6,511.6,511.0,511.4,88
MOEX:VKCO,2022-11-15T19:48:00+03:00,511.0,511.4,510.8,511.4,570
MOEX:VKCO,2022-11-15T19:49:00+03:00,510.8,511.4,510.6,511.2,362
MOEX:VKCO,2022-11-15T19:50:00+03:00,511.2,512.0,510.8,512.0,2938
MOEX:VKCO,2022-11-15T19:51:00+03:00,511.4,511.8,511.4,511.8,137
MOEX:VKCO,2022-11-15T19:52:00+03:00,511.8,511.8,511.8,511.8,12
MOEX:VKCO,2022-11-15T19:53:00+03:00,511.6,512.0,511.4,512.0,137
MOEX:VKCO,2022-11-15T19:54:00+03:00,512.0,512.0,511.2,512.0,873
MOEX:VKCO,2022-11-15T19:55:00+03:00,512.0,512.0,511.8,512.0,50
MOEX:VKCO,2022-11-15T19:56:00+03:00,512.0,512.0,511.8,512.0,660
MOEX:VKCO,2022-11-15T19:57:00+03:00,512.0,512.4,511.8,512.4,1216
MOEX:VKCO,2022-11-15T19:58:00+03:00,512.2,512.2,511.8,512.2,90
MOEX:VKCO,2022-11-15T19:59:00+03:00,512.0,512.0,511.8,511.8,16
MOEX:VKCO,2022-11-15T20:00:00+03:00,512.0,512.2,511.2,511.4,2388
MOEX:VKCO,2022-11-15T20:01:00+03:00,511.8,511.8,511.6,511.8,745
MOEX:VKCO,2022-11-15T20:02:00+03:00,511.8,512.0,511.6,512.0,117
MOEX:VKCO,2022-11-15T20:03:00+03:00,512.0,512.0,511.8,512.0,16
MOEX:VKCO,2022-11-15T20:04:00+03:00,511.8,512.0,511.8,512.0,81
MOEX:VKCO,2022-11-15T20:05:00+03:00,512.0,512.0,512.0,512.0,25
MOEX:VKCO,2022-11-15T20:06:00+03:00,512.0,512.0,512.0,512.0,223
MOEX:VKCO,2022-11-15T20:07:00+03:00,512.2,512.2,511.6,512.2,320
MOEX:VKCO,2022-11-15T20:08:00+03:00,512.2,512.2,511.8,512.0,6
MOEX:VKCO,2022-11-15T20:09:00+03:00,512.0,512.2,512.0,512.0,248
MOEX:VKCO,2022-11-15T20:10:00+03:00,512.0,512.0,511.6,511.6,99
MOEX:VKCO,2022-11-15T20:11:00+03:00,511.8,511.8,511.6,511.8,16
MOEX:VKCO,2022-11-15T20:12:00+03:00,511.8,511.8,511.6,511.8,14
MOEX:VKCO,2022-11-15T20:13:00+03:00,511.6,511.8,511.2,511.2,525
MOEX:VKCO,2022-11-15T20:14:00+03:00,511.6,511.8,511.4,511.8,578
MOEX:VKCO,2022-11-15T20:15:00+03:00,511.6,511.8,511.4,511.8,1297
MOEX:VKCO,2022-11-15T20:16:00+03:00,511.8,511.8,511.8,511.8,7
MOEX:VKCO,2022-11-15T20:17:00+03:00,511.8,511.8,511.6,511.8,88
MOEX:VKCO,2022-11-15T20:18:00+03:00,511.8,511.8,511.4,511.8,196
MOEX:VKCO,2022-11-15T20:19:00+03:00,511.6,511.8,511.6,511.8,708
MOEX:VKCO,2022-11-15T20:20:00+03:00,511.6,511.8,511.6,511.8,4
MOEX:VKCO,2022-11-15T20:21:00+03:00,511.8,512.0,511.6,512.0,20
MOEX:VKCO,2022-11-15T20:22:00+03:00,512.0,512.2,512.0,512.0,9
MOEX:VKCO,2022-11-15T20:23:00+03:00,512.0,512.2,511.6,512.2,151
MOEX:VKCO,2022-11-15T20:24:00+03:00,512.4,512.4,512.2,512.2,121
MOEX:VKCO,2022-11-15T20:25:00+03:00,512.2,512.4,512.0,512.4,475
MOEX:VKCO,2022-11-15T20:26:00+03:00,512.0,512.4,511.8,511.8,61
MOEX:VKCO,2022-11-15T20:27:00+03:00,512.0,512.0,511.8,512.0,12
MOEX:VKCO,2022-11-15T20:28:00+03:00,512.0,512.2,511.8,512.0,11
MOEX:VKCO,2022-11-15T20:29:00+03:00,511.8,512.4,511.8,512.4,52
MOEX:VKCO,2022-11-15T20:30:00+03:00,511.8,512.4,511.8,512.4,75
MOEX:VKCO,2022-11-15T20:31:00+03:00,512.4,512.4,511.8,511.8,7
MOEX:VKCO,2022-11-15T20:32:00+03:00,512.2,512.4,512.0,512.4,148
MOEX:VKCO,2022-11-15T20:33:00+03:00,512.4,512.4,511.8,512.0,232
MOEX:VKCO,2022-11-15T20:34:00+03:00,512.0,512.0,511.8,511.8,402
MOEX:VKCO,2022-11-15T20:35:00+03:00,511.6,512.2,511.6,512.2,374
MOEX:VKCO,2022-11-15T20:36:00+03:00,511.8,512.2,511.8,512.2,120
MOEX:VKCO,2022-11-15T20:37:00+03:00,511.8,511.8,511.8,511.8,158
MOEX:VKCO,2022-11-15T20:38:00+03:00,511.4,512.2,511.4,511.4,540
MOEX:VKCO,2022-11-15T20:39:00+03:00,512.2,512.2,511.4,511.8,12
MOEX:VKCO,2022-11-15T20:40:00+03:00,511.8,511.8,511.4,511.4,78
MOEX:VKCO,2022-11-15T20:41:00+03:00,511.6,511.6,511.4,511.4,19
MOEX:VKCO,2022-11-15T20:42:00+03:00,511.6,511.6,511.4,511.6,315
MOEX:VKCO,2022-11-15T20:43:00+03:00,511.6,511.8,511.6,511.8,27
MOEX:VKCO,2022-11-15T20:44:00+03:00,511.8,511.8,511.4,511.6,47
MOEX:VKCO,2022-11-15T20:45:00+03:00,511.6,511.6,511.6,511.6,12
MOEX:VKCO,2022-11-15T20:46:00+03:00,511.6,511.8,511.6,511.8,9
MOEX:VKCO,2022-11-15T20:47:00+03:00,511.6,511.8,511.6,511.8,57
MOEX:VKCO,2022-11-15T20:48:00+03:00,511.8,511.8,511.6,511.6,87
MOEX:VKCO,2022-11-15T20:49:00+03:00,511.6,511.6,510.2,510.2,6628
MOEX:VKCO,2022-11-15T20:50:00+03:00,510.2,510.8,510.2,510.6,160
MOEX:VKCO,2022-11-15T20:51:00+03:00,510.2,510.6,510.2,510.6,777
MOEX:VKCO,2022-11-15T20:52:00+03:00,510.2,510.6,510.2,510.4,17
MOEX:VKCO,2022-11-15T20:53:00+03:00,510.6,510.8,510.2,510.4,172
MOEX:VKCO,2022-11-15T20:54:00+03:00,510.8,510.8,510.2,510.6,1985
MOEX:VKCO,2022-11-15T20:55:00+03:00,510.6,510.8,510.2,510.2,366
MOEX:VKCO,2022-11-15T20:56:00+03:00,510.8,510.8,510.6,510.8,35
MOEX:VKCO,2022-11-15T20:57:00+03:00,510.6,510.6,510.2,510.2,249
MOEX:VKCO,2022-11-15T20:58:00+03:00,510.8,511.0,510.2,511.0,476
MOEX:VKCO,2022-11-15T20:59:00+03:00,510.4,511.4,510.4,511.2,754
MOEX:VKCO,2022-11-15T21:00:00+03:00,511.2,511.2,510.6,510.8,50
MOEX:VKCO,2022-11-15T21:01:00+03:00,510.8,511.0,510.6,511.0,54
MOEX:VKCO,2022-11-15T21:02:00+03:00,511.0,511.0,510.6,510.6,15
MOEX:VKCO,2022-11-15T21:03:00+03:00,510.6,510.6,510.0,510.6,1212
MOEX:VKCO,2022-11-15T21:04:00+03:00,510.2,510.4,509.6,510.2,2178
MOEX:VKCO,2022-11-15T21:05:00+03:00,510.2,510.2,509.4,509.6,62
MOEX:VKCO,2022-11-15T21:06:00+03:00,510.0,510.2,510.0,510.2,864
MOEX:VKCO,2022-11-15T21:07:00+03:00,510.2,510.4,510.0,510.4,467
MOEX:VKCO,2022-11-15T21:08:00+03:00,510.0,510.0,509.4,510.0,434
MOEX:VKCO,2022-11-15T21:09:00+03:00,510.0,510.4,509.4,509.4,115
MOEX:VKCO,2022-11-15T21:10:00+03:00,510.0,511.0,509.6,510.6,543
MOEX:VKCO,2022-11-15T21:11:00+03:00,510.8,510.8,510.0,510.0,575
MOEX:VKCO,2022-11-15T21:12:00+03:00,510.4,510.4,510.0,510.0,56
MOEX:VKCO,2022-11-15T21:13:00+03:00,510.0,510.4,510.0,510.0,120
MOEX:VKCO,2022-11-15T21:14:00+03:00,510.4,511.0,510.0,510.2,1584
MOEX:VKCO,2022-11-15T21:15:00+03:00,510.8,510.8,510.0,510.2,662
MOEX:VKCO,2022-11-15T21:16:00+03:00,510.6,510.8,510.2,510.6,163
MOEX:VKCO,2022-11-15T21:17:00+03:00,510.6,510.6,510.0,510.6,20
MOEX:VKCO,2022-11-15T21:18:00+03:00,510.2,510.6,510.0,510.6,22
MOEX:VKCO,2022-11-15T21:19:00+03:00,510.6,510.6,510.6,510.6,7
MOEX:VKCO,2022-11-15T21:20:00+03:00,510.6,510.6,510.6,510.6,37
MOEX:VKCO,2022-11-15T21:21:00+03:00,510.0,510.6,510.0,510.6,22
MOEX:VKCO,2022-11-15T21:22:00+03:00,510.0,510.4,509.6,509.8,773
MOEX:VKCO,2022-11-15T21:23:00+03:00,509.8,509.8,509.6,509.6,44
MOEX:VKCO,2022-11-15T21:24:00+03:00,510.2,510.2,508.8,509.8,1959
MOEX:VKCO,2022-11-15T21:25:00+03:00,509.2,509.8,508.8,509.0,1543
MOEX:VKCO,2022-11-15T21:26:00+03:00,509.4,510.0,509.0,509.2,1668
MOEX:VKCO,2022-11-15T21:27:00+03:00,509.8,511.4,509.8,510.4,1495
MOEX:VKCO,2022-11-15T21:28:00+03:00,509.8,509.8,509.0,509.0,1252
MOEX:VKCO,2022-11-15T21:29:00+03:00,509.0,509.8,508.0,508.6,5318
MOEX:VKCO,2022-11-15T21:30:00+03:00,508.2,508.6,505.0,505.2,13979
MOEX:VKCO,2022-11-15T21:31:00+03:00,505.2,506.0,502.4,503.6,7212
MOEX:VKCO,2022-11-15T21:32:00+03:00,503.6,503.6,498.2,500.4,33348
MOEX:VKCO,2022-11-15T21:33:00+03:00,500.4,500.4,498.2,498.4,15177
MOEX:VKCO,2022-11-15T21:34:00+03:00,498.4,501.0,498.2,500.4,19234
MOEX:VKCO,2022-11-15T21:35:00+03:00,500.4,501.8,500.2,501.4,5610
MOEX:VKCO,2022-11-15T21:36:00+03:00,501.4,502.4,500.8,501.6,6353
MOEX:VKCO,2022-11-15T21:37:00+03:00,502.0,503.0,501.4,502.0,8626
MOEX:VKCO,2022-11-15T21:38:00+03:00,502.0,502.8,500.0,500.0,9687
MOEX:VKCO,2022-11-15T21:39:00+03:00,500.0,500.4,493.0,493.2,30992
MOEX:VKCO,2022-11-15T21:40:00+03:00,494.0,496.0,492.2,494.0,22517
MOEX:VKCO,2022-11-15T21:41:00+03:00,493.8,497.0,492.4,496.4,33535
MOEX:VKCO,2022-11-15T21:42:00+03:00,496.4,497.4,492.0,494.6,18260
MOEX:VKCO,2022-11-15T21:43:00+03:00,494.4,496.0,493.4,495.2,18260
MOEX:VKCO,2022-11-15T21:44:00+03:00,494.6,497.6,494.4,497.6,9692
MOEX:VKCO,2022-11-15T21:45:00+03:00,497.6,497.8,495.0,495.0,9551
MOEX:VKCO,2022-11-15T21:46:00+03:00,495.0,495.6,491.6,492.0,14875
MOEX:VKCO,2022-11-15T21:47:00+03:00,492.0,493.4,485.0,487.8,50776
MOEX:VKCO,2022-11-15T21:48:00+03:00,488.0,490.6,485.0,489.0,21102
MOEX:VKCO,2022-11-15T21:49:00+03:00,488.2,489.6,486.0,487.4,19505
MOEX:VKCO,2022-11-15T21:50:00+03:00,487.2,488.6,482.0,483.4,43575
MOEX:VKCO,2022-11-15T21:51:00+03:00,483.2,484.8,477.8,484.4,37659
MOEX:VKCO,2022-11-15T21:52:00+03:00,484.4,486.0,483.2,484.2,16472
MOEX:VKCO,2022-11-15T21:53:00+03:00,484.0,484.8,482.8,483.2,15473
MOEX:VKCO,2022-11-15T21:54:00+03:00,483.8,487.0,483.0,486.2,18316
MOEX:VKCO,2022-11-15T21:55:00+03:00,487.0,487.0,484.0,485.4,11691
MOEX:VKCO,2022-11-15T21:56:00+03:00,486.0,487.0,484.6,487.0,11740
MOEX:VKCO,2022-11-15T21:57:00+03:00,487.0,494.0,486.8,493.0,25755
MOEX:VKCO,2022-11-15T21:58:00+03:00,493.8,497.2,491.0,494.0,37641
MOEX:VKCO,2022-11-15T21:59:00+03:00,494.0,498.6,491.0,494.0,28197
MOEX:VKCO,2022-11-15T22:00:00+03:00,493.6,494.4,490.2,490.8,41242
MOEX:VKCO,2022-11-15T22:01:00+03:00,490.6,490.8,486.6,487.2,19610
MOEX:VKCO,2022-11-15T22:02:00+03:00,487.2,487.6,484.2,484.2,16150
MOEX:VKCO,2022-11-15T22:03:00+03:00,484.8,485.6,483.2,484.0,24453
MOEX:VKCO,2022-11-15T22:04:00+03:00,483.6,484.6,482.0,482.0,17522
MOEX:VKCO,2022-11-15T22:05:00+03:00,482.0,486.0,480.6,486.0,35958
MOEX:VKCO,2022-11-15T22:06:00+03:00,486.2,486.6,483.4,485.2,15936
MOEX:VKCO,2022-11-15T22:07:00+03:00,484.0,485.8,483.4,485.0,8142
MOEX:VKCO,2022-11-15T22:08:00+03:00,485.0,485.2,484.0,484.2,10343
MOEX:VKCO,2022-11-15T22:09:00+03:00,484.0,484.2,481.4,483.2,15542
MOEX:VKCO,2022-11-15T22:10:00+03:00,482.6,483.0,480.4,481.2,28218
MOEX:VKCO,2022-11-15T22:11:00+03:00,481.2,481.6,476.6,476.6,39333
MOEX:VKCO,2022-11-15T22:12:00+03:00,476.6,477.8,472.6,473.0,41866
MOEX:VKCO,2022-11-15T22:13:00+03:00,473.0,482.0,472.2,477.0,43371
MOEX:VKCO,2022-11-15T22:14:00+03:00,477.0,484.0,475.0,482.0,30626
MOEX:VKCO,2022-11-15T22:15:00+03:00,481.8,482.8,479.8,482.0,12625
MOEX:VKCO,2022-11-15T22:16:00+03:00,482.0,488.8,482.0,487.0,49529
MOEX:VKCO,2022-11-15T22:17:00+03:00,487.0,490.2,486.0,489.2,31392
MOEX:VKCO,2022-11-15T22:18:00+03:00,489.6,491.6,485.8,486.6,24952
MOEX:VKCO,2022-11-15T22:19:00+03:00,486.6,490.8,486.0,489.0,27920
MOEX:VKCO,2022-11-15T22:20:00+03:00,489.0,492.0,485.0,492.0,38353
MOEX:VKCO,2022-11-15T22:21:00+03:00,492.0,499.2,492.0,497.4,56283
MOEX:VKCO,2022-11-15T22:22:00+03:00,498.4,499.8,494.2,495.8,30293
MOEX:VKCO,2022-11-15T22:23:00+03:00,495.4,497.4,493.0,493.2,36345
MOEX:VKCO,2022-11-15T22:24:00+03:00,494.0,497.0,493.2,495.6,29806
MOEX:VKCO,2022-11-15T22:25:00+03:00,496.0,498.4,495.8,498.0,14426
MOEX:VKCO,2022-11-15T22:26:00+03:00,497.8,498.0,495.4,497.0,25184
MOEX:VKCO,2022-11-15T22:27:00+03:00,496.4,497.4,493.4,494.0,19323
MOEX:VKCO,2022-11-15T22:28:00+03:00,493.6,495.0,493.2,494.0,10605
MOEX:VKCO,2022-11-15T22:29:00+03:00,494.0,496.0,494.0,494.6,12795
MOEX:VKCO,2022-11-15T22:30:00+03:00,494.4,495.0,493.2,494.0,9029
MOEX:VKCO,2022-11-15T22:31:00+03:00,493.2,493.2,490.4,491.2,22648
MOEX:VKCO,2022-11-15T22:32:00+03:00,490.8,493.0,490.2,492.2,14673
MOEX:VKCO,2022-11-15T22:33:00+03:00,492.0,497.0,491.6,496.4,20653
MOEX:VKCO,2022-11-15T22:34:00+03:00,496.2,496.2,493.2,494.4,6285
MOEX:VKCO,2022-11-15T22:35:00+03:00,494.2,497.4,494.2,496.4,9040
MOEX:VKCO,2022-11-15T22:36:00+03:00,496.4,497.4,495.0,496.0,11823
MOEX:VKCO,2022-11-15T22:37:00+03:00,495.8,496.8,495.4,496.0,6283
MOEX:VKCO,2022-11-15T22:38:00+03:00,495.8,496.0,492.4,495.0,13623
MOEX:VKCO,2022-11-15T22:39:00+03:00,495.0,498.2,494.2,498.2,16193
MOEX:VKCO,2022-11-15T22:40:00+03:00,498.0,499.0,496.8,497.6,13896
MOEX:VKCO,2022-11-15T22:41:00+03:00,497.4,497.6,494.2,495.0,15706
MOEX:VKCO,2022-11-15T22:42:00+03:00,495.4,497.4,494.4,497.4,6333
MOEX:VKCO,2022-11-15T22:43:00+03:00,497.2,497.6,495.2,495.4,11680
MOEX:VKCO,2022-11-15T22:44:00+03:00,496.4,498.0,495.8,497.4,8176
MOEX:VKCO,2022-11-15T22:45:00+03:00,497.4,497.4,495.8,495.8,3665
MOEX:VKCO,2022-11-15T22:46:00+03:00,495.8,497.0,495.6,497.0,5481
MOEX:VKCO,2022-11-15T22:47:00+03:00,496.4,497.0,496.2,496.6,2569
MOEX:VKCO,2022-11-15T22:48:00+03:00,496.4,496.8,494.2,494.6,7325
MOEX:VKCO,2022-11-15T22:49:00+03:00,494.4,495.8,494.0,495.0,9426
MOEX:VKCO,2022-11-15T22:50:00+03:00,495.2,496.0,494.6,495.2,5483
MOEX:VKCO,2022-11-15T22:51:00+03:00,495.6,498.0,495.4,497.0,10994
MOEX:VKCO,2022-11-15T22:52:00+03:00,497.0,501.6,496.6,500.6,24953
MOEX:VKCO,2022-11-15T22:53:00+03:00,500.6,505.0,498.6,505.0,36814
MOEX:VKCO,2022-11-15T22:54:00+03:00,504.4,505.0,501.4,502.6,21825
MOEX:VKCO,2022-11-15T22:55:00+03:00,502.6,502.6,501.0,502.4,9734
MOEX:VKCO,2022-11-15T22:56:00+03:00,502.4,502.4,501.4,501.8,4749
MOEX:VKCO,2022-11-15T22:57:00+03:00,501.6,502.0,500.6,501.2,10174
MOEX:VKCO,2022-11-15T22:58:00+03:00,501.2,502.6,501.0,502.6,6034
MOEX:VKCO,2022-11-15T22:59:00+03:00,502.6,502.8,501.0,501.0,8829
MOEX:VKCO,2022-11-15T23:00:00+03:00,501.0,502.8,498.2,498.2,29803
MOEX:VKCO,2022-11-15T23:01:00+03:00,498.6,501.6,498.2,499.8,11714
MOEX:VKCO,2022-11-15T23:02:00+03:00,500.0,500.6,499.2,500.0,5958
MOEX:VKCO,2022-11-15T23:03:00+03:00,500.4,500.6,499.6,499.6,3081
MOEX:VKCO,2022-11-15T23:04:00+03:00,500.4,500.4,498.8,498.8,8842
MOEX:VKCO,2022-11-15T23:05:00+03:00,498.8,499.4,498.4,499.4,1804
MOEX:VKCO,2022-11-15T23:06:00+03:00,499.4,499.4,497.0,497.8,9415
MOEX:VKCO,2022-11-15T23:07:00+03:00,497.8,498.6,497.2,498.0,5954
MOEX:VKCO,2022-11-15T23:08:00+03:00,497.8,498.0,496.8,497.0,3766
MOEX:VKCO,2022-11-15T23:09:00+03:00,496.8,498.6,496.8,498.2,3629
MOEX:VKCO,2022-11-15T23:10:00+03:00,498.6,499.0,497.8,498.0,2780
MOEX:VKCO,2022-11-15T23:11:00+03:00,497.4,498.6,497.0,498.2,4279
MOEX:VKCO,2022-11-15T23:12:00+03:00,498.2,498.6,498.0,498.0,1710
MOEX:VKCO,2022-11-15T23:13:00+03:00,498.0,498.2,497.0,497.8,3804
MOEX:VKCO,2022-11-15T23:14:00+03:00,497.4,497.8,496.2,497.2,4946
MOEX:VKCO,2022-11-15T23:15:00+03:00,497.2,498.0,497.0,498.0,3701
MOEX:VKCO,2022-11-15T23:16:00+03:00,497.4,498.0,497.4,498.0,983
MOEX:VKCO,2022-11-15T23:17:00+03:00,498.0,498.4,497.6,498.2,2457
MOEX:VKCO,2022-11-15T23:18:00+03:00,498.2,498.2,496.0,496.4,7271
MOEX:VKCO,2022-11-15T23:19:00+03:00,496.4,496.6,495.2,496.2,4014
MOEX:VKCO,2022-11-15T23:20:00+03:00,495.8,496.2,495.4,495.4,2859
MOEX:VKCO,2022-11-15T23:21:00+03:00,495.4,495.6,494.2,494.6,3435
MOEX:VKCO,2022-11-15T23:22:00+03:00,494.6,495.0,493.4,494.8,6683
MOEX:VKCO,2022-11-15T23:23:00+03:00,494.8,494.8,493.0,494.2,6196
MOEX:VKCO,2022-11-15T23:24:00+03:00,494.6,495.8,493.6,495.0,7785
MOEX:VKCO,2022-11-15T23:25:00+03:00,495.0,495.4,494.8,495.4,2381
MOEX:VKCO,2022-11-15T23:26:00+03:00,495.2,497.6,495.2,496.0,7288
MOEX:VKCO,2022-11-15T23:27:00+03:00,495.8,496.0,495.2,496.0,2031
MOEX:VKCO,2022-11-15T23:28:00+03:00,495.8,497.0,495.8,496.2,3021
MOEX:VKCO,2022-11-15T23:29:00+03:00,496.6,497.0,496.2,496.2,792
MOEX:VKCO,2022-11-15T23:30:00+03:00,496.8,497.0,494.8,495.4,2970
MOEX:VKCO,2022-11-15T23:31:00+03:00,495.0,496.6,494.8,496.4,2125
MOEX:VKCO,2022-11-15T23:32:00+03:00,496.4,496.4,494.6,495.4,2118
MOEX:VKCO,2022-11-15T23:33:00+03:00,495.4,496.2,495.4,496.2,696
MOEX:VKCO,2022-11-15T23:34:00+03:00,496.2,496.4,495.2,495.2,1334
MOEX:VKCO,2022-11-15T23:35:00+03:00,495.2,495.8,495.0,495.8,406
MOEX:VKCO,2022-11-15T23:36:00+03:00,495.6,496.0,495.0,495.8,1461
MOEX:VKCO,2022-11-15T23:37:00+03:00,495.8,495.8,494.8,494.8,3948
MOEX:VKCO,2022-11-15T23:38:00+03:00,494.8,495.8,494.4,494.4,2608
MOEX:VKCO,2022-11-15T23:39:00+03:00,495.2,495.4,494.8,495.2,868
MOEX:VKCO,2022-11-15T23:40:00+03:00,495.2,496.0,495.2,496.0,993
MOEX:VKCO,2022-11-15T23:41:00+03:00,495.8,496.4,495.6,496.4,1742
MOEX:VKCO,2022-11-15T23:42:00+03:00,496.4,496.4,496.0,496.4,350
MOEX:VKCO,2022-11-15T23:43:00+03:00,496.0,497.2,496.0,497.0,5849
MOEX:VKCO,2022-11-15T23:44:00+03:00,497.0,497.2,495.6,495.8,3004
MOEX:VKCO,2022-11-15T23:45:00+03:00,496.0,496.6,495.8,496.6,873
MOEX:VKCO,2022-11-15T23:46:00+03:00,496.6,497.6,496.4,497.6,2411
MOEX:VKCO,2022-11-15T23:47:00+03:00,496.8,497.8,496.8,497.6,1418
MOEX:VKCO,2022-11-15T23:48:00+03:00,497.4,497.4,497.0,497.0,1500
MOEX:VKCO,2022-11-15T23:49:00+03:00,497.4,498.0,497.2,497.8,4196
