MOEX:CHMF,2023-02-27T10:00:00+03:00,1039.0,1039.2,1032.0,1032.4,14685
MOEX:CHMF,2023-02-27T10:01:00+03:00,1033.2,1033.2,1030.6,1031.8,13144
MOEX:CHMF,2023-02-27T10:02:00+03:00,1032.0,1034.6,1031.8,1034.6,10720
MOEX:CHMF,2023-02-27T10:03:00+03:00,1034.6,1037.4,1034.4,1035.2,6986
MOEX:CHMF,2023-02-27T10:04:00+03:00,1035.4,1038.8,1035.4,1037.8,5753
MOEX:CHMF,2023-02-27T10:05:00+03:00,1038.0,1040.4,1037.8,1039.6,7367
MOEX:CHMF,2023-02-27T10:06:00+03:00,1039.8,1042.6,1038.2,1038.4,13499
MOEX:CHMF,2023-02-27T10:07:00+03:00,1038.2,1039.6,1035.8,1037.4,6282
MOEX:CHMF,2023-02-27T10:08:00+03:00,1037.2,1038.6,1036.2,1036.4,5911
MOEX:CHMF,2023-02-27T10:09:00+03:00,1036.8,1036.8,1032.0,1035.6,10503
MOEX:CHMF,2023-02-27T10:10:00+03:00,1035.0,1038.6,1035.0,1036.4,3665
MOEX:CHMF,2023-02-27T10:11:00+03:00,1036.4,1038.0,1036.4,1037.8,923
MOEX:CHMF,2023-02-27T10:12:00+03:00,1038.0,1038.6,1037.6,1038.2,2373
MOEX:CHMF,2023-02-27T10:13:00+03:00,1038.4,1039.6,1038.4,1039.6,3273
MOEX:CHMF,2023-02-27T10:14:00+03:00,1039.4,1039.6,1039.0,1039.4,1318
MOEX:CHMF,2023-02-27T10:15:00+03:00,1039.0,1039.4,1038.2,1038.4,3049
MOEX:CHMF,2023-02-27T10:16:00+03:00,1038.0,1038.0,1036.0,1036.0,3381
MOEX:CHMF,2023-02-27T10:17:00+03:00,1036.0,1037.2,1035.2,1036.8,4315
MOEX:CHMF,2023-02-27T10:18:00+03:00,1036.6,1037.0,1036.6,1037.0,324
MOEX:CHMF,2023-02-27T10:19:00+03:00,1036.8,1038.0,1036.8,1038.0,697
MOEX:CHMF,2023-02-27T10:20:00+03:00,1038.0,1039.8,1037.8,1039.0,3531
MOEX:CHMF,2023-02-27T10:21:00+03:00,1039.0,1039.0,1038.2,1038.6,391
MOEX:CHMF,2023-02-27T10:22:00+03:00,1038.4,1040.0,1038.2,1040.0,2059
MOEX:CHMF,2023-02-27T10:23:00+03:00,1040.0,1044.8,1039.8,1044.4,21667
MOEX:CHMF,2023-02-27T10:24:00+03:00,1044.2,1044.6,1043.0,1044.0,4931
MOEX:CHMF,2023-02-27T10:25:00+03:00,1044.0,1050.0,1043.6,1049.6,46448
MOEX:CHMF,2023-02-27T10:26:00+03:00,1049.0,1053.6,1048.8,1050.0,22314
MOEX:CHMF,2023-02-27T10:27:00+03:00,1049.6,1050.6,1048.0,1048.4,8265
MOEX:CHMF,2023-02-27T10:28:00+03:00,1048.4,1049.4,1048.0,1048.8,2705
MOEX:CHMF,2023-02-27T10:29:00+03:00,1048.6,1052.0,1048.4,1052.0,9887
MOEX:CHMF,2023-02-27T10:30:00+03:00,1052.0,1053.0,1050.0,1052.0,6527
MOEX:CHMF,2023-02-27T10:31:00+03:00,1052.2,1052.8,1051.6,1052.2,7449
MOEX:CHMF,2023-02-27T10:32:00+03:00,1052.4,1052.4,1050.4,1051.2,7778
MOEX:CHMF,2023-02-27T10:33:00+03:00,1051.2,1051.2,1050.0,1050.0,3497
MOEX:CHMF,2023-02-27T10:34:00+03:00,1050.4,1050.4,1049.2,1049.6,3092
MOEX:CHMF,2023-02-27T10:35:00+03:00,1049.6,1050.2,1049.2,1050.0,1804
MOEX:CHMF,2023-02-27T10:36:00+03:00,1049.8,1050.4,1049.4,1050.0,4127
MOEX:CHMF,2023-02-27T10:37:00+03:00,1050.4,1051.0,1050.0,1051.0,6320
MOEX:CHMF,2023-02-27T10:38:00+03:00,1050.8,1051.6,1050.8,1051.6,1425
MOEX:CHMF,2023-02-27T10:39:00+03:00,1051.6,1051.8,1051.2,1051.2,1192
MOEX:CHMF,2023-02-27T10:40:00+03:00,1051.6,1052.0,1051.0,1051.4,2278
MOEX:CHMF,2023-02-27T10:41:00+03:00,1051.2,1056.6,1051.0,1055.6,19702
MOEX:CHMF,2023-02-27T10:42:00+03:00,1055.6,1059.0,1054.8,1058.2,15334
MOEX:CHMF,2023-02-27T10:43:00+03:00,1058.2,1059.0,1056.6,1056.6,8880
MOEX:CHMF,2023-02-27T10:44:00+03:00,1056.6,1058.2,1055.0,1055.6,6506
MOEX:CHMF,2023-02-27T10:45:00+03:00,1055.4,1056.8,1055.0,1056.0,6767
MOEX:CHMF,2023-02-27T10:46:00+03:00,1056.2,1057.0,1055.8,1055.8,2432
MOEX:CHMF,2023-02-27T10:47:00+03:00,1056.0,1056.4,1055.0,1056.4,2484
MOEX:CHMF,2023-02-27T10:48:00+03:00,1056.2,1056.8,1056.0,1056.6,1325
MOEX:CHMF,2023-02-27T10:49:00+03:00,1056.4,1058.2,1055.4,1058.0,10039
MOEX:CHMF,2023-02-27T10:50:00+03:00,1058.0,1059.0,1058.0,1058.0,3989
MOEX:CHMF,2023-02-27T10:51:00+03:00,1058.0,1058.4,1057.4,1058.0,1611
MOEX:CHMF,2023-02-27T10:52:00+03:00,1057.6,1058.0,1057.0,1057.0,734
MOEX:CHMF,2023-02-27T10:53:00+03:00,1057.2,1057.2,1056.2,1056.4,2251
MOEX:CHMF,2023-02-27T10:54:00+03:00,1056.8,1056.8,1055.6,1055.6,3725
MOEX:CHMF,2023-02-27T10:55:00+03:00,1055.6,1056.2,1055.6,1056.0,1316
MOEX:CHMF,2023-02-27T10:56:00+03:00,1056.2,1057.6,1055.8,1057.6,4483
MOEX:CHMF,2023-02-27T10:57:00+03:00,1057.4,1057.6,1057.0,1057.0,1050
MOEX:CHMF,2023-02-27T10:58:00+03:00,1057.4,1057.6,1056.6,1056.8,2121
MOEX:CHMF,2023-02-27T10:59:00+03:00,1056.8,1057.4,1056.2,1056.6,2733
MOEX:CHMF,2023-02-27T11:00:00+03:00,1056.6,1056.6,1056.0,1056.2,8875
MOEX:CHMF,2023-02-27T11:01:00+03:00,1056.2,1056.2,1055.2,1055.8,4500
MOEX:CHMF,2023-02-27T11:02:00+03:00,1055.8,1056.0,1055.4,1055.8,556
MOEX:CHMF,2023-02-27T11:03:00+03:00,1055.8,1058.0,1055.0,1056.4,11623
MOEX:CHMF,2023-02-27T11:04:00+03:00,1056.4,1057.8,1056.4,1056.6,1416
MOEX:CHMF,2023-02-27T11:05:00+03:00,1056.8,1057.2,1055.8,1056.8,1981
MOEX:CHMF,2023-02-27T11:06:00+03:00,1056.4,1058.0,1056.4,1057.8,5576
MOEX:CHMF,2023-02-27T11:07:00+03:00,1057.2,1058.0,1057.0,1057.8,5533
MOEX:CHMF,2023-02-27T11:08:00+03:00,1057.8,1058.0,1057.0,1058.0,1716
MOEX:CHMF,2023-02-27T11:09:00+03:00,1057.2,1058.2,1057.2,1057.4,768
MOEX:CHMF,2023-02-27T11:10:00+03:00,1057.4,1057.6,1057.0,1057.6,295
MOEX:CHMF,2023-02-27T11:11:00+03:00,1057.2,1057.6,1056.4,1056.6,1877
MOEX:CHMF,2023-02-27T11:12:00+03:00,1056.6,1057.6,1056.0,1057.6,2726
MOEX:CHMF,2023-02-27T11:13:00+03:00,1057.2,1058.0,1056.6,1056.8,847
MOEX:CHMF,2023-02-27T11:14:00+03:00,1056.8,1057.6,1056.6,1056.6,323
MOEX:CHMF,2023-02-27T11:15:00+03:00,1056.6,1057.0,1056.6,1056.8,1437
MOEX:CHMF,2023-02-27T11:16:00+03:00,1056.8,1057.2,1055.6,1056.6,3164
MOEX:CHMF,2023-02-27T11:17:00+03:00,1056.4,1056.4,1056.0,1056.0,573
MOEX:CHMF,2023-02-27T11:18:00+03:00,1056.4,1056.4,1056.0,1056.2,253
MOEX:CHMF,2023-02-27T11:19:00+03:00,1056.0,1056.6,1055.6,1055.6,1634
MOEX:CHMF,2023-02-27T11:20:00+03:00,1055.6,1056.4,1055.2,1055.4,2551
MOEX:CHMF,2023-02-27T11:21:00+03:00,1055.6,1055.6,1055.2,1055.6,1337
MOEX:CHMF,2023-02-27T11:22:00+03:00,1055.6,1055.6,1055.0,1055.0,6567
MOEX:CHMF,2023-02-27T11:23:00+03:00,1055.0,1055.2,1055.0,1055.2,4784
MOEX:CHMF,2023-02-27T11:24:00+03:00,1055.0,1055.2,1054.6,1054.8,7268
MOEX:CHMF,2023-02-27T11:25:00+03:00,1054.8,1054.8,1054.0,1054.0,2300
MOEX:CHMF,2023-02-27T11:26:00+03:00,1054.0,1054.4,1054.0,1054.0,648
MOEX:CHMF,2023-02-27T11:27:00+03:00,1054.0,1055.0,1054.0,1054.0,5275
MOEX:CHMF,2023-02-27T11:28:00+03:00,1054.2,1054.2,1052.2,1052.6,17483
MOEX:CHMF,2023-02-27T11:29:00+03:00,1053.0,1053.6,1052.0,1052.8,6374
MOEX:CHMF,2023-02-27T11:30:00+03:00,1053.0,1053.2,1052.8,1053.2,885
MOEX:CHMF,2023-02-27T11:31:00+03:00,1053.0,1054.0,1051.6,1052.8,5546
MOEX:CHMF,2023-02-27T11:32:00+03:00,1052.6,1053.2,1052.0,1053.0,1579
MOEX:CHMF,2023-02-27T11:33:00+03:00,1052.6,1054.6,1052.6,1054.4,1505
MOEX:CHMF,2023-02-27T11:34:00+03:00,1054.6,1055.2,1054.4,1055.0,1824
MOEX:CHMF,2023-02-27T11:35:00+03:00,1055.0,1055.2,1055.0,1055.0,735
MOEX:CHMF,2023-02-27T11:36:00+03:00,1055.0,1055.2,1054.0,1054.0,704
MOEX:CHMF,2023-02-27T11:37:00+03:00,1054.0,1055.8,1053.6,1055.8,6249
MOEX:CHMF,2023-02-27T11:38:00+03:00,1055.8,1056.0,1054.8,1055.4,1717
MOEX:CHMF,2023-02-27T11:39:00+03:00,1055.2,1055.4,1054.8,1055.4,396
MOEX:CHMF,2023-02-27T11:40:00+03:00,1055.2,1055.4,1054.4,1054.4,1233
MOEX:CHMF,2023-02-27T11:41:00+03:00,1054.4,1054.6,1053.4,1054.4,1534
MOEX:CHMF,2023-02-27T11:42:00+03:00,1054.4,1055.0,1053.8,1054.6,871
MOEX:CHMF,2023-02-27T11:43:00+03:00,1055.0,1055.0,1053.8,1054.4,1150
MOEX:CHMF,2023-02-27T11:44:00+03:00,1054.4,1055.4,1053.4,1054.0,2855
MOEX:CHMF,2023-02-27T11:45:00+03:00,1054.0,1054.6,1054.0,1054.2,363
MOEX:CHMF,2023-02-27T11:46:00+03:00,1054.4,1055.0,1054.0,1055.0,1208
MOEX:CHMF,2023-02-27T11:47:00+03:00,1054.8,1055.0,1054.4,1054.4,252
MOEX:CHMF,2023-02-27T11:48:00+03:00,1054.6,1055.0,1054.4,1054.4,567
MOEX:CHMF,2023-02-27T11:49:00+03:00,1054.4,1054.6,1054.4,1054.4,195
MOEX:CHMF,2023-02-27T11:50:00+03:00,1054.0,1054.2,1054.0,1054.0,98
MOEX:CHMF,2023-02-27T11:51:00+03:00,1054.0,1054.6,1054.0,1054.4,518
MOEX:CHMF,2023-02-27T11:52:00+03:00,1054.6,1055.0,1054.4,1054.8,219
MOEX:CHMF,2023-02-27T11:53:00+03:00,1054.6,1055.2,1054.6,1054.6,3286
MOEX:CHMF,2023-02-27T11:54:00+03:00,1054.8,1055.2,1054.4,1055.0,754
MOEX:CHMF,2023-02-27T11:55:00+03:00,1055.0,1055.0,1054.4,1054.4,329
MOEX:CHMF,2023-02-27T11:56:00+03:00,1054.4,1054.8,1054.4,1054.4,95
MOEX:CHMF,2023-02-27T11:57:00+03:00,1054.4,1054.8,1054.4,1054.4,1366
MOEX:CHMF,2023-02-27T11:58:00+03:00,1054.4,1054.6,1054.4,1054.4,5392
MOEX:CHMF,2023-02-27T11:59:00+03:00,1054.4,1054.6,1053.6,1054.0,439
MOEX:CHMF,2023-02-27T12:00:00+03:00,1053.8,1054.2,1053.0,1053.2,3386
MOEX:CHMF,2023-02-27T12:01:00+03:00,1053.2,1053.4,1053.0,1053.2,297
MOEX:CHMF,2023-02-27T12:02:00+03:00,1053.0,1053.2,1052.2,1052.2,681
MOEX:CHMF,2023-02-27T12:03:00+03:00,1052.2,1053.4,1052.2,1052.8,459
MOEX:CHMF,2023-02-27T12:04:00+03:00,1053.2,1054.6,1053.2,1054.6,351
MOEX:CHMF,2023-02-27T12:05:00+03:00,1054.0,1055.2,1054.0,1055.2,1418
MOEX:CHMF,2023-02-27T12:06:00+03:00,1054.8,1055.0,1054.0,1054.6,161
MOEX:CHMF,2023-02-27T12:07:00+03:00,1054.4,1055.0,1054.2,1055.0,230
MOEX:CHMF,2023-02-27T12:08:00+03:00,1054.6,1054.8,1054.0,1054.2,650
MOEX:CHMF,2023-02-27T12:09:00+03:00,1054.2,1054.2,1053.2,1053.8,1179
MOEX:CHMF,2023-02-27T12:10:00+03:00,1053.4,1054.0,1053.0,1053.2,1149
MOEX:CHMF,2023-02-27T12:11:00+03:00,1053.4,1054.0,1053.4,1053.6,23
MOEX:CHMF,2023-02-27T12:12:00+03:00,1053.6,1054.0,1053.4,1053.6,176
MOEX:CHMF,2023-02-27T12:13:00+03:00,1053.6,1053.8,1053.6,1053.6,100
MOEX:CHMF,2023-02-27T12:14:00+03:00,1053.8,1054.0,1053.6,1054.0,64
MOEX:CHMF,2023-02-27T12:15:00+03:00,1053.6,1054.0,1053.6,1053.8,226
MOEX:CHMF,2023-02-27T12:16:00+03:00,1053.8,1054.8,1053.8,1054.8,834
MOEX:CHMF,2023-02-27T12:17:00+03:00,1054.2,1054.6,1053.8,1054.4,54
MOEX:CHMF,2023-02-27T12:18:00+03:00,1054.2,1054.4,1053.8,1054.0,144
MOEX:CHMF,2023-02-27T12:19:00+03:00,1053.8,1054.0,1053.8,1054.0,883
MOEX:CHMF,2023-02-27T12:20:00+03:00,1053.8,1055.4,1053.8,1055.2,1089
MOEX:CHMF,2023-02-27T12:21:00+03:00,1055.2,1055.4,1054.6,1054.8,350
MOEX:CHMF,2023-02-27T12:22:00+03:00,1055.2,1055.2,1054.6,1055.2,115
MOEX:CHMF,2023-02-27T12:23:00+03:00,1055.2,1055.2,1054.6,1055.0,121
MOEX:CHMF,2023-02-27T12:24:00+03:00,1055.0,1055.6,1055.0,1055.2,706
MOEX:CHMF,2023-02-27T12:25:00+03:00,1055.0,1055.2,1055.0,1055.0,795
MOEX:CHMF,2023-02-27T12:26:00+03:00,1055.0,1055.2,1054.6,1055.0,355
MOEX:CHMF,2023-02-27T12:27:00+03:00,1054.8,1055.2,1054.8,1055.0,430
MOEX:CHMF,2023-02-27T12:28:00+03:00,1055.2,1055.2,1055.0,1055.2,436
MOEX:CHMF,2023-02-27T12:29:00+03:00,1055.2,1055.2,1054.8,1054.8,1105
MOEX:CHMF,2023-02-27T12:30:00+03:00,1054.8,1055.0,1054.8,1055.0,407
MOEX:CHMF,2023-02-27T12:31:00+03:00,1054.8,1055.0,1054.6,1055.0,140
MOEX:CHMF,2023-02-27T12:32:00+03:00,1054.6,1055.0,1054.6,1055.0,333
MOEX:CHMF,2023-02-27T12:33:00+03:00,1054.8,1055.0,1054.6,1054.6,540
MOEX:CHMF,2023-02-27T12:34:00+03:00,1054.6,1054.8,1054.6,1054.8,823
MOEX:CHMF,2023-02-27T12:35:00+03:00,1054.8,1054.8,1054.6,1054.8,441
MOEX:CHMF,2023-02-27T12:36:00+03:00,1054.8,1054.8,1054.6,1054.6,1872
MOEX:CHMF,2023-02-27T12:37:00+03:00,1054.6,1055.0,1054.6,1054.8,755
MOEX:CHMF,2023-02-27T12:38:00+03:00,1054.8,1055.0,1054.6,1054.8,603
MOEX:CHMF,2023-02-27T12:39:00+03:00,1054.6,1055.0,1054.6,1054.8,492
MOEX:CHMF,2023-02-27T12:40:00+03:00,1054.8,1055.2,1054.8,1054.8,640
MOEX:CHMF,2023-02-27T12:41:00+03:00,1054.8,1055.4,1054.8,1055.4,1918
MOEX:CHMF,2023-02-27T12:42:00+03:00,1055.4,1055.4,1055.2,1055.4,296
MOEX:CHMF,2023-02-27T12:43:00+03:00,1055.4,1055.4,1055.2,1055.4,589
MOEX:CHMF,2023-02-27T12:44:00+03:00,1055.2,1055.4,1055.2,1055.4,1284
MOEX:CHMF,2023-02-27T12:45:00+03:00,1055.2,1055.6,1055.2,1055.4,1951
MOEX:CHMF,2023-02-27T12:46:00+03:00,1055.4,1055.4,1054.8,1054.8,223
MOEX:CHMF,2023-02-27T12:47:00+03:00,1054.8,1055.0,1054.0,1054.2,995
MOEX:CHMF,2023-02-27T12:48:00+03:00,1054.6,1054.8,1054.2,1054.8,1001
MOEX:CHMF,2023-02-27T12:49:00+03:00,1054.4,1054.8,1054.2,1054.2,80
MOEX:CHMF,2023-02-27T12:50:00+03:00,1054.6,1054.8,1054.2,1054.4,160
MOEX:CHMF,2023-02-27T12:51:00+03:00,1054.2,1054.6,1054.2,1054.6,166
MOEX:CHMF,2023-02-27T12:52:00+03:00,1054.4,1054.4,1054.0,1054.0,388
MOEX:CHMF,2023-02-27T12:53:00+03:00,1054.2,1054.4,1054.0,1054.4,1304
MOEX:CHMF,2023-02-27T12:54:00+03:00,1054.2,1054.2,1053.8,1054.0,455
MOEX:CHMF,2023-02-27T12:55:00+03:00,1054.0,1054.0,1053.4,1053.4,440
MOEX:CHMF,2023-02-27T12:56:00+03:00,1053.6,1054.0,1053.2,1053.6,784
MOEX:CHMF,2023-02-27T12:57:00+03:00,1053.8,1054.0,1053.4,1053.4,256
MOEX:CHMF,2023-02-27T12:58:00+03:00,1053.4,1053.8,1053.4,1053.8,207
MOEX:CHMF,2023-02-27T12:59:00+03:00,1053.8,1054.0,1053.0,1053.8,1962
MOEX:CHMF,2023-02-27T13:00:00+03:00,1053.8,1054.0,1053.8,1054.0,244
MOEX:CHMF,2023-02-27T13:01:00+03:00,1054.0,1054.0,1053.8,1053.8,890
MOEX:CHMF,2023-02-27T13:02:00+03:00,1054.0,1054.4,1053.8,1054.2,1097
MOEX:CHMF,2023-02-27T13:03:00+03:00,1054.4,1055.0,1054.2,1055.0,1736
MOEX:CHMF,2023-02-27T13:04:00+03:00,1055.0,1055.8,1055.0,1055.8,1481
MOEX:CHMF,2023-02-27T13:05:00+03:00,1055.8,1056.0,1055.4,1056.0,6237
MOEX:CHMF,2023-02-27T13:06:00+03:00,1056.0,1056.0,1055.8,1055.8,5265
MOEX:CHMF,2023-02-27T13:07:00+03:00,1056.0,1056.0,1055.8,1056.0,1117
MOEX:CHMF,2023-02-27T13:08:00+03:00,1056.0,1056.0,1055.8,1056.0,4805
MOEX:CHMF,2023-02-27T13:09:00+03:00,1056.0,1056.0,1055.8,1056.0,1317
MOEX:CHMF,2023-02-27T13:10:00+03:00,1056.0,1061.4,1055.8,1060.8,53002
MOEX:CHMF,2023-02-27T13:11:00+03:00,1060.8,1061.0,1058.0,1058.0,4142
MOEX:CHMF,2023-02-27T13:12:00+03:00,1058.2,1058.8,1056.6,1057.0,2542
MOEX:CHMF,2023-02-27T13:13:00+03:00,1057.0,1058.0,1056.2,1057.0,2568
MOEX:CHMF,2023-02-27T13:14:00+03:00,1057.0,1058.6,1056.4,1058.4,2260
MOEX:CHMF,2023-02-27T13:15:00+03:00,1058.0,1058.8,1057.8,1058.0,1857
MOEX:CHMF,2023-02-27T13:16:00+03:00,1057.8,1057.8,1057.0,1057.0,639
MOEX:CHMF,2023-02-27T13:17:00+03:00,1057.2,1057.8,1057.0,1057.4,223
MOEX:CHMF,2023-02-27T13:18:00+03:00,1057.0,1057.0,1056.2,1056.6,1165
MOEX:CHMF,2023-02-27T13:19:00+03:00,1056.6,1056.8,1056.6,1056.8,367
MOEX:CHMF,2023-02-27T13:20:00+03:00,1056.8,1057.2,1056.6,1056.8,150
MOEX:CHMF,2023-02-27T13:21:00+03:00,1057.2,1057.2,1056.6,1057.0,537
MOEX:CHMF,2023-02-27T13:22:00+03:00,1057.0,1059.4,1056.8,1058.0,5682
MOEX:CHMF,2023-02-27T13:23:00+03:00,1057.8,1059.8,1057.8,1059.0,6693
MOEX:CHMF,2023-02-27T13:24:00+03:00,1059.6,1060.0,1058.2,1059.0,4048
MOEX:CHMF,2023-02-27T13:25:00+03:00,1059.4,1059.4,1058.8,1058.8,398
MOEX:CHMF,2023-02-27T13:26:00+03:00,1058.8,1058.8,1057.8,1058.0,747
MOEX:CHMF,2023-02-27T13:27:00+03:00,1058.0,1058.0,1057.6,1057.6,1079
MOEX:CHMF,2023-02-27T13:28:00+03:00,1058.0,1058.4,1057.8,1058.4,753
MOEX:CHMF,2023-02-27T13:29:00+03:00,1058.4,1058.4,1057.8,1058.4,468
MOEX:CHMF,2023-02-27T13:30:00+03:00,1058.4,1058.4,1058.0,1058.0,496
MOEX:CHMF,2023-02-27T13:31:00+03:00,1057.8,1058.4,1057.6,1058.4,1231
MOEX:CHMF,2023-02-27T13:32:00+03:00,1058.4,1058.8,1058.0,1058.4,1297
MOEX:CHMF,2023-02-27T13:33:00+03:00,1058.6,1059.6,1058.4,1059.0,1662
MOEX:CHMF,2023-02-27T13:34:00+03:00,1059.0,1059.2,1058.6,1059.0,855
MOEX:CHMF,2023-02-27T13:35:00+03:00,1059.0,1059.0,1058.4,1058.4,942
MOEX:CHMF,2023-02-27T13:36:00+03:00,1058.4,1059.0,1058.4,1059.0,1488
MOEX:CHMF,2023-02-27T13:37:00+03:00,1059.0,1059.0,1058.4,1059.0,743
MOEX:CHMF,2023-02-27T13:38:00+03:00,1059.2,1060.0,1058.8,1060.0,3616
MOEX:CHMF,2023-02-27T13:39:00+03:00,1059.8,1060.0,1058.8,1059.0,712
MOEX:CHMF,2023-02-27T13:40:00+03:00,1059.0,1059.4,1058.8,1059.0,267
MOEX:CHMF,2023-02-27T13:41:00+03:00,1059.2,1059.6,1058.8,1059.4,785
MOEX:CHMF,2023-02-27T13:42:00+03:00,1059.4,1060.0,1058.8,1059.8,3044
MOEX:CHMF,2023-02-27T13:43:00+03:00,1059.8,1060.0,1059.4,1059.6,1322
MOEX:CHMF,2023-02-27T13:44:00+03:00,1059.6,1060.0,1059.0,1059.6,1485
MOEX:CHMF,2023-02-27T13:45:00+03:00,1059.0,1060.0,1059.0,1059.6,2041
MOEX:CHMF,2023-02-27T13:46:00+03:00,1059.4,1059.8,1059.2,1059.4,563
MOEX:CHMF,2023-02-27T13:47:00+03:00,1059.4,1059.8,1059.2,1059.6,152
MOEX:CHMF,2023-02-27T13:48:00+03:00,1059.8,1060.0,1059.6,1059.6,1550
MOEX:CHMF,2023-02-27T13:49:00+03:00,1060.0,1060.0,1059.4,1059.6,510
MOEX:CHMF,2023-02-27T13:50:00+03:00,1059.4,1059.8,1058.4,1058.4,1624
MOEX:CHMF,2023-02-27T13:51:00+03:00,1058.4,1058.8,1058.0,1058.2,276
MOEX:CHMF,2023-02-27T13:52:00+03:00,1058.6,1058.8,1058.0,1058.2,1133
MOEX:CHMF,2023-02-27T13:53:00+03:00,1058.0,1058.2,1057.6,1058.0,1356
MOEX:CHMF,2023-02-27T13:54:00+03:00,1057.8,1058.0,1057.4,1057.6,654
MOEX:CHMF,2023-02-27T13:55:00+03:00,1057.4,1058.0,1057.2,1058.0,910
MOEX:CHMF,2023-02-27T13:56:00+03:00,1057.4,1058.0,1057.2,1057.2,563
MOEX:CHMF,2023-02-27T13:57:00+03:00,1057.4,1058.0,1057.2,1057.4,162
MOEX:CHMF,2023-02-27T13:58:00+03:00,1057.6,1058.0,1057.2,1057.4,722
MOEX:CHMF,2023-02-27T13:59:00+03:00,1057.8,1057.8,1057.2,1057.8,275
MOEX:CHMF,2023-02-27T14:00:00+03:00,1057.4,1058.0,1057.0,1058.0,595
MOEX:CHMF,2023-02-27T14:01:00+03:00,1058.0,1058.0,1057.2,1057.8,553
MOEX:CHMF,2023-02-27T14:02:00+03:00,1058.0,1058.0,1057.4,1058.0,268
MOEX:CHMF,2023-02-27T14:03:00+03:00,1058.0,1058.0,1057.4,1057.6,122
MOEX:CHMF,2023-02-27T14:04:00+03:00,1057.6,1058.0,1057.4,1057.4,476
MOEX:CHMF,2023-02-27T14:05:00+03:00,1057.4,1058.0,1057.4,1057.4,245
MOEX:CHMF,2023-02-27T14:06:00+03:00,1057.6,1058.0,1057.4,1057.8,220
MOEX:CHMF,2023-02-27T14:07:00+03:00,1057.8,1058.0,1057.0,1057.2,2163
MOEX:CHMF,2023-02-27T14:08:00+03:00,1057.2,1057.4,1057.0,1057.0,132
MOEX:CHMF,2023-02-27T14:09:00+03:00,1057.0,1057.0,1056.6,1056.8,665
MOEX:CHMF,2023-02-27T14:10:00+03:00,1056.8,1056.8,1056.4,1056.6,385
MOEX:CHMF,2023-02-27T14:11:00+03:00,1056.4,1056.6,1055.8,1055.8,1842
MOEX:CHMF,2023-02-27T14:12:00+03:00,1055.8,1056.0,1055.6,1055.8,597
MOEX:CHMF,2023-02-27T14:13:00+03:00,1055.8,1056.0,1055.4,1055.4,1803
MOEX:CHMF,2023-02-27T14:14:00+03:00,1055.4,1055.6,1055.4,1055.6,612
MOEX:CHMF,2023-02-27T14:15:00+03:00,1055.6,1055.6,1055.4,1055.6,1031
MOEX:CHMF,2023-02-27T14:16:00+03:00,1055.4,1055.8,1055.4,1055.8,544
MOEX:CHMF,2023-02-27T14:17:00+03:00,1055.8,1056.8,1055.8,1056.8,1635
MOEX:CHMF,2023-02-27T14:18:00+03:00,1056.4,1057.0,1056.0,1057.0,1992
MOEX:CHMF,2023-02-27T14:19:00+03:00,1056.6,1057.0,1056.6,1056.8,459
MOEX:CHMF,2023-02-27T14:20:00+03:00,1056.8,1057.0,1056.2,1056.4,216
MOEX:CHMF,2023-02-27T14:21:00+03:00,1056.6,1056.8,1056.4,1056.4,179
MOEX:CHMF,2023-02-27T14:22:00+03:00,1056.4,1057.8,1056.4,1057.8,1801
MOEX:CHMF,2023-02-27T14:23:00+03:00,1057.6,1058.0,1057.4,1058.0,275
MOEX:CHMF,2023-02-27T14:24:00+03:00,1057.6,1058.0,1057.6,1058.0,207
MOEX:CHMF,2023-02-27T14:25:00+03:00,1057.8,1058.0,1057.4,1057.4,448
MOEX:CHMF,2023-02-27T14:26:00+03:00,1057.4,1057.6,1057.0,1057.2,987
MOEX:CHMF,2023-02-27T14:27:00+03:00,1057.2,1057.6,1055.0,1055.0,8948
MOEX:CHMF,2023-02-27T14:28:00+03:00,1055.2,1055.8,1055.2,1055.4,259
MOEX:CHMF,2023-02-27T14:29:00+03:00,1055.4,1056.2,1055.4,1056.0,313
MOEX:CHMF,2023-02-27T14:30:00+03:00,1055.8,1056.0,1055.4,1056.0,588
MOEX:CHMF,2023-02-27T14:31:00+03:00,1055.8,1056.0,1055.0,1055.0,932
MOEX:CHMF,2023-02-27T14:32:00+03:00,1055.0,1055.4,1054.6,1054.6,1653
MOEX:CHMF,2023-02-27T14:33:00+03:00,1054.8,1055.4,1054.6,1054.8,486
MOEX:CHMF,2023-02-27T14:34:00+03:00,1054.8,1055.2,1054.4,1054.4,560
MOEX:CHMF,2023-02-27T14:35:00+03:00,1054.4,1054.8,1054.2,1054.2,572
MOEX:CHMF,2023-02-27T14:36:00+03:00,1054.4,1055.2,1054.4,1055.2,318
MOEX:CHMF,2023-02-27T14:37:00+03:00,1054.8,1055.4,1054.2,1054.6,675
MOEX:CHMF,2023-02-27T14:38:00+03:00,1054.6,1055.0,1054.2,1054.8,240
MOEX:CHMF,2023-02-27T14:39:00+03:00,1054.8,1055.0,1054.2,1054.6,204
MOEX:CHMF,2023-02-27T14:40:00+03:00,1054.6,1055.0,1054.4,1054.8,1325
MOEX:CHMF,2023-02-27T14:41:00+03:00,1055.0,1055.8,1054.8,1055.6,351
MOEX:CHMF,2023-02-27T14:42:00+03:00,1055.6,1055.8,1055.0,1055.4,443
MOEX:CHMF,2023-02-27T14:43:00+03:00,1055.0,1055.6,1055.0,1055.6,169
MOEX:CHMF,2023-02-27T14:44:00+03:00,1055.0,1055.6,1055.0,1055.0,156
MOEX:CHMF,2023-02-27T14:45:00+03:00,1055.0,1055.6,1055.0,1055.6,257
MOEX:CHMF,2023-02-27T14:46:00+03:00,1055.6,1055.8,1055.2,1055.6,149
MOEX:CHMF,2023-02-27T14:47:00+03:00,1055.6,1055.8,1055.6,1055.6,488
MOEX:CHMF,2023-02-27T14:48:00+03:00,1055.6,1056.8,1055.6,1056.4,1471
MOEX:CHMF,2023-02-27T14:49:00+03:00,1056.6,1057.0,1056.4,1056.8,448
MOEX:CHMF,2023-02-27T14:50:00+03:00,1056.8,1057.2,1056.8,1057.2,640
MOEX:CHMF,2023-02-27T14:51:00+03:00,1057.2,1057.2,1057.0,1057.0,150
MOEX:CHMF,2023-02-27T14:52:00+03:00,1056.8,1056.8,1056.2,1056.8,493
MOEX:CHMF,2023-02-27T14:53:00+03:00,1056.4,1056.6,1055.8,1056.0,261
MOEX:CHMF,2023-02-27T14:54:00+03:00,1055.8,1056.6,1055.6,1056.6,466
MOEX:CHMF,2023-02-27T14:55:00+03:00,1056.6,1057.4,1056.4,1057.4,865
MOEX:CHMF,2023-02-27T14:56:00+03:00,1057.2,1057.6,1056.0,1056.2,1361
MOEX:CHMF,2023-02-27T14:57:00+03:00,1056.2,1057.0,1056.0,1056.0,922
MOEX:CHMF,2023-02-27T14:58:00+03:00,1056.4,1056.6,1056.4,1056.6,111
MOEX:CHMF,2023-02-27T14:59:00+03:00,1056.2,1057.8,1056.0,1057.2,6119
MOEX:CHMF,2023-02-27T15:00:00+03:00,1057.2,1059.0,1057.0,1059.0,5796
MOEX:CHMF,2023-02-27T15:01:00+03:00,1058.8,1058.8,1057.4,1058.2,298
MOEX:CHMF,2023-02-27T15:02:00+03:00,1057.6,1058.6,1057.4,1058.2,934
MOEX:CHMF,2023-02-27T15:03:00+03:00,1057.6,1059.8,1057.6,1058.8,3735
MOEX:CHMF,2023-02-27T15:04:00+03:00,1058.8,1059.2,1058.2,1059.0,127
MOEX:CHMF,2023-02-27T15:05:00+03:00,1058.8,1058.8,1058.2,1058.4,269
MOEX:CHMF,2023-02-27T15:06:00+03:00,1058.4,1058.6,1058.0,1058.6,287
MOEX:CHMF,2023-02-27T15:07:00+03:00,1058.4,1058.8,1058.0,1058.4,250
MOEX:CHMF,2023-02-27T15:08:00+03:00,1058.4,1058.6,1057.8,1058.2,163
MOEX:CHMF,2023-02-27T15:09:00+03:00,1058.2,1058.6,1057.8,1058.6,367
MOEX:CHMF,2023-02-27T15:10:00+03:00,1058.6,1058.6,1058.0,1058.0,210
MOEX:CHMF,2023-02-27T15:11:00+03:00,1058.0,1058.6,1057.8,1058.4,178
MOEX:CHMF,2023-02-27T15:12:00+03:00,1058.2,1058.4,1057.6,1057.6,158
MOEX:CHMF,2023-02-27T15:13:00+03:00,1057.6,1058.0,1057.2,1057.8,679
MOEX:CHMF,2023-02-27T15:14:00+03:00,1058.0,1058.0,1057.8,1058.0,790
MOEX:CHMF,2023-02-27T15:15:00+03:00,1057.8,1059.0,1057.4,1058.6,3031
MOEX:CHMF,2023-02-27T15:16:00+03:00,1058.4,1058.4,1057.8,1058.0,292
MOEX:CHMF,2023-02-27T15:17:00+03:00,1058.0,1059.2,1057.8,1059.2,2817
MOEX:CHMF,2023-02-27T15:18:00+03:00,1059.2,1059.4,1058.0,1059.0,2433
MOEX:CHMF,2023-02-27T15:19:00+03:00,1059.2,1059.4,1059.0,1059.0,449
MOEX:CHMF,2023-02-27T15:20:00+03:00,1059.2,1059.8,1059.0,1059.8,5463
MOEX:CHMF,2023-02-27T15:21:00+03:00,1059.8,1061.0,1059.6,1060.8,8625
MOEX:CHMF,2023-02-27T15:22:00+03:00,1060.8,1061.6,1060.6,1061.2,2784
MOEX:CHMF,2023-02-27T15:23:00+03:00,1061.4,1061.6,1060.8,1061.2,1462
MOEX:CHMF,2023-02-27T15:24:00+03:00,1060.6,1061.8,1060.6,1061.6,3913
MOEX:CHMF,2023-02-27T15:25:00+03:00,1061.6,1062.0,1061.0,1061.4,6604
MOEX:CHMF,2023-02-27T15:26:00+03:00,1061.0,1061.6,1060.2,1061.2,1879
MOEX:CHMF,2023-02-27T15:27:00+03:00,1061.2,1061.4,1059.6,1060.0,1886
MOEX:CHMF,2023-02-27T15:28:00+03:00,1060.0,1060.4,1059.4,1059.6,2048
MOEX:CHMF,2023-02-27T15:29:00+03:00,1059.4,1060.0,1059.2,1059.4,611
MOEX:CHMF,2023-02-27T15:30:00+03:00,1059.6,1059.8,1059.2,1059.2,1823
MOEX:CHMF,2023-02-27T15:31:00+03:00,1059.8,1060.0,1059.6,1060.0,1209
MOEX:CHMF,2023-02-27T15:32:00+03:00,1059.8,1059.8,1059.4,1059.8,102
MOEX:CHMF,2023-02-27T15:33:00+03:00,1059.8,1059.8,1059.4,1059.8,98
MOEX:CHMF,2023-02-27T15:34:00+03:00,1059.8,1059.8,1059.4,1059.8,139
MOEX:CHMF,2023-02-27T15:35:00+03:00,1059.6,1060.0,1059.4,1059.4,443
MOEX:CHMF,2023-02-27T15:36:00+03:00,1059.6,1059.6,1059.4,1059.6,622
MOEX:CHMF,2023-02-27T15:37:00+03:00,1059.6,1059.6,1059.2,1059.2,410
MOEX:CHMF,2023-02-27T15:38:00+03:00,1059.4,1059.4,1057.6,1057.8,1983
MOEX:CHMF,2023-02-27T15:39:00+03:00,1058.0,1059.2,1058.0,1058.6,305
MOEX:CHMF,2023-02-27T15:40:00+03:00,1059.2,1059.4,1058.6,1059.0,135
MOEX:CHMF,2023-02-27T15:41:00+03:00,1059.6,1059.6,1058.8,1059.4,117
MOEX:CHMF,2023-02-27T15:42:00+03:00,1059.6,1059.6,1058.8,1059.2,134
MOEX:CHMF,2023-02-27T15:43:00+03:00,1059.2,1059.4,1058.4,1059.0,360
MOEX:CHMF,2023-02-27T15:44:00+03:00,1059.0,1059.0,1058.4,1059.0,252
MOEX:CHMF,2023-02-27T15:45:00+03:00,1058.6,1059.6,1058.6,1059.2,217
MOEX:CHMF,2023-02-27T15:46:00+03:00,1059.4,1059.6,1058.8,1059.4,795
MOEX:CHMF,2023-02-27T15:47:00+03:00,1059.4,1059.4,1057.2,1057.4,2648
MOEX:CHMF,2023-02-27T15:48:00+03:00,1057.2,1057.4,1057.0,1057.4,3454
MOEX:CHMF,2023-02-27T15:49:00+03:00,1057.2,1057.6,1057.0,1057.2,836
MOEX:CHMF,2023-02-27T15:50:00+03:00,1057.0,1057.4,1057.0,1057.4,181
MOEX:CHMF,2023-02-27T15:51:00+03:00,1057.4,1058.0,1057.2,1058.0,410
MOEX:CHMF,2023-02-27T15:52:00+03:00,1058.0,1058.8,1057.8,1058.8,217
MOEX:CHMF,2023-02-27T15:53:00+03:00,1058.6,1058.8,1057.4,1057.6,829
MOEX:CHMF,2023-02-27T15:54:00+03:00,1057.6,1057.6,1056.8,1057.6,705
MOEX:CHMF,2023-02-27T15:55:00+03:00,1057.6,1057.8,1057.2,1057.8,71
MOEX:CHMF,2023-02-27T15:56:00+03:00,1057.8,1059.4,1057.8,1059.0,2431
MOEX:CHMF,2023-02-27T15:57:00+03:00,1058.4,1059.0,1057.8,1058.4,409
MOEX:CHMF,2023-02-27T15:58:00+03:00,1057.8,1058.4,1057.0,1057.4,502
MOEX:CHMF,2023-02-27T15:59:00+03:00,1057.4,1057.6,1056.8,1057.0,569
MOEX:CHMF,2023-02-27T16:00:00+03:00,1057.0,1057.0,1056.6,1056.8,1006
MOEX:CHMF,2023-02-27T16:01:00+03:00,1056.8,1058.6,1056.8,1058.0,696
MOEX:CHMF,2023-02-27T16:02:00+03:00,1058.0,1059.8,1058.0,1059.4,1362
MOEX:CHMF,2023-02-27T16:03:00+03:00,1059.4,1060.0,1059.0,1059.8,1830
MOEX:CHMF,2023-02-27T16:04:00+03:00,1059.8,1060.4,1059.2,1060.0,1261
MOEX:CHMF,2023-02-27T16:05:00+03:00,1060.2,1060.8,1060.0,1060.6,2068
MOEX:CHMF,2023-02-27T16:06:00+03:00,1060.6,1060.8,1060.0,1060.2,1720
MOEX:CHMF,2023-02-27T16:07:00+03:00,1060.0,1060.6,1060.0,1060.2,1035
MOEX:CHMF,2023-02-27T16:08:00+03:00,1060.4,1060.6,1060.2,1060.4,339
MOEX:CHMF,2023-02-27T16:09:00+03:00,1060.6,1060.8,1060.2,1060.2,526
MOEX:CHMF,2023-02-27T16:10:00+03:00,1060.2,1060.8,1060.2,1060.2,1390
MOEX:CHMF,2023-02-27T16:11:00+03:00,1060.2,1060.8,1060.2,1060.2,1292
MOEX:CHMF,2023-02-27T16:12:00+03:00,1060.2,1060.6,1059.0,1059.0,2584
MOEX:CHMF,2023-02-27T16:13:00+03:00,1059.0,1060.4,1059.0,1059.6,4169
MOEX:CHMF,2023-02-27T16:14:00+03:00,1059.0,1060.4,1059.0,1060.2,1930
MOEX:CHMF,2023-02-27T16:15:00+03:00,1060.2,1060.4,1059.0,1060.2,6932
MOEX:CHMF,2023-02-27T16:16:00+03:00,1060.2,1060.6,1059.0,1059.0,2132
MOEX:CHMF,2023-02-27T16:17:00+03:00,1059.0,1059.6,1059.0,1059.6,621
MOEX:CHMF,2023-02-27T16:18:00+03:00,1059.4,1059.6,1057.8,1057.8,7398
MOEX:CHMF,2023-02-27T16:19:00+03:00,1057.8,1058.0,1057.2,1057.4,1307
MOEX:CHMF,2023-02-27T16:20:00+03:00,1057.4,1058.2,1057.2,1057.6,557
MOEX:CHMF,2023-02-27T16:21:00+03:00,1057.4,1059.0,1057.4,1058.0,863
MOEX:CHMF,2023-02-27T16:22:00+03:00,1058.0,1058.8,1058.0,1058.6,701
MOEX:CHMF,2023-02-27T16:23:00+03:00,1058.6,1058.8,1057.4,1057.6,1718
MOEX:CHMF,2023-02-27T16:24:00+03:00,1057.4,1057.6,1056.2,1056.4,4266
MOEX:CHMF,2023-02-27T16:25:00+03:00,1056.4,1057.4,1056.4,1057.0,4008
MOEX:CHMF,2023-02-27T16:26:00+03:00,1057.0,1058.0,1056.8,1057.0,844
MOEX:CHMF,2023-02-27T16:27:00+03:00,1057.4,1058.2,1056.6,1056.6,1097
MOEX:CHMF,2023-02-27T16:28:00+03:00,1056.6,1057.4,1056.4,1056.6,974
MOEX:CHMF,2023-02-27T16:29:00+03:00,1056.6,1057.8,1056.6,1057.2,885
MOEX:CHMF,2023-02-27T16:30:00+03:00,1057.2,1057.2,1056.6,1056.6,635
MOEX:CHMF,2023-02-27T16:31:00+03:00,1056.6,1056.8,1056.2,1056.2,403
MOEX:CHMF,2023-02-27T16:32:00+03:00,1056.2,1056.8,1056.2,1056.6,490
MOEX:CHMF,2023-02-27T16:33:00+03:00,1056.6,1056.8,1056.2,1056.4,1025
MOEX:CHMF,2023-02-27T16:34:00+03:00,1056.2,1056.8,1056.2,1056.8,2755
MOEX:CHMF,2023-02-27T16:35:00+03:00,1056.6,1057.0,1056.4,1056.8,1025
MOEX:CHMF,2023-02-27T16:36:00+03:00,1056.8,1057.2,1056.4,1056.6,614
MOEX:CHMF,2023-02-27T16:37:00+03:00,1056.6,1057.6,1056.6,1057.2,655
MOEX:CHMF,2023-02-27T16:38:00+03:00,1057.2,1058.0,1057.0,1057.4,981
MOEX:CHMF,2023-02-27T16:39:00+03:00,1057.4,1058.8,1057.4,1058.0,1223
MOEX:CHMF,2023-02-27T16:40:00+03:00,1058.2,1058.6,1057.6,1057.6,714
MOEX:CHMF,2023-02-27T16:41:00+03:00,1057.6,1058.4,1057.4,1057.6,488
MOEX:CHMF,2023-02-27T16:42:00+03:00,1057.6,1058.6,1057.4,1057.4,435
MOEX:CHMF,2023-02-27T16:43:00+03:00,1057.4,1058.8,1057.4,1058.6,277
MOEX:CHMF,2023-02-27T16:44:00+03:00,1058.6,1058.8,1058.2,1058.8,1274
MOEX:CHMF,2023-02-27T16:45:00+03:00,1058.4,1059.0,1058.4,1058.8,3368
MOEX:CHMF,2023-02-27T16:46:00+03:00,1058.8,1059.0,1058.4,1059.0,247
MOEX:CHMF,2023-02-27T16:47:00+03:00,1058.6,1059.0,1058.6,1059.0,2015
MOEX:CHMF,2023-02-27T16:48:00+03:00,1058.8,1059.0,1058.8,1059.0,585
MOEX:CHMF,2023-02-27T16:49:00+03:00,1058.8,1059.4,1058.6,1059.2,2357
MOEX:CHMF,2023-02-27T16:50:00+03:00,1059.2,1059.2,1058.6,1059.2,408
MOEX:CHMF,2023-02-27T16:51:00+03:00,1059.0,1059.2,1058.0,1059.2,2078
MOEX:CHMF,2023-02-27T16:52:00+03:00,1059.2,1059.2,1058.2,1058.6,1380
MOEX:CHMF,2023-02-27T16:53:00+03:00,1058.8,1058.8,1058.2,1058.4,259
MOEX:CHMF,2023-02-27T16:54:00+03:00,1058.4,1058.8,1058.0,1058.4,1521
MOEX:CHMF,2023-02-27T16:55:00+03:00,1058.0,1058.6,1058.0,1058.2,464
MOEX:CHMF,2023-02-27T16:56:00+03:00,1058.2,1058.6,1058.2,1058.6,1142
MOEX:CHMF,2023-02-27T16:57:00+03:00,1058.4,1058.6,1057.6,1058.0,701
MOEX:CHMF,2023-02-27T16:58:00+03:00,1058.0,1058.0,1057.4,1058.0,324
MOEX:CHMF,2023-02-27T16:59:00+03:00,1057.6,1058.6,1057.4,1058.0,909
MOEX:CHMF,2023-02-27T17:00:00+03:00,1058.4,1058.8,1057.6,1058.8,864
MOEX:CHMF,2023-02-27T17:01:00+03:00,1058.6,1059.0,1058.6,1059.0,395
MOEX:CHMF,2023-02-27T17:02:00+03:00,1058.4,1059.0,1058.2,1058.8,879
MOEX:CHMF,2023-02-27T17:03:00+03:00,1058.8,1059.0,1058.2,1059.0,1045
MOEX:CHMF,2023-02-27T17:04:00+03:00,1059.0,1059.0,1058.0,1058.6,1412
MOEX:CHMF,2023-02-27T17:05:00+03:00,1058.4,1058.6,1058.0,1058.2,1201
MOEX:CHMF,2023-02-27T17:06:00+03:00,1058.0,1058.8,1058.0,1058.8,613
MOEX:CHMF,2023-02-27T17:07:00+03:00,1058.8,1058.8,1058.0,1058.6,860
MOEX:CHMF,2023-02-27T17:08:00+03:00,1058.6,1058.6,1058.0,1058.6,762
MOEX:CHMF,2023-02-27T17:09:00+03:00,1058.0,1059.0,1058.0,1059.0,881
MOEX:CHMF,2023-02-27T17:10:00+03:00,1058.4,1059.0,1058.2,1058.8,777
MOEX:CHMF,2023-02-27T17:11:00+03:00,1058.8,1059.0,1058.4,1059.0,369
MOEX:CHMF,2023-02-27T17:12:00+03:00,1058.4,1059.0,1058.2,1059.0,445
MOEX:CHMF,2023-02-27T17:13:00+03:00,1059.0,1059.0,1058.4,1059.0,2134
MOEX:CHMF,2023-02-27T17:14:00+03:00,1058.8,1059.4,1058.8,1059.4,1170
MOEX:CHMF,2023-02-27T17:15:00+03:00,1059.4,1059.8,1058.8,1059.8,2605
MOEX:CHMF,2023-02-27T17:16:00+03:00,1059.6,1059.8,1059.4,1059.4,307
MOEX:CHMF,2023-02-27T17:17:00+03:00,1059.2,1059.6,1058.8,1059.6,671
MOEX:CHMF,2023-02-27T17:18:00+03:00,1059.6,1059.8,1058.6,1059.6,843
MOEX:CHMF,2023-02-27T17:19:00+03:00,1059.6,1059.6,1059.0,1059.4,549
MOEX:CHMF,2023-02-27T17:20:00+03:00,1059.0,1059.6,1058.6,1059.0,870
MOEX:CHMF,2023-02-27T17:21:00+03:00,1059.0,1059.0,1058.4,1059.0,574
MOEX:CHMF,2023-02-27T17:22:00+03:00,1058.8,1059.0,1058.4,1059.0,333
MOEX:CHMF,2023-02-27T17:23:00+03:00,1058.4,1059.0,1058.2,1059.0,4092
MOEX:CHMF,2023-02-27T17:24:00+03:00,1058.8,1059.0,1058.8,1059.0,1367
MOEX:CHMF,2023-02-27T17:25:00+03:00,1058.8,1059.0,1058.6,1058.8,1311
MOEX:CHMF,2023-02-27T17:26:00+03:00,1059.0,1059.0,1058.4,1059.0,865
MOEX:CHMF,2023-02-27T17:27:00+03:00,1059.0,1059.0,1058.8,1059.0,117
MOEX:CHMF,2023-02-27T17:28:00+03:00,1058.8,1059.0,1058.6,1058.8,436
MOEX:CHMF,2023-02-27T17:29:00+03:00,1058.4,1058.8,1058.0,1058.8,464
MOEX:CHMF,2023-02-27T17:30:00+03:00,1058.2,1058.8,1058.2,1058.8,41
MOEX:CHMF,2023-02-27T17:31:00+03:00,1058.6,1058.8,1058.4,1058.8,433
MOEX:CHMF,2023-02-27T17:32:00+03:00,1058.4,1058.8,1058.0,1058.4,2773
MOEX:CHMF,2023-02-27T17:33:00+03:00,1058.2,1058.6,1058.0,1058.2,567
MOEX:CHMF,2023-02-27T17:34:00+03:00,1058.2,1058.8,1057.6,1058.0,887
MOEX:CHMF,2023-02-27T17:35:00+03:00,1058.0,1058.0,1057.0,1057.0,1131
MOEX:CHMF,2023-02-27T17:36:00+03:00,1057.0,1057.2,1057.0,1057.2,1262
MOEX:CHMF,2023-02-27T17:37:00+03:00,1057.0,1057.6,1057.0,1057.4,607
MOEX:CHMF,2023-02-27T17:38:00+03:00,1057.4,1057.6,1057.0,1057.6,129
MOEX:CHMF,2023-02-27T17:39:00+03:00,1057.0,1057.2,1057.0,1057.2,475
MOEX:CHMF,2023-02-27T17:40:00+03:00,1057.2,1057.6,1057.2,1057.6,111
MOEX:CHMF,2023-02-27T17:41:00+03:00,1057.6,1057.8,1057.2,1057.8,1460
MOEX:CHMF,2023-02-27T17:42:00+03:00,1057.4,1057.8,1057.0,1057.6,800
MOEX:CHMF,2023-02-27T17:43:00+03:00,1057.8,1057.8,1057.0,1057.2,224
MOEX:CHMF,2023-02-27T17:44:00+03:00,1057.2,1057.8,1057.0,1057.8,497
MOEX:CHMF,2023-02-27T17:45:00+03:00,1057.8,1057.8,1057.0,1057.6,485
MOEX:CHMF,2023-02-27T17:46:00+03:00,1057.4,1057.8,1057.4,1057.8,169
MOEX:CHMF,2023-02-27T17:47:00+03:00,1057.8,1057.8,1056.8,1057.4,579
MOEX:CHMF,2023-02-27T17:48:00+03:00,1057.0,1057.6,1056.8,1057.4,866
MOEX:CHMF,2023-02-27T17:49:00+03:00,1057.0,1057.6,1056.8,1057.0,672
MOEX:CHMF,2023-02-27T17:50:00+03:00,1057.0,1058.0,1057.0,1057.6,4544
MOEX:CHMF,2023-02-27T17:51:00+03:00,1057.6,1057.8,1057.4,1057.6,125
MOEX:CHMF,2023-02-27T17:52:00+03:00,1057.4,1057.8,1057.0,1057.6,654
MOEX:CHMF,2023-02-27T17:53:00+03:00,1057.4,1057.8,1057.2,1057.8,96
MOEX:CHMF,2023-02-27T17:54:00+03:00,1057.2,1057.8,1057.0,1057.8,397
MOEX:CHMF,2023-02-27T17:55:00+03:00,1057.8,1057.8,1057.2,1057.8,470
MOEX:CHMF,2023-02-27T17:56:00+03:00,1057.4,1057.8,1057.4,1057.8,136
MOEX:CHMF,2023-02-27T17:57:00+03:00,1057.8,1057.8,1057.2,1057.4,508
MOEX:CHMF,2023-02-27T17:58:00+03:00,1057.4,1057.4,1057.0,1057.2,392
MOEX:CHMF,2023-02-27T17:59:00+03:00,1057.4,1057.4,1057.2,1057.2,48
MOEX:CHMF,2023-02-27T18:00:00+03:00,1057.4,1057.4,1057.0,1057.0,918
MOEX:CHMF,2023-02-27T18:01:00+03:00,1057.0,1057.2,1056.6,1056.6,1364
MOEX:CHMF,2023-02-27T18:02:00+03:00,1056.6,1056.8,1056.6,1056.6,413
MOEX:CHMF,2023-02-27T18:03:00+03:00,1056.8,1057.2,1056.6,1057.2,596
MOEX:CHMF,2023-02-27T18:04:00+03:00,1057.2,1057.4,1057.0,1057.2,452
MOEX:CHMF,2023-02-27T18:05:00+03:00,1057.4,1057.6,1057.0,1057.2,897
MOEX:CHMF,2023-02-27T18:06:00+03:00,1057.2,1057.4,1057.0,1057.4,414
MOEX:CHMF,2023-02-27T18:07:00+03:00,1057.0,1057.4,1057.0,1057.4,172
MOEX:CHMF,2023-02-27T18:08:00+03:00,1057.6,1057.6,1057.4,1057.6,509
MOEX:CHMF,2023-02-27T18:09:00+03:00,1057.6,1057.6,1057.0,1057.0,232
MOEX:CHMF,2023-02-27T18:10:00+03:00,1057.2,1057.2,1056.6,1057.0,622
MOEX:CHMF,2023-02-27T18:11:00+03:00,1056.8,1056.8,1056.6,1056.6,541
MOEX:CHMF,2023-02-27T18:12:00+03:00,1056.6,1057.2,1056.6,1056.8,217
MOEX:CHMF,2023-02-27T18:13:00+03:00,1057.0,1057.0,1056.6,1056.6,417
MOEX:CHMF,2023-02-27T18:14:00+03:00,1057.0,1057.4,1056.6,1056.6,522
MOEX:CHMF,2023-02-27T18:15:00+03:00,1056.6,1057.0,1056.6,1057.0,143
MOEX:CHMF,2023-02-27T18:16:00+03:00,1056.8,1057.0,1056.4,1056.8,408
MOEX:CHMF,2023-02-27T18:17:00+03:00,1056.6,1056.8,1056.4,1056.6,29
MOEX:CHMF,2023-02-27T18:18:00+03:00,1056.8,1056.8,1056.6,1056.8,500
MOEX:CHMF,2023-02-27T18:19:00+03:00,1056.6,1057.0,1056.6,1057.0,761
MOEX:CHMF,2023-02-27T18:20:00+03:00,1056.6,1056.8,1056.4,1056.8,711
MOEX:CHMF,2023-02-27T18:21:00+03:00,1056.8,1057.0,1056.6,1057.0,384
MOEX:CHMF,2023-02-27T18:22:00+03:00,1056.8,1057.4,1056.8,1057.4,277
MOEX:CHMF,2023-02-27T18:23:00+03:00,1057.2,1057.4,1057.0,1057.0,356
MOEX:CHMF,2023-02-27T18:24:00+03:00,1057.4,1057.4,1056.8,1057.2,404
MOEX:CHMF,2023-02-27T18:25:00+03:00,1056.8,1057.0,1056.6,1056.8,342
MOEX:CHMF,2023-02-27T18:26:00+03:00,1057.0,1057.0,1056.6,1056.6,1011
MOEX:CHMF,2023-02-27T18:27:00+03:00,1057.0,1057.0,1056.6,1056.6,480
MOEX:CHMF,2023-02-27T18:28:00+03:00,1057.0,1057.0,1056.6,1056.6,265
MOEX:CHMF,2023-02-27T18:29:00+03:00,1056.8,1057.0,1056.6,1057.0,672
MOEX:CHMF,2023-02-27T18:30:00+03:00,1056.6,1057.0,1056.6,1056.8,434
MOEX:CHMF,2023-02-27T18:31:00+03:00,1056.8,1056.8,1056.4,1056.6,1012
MOEX:CHMF,2023-02-27T18:32:00+03:00,1056.6,1056.6,1056.4,1056.4,1165
MOEX:CHMF,2023-02-27T18:33:00+03:00,1056.6,1056.6,1056.4,1056.6,425
MOEX:CHMF,2023-02-27T18:34:00+03:00,1056.4,1056.6,1056.4,1056.4,90
MOEX:CHMF,2023-02-27T18:35:00+03:00,1056.4,1056.6,1056.0,1056.0,3389
MOEX:CHMF,2023-02-27T18:36:00+03:00,1056.0,1056.2,1056.0,1056.2,4402
MOEX:CHMF,2023-02-27T18:37:00+03:00,1056.2,1056.4,1056.0,1056.2,2317
MOEX:CHMF,2023-02-27T18:38:00+03:00,1056.4,1056.4,1056.0,1056.0,1193
MOEX:CHMF,2023-02-27T18:39:00+03:00,1056.0,1056.4,1056.0,1056.2,543
MOEX:CHMF,2023-02-27T18:45:00+03:00,1058.0,1058.0,1058.0,1058.0,14748
MOEX:CHMF,2023-02-27T18:46:00+03:00,1058.0,1058.0,1058.0,1058.0,15
MOEX:CHMF,2023-02-27T18:47:00+03:00,1058.0,1058.0,1058.0,1058.0,85
MOEX:CHMF,2023-02-27T18:48:00+03:00,1058.0,1058.0,1058.0,1058.0,10
MOEX:CHMF,2023-02-27T18:49:00+03:00,1058.0,1058.0,1058.0,1058.0,601
MOEX:CHMF,2023-02-27T19:04:00+03:00,1058.0,1058.0,1058.0,1058.0,137
MOEX:CHMF,2023-02-27T19:05:00+03:00,1057.6,1058.0,1057.2,1058.0,63
MOEX:CHMF,2023-02-27T19:06:00+03:00,1058.0,1059.0,1057.8,1059.0,530
MOEX:CHMF,2023-02-27T19:07:00+03:00,1058.6,1058.8,1058.2,1058.6,62
MOEX:CHMF,2023-02-27T19:08:00+03:00,1058.6,1059.0,1058.6,1058.6,56
MOEX:CHMF,2023-02-27T19:09:00+03:00,1058.6,1059.2,1058.6,1059.2,61
MOEX:CHMF,2023-02-27T19:10:00+03:00,1059.0,1059.0,1058.4,1058.4,504
MOEX:CHMF,2023-02-27T19:11:00+03:00,1058.4,1059.0,1058.4,1058.6,33
MOEX:CHMF,2023-02-27T19:12:00+03:00,1058.6,1058.8,1058.6,1058.8,49
MOEX:CHMF,2023-02-27T19:13:00+03:00,1059.0,1059.0,1058.8,1059.0,333
MOEX:CHMF,2023-02-27T19:14:00+03:00,1059.2,1059.2,1057.4,1058.4,921
MOEX:CHMF,2023-02-27T19:15:00+03:00,1058.4,1058.8,1058.4,1058.8,52
MOEX:CHMF,2023-02-27T19:16:00+03:00,1058.8,1059.0,1058.8,1059.0,202
MOEX:CHMF,2023-02-27T19:17:00+03:00,1058.4,1058.8,1058.4,1058.6,46
MOEX:CHMF,2023-02-27T19:18:00+03:00,1058.6,1058.8,1058.6,1058.8,4
MOEX:CHMF,2023-02-27T19:19:00+03:00,1058.8,1059.0,1058.6,1058.6,861
MOEX:CHMF,2023-02-27T19:20:00+03:00,1058.4,1059.0,1058.4,1058.4,48
MOEX:CHMF,2023-02-27T19:21:00+03:00,1058.4,1058.4,1058.4,1058.4,33
MOEX:CHMF,2023-02-27T19:22:00+03:00,1058.4,1058.8,1058.4,1058.8,30
MOEX:CHMF,2023-02-27T19:23:00+03:00,1058.8,1059.0,1058.4,1059.0,1377
MOEX:CHMF,2023-02-27T19:24:00+03:00,1059.0,1059.0,1058.4,1058.4,361
MOEX:CHMF,2023-02-27T19:25:00+03:00,1058.4,1058.4,1058.4,1058.4,168
MOEX:CHMF,2023-02-27T19:26:00+03:00,1058.0,1058.2,1057.8,1058.2,482
MOEX:CHMF,2023-02-27T19:27:00+03:00,1058.2,1058.2,1057.8,1058.0,298
MOEX:CHMF,2023-02-27T19:28:00+03:00,1057.8,1058.0,1057.8,1058.0,108
MOEX:CHMF,2023-02-27T19:29:00+03:00,1058.0,1059.0,1058.0,1058.8,1515
MOEX:CHMF,2023-02-27T19:30:00+03:00,1058.0,1058.8,1058.0,1058.0,6
MOEX:CHMF,2023-02-27T19:31:00+03:00,1058.8,1059.0,1058.0,1059.0,104
MOEX:CHMF,2023-02-27T19:32:00+03:00,1059.0,1059.0,1059.0,1059.0,19
MOEX:CHMF,2023-02-27T19:33:00+03:00,1059.0,1059.0,1058.8,1058.8,169
MOEX:CHMF,2023-02-27T19:34:00+03:00,1059.0,1059.0,1058.8,1059.0,240
MOEX:CHMF,2023-02-27T19:35:00+03:00,1058.8,1059.2,1058.8,1058.8,338
MOEX:CHMF,2023-02-27T19:36:00+03:00,1059.0,1059.0,1058.8,1058.8,72
MOEX:CHMF,2023-02-27T19:37:00+03:00,1058.4,1058.8,1058.4,1058.8,14
MOEX:CHMF,2023-02-27T19:38:00+03:00,1058.4,1058.4,1058.4,1058.4,3
MOEX:CHMF,2023-02-27T19:39:00+03:00,1058.8,1058.8,1058.4,1058.4,76
MOEX:CHMF,2023-02-27T19:40:00+03:00,1058.8,1060.8,1058.6,1060.0,4635
MOEX:CHMF,2023-02-27T19:41:00+03:00,1059.0,1059.2,1059.0,1059.0,168
MOEX:CHMF,2023-02-27T19:42:00+03:00,1058.8,1059.8,1058.8,1059.6,178
MOEX:CHMF,2023-02-27T19:43:00+03:00,1059.6,1059.6,1059.0,1059.2,68
MOEX:CHMF,2023-02-27T19:44:00+03:00,1059.0,1059.0,1059.0,1059.0,16
MOEX:CHMF,2023-02-27T19:45:00+03:00,1059.2,1059.2,1058.6,1058.6,339
MOEX:CHMF,2023-02-27T19:46:00+03:00,1058.6,1058.6,1058.0,1058.2,95
MOEX:CHMF,2023-02-27T19:47:00+03:00,1058.2,1058.2,1057.8,1057.8,512
MOEX:CHMF,2023-02-27T19:48:00+03:00,1057.8,1058.2,1057.8,1058.2,43
MOEX:CHMF,2023-02-27T19:49:00+03:00,1057.8,1058.8,1057.8,1058.8,37
MOEX:CHMF,2023-02-27T19:50:00+03:00,1058.2,1058.2,1057.8,1057.8,286
MOEX:CHMF,2023-02-27T19:51:00+03:00,1057.6,1058.0,1057.6,1057.8,27
MOEX:CHMF,2023-02-27T19:52:00+03:00,1058.0,1058.0,1057.6,1058.0,66
MOEX:CHMF,2023-02-27T19:53:00+03:00,1057.6,1057.6,1057.6,1057.6,15
MOEX:CHMF,2023-02-27T19:54:00+03:00,1058.0,1058.0,1058.0,1058.0,1
MOEX:CHMF,2023-02-27T19:55:00+03:00,1057.6,1057.6,1056.4,1057.4,2922
MOEX:CHMF,2023-02-27T19:56:00+03:00,1057.4,1057.6,1057.0,1057.4,140
MOEX:CHMF,2023-02-27T19:57:00+03:00,1057.0,1057.6,1057.0,1057.2,236
MOEX:CHMF,2023-02-27T19:58:00+03:00,1057.2,1057.2,1057.2,1057.2,1
MOEX:CHMF,2023-02-27T19:59:00+03:00,1057.8,1057.8,1057.2,1057.8,34
MOEX:CHMF,2023-02-27T20:00:00+03:00,1057.2,1057.8,1057.2,1057.8,79
MOEX:CHMF,2023-02-27T20:01:00+03:00,1057.6,1057.8,1057.0,1057.0,61
MOEX:CHMF,2023-02-27T20:02:00+03:00,1057.4,1057.4,1056.4,1056.4,600
MOEX:CHMF,2023-02-27T20:03:00+03:00,1056.6,1056.8,1056.6,1056.8,138
MOEX:CHMF,2023-02-27T20:04:00+03:00,1057.0,1057.0,1057.0,1057.0,11
MOEX:CHMF,2023-02-27T20:05:00+03:00,1057.0,1057.0,1056.6,1056.6,6
MOEX:CHMF,2023-02-27T20:06:00+03:00,1056.8,1057.0,1056.6,1057.0,75
MOEX:CHMF,2023-02-27T20:07:00+03:00,1057.4,1057.4,1057.4,1057.4,6
MOEX:CHMF,2023-02-27T20:08:00+03:00,1057.4,1057.4,1056.8,1056.8,12
MOEX:CHMF,2023-02-27T20:09:00+03:00,1057.2,1057.2,1056.8,1057.2,17
MOEX:CHMF,2023-02-27T20:10:00+03:00,1057.2,1057.2,1057.2,1057.2,3
MOEX:CHMF,2023-02-27T20:11:00+03:00,1057.2,1057.4,1057.2,1057.4,41
MOEX:CHMF,2023-02-27T20:12:00+03:00,1057.2,1057.6,1057.2,1057.6,76
MOEX:CHMF,2023-02-27T20:13:00+03:00,1057.6,1057.6,1057.6,1057.6,6
MOEX:CHMF,2023-02-27T20:14:00+03:00,1057.6,1057.6,1057.4,1057.6,56
MOEX:CHMF,2023-02-27T20:15:00+03:00,1057.6,1057.6,1057.4,1057.6,29
MOEX:CHMF,2023-02-27T20:16:00+03:00,1057.6,1057.6,1057.4,1057.4,6
MOEX:CHMF,2023-02-27T20:17:00+03:00,1057.6,1057.8,1057.4,1057.8,215
MOEX:CHMF,2023-02-27T20:18:00+03:00,1057.8,1058.0,1057.8,1058.0,228
MOEX:CHMF,2023-02-27T20:19:00+03:00,1058.0,1058.4,1058.0,1058.0,125
MOEX:CHMF,2023-02-27T20:20:00+03:00,1058.4,1058.4,1058.0,1058.4,118
MOEX:CHMF,2023-02-27T20:21:00+03:00,1058.4,1058.6,1058.0,1058.0,23
MOEX:CHMF,2023-02-27T20:22:00+03:00,1058.6,1058.6,1058.0,1058.6,5
MOEX:CHMF,2023-02-27T20:23:00+03:00,1058.0,1058.0,1058.0,1058.0,17
MOEX:CHMF,2023-02-27T20:24:00+03:00,1058.4,1058.4,1058.0,1058.4,43
MOEX:CHMF,2023-02-27T20:25:00+03:00,1058.4,1058.4,1058.0,1058.0,41
MOEX:CHMF,2023-02-27T20:26:00+03:00,1058.0,1058.6,1057.6,1058.6,69
MOEX:CHMF,2023-02-27T20:27:00+03:00,1058.6,1058.6,1058.2,1058.2,30
MOEX:CHMF,2023-02-27T20:28:00+03:00,1058.4,1058.4,1058.2,1058.4,24
MOEX:CHMF,2023-02-27T20:29:00+03:00,1058.4,1058.4,1058.2,1058.2,78
MOEX:CHMF,2023-02-27T20:30:00+03:00,1058.4,1058.4,1058.0,1058.0,512
MOEX:CHMF,2023-02-27T20:31:00+03:00,1058.2,1058.2,1058.0,1058.0,25
MOEX:CHMF,2023-02-27T20:32:00+03:00,1058.0,1058.2,1058.0,1058.2,21
MOEX:CHMF,2023-02-27T20:33:00+03:00,1058.2,1058.4,1058.2,1058.4,105
MOEX:CHMF,2023-02-27T20:34:00+03:00,1058.2,1058.4,1058.2,1058.4,46
MOEX:CHMF,2023-02-27T20:35:00+03:00,1058.2,1058.4,1058.2,1058.4,35
MOEX:CHMF,2023-02-27T20:36:00+03:00,1058.4,1058.4,1058.2,1058.2,66
MOEX:CHMF,2023-02-27T20:37:00+03:00,1058.2,1058.4,1058.0,1058.4,533
MOEX:CHMF,2023-02-27T20:39:00+03:00,1058.0,1058.4,1058.0,1058.2,11
MOEX:CHMF,2023-02-27T20:40:00+03:00,1058.2,1058.4,1058.2,1058.4,470
MOEX:CHMF,2023-02-27T20:41:00+03:00,1058.4,1058.4,1058.0,1058.0,43
MOEX:CHMF,2023-02-27T20:42:00+03:00,1058.2,1058.2,1058.2,1058.2,102
MOEX:CHMF,2023-02-27T20:43:00+03:00,1058.2,1058.4,1058.2,1058.2,214
MOEX:CHMF,2023-02-27T20:44:00+03:00,1058.2,1058.4,1058.2,1058.2,107
MOEX:CHMF,2023-02-27T20:45:00+03:00,1058.2,1058.4,1058.2,1058.4,206
MOEX:CHMF,2023-02-27T20:46:00+03:00,1058.4,1058.6,1058.2,1058.4,348
MOEX:CHMF,2023-02-27T20:47:00+03:00,1058.6,1058.8,1058.4,1058.8,64
MOEX:CHMF,2023-02-27T20:48:00+03:00,1058.8,1058.8,1058.8,1058.8,16
MOEX:CHMF,2023-02-27T20:50:00+03:00,1058.6,1059.0,1058.4,1059.0,106
MOEX:CHMF,2023-02-27T20:51:00+03:00,1059.0,1059.0,1058.4,1058.8,200
MOEX:CHMF,2023-02-27T20:53:00+03:00,1059.0,1059.6,1058.6,1058.6,2776
MOEX:CHMF,2023-02-27T20:54:00+03:00,1058.8,1058.8,1058.6,1058.8,96
MOEX:CHMF,2023-02-27T20:55:00+03:00,1058.8,1059.0,1058.8,1058.8,84
MOEX:CHMF,2023-02-27T20:56:00+03:00,1058.8,1059.6,1058.8,1059.0,1046
MOEX:CHMF,2023-02-27T20:57:00+03:00,1059.6,1059.6,1059.2,1059.2,312
MOEX:CHMF,2023-02-27T20:58:00+03:00,1059.2,1059.4,1059.2,1059.4,492
MOEX:CHMF,2023-02-27T20:59:00+03:00,1059.4,1059.4,1059.2,1059.2,421
MOEX:CHMF,2023-02-27T21:00:00+03:00,1059.4,1059.4,1059.2,1059.4,14
MOEX:CHMF,2023-02-27T21:01:00+03:00,1059.4,1059.6,1059.2,1059.2,875
MOEX:CHMF,2023-02-27T21:02:00+03:00,1059.4,1059.6,1059.4,1059.6,11
MOEX:CHMF,2023-02-27T21:03:00+03:00,1059.6,1059.6,1059.4,1059.4,27
MOEX:CHMF,2023-02-27T21:04:00+03:00,1059.4,1059.4,1059.2,1059.4,116
MOEX:CHMF,2023-02-27T21:05:00+03:00,1059.2,1059.4,1059.2,1059.4,93
MOEX:CHMF,2023-02-27T21:06:00+03:00,1059.4,1059.4,1059.2,1059.4,23
MOEX:CHMF,2023-02-27T21:07:00+03:00,1059.4,1059.4,1059.2,1059.4,250
MOEX:CHMF,2023-02-27T21:08:00+03:00,1059.4,1059.4,1059.2,1059.4,72
MOEX:CHMF,2023-02-27T21:09:00+03:00,1059.4,1059.4,1059.0,1059.4,451
MOEX:CHMF,2023-02-27T21:10:00+03:00,1059.0,1059.0,1058.6,1058.6,217
MOEX:CHMF,2023-02-27T21:11:00+03:00,1059.0,1059.0,1059.0,1059.0,9
MOEX:CHMF,2023-02-27T21:12:00+03:00,1059.0,1059.0,1059.0,1059.0,51
MOEX:CHMF,2023-02-27T21:13:00+03:00,1059.0,1059.6,1059.0,1059.6,406
MOEX:CHMF,2023-02-27T21:14:00+03:00,1059.2,1059.6,1059.2,1059.6,111
MOEX:CHMF,2023-02-27T21:15:00+03:00,1059.4,1059.6,1059.4,1059.6,31
MOEX:CHMF,2023-02-27T21:16:00+03:00,1059.4,1059.6,1059.4,1059.6,107
MOEX:CHMF,2023-02-27T21:17:00+03:00,1059.6,1059.6,1059.4,1059.4,194
MOEX:CHMF,2023-02-27T21:19:00+03:00,1059.4,1059.4,1059.0,1059.0,145
MOEX:CHMF,2023-02-27T21:20:00+03:00,1059.0,1059.4,1059.0,1059.4,321
MOEX:CHMF,2023-02-27T21:21:00+03:00,1059.2,1059.4,1059.0,1059.0,31
MOEX:CHMF,2023-02-27T21:22:00+03:00,1059.0,1059.2,1059.0,1059.2,259
MOEX:CHMF,2023-02-27T21:23:00+03:00,1059.2,1059.2,1059.0,1059.0,149
MOEX:CHMF,2023-02-27T21:24:00+03:00,1059.0,1059.2,1058.8,1059.0,84
MOEX:CHMF,2023-02-27T21:25:00+03:00,1059.0,1059.0,1058.4,1058.6,691
MOEX:CHMF,2023-02-27T21:26:00+03:00,1058.6,1058.6,1058.2,1058.2,55
MOEX:CHMF,2023-02-27T21:27:00+03:00,1058.4,1058.8,1057.4,1058.2,1045
MOEX:CHMF,2023-02-27T21:28:00+03:00,1058.0,1058.2,1058.0,1058.2,115
MOEX:CHMF,2023-02-27T21:29:00+03:00,1058.2,1058.4,1058.0,1058.0,74
MOEX:CHMF,2023-02-27T21:30:00+03:00,1058.6,1058.8,1058.0,1058.0,340
MOEX:CHMF,2023-02-27T21:31:00+03:00,1057.8,1058.2,1057.6,1058.2,277
MOEX:CHMF,2023-02-27T21:32:00+03:00,1058.0,1058.2,1057.8,1057.8,116
MOEX:CHMF,2023-02-27T21:33:00+03:00,1058.0,1058.0,1057.8,1058.0,95
MOEX:CHMF,2023-02-27T21:34:00+03:00,1058.0,1058.0,1058.0,1058.0,10
MOEX:CHMF,2023-02-27T21:35:00+03:00,1058.0,1058.2,1058.0,1058.2,112
MOEX:CHMF,2023-02-27T21:36:00+03:00,1058.2,1058.2,1058.0,1058.2,304
MOEX:CHMF,2023-02-27T21:37:00+03:00,1058.4,1058.6,1058.2,1058.2,62
MOEX:CHMF,2023-02-27T21:38:00+03:00,1058.6,1058.6,1058.6,1058.6,19
MOEX:CHMF,2023-02-27T21:39:00+03:00,1058.6,1058.6,1058.2,1058.2,99
MOEX:CHMF,2023-02-27T21:40:00+03:00,1058.4,1058.4,1058.2,1058.2,64
MOEX:CHMF,2023-02-27T21:41:00+03:00,1058.2,1058.6,1058.2,1058.6,3
MOEX:CHMF,2023-02-27T21:42:00+03:00,1058.6,1058.6,1058.2,1058.6,142
MOEX:CHMF,2023-02-27T21:43:00+03:00,1058.2,1058.8,1058.2,1058.8,850
MOEX:CHMF,2023-02-27T21:44:00+03:00,1058.8,1058.8,1058.4,1058.4,27
MOEX:CHMF,2023-02-27T21:45:00+03:00,1058.4,1058.8,1058.0,1058.0,401
MOEX:CHMF,2023-02-27T21:46:00+03:00,1058.2,1058.8,1058.2,1058.8,91
MOEX:CHMF,2023-02-27T21:47:00+03:00,1058.2,1058.2,1058.2,1058.2,1
MOEX:CHMF,2023-02-27T21:48:00+03:00,1058.6,1058.6,1058.6,1058.6,1
MOEX:CHMF,2023-02-27T21:49:00+03:00,1058.8,1058.8,1058.8,1058.8,2
MOEX:CHMF,2023-02-27T21:50:00+03:00,1058.8,1058.8,1058.8,1058.8,1
MOEX:CHMF,2023-02-27T21:51:00+03:00,1058.8,1059.2,1058.4,1059.2,419
MOEX:CHMF,2023-02-27T21:52:00+03:00,1058.8,1059.0,1058.8,1059.0,13
MOEX:CHMF,2023-02-27T21:53:00+03:00,1059.0,1059.0,1059.0,1059.0,50
MOEX:CHMF,2023-02-27T21:54:00+03:00,1059.0,1059.0,1059.0,1059.0,2
MOEX:CHMF,2023-02-27T21:55:00+03:00,1059.0,1059.0,1059.0,1059.0,2
MOEX:CHMF,2023-02-27T21:56:00+03:00,1058.8,1058.8,1058.4,1058.4,29
MOEX:CHMF,2023-02-27T21:57:00+03:00,1058.4,1058.4,1058.4,1058.4,14
MOEX:CHMF,2023-02-27T21:58:00+03:00,1058.4,1058.8,1058.4,1058.8,11
MOEX:CHMF,2023-02-27T21:59:00+03:00,1058.8,1058.8,1058.6,1058.6,20
MOEX:CHMF,2023-02-27T22:00:00+03:00,1058.6,1058.6,1058.6,1058.6,6
MOEX:CHMF,2023-02-27T22:01:00+03:00,1058.8,1058.8,1058.8,1058.8,54
MOEX:CHMF,2023-02-27T22:02:00+03:00,1058.8,1059.0,1058.8,1059.0,145
MOEX:CHMF,2023-02-27T22:03:00+03:00,1059.0,1059.2,1058.8,1058.8,38
MOEX:CHMF,2023-02-27T22:04:00+03:00,1059.0,1059.0,1058.8,1058.8,68
MOEX:CHMF,2023-02-27T22:05:00+03:00,1059.2,1059.2,1059.2,1059.2,2
MOEX:CHMF,2023-02-27T22:06:00+03:00,1058.8,1059.4,1058.8,1059.2,160
MOEX:CHMF,2023-02-27T22:07:00+03:00,1059.2,1059.2,1058.8,1058.8,526
MOEX:CHMF,2023-02-27T22:08:00+03:00,1058.8,1059.0,1058.8,1059.0,26
MOEX:CHMF,2023-02-27T22:09:00+03:00,1059.0,1059.2,1058.8,1058.8,66
MOEX:CHMF,2023-02-27T22:10:00+03:00,1059.0,1059.2,1058.8,1059.2,24
MOEX:CHMF,2023-02-27T22:11:00+03:00,1059.4,1059.4,1058.8,1059.0,939
MOEX:CHMF,2023-02-27T22:12:00+03:00,1059.0,1059.6,1059.0,1059.0,992
MOEX:CHMF,2023-02-27T22:13:00+03:00,1059.4,1059.4,1058.8,1058.8,140
MOEX:CHMF,2023-02-27T22:14:00+03:00,1059.0,1059.4,1059.0,1059.2,84
MOEX:CHMF,2023-02-27T22:15:00+03:00,1058.8,1059.2,1058.8,1058.8,533
MOEX:CHMF,2023-02-27T22:16:00+03:00,1058.8,1059.0,1058.8,1058.8,44
MOEX:CHMF,2023-02-27T22:17:00+03:00,1058.8,1059.4,1058.8,1058.8,306
MOEX:CHMF,2023-02-27T22:18:00+03:00,1059.2,1059.2,1058.8,1058.8,400
MOEX:CHMF,2023-02-27T22:19:00+03:00,1059.2,1059.2,1058.8,1058.8,7
MOEX:CHMF,2023-02-27T22:20:00+03:00,1059.2,1059.2,1058.8,1058.8,205
MOEX:CHMF,2023-02-27T22:21:00+03:00,1059.2,1059.2,1059.0,1059.0,8
MOEX:CHMF,2023-02-27T22:22:00+03:00,1058.8,1059.4,1058.8,1058.8,46
MOEX:CHMF,2023-02-27T22:23:00+03:00,1058.8,1059.4,1058.8,1059.4,403
MOEX:CHMF,2023-02-27T22:24:00+03:00,1059.4,1059.4,1058.8,1059.2,516
MOEX:CHMF,2023-02-27T22:25:00+03:00,1059.2,1059.4,1058.6,1059.2,612
MOEX:CHMF,2023-02-27T22:26:00+03:00,1059.2,1059.4,1058.6,1058.8,46
MOEX:CHMF,2023-02-27T22:27:00+03:00,1059.0,1059.2,1059.0,1059.2,6
MOEX:CHMF,2023-02-27T22:28:00+03:00,1059.2,1059.4,1059.2,1059.4,911
MOEX:CHMF,2023-02-27T22:29:00+03:00,1059.4,1059.4,1059.0,1059.2,16
MOEX:CHMF,2023-02-27T22:30:00+03:00,1059.2,1059.4,1058.8,1058.8,80
MOEX:CHMF,2023-02-27T22:31:00+03:00,1058.8,1058.8,1058.4,1058.4,43
MOEX:CHMF,2023-02-27T22:32:00+03:00,1058.8,1059.2,1058.4,1058.4,236
MOEX:CHMF,2023-02-27T22:33:00+03:00,1058.4,1059.2,1058.4,1058.4,27
MOEX:CHMF,2023-02-27T22:34:00+03:00,1058.4,1059.0,1058.4,1059.0,6
MOEX:CHMF,2023-02-27T22:35:00+03:00,1059.0,1059.2,1058.2,1058.2,236
MOEX:CHMF,2023-02-27T22:36:00+03:00,1059.0,1059.0,1059.0,1059.0,15
MOEX:CHMF,2023-02-27T22:37:00+03:00,1059.0,1059.2,1058.2,1058.4,30
MOEX:CHMF,2023-02-27T22:38:00+03:00,1058.4,1059.2,1058.4,1059.0,129
MOEX:CHMF,2023-02-27T22:39:00+03:00,1058.2,1059.0,1058.2,1059.0,16
MOEX:CHMF,2023-02-27T22:40:00+03:00,1058.2,1059.0,1058.2,1059.0,42
MOEX:CHMF,2023-02-27T22:41:00+03:00,1059.0,1059.0,1059.0,1059.0,105
MOEX:CHMF,2023-02-27T22:42:00+03:00,1059.0,1060.0,1059.0,1059.8,8186
MOEX:CHMF,2023-02-27T22:43:00+03:00,1059.4,1059.8,1059.4,1059.8,1085
MOEX:CHMF,2023-02-27T22:44:00+03:00,1059.8,1059.8,1059.8,1059.8,144
MOEX:CHMF,2023-02-27T22:45:00+03:00,1059.8,1059.8,1059.6,1059.6,14
MOEX:CHMF,2023-02-27T22:46:00+03:00,1059.8,1059.8,1059.0,1059.0,30
MOEX:CHMF,2023-02-27T22:47:00+03:00,1059.0,1059.4,1059.0,1059.4,6
MOEX:CHMF,2023-02-27T22:48:00+03:00,1059.4,1059.8,1059.4,1059.4,70
MOEX:CHMF,2023-02-27T22:49:00+03:00,1059.8,1059.8,1059.4,1059.8,127
MOEX:CHMF,2023-02-27T22:50:00+03:00,1059.8,1059.8,1059.6,1059.6,53
MOEX:CHMF,2023-02-27T22:51:00+03:00,1059.6,1060.2,1059.6,1060.0,1537
MOEX:CHMF,2023-02-27T22:52:00+03:00,1060.0,1060.2,1059.6,1060.2,679
MOEX:CHMF,2023-02-27T22:53:00+03:00,1060.4,1060.4,1060.2,1060.4,291
MOEX:CHMF,2023-02-27T22:54:00+03:00,1060.2,1060.2,1059.4,1059.4,157
MOEX:CHMF,2023-02-27T22:55:00+03:00,1060.0,1060.0,1060.0,1060.0,170
MOEX:CHMF,2023-02-27T22:56:00+03:00,1059.4,1060.0,1059.4,1059.4,212
MOEX:CHMF,2023-02-27T22:57:00+03:00,1059.8,1060.0,1059.4,1060.0,636
MOEX:CHMF,2023-02-27T22:58:00+03:00,1060.0,1060.0,1059.4,1060.0,22
MOEX:CHMF,2023-02-27T22:59:00+03:00,1060.0,1060.2,1060.0,1060.0,626
MOEX:CHMF,2023-02-27T23:01:00+03:00,1060.0,1060.0,1060.0,1060.0,560
MOEX:CHMF,2023-02-27T23:02:00+03:00,1060.2,1060.4,1060.0,1060.0,435
MOEX:CHMF,2023-02-27T23:03:00+03:00,1060.4,1060.4,1060.0,1060.2,33
MOEX:CHMF,2023-02-27T23:04:00+03:00,1060.4,1060.4,1060.0,1060.0,90
MOEX:CHMF,2023-02-27T23:05:00+03:00,1060.0,1060.2,1060.0,1060.0,1176
MOEX:CHMF,2023-02-27T23:06:00+03:00,1060.2,1060.2,1060.0,1060.0,53
MOEX:CHMF,2023-02-27T23:07:00+03:00,1060.0,1060.2,1059.8,1059.8,357
MOEX:CHMF,2023-02-27T23:08:00+03:00,1059.4,1059.8,1059.0,1059.8,644
MOEX:CHMF,2023-02-27T23:09:00+03:00,1059.6,1060.4,1059.0,1060.4,1012
MOEX:CHMF,2023-02-27T23:10:00+03:00,1059.2,1060.2,1059.0,1060.0,474
MOEX:CHMF,2023-02-27T23:11:00+03:00,1060.0,1060.0,1060.0,1060.0,156
MOEX:CHMF,2023-02-27T23:12:00+03:00,1060.4,1060.4,1060.4,1060.4,56
MOEX:CHMF,2023-02-27T23:13:00+03:00,1060.4,1060.6,1060.4,1060.6,847
MOEX:CHMF,2023-02-27T23:14:00+03:00,1060.6,1060.6,1060.6,1060.6,352
MOEX:CHMF,2023-02-27T23:15:00+03:00,1060.2,1060.4,1060.0,1060.0,294
MOEX:CHMF,2023-02-27T23:16:00+03:00,1060.0,1060.6,1059.8,1059.8,221
MOEX:CHMF,2023-02-27T23:17:00+03:00,1060.0,1060.0,1059.8,1060.0,51
MOEX:CHMF,2023-02-27T23:18:00+03:00,1059.8,1060.0,1059.8,1060.0,153
MOEX:CHMF,2023-02-27T23:19:00+03:00,1060.0,1060.6,1060.0,1060.6,436
MOEX:CHMF,2023-02-27T23:20:00+03:00,1060.2,1060.6,1059.8,1060.4,65
MOEX:CHMF,2023-02-27T23:21:00+03:00,1060.2,1060.2,1059.2,1059.4,839
MOEX:CHMF,2023-02-27T23:22:00+03:00,1059.4,1060.2,1059.2,1059.4,36
MOEX:CHMF,2023-02-27T23:23:00+03:00,1059.4,1060.6,1059.2,1060.6,356
MOEX:CHMF,2023-02-27T23:24:00+03:00,1059.8,1060.4,1059.6,1060.4,70
MOEX:CHMF,2023-02-27T23:25:00+03:00,1059.8,1060.4,1059.8,1059.8,28
MOEX:CHMF,2023-02-27T23:26:00+03:00,1059.8,1060.4,1059.6,1060.0,32
MOEX:CHMF,2023-02-27T23:27:00+03:00,1060.6,1060.6,1060.0,1060.4,311
MOEX:CHMF,2023-02-27T23:28:00+03:00,1059.8,1060.6,1059.8,1060.4,232
MOEX:CHMF,2023-02-27T23:29:00+03:00,1060.4,1060.4,1060.2,1060.4,24
MOEX:CHMF,2023-02-27T23:30:00+03:00,1060.4,1060.4,1059.8,1060.4,292
MOEX:CHMF,2023-02-27T23:31:00+03:00,1059.8,1060.4,1059.8,1059.8,11
MOEX:CHMF,2023-02-27T23:32:00+03:00,1060.2,1060.4,1059.8,1059.8,66
MOEX:CHMF,2023-02-27T23:33:00+03:00,1060.0,1060.0,1060.0,1060.0,53
MOEX:CHMF,2023-02-27T23:34:00+03:00,1060.0,1060.2,1059.8,1059.8,145
MOEX:CHMF,2023-02-27T23:35:00+03:00,1060.0,1060.0,1059.8,1059.8,804
MOEX:CHMF,2023-02-27T23:36:00+03:00,1059.8,1060.4,1059.2,1060.4,1204
MOEX:CHMF,2023-02-27T23:37:00+03:00,1059.4,1060.4,1059.4,1060.2,528
MOEX:CHMF,2023-02-27T23:38:00+03:00,1060.0,1060.4,1060.0,1060.0,1131
MOEX:CHMF,2023-02-27T23:39:00+03:00,1060.4,1060.4,1060.0,1060.4,36
MOEX:CHMF,2023-02-27T23:40:00+03:00,1060.4,1060.4,1060.0,1060.4,178
MOEX:CHMF,2023-02-27T23:41:00+03:00,1060.4,1060.4,1059.4,1059.6,400
MOEX:CHMF,2023-02-27T23:42:00+03:00,1060.4,1060.4,1059.6,1059.6,53
MOEX:CHMF,2023-02-27T23:43:00+03:00,1059.6,1060.6,1059.6,1059.6,1001
MOEX:CHMF,2023-02-27T23:44:00+03:00,1060.2,1060.6,1059.8,1060.2,489
MOEX:CHMF,2023-02-27T23:45:00+03:00,1060.6,1060.6,1060.2,1060.6,137
MOEX:CHMF,2023-02-27T23:46:00+03:00,1060.6,1060.8,1060.4,1060.8,232
MOEX:CHMF,2023-02-27T23:47:00+03:00,1060.8,1060.8,1060.4,1060.8,169
MOEX:CHMF,2023-02-27T23:48:00+03:00,1060.8,1060.8,1060.4,1060.4,31
MOEX:CHMF,2023-02-27T23:49:00+03:00,1060.6,1061.0,1060.4,1061.0,3340
