Finam:DX,2023-08-28T00:10:00+03:00,104.15,104.15,104.15,104.15,1
Finam:DX,2023-08-28T00:40:00+03:00,104.15,104.15,104.15,104.15,4
Finam:DX,2023-08-28T00:41:00+03:00,104.15,104.15,104.15,104.15,4
Finam:DX,2023-08-28T00:42:00+03:00,104.15,104.15,104.15,104.15,4
Finam:DX,2023-08-28T00:43:00+03:00,104.15,104.15,104.15,104.15,5
Finam:DX,2023-08-28T00:44:00+03:00,104.15,104.15,104.15,104.15,4
Finam:DX,2023-08-28T00:45:00+03:00,104.15,104.15,104.15,104.15,4
Finam:DX,2023-08-28T00:46:00+03:00,104.15,104.15,104.15,104.15,5
Finam:DX,2023-08-28T00:47:00+03:00,104.15,104.15,104.15,104.15,4
Finam:DX,2023-08-28T00:48:00+03:00,104.15,104.15,104.15,104.15,4
Finam:DX,2023-08-28T00:49:00+03:00,104.15,104.15,104.15,104.15,6
Finam:DX,2023-08-28T00:50:00+03:00,104.15,104.15,104.15,104.15,6
Finam:DX,2023-08-28T00:51:00+03:00,104.15,104.15,104.15,104.15,4
Finam:DX,2023-08-28T00:52:00+03:00,104.15,104.15,104.15,104.15,4
Finam:DX,2023-08-28T00:53:00+03:00,104.15,104.15,104.15,104.15,5
Finam:DX,2023-08-28T00:54:00+03:00,104.15,104.15,104.15,104.15,4
Finam:DX,2023-08-28T00:55:00+03:00,104.15,104.15,104.15,104.15,5
Finam:DX,2023-08-28T00:56:00+03:00,104.15,104.15,104.15,104.15,7
Finam:DX,2023-08-28T00:57:00+03:00,104.15,104.15,104.15,104.15,4
Finam:DX,2023-08-28T00:58:00+03:00,104.15,104.15,104.15,104.15,5
Finam:DX,2023-08-28T00:59:00+03:00,104.15,104.15,104.15,104.15,5
Finam:DX,2023-08-28T01:00:00+03:00,104.15,104.15,104.15,104.15,4
Finam:DX,2023-08-28T01:01:00+03:00,104.15,104.15,104.15,104.15,5
Finam:DX,2023-08-28T01:02:00+03:00,104.15,104.15,104.15,104.15,4
Finam:DX,2023-08-28T01:03:00+03:00,104.15,104.15,104.15,104.15,4
Finam:DX,2023-08-28T01:04:00+03:00,104.15,104.15,104.15,104.15,5
Finam:DX,2023-08-28T01:05:00+03:00,104.15,104.15,104.15,104.15,5
Finam:DX,2023-08-28T01:06:00+03:00,104.15,104.15,104.15,104.15,4
Finam:DX,2023-08-28T01:07:00+03:00,104.15,104.15,104.15,104.15,5
Finam:DX,2023-08-28T01:08:00+03:00,104.15,104.15,104.15,104.15,5
Finam:DX,2023-08-28T01:09:00+03:00,104.15,104.15,104.15,104.15,5
Finam:DX,2023-08-28T01:10:00+03:00,104.15,104.16,104.12,104.12,8
Finam:DX,2023-08-28T01:11:00+03:00,104.12,104.12,104.12,104.12,3
Finam:DX,2023-08-28T01:12:00+03:00,104.10,104.10,104.10,104.10,1
Finam:DX,2023-08-28T01:13:00+03:00,104.09,104.10,104.09,104.10,6
Finam:DX,2023-08-28T01:15:00+03:00,104.09,104.10,104.09,104.10,6
Finam:DX,2023-08-28T01:17:00+03:00,104.10,104.10,104.10,104.10,3
Finam:DX,2023-08-28T01:18:00+03:00,104.10,104.10,104.10,104.10,10
Finam:DX,2023-08-28T01:19:00+03:00,104.09,104.09,104.09,104.09,2
Finam:DX,2023-08-28T01:21:00+03:00,104.09,104.09,104.09,104.09,1
Finam:DX,2023-08-28T01:23:00+03:00,104.10,104.10,104.10,104.10,2
Finam:DX,2023-08-28T01:24:00+03:00,104.10,104.10,104.10,104.10,10
Finam:DX,2023-08-28T01:25:00+03:00,104.11,104.12,104.11,104.12,19
Finam:DX,2023-08-28T01:26:00+03:00,104.13,104.13,104.13,104.13,1
Finam:DX,2023-08-28T01:27:00+03:00,104.13,104.13,104.13,104.13,2
Finam:DX,2023-08-28T01:28:00+03:00,104.13,104.13,104.13,104.13,1
Finam:DX,2023-08-28T01:29:00+03:00,104.13,104.13,104.13,104.13,4
Finam:DX,2023-08-28T01:30:00+03:00,104.12,104.12,104.12,104.12,2
Finam:DX,2023-08-28T01:31:00+03:00,104.12,104.12,104.12,104.12,1
Finam:DX,2023-08-28T01:36:00+03:00,104.11,104.12,104.11,104.12,16
Finam:DX,2023-08-28T01:40:00+03:00,104.12,104.12,104.12,104.12,1
Finam:DX,2023-08-28T01:44:00+03:00,104.12,104.12,104.12,104.12,3
Finam:DX,2023-08-28T01:47:00+03:00,104.12,104.12,104.12,104.12,7
Finam:DX,2023-08-28T01:50:00+03:00,104.13,104.13,104.13,104.13,1
Finam:DX,2023-08-28T01:52:00+03:00,104.14,104.14,104.14,104.14,3
Finam:DX,2023-08-28T01:53:00+03:00,104.14,104.14,104.14,104.14,1
Finam:DX,2023-08-28T02:00:00+03:00,104.13,104.13,104.13,104.13,1
Finam:DX,2023-08-28T02:03:00+03:00,104.14,104.15,104.14,104.15,6
Finam:DX,2023-08-28T02:05:00+03:00,104.14,104.15,104.14,104.15,7
Finam:DX,2023-08-28T02:06:00+03:00,104.15,104.15,104.15,104.15,2
Finam:DX,2023-08-28T02:09:00+03:00,104.15,104.15,104.15,104.15,2
Finam:DX,2023-08-28T02:10:00+03:00,104.15,104.15,104.14,104.14,6
Finam:DX,2023-08-28T02:11:00+03:00,104.14,104.14,104.14,104.14,3
Finam:DX,2023-08-28T02:13:00+03:00,104.14,104.14,104.14,104.14,4
Finam:DX,2023-08-28T02:15:00+03:00,104.15,104.15,104.14,104.14,13
Finam:DX,2023-08-28T02:16:00+03:00,104.15,104.15,104.15,104.15,4
Finam:DX,2023-08-28T02:17:00+03:00,104.16,104.16,104.16,104.16,4
Finam:DX,2023-08-28T02:19:00+03:00,104.16,104.16,104.16,104.16,2
Finam:DX,2023-08-28T02:20:00+03:00,104.15,104.15,104.15,104.15,2
Finam:DX,2023-08-28T02:22:00+03:00,104.14,104.14,104.14,104.14,2
Finam:DX,2023-08-28T02:23:00+03:00,104.13,104.13,104.13,104.13,6
Finam:DX,2023-08-28T02:25:00+03:00,104.12,104.12,104.12,104.12,5
Finam:DX,2023-08-28T02:30:00+03:00,104.09,104.09,104.09,104.09,2
Finam:DX,2023-08-28T02:31:00+03:00,104.10,104.10,104.10,104.10,1
Finam:DX,2023-08-28T02:32:00+03:00,104.10,104.10,104.10,104.10,6
Finam:DX,2023-08-28T02:34:00+03:00,104.12,104.12,104.12,104.12,1
Finam:DX,2023-08-28T02:39:00+03:00,104.12,104.12,104.12,104.12,1
Finam:DX,2023-08-28T02:40:00+03:00,104.12,104.12,104.12,104.12,2
Finam:DX,2023-08-28T02:41:00+03:00,104.12,104.12,104.12,104.12,1
Finam:DX,2023-08-28T02:43:00+03:00,104.13,104.13,104.13,104.13,3
Finam:DX,2023-08-28T02:44:00+03:00,104.14,104.14,104.14,104.14,4
Finam:DX,2023-08-28T02:48:00+03:00,104.12,104.12,104.12,104.12,1
Finam:DX,2023-08-28T02:54:00+03:00,104.12,104.12,104.12,104.12,1
Finam:DX,2023-08-28T02:55:00+03:00,104.13,104.13,104.13,104.13,1
Finam:DX,2023-08-28T02:59:00+03:00,104.13,104.13,104.13,104.13,1
Finam:DX,2023-08-28T03:03:00+03:00,104.11,104.11,104.11,104.11,8
Finam:DX,2023-08-28T03:08:00+03:00,104.11,104.11,104.11,104.11,4
Finam:DX,2023-08-28T03:10:00+03:00,104.12,104.12,104.10,104.10,6
Finam:DX,2023-08-28T03:11:00+03:00,104.10,104.10,104.08,104.08,8
Finam:DX,2023-08-28T03:12:00+03:00,104.09,104.09,104.08,104.08,8
Finam:DX,2023-08-28T03:13:00+03:00,104.09,104.10,104.09,104.10,9
Finam:DX,2023-08-28T03:14:00+03:00,104.09,104.10,104.09,104.09,9
Finam:DX,2023-08-28T03:15:00+03:00,104.09,104.09,104.08,104.08,4
Finam:DX,2023-08-28T03:16:00+03:00,104.07,104.07,104.07,104.07,9
Finam:DX,2023-08-28T03:17:00+03:00,104.09,104.09,104.09,104.09,3
Finam:DX,2023-08-28T03:20:00+03:00,104.09,104.09,104.09,104.09,1
Finam:DX,2023-08-28T03:21:00+03:00,104.10,104.10,104.10,104.10,1
Finam:DX,2023-08-28T03:23:00+03:00,104.10,104.10,104.10,104.10,1
Finam:DX,2023-08-28T03:25:00+03:00,104.10,104.10,104.10,104.10,3
Finam:DX,2023-08-28T03:27:00+03:00,104.09,104.09,104.09,104.09,4
Finam:DX,2023-08-28T03:28:00+03:00,104.09,104.09,104.09,104.09,9
Finam:DX,2023-08-28T03:29:00+03:00,104.08,104.08,104.08,104.08,4
Finam:DX,2023-08-28T03:30:00+03:00,104.08,104.08,104.08,104.08,8
Finam:DX,2023-08-28T03:31:00+03:00,104.08,104.08,104.08,104.08,1
Finam:DX,2023-08-28T03:34:00+03:00,104.08,104.08,104.08,104.08,1
Finam:DX,2023-08-28T03:35:00+03:00,104.09,104.09,104.09,104.09,1
Finam:DX,2023-08-28T03:36:00+03:00,104.08,104.08,104.08,104.08,7
Finam:DX,2023-08-28T03:39:00+03:00,104.07,104.08,104.07,104.08,6
Finam:DX,2023-08-28T03:40:00+03:00,104.08,104.08,104.08,104.08,3
Finam:DX,2023-08-28T03:41:00+03:00,104.08,104.08,104.08,104.08,1
Finam:DX,2023-08-28T03:42:00+03:00,104.07,104.07,104.07,104.07,13
Finam:DX,2023-08-28T03:45:00+03:00,104.07,104.07,104.07,104.07,2
Finam:DX,2023-08-28T03:47:00+03:00,104.08,104.08,104.08,104.08,5
Finam:DX,2023-08-28T03:52:00+03:00,104.09,104.09,104.09,104.09,16
Finam:DX,2023-08-28T03:55:00+03:00,104.08,104.08,104.08,104.08,7
Finam:DX,2023-08-28T03:58:00+03:00,104.06,104.06,104.06,104.06,1
Finam:DX,2023-08-28T04:00:00+03:00,104.06,104.06,104.06,104.06,3
Finam:DX,2023-08-28T04:02:00+03:00,104.06,104.06,104.06,104.06,1
Finam:DX,2023-08-28T04:03:00+03:00,104.06,104.06,104.06,104.06,1
Finam:DX,2023-08-28T04:04:00+03:00,104.05,104.07,104.05,104.07,2
Finam:DX,2023-08-28T04:05:00+03:00,104.06,104.06,104.06,104.06,3
Finam:DX,2023-08-28T04:08:00+03:00,104.07,104.07,104.07,104.07,1
Finam:DX,2023-08-28T04:10:00+03:00,104.07,104.07,104.05,104.05,36
Finam:DX,2023-08-28T04:11:00+03:00,104.05,104.05,104.04,104.04,17
Finam:DX,2023-08-28T04:12:00+03:00,104.04,104.04,104.04,104.04,9
Finam:DX,2023-08-28T04:13:00+03:00,104.04,104.04,104.03,104.03,17
Finam:DX,2023-08-28T04:14:00+03:00,104.02,104.02,104.02,104.02,3
Finam:DX,2023-08-28T04:15:00+03:00,104.03,104.03,104.03,104.03,4
Finam:DX,2023-08-28T04:16:00+03:00,104.03,104.03,104.03,104.03,2
Finam:DX,2023-08-28T04:18:00+03:00,104.02,104.02,104.02,104.02,1
Finam:DX,2023-08-28T04:19:00+03:00,104.02,104.03,104.02,104.03,4
Finam:DX,2023-08-28T04:20:00+03:00,104.03,104.03,104.03,104.03,9
Finam:DX,2023-08-28T04:21:00+03:00,104.02,104.02,104.02,104.02,1
Finam:DX,2023-08-28T04:22:00+03:00,104.02,104.03,104.02,104.03,6
Finam:DX,2023-08-28T04:23:00+03:00,104.04,104.04,104.04,104.04,4
Finam:DX,2023-08-28T04:24:00+03:00,104.04,104.04,104.04,104.04,6
Finam:DX,2023-08-28T04:25:00+03:00,104.04,104.04,104.03,104.03,23
Finam:DX,2023-08-28T04:26:00+03:00,104.03,104.04,104.03,104.04,8
Finam:DX,2023-08-28T04:27:00+03:00,104.04,104.04,104.03,104.03,20
Finam:DX,2023-08-28T04:28:00+03:00,104.02,104.02,104.01,104.01,19
Finam:DX,2023-08-28T04:29:00+03:00,104.01,104.01,104.01,104.01,6
Finam:DX,2023-08-28T04:30:00+03:00,104.00,104.00,104.00,104.00,3
Finam:DX,2023-08-28T04:31:00+03:00,104.02,104.02,104.02,104.02,1
Finam:DX,2023-08-28T04:32:00+03:00,104.01,104.01,104.01,104.01,2
Finam:DX,2023-08-28T04:33:00+03:00,104.01,104.01,104.00,104.00,7
Finam:DX,2023-08-28T04:34:00+03:00,104.00,104.01,104.00,104.01,5
Finam:DX,2023-08-28T04:36:00+03:00,104.02,104.02,104.02,104.02,2
Finam:DX,2023-08-28T04:39:00+03:00,104.02,104.03,104.02,104.02,5
Finam:DX,2023-08-28T04:40:00+03:00,104.01,104.03,104.01,104.03,9
Finam:DX,2023-08-28T04:41:00+03:00,104.02,104.03,104.02,104.03,20
Finam:DX,2023-08-28T04:42:00+03:00,104.04,104.04,104.04,104.04,1
Finam:DX,2023-08-28T04:43:00+03:00,104.04,104.06,104.04,104.06,9
Finam:DX,2023-08-28T04:44:00+03:00,104.06,104.06,104.05,104.05,3
Finam:DX,2023-08-28T04:45:00+03:00,104.06,104.06,104.06,104.06,2
Finam:DX,2023-08-28T04:48:00+03:00,104.04,104.04,104.04,104.04,1
Finam:DX,2023-08-28T04:49:00+03:00,104.04,104.04,104.04,104.04,5
Finam:DX,2023-08-28T04:51:00+03:00,104.04,104.04,104.04,104.04,1
Finam:DX,2023-08-28T04:52:00+03:00,104.04,104.04,104.04,104.04,2
Finam:DX,2023-08-28T04:53:00+03:00,104.04,104.04,104.04,104.04,2
Finam:DX,2023-08-28T04:54:00+03:00,104.04,104.04,104.04,104.04,2
Finam:DX,2023-08-28T04:55:00+03:00,104.04,104.04,104.04,104.04,3
Finam:DX,2023-08-28T04:56:00+03:00,104.04,104.04,104.04,104.04,1
Finam:DX,2023-08-28T04:59:00+03:00,104.05,104.06,104.05,104.06,3
Finam:DX,2023-08-28T05:01:00+03:00,104.07,104.07,104.07,104.07,3
Finam:DX,2023-08-28T05:04:00+03:00,104.06,104.06,104.06,104.06,2
Finam:DX,2023-08-28T05:06:00+03:00,104.07,104.07,104.07,104.07,10
Finam:DX,2023-08-28T05:08:00+03:00,104.06,104.06,104.06,104.06,2
Finam:DX,2023-08-28T05:10:00+03:00,104.07,104.08,104.06,104.08,13
Finam:DX,2023-08-28T05:11:00+03:00,104.08,104.08,104.07,104.07,8
Finam:DX,2023-08-28T05:12:00+03:00,104.07,104.07,104.07,104.07,4
Finam:DX,2023-08-28T05:13:00+03:00,104.06,104.06,104.06,104.06,1
Finam:DX,2023-08-28T05:20:00+03:00,104.06,104.07,104.06,104.06,8
Finam:DX,2023-08-28T05:23:00+03:00,104.06,104.06,104.06,104.06,1
Finam:DX,2023-08-28T05:25:00+03:00,104.05,104.05,104.05,104.05,1
Finam:DX,2023-08-28T05:26:00+03:00,104.05,104.05,104.05,104.05,2
Finam:DX,2023-08-28T05:27:00+03:00,104.05,104.05,104.05,104.05,2
Finam:DX,2023-08-28T05:29:00+03:00,104.05,104.05,104.05,104.05,4
Finam:DX,2023-08-28T05:30:00+03:00,104.05,104.05,104.05,104.05,1
Finam:DX,2023-08-28T05:32:00+03:00,104.05,104.05,104.04,104.04,9
Finam:DX,2023-08-28T05:33:00+03:00,104.05,104.05,104.04,104.05,4
Finam:DX,2023-08-28T05:40:00+03:00,104.04,104.04,104.03,104.03,6
Finam:DX,2023-08-28T05:41:00+03:00,104.03,104.03,104.03,104.03,8
Finam:DX,2023-08-28T05:43:00+03:00,104.03,104.03,104.03,104.03,3
Finam:DX,2023-08-28T05:44:00+03:00,104.02,104.02,104.02,104.02,2
Finam:DX,2023-08-28T05:45:00+03:00,104.02,104.02,104.02,104.02,2
Finam:DX,2023-08-28T05:49:00+03:00,104.02,104.02,104.02,104.02,1
Finam:DX,2023-08-28T05:50:00+03:00,104.02,104.02,104.02,104.02,1
Finam:DX,2023-08-28T05:52:00+03:00,104.03,104.03,104.03,104.03,3
Finam:DX,2023-08-28T05:53:00+03:00,104.03,104.03,104.03,104.03,1
Finam:DX,2023-08-28T05:55:00+03:00,104.02,104.02,104.02,104.02,2
Finam:DX,2023-08-28T05:57:00+03:00,104.02,104.02,104.02,104.02,1
Finam:DX,2023-08-28T05:58:00+03:00,104.01,104.02,104.01,104.02,6
Finam:DX,2023-08-28T06:00:00+03:00,104.01,104.01,104.01,104.01,3
Finam:DX,2023-08-28T06:01:00+03:00,104.02,104.02,104.02,104.02,10
Finam:DX,2023-08-28T06:02:00+03:00,104.01,104.01,104.01,104.01,1
Finam:DX,2023-08-28T06:03:00+03:00,104.02,104.02,104.02,104.02,2
Finam:DX,2023-08-28T06:05:00+03:00,104.02,104.02,104.02,104.02,1
Finam:DX,2023-08-28T06:07:00+03:00,104.02,104.02,104.02,104.02,1
Finam:DX,2023-08-28T06:09:00+03:00,104.02,104.02,104.02,104.02,7
Finam:DX,2023-08-28T06:10:00+03:00,104.03,104.03,104.03,104.03,3
Finam:DX,2023-08-28T06:11:00+03:00,104.02,104.02,104.02,104.02,1
Finam:DX,2023-08-28T06:13:00+03:00,104.02,104.02,104.02,104.02,11
Finam:DX,2023-08-28T06:14:00+03:00,104.02,104.02,104.02,104.02,2
Finam:DX,2023-08-28T06:15:00+03:00,104.02,104.02,104.02,104.02,3
Finam:DX,2023-08-28T06:16:00+03:00,104.02,104.02,104.02,104.02,2
Finam:DX,2023-08-28T06:19:00+03:00,104.03,104.03,104.03,104.03,1
Finam:DX,2023-08-28T06:20:00+03:00,104.03,104.03,104.03,104.03,1
Finam:DX,2023-08-28T06:21:00+03:00,104.03,104.03,104.02,104.02,5
Finam:DX,2023-08-28T06:22:00+03:00,104.03,104.03,104.03,104.03,6
Finam:DX,2023-08-28T06:23:00+03:00,104.03,104.03,104.03,104.03,9
Finam:DX,2023-08-28T06:24:00+03:00,104.03,104.03,104.03,104.03,5
Finam:DX,2023-08-28T06:25:00+03:00,104.04,104.04,104.04,104.04,3
Finam:DX,2023-08-28T06:27:00+03:00,104.03,104.03,104.03,104.03,7
Finam:DX,2023-08-28T06:28:00+03:00,104.03,104.03,104.03,104.03,24
Finam:DX,2023-08-28T06:30:00+03:00,104.03,104.03,104.03,104.03,2
Finam:DX,2023-08-28T06:32:00+03:00,104.03,104.03,104.03,104.03,4
Finam:DX,2023-08-28T06:34:00+03:00,104.03,104.03,104.03,104.03,1
Finam:DX,2023-08-28T06:35:00+03:00,104.03,104.03,104.03,104.03,10
Finam:DX,2023-08-28T06:36:00+03:00,104.03,104.03,104.03,104.03,2
Finam:DX,2023-08-28T06:37:00+03:00,104.03,104.03,104.03,104.03,2
Finam:DX,2023-08-28T06:40:00+03:00,104.04,104.04,104.04,104.04,4
Finam:DX,2023-08-28T06:41:00+03:00,104.03,104.03,104.03,104.03,4
Finam:DX,2023-08-28T06:43:00+03:00,104.03,104.03,104.03,104.03,2
Finam:DX,2023-08-28T06:45:00+03:00,104.03,104.03,104.03,104.03,1
Finam:DX,2023-08-28T06:46:00+03:00,104.03,104.03,104.03,104.03,1
Finam:DX,2023-08-28T06:50:00+03:00,104.03,104.03,104.03,104.03,1
Finam:DX,2023-08-28T06:51:00+03:00,104.02,104.02,104.02,104.02,5
Finam:DX,2023-08-28T06:52:00+03:00,104.02,104.02,104.02,104.02,1
Finam:DX,2023-08-28T06:53:00+03:00,104.02,104.02,104.02,104.02,1
Finam:DX,2023-08-28T06:55:00+03:00,104.02,104.02,104.02,104.02,1
Finam:DX,2023-08-28T06:58:00+03:00,104.03,104.03,104.03,104.03,2
Finam:DX,2023-08-28T06:59:00+03:00,104.03,104.03,104.03,104.03,2
Finam:DX,2023-08-28T07:00:00+03:00,104.03,104.03,104.03,104.03,1
Finam:DX,2023-08-28T07:05:00+03:00,104.02,104.02,104.02,104.02,1
Finam:DX,2023-08-28T07:07:00+03:00,104.02,104.02,104.02,104.02,2
Finam:DX,2023-08-28T07:08:00+03:00,104.02,104.02,104.02,104.02,2
Finam:DX,2023-08-28T07:12:00+03:00,104.02,104.02,104.02,104.02,8
Finam:DX,2023-08-28T07:13:00+03:00,104.02,104.02,104.02,104.02,2
Finam:DX,2023-08-28T07:14:00+03:00,104.01,104.01,104.01,104.01,10
Finam:DX,2023-08-28T07:19:00+03:00,104.01,104.01,104.01,104.01,6
Finam:DX,2023-08-28T07:20:00+03:00,104.01,104.01,104.01,104.01,3
Finam:DX,2023-08-28T07:26:00+03:00,104.02,104.02,104.02,104.02,5
Finam:DX,2023-08-28T07:27:00+03:00,104.01,104.01,104.01,104.01,4
Finam:DX,2023-08-28T07:31:00+03:00,104.02,104.02,104.02,104.02,11
Finam:DX,2023-08-28T07:33:00+03:00,104.02,104.02,104.02,104.02,5
Finam:DX,2023-08-28T07:35:00+03:00,104.03,104.03,104.03,104.03,2
Finam:DX,2023-08-28T07:36:00+03:00,104.03,104.03,104.03,104.03,2
Finam:DX,2023-08-28T07:38:00+03:00,104.02,104.02,104.02,104.02,3
Finam:DX,2023-08-28T07:40:00+03:00,104.02,104.02,104.02,104.02,2
Finam:DX,2023-08-28T07:42:00+03:00,104.03,104.03,104.03,104.03,1
Finam:DX,2023-08-28T07:43:00+03:00,104.03,104.03,104.03,104.03,1
Finam:DX,2023-08-28T07:45:00+03:00,104.03,104.03,104.03,104.03,1
Finam:DX,2023-08-28T07:47:00+03:00,104.03,104.03,104.03,104.03,1
Finam:DX,2023-08-28T07:49:00+03:00,104.03,104.03,104.03,104.03,1
Finam:DX,2023-08-28T07:51:00+03:00,104.04,104.04,104.04,104.04,5
Finam:DX,2023-08-28T07:53:00+03:00,104.03,104.04,104.03,104.04,3
Finam:DX,2023-08-28T07:54:00+03:00,104.03,104.04,104.03,104.04,9
Finam:DX,2023-08-28T07:55:00+03:00,104.03,104.03,104.03,104.03,2
Finam:DX,2023-08-28T07:58:00+03:00,104.03,104.03,104.03,104.03,1
Finam:DX,2023-08-28T08:00:00+03:00,104.03,104.03,104.03,104.03,1
Finam:DX,2023-08-28T08:01:00+03:00,104.03,104.03,104.03,104.03,4
Finam:DX,2023-08-28T08:02:00+03:00,104.04,104.04,104.04,104.04,5
Finam:DX,2023-08-28T08:05:00+03:00,104.04,104.04,104.04,104.04,1
Finam:DX,2023-08-28T08:07:00+03:00,104.03,104.03,104.03,104.03,3
Finam:DX,2023-08-28T08:09:00+03:00,104.02,104.02,104.02,104.02,2
Finam:DX,2023-08-28T08:10:00+03:00,104.03,104.04,104.03,104.04,8
Finam:DX,2023-08-28T08:13:00+03:00,104.04,104.04,104.04,104.04,3
Finam:DX,2023-08-28T08:15:00+03:00,104.04,104.04,104.04,104.04,1
Finam:DX,2023-08-28T08:17:00+03:00,104.03,104.03,104.02,104.02,33
Finam:DX,2023-08-28T08:18:00+03:00,104.02,104.02,104.02,104.02,2
Finam:DX,2023-08-28T08:20:00+03:00,104.01,104.01,104.00,104.00,8
Finam:DX,2023-08-28T08:21:00+03:00,104.01,104.01,104.00,104.00,7
Finam:DX,2023-08-28T08:22:00+03:00,104.00,104.00,104.00,104.00,1
Finam:DX,2023-08-28T08:23:00+03:00,104.00,104.00,104.00,104.00,4
Finam:DX,2023-08-28T08:25:00+03:00,104.00,104.00,104.00,104.00,9
Finam:DX,2023-08-28T08:28:00+03:00,104.01,104.01,103.99,103.99,7
Finam:DX,2023-08-28T08:31:00+03:00,104.00,104.00,104.00,104.00,2
Finam:DX,2023-08-28T08:33:00+03:00,103.99,103.99,103.99,103.99,6
Finam:DX,2023-08-28T08:36:00+03:00,104.00,104.00,104.00,104.00,6
Finam:DX,2023-08-28T08:39:00+03:00,104.00,104.00,104.00,104.00,2
Finam:DX,2023-08-28T08:40:00+03:00,104.00,104.00,103.98,103.98,4
Finam:DX,2023-08-28T08:41:00+03:00,103.98,103.98,103.98,103.98,4
Finam:DX,2023-08-28T08:42:00+03:00,103.98,103.98,103.96,103.96,16
Finam:DX,2023-08-28T08:43:00+03:00,103.96,103.96,103.96,103.96,4
Finam:DX,2023-08-28T08:44:00+03:00,103.96,103.96,103.96,103.96,7
Finam:DX,2023-08-28T08:46:00+03:00,103.96,103.96,103.96,103.96,6
Finam:DX,2023-08-28T08:47:00+03:00,103.96,103.96,103.96,103.96,3
Finam:DX,2023-08-28T08:49:00+03:00,103.97,103.97,103.97,103.97,1
Finam:DX,2023-08-28T08:50:00+03:00,103.97,103.97,103.97,103.97,3
Finam:DX,2023-08-28T08:51:00+03:00,103.96,103.96,103.96,103.96,2
Finam:DX,2023-08-28T08:52:00+03:00,103.96,103.96,103.96,103.96,1
Finam:DX,2023-08-28T08:54:00+03:00,103.97,103.97,103.97,103.97,1
Finam:DX,2023-08-28T08:56:00+03:00,103.97,103.97,103.96,103.96,12
Finam:DX,2023-08-28T08:57:00+03:00,103.96,103.97,103.96,103.97,3
Finam:DX,2023-08-28T08:59:00+03:00,103.97,103.97,103.97,103.97,1
Finam:DX,2023-08-28T09:00:00+03:00,103.97,103.97,103.97,103.97,1
Finam:DX,2023-08-28T09:01:00+03:00,103.98,103.98,103.98,103.98,1
Finam:DX,2023-08-28T09:02:00+03:00,103.98,103.98,103.98,103.98,1
Finam:DX,2023-08-28T09:03:00+03:00,103.98,103.98,103.98,103.98,2
Finam:DX,2023-08-28T09:04:00+03:00,103.98,103.99,103.98,103.99,2
Finam:DX,2023-08-28T09:07:00+03:00,104.00,104.00,104.00,104.00,4
Finam:DX,2023-08-28T09:08:00+03:00,104.00,104.00,104.00,104.00,4
Finam:DX,2023-08-28T09:10:00+03:00,104.00,104.00,103.98,103.98,10
Finam:DX,2023-08-28T09:11:00+03:00,103.98,103.98,103.97,103.97,7
Finam:DX,2023-08-28T09:12:00+03:00,103.96,103.97,103.96,103.97,8
Finam:DX,2023-08-28T09:13:00+03:00,103.98,103.98,103.97,103.97,3
Finam:DX,2023-08-28T09:14:00+03:00,103.97,103.97,103.96,103.96,31
Finam:DX,2023-08-28T09:15:00+03:00,103.97,103.97,103.96,103.97,28
Finam:DX,2023-08-28T09:16:00+03:00,103.96,103.97,103.96,103.97,171
Finam:DX,2023-08-28T09:17:00+03:00,103.97,103.97,103.97,103.97,2
Finam:DX,2023-08-28T09:18:00+03:00,103.97,103.97,103.96,103.96,41
Finam:DX,2023-08-28T09:19:00+03:00,103.96,103.96,103.96,103.96,130
Finam:DX,2023-08-28T09:20:00+03:00,103.97,103.97,103.96,103.96,141
Finam:DX,2023-08-28T09:21:00+03:00,103.96,103.97,103.96,103.97,111
Finam:DX,2023-08-28T09:22:00+03:00,103.96,103.97,103.96,103.97,11
Finam:DX,2023-08-28T09:23:00+03:00,103.98,103.98,103.97,103.97,23
Finam:DX,2023-08-28T09:24:00+03:00,103.97,103.97,103.97,103.97,2
Finam:DX,2023-08-28T09:25:00+03:00,103.97,103.97,103.96,103.96,4
Finam:DX,2023-08-28T09:26:00+03:00,103.96,103.96,103.96,103.96,2
Finam:DX,2023-08-28T09:27:00+03:00,103.96,103.96,103.96,103.96,3
Finam:DX,2023-08-28T09:28:00+03:00,103.95,103.96,103.95,103.95,20
Finam:DX,2023-08-28T09:29:00+03:00,103.95,103.95,103.95,103.95,5
Finam:DX,2023-08-28T09:30:00+03:00,103.94,103.94,103.94,103.94,3
Finam:DX,2023-08-28T09:31:00+03:00,103.94,103.94,103.94,103.94,9
Finam:DX,2023-08-28T09:32:00+03:00,103.94,103.94,103.94,103.94,9
Finam:DX,2023-08-28T09:33:00+03:00,103.94,103.94,103.94,103.94,4
Finam:DX,2023-08-28T09:35:00+03:00,103.95,103.95,103.95,103.95,1
Finam:DX,2023-08-28T09:36:00+03:00,103.94,103.95,103.94,103.95,12
Finam:DX,2023-08-28T09:37:00+03:00,103.95,103.95,103.95,103.95,3
Finam:DX,2023-08-28T09:39:00+03:00,103.97,103.97,103.97,103.97,2
Finam:DX,2023-08-28T09:40:00+03:00,103.97,103.97,103.95,103.95,13
Finam:DX,2023-08-28T09:48:00+03:00,103.94,103.94,103.94,103.94,6
Finam:DX,2023-08-28T09:49:00+03:00,103.93,103.93,103.93,103.93,15
Finam:DX,2023-08-28T09:50:00+03:00,103.94,103.95,103.94,103.95,22
Finam:DX,2023-08-28T09:52:00+03:00,103.94,103.94,103.94,103.94,2
Finam:DX,2023-08-28T09:53:00+03:00,103.94,103.94,103.94,103.94,1
Finam:DX,2023-08-28T09:54:00+03:00,103.94,103.94,103.94,103.94,1
Finam:DX,2023-08-28T09:56:00+03:00,103.95,103.95,103.95,103.95,6
Finam:DX,2023-08-28T09:57:00+03:00,103.95,103.95,103.94,103.94,4
Finam:DX,2023-08-28T09:58:00+03:00,103.95,103.95,103.95,103.95,20
Finam:DX,2023-08-28T09:59:00+03:00,103.95,103.95,103.95,103.95,10
Finam:DX,2023-08-28T10:00:00+03:00,103.96,103.96,103.96,103.96,16
Finam:DX,2023-08-28T10:01:00+03:00,103.96,103.96,103.96,103.96,23
Finam:DX,2023-08-28T10:02:00+03:00,103.96,103.96,103.96,103.96,1
Finam:DX,2023-08-28T10:03:00+03:00,103.96,103.96,103.96,103.96,7
Finam:DX,2023-08-28T10:04:00+03:00,103.96,103.96,103.96,103.96,5
Finam:DX,2023-08-28T10:05:00+03:00,103.95,103.95,103.95,103.95,8
Finam:DX,2023-08-28T10:06:00+03:00,103.95,103.95,103.95,103.95,6
Finam:DX,2023-08-28T10:07:00+03:00,103.97,103.97,103.97,103.97,9
Finam:DX,2023-08-28T10:08:00+03:00,103.97,103.97,103.96,103.96,28
Finam:DX,2023-08-28T10:09:00+03:00,103.97,103.97,103.97,103.97,8
Finam:DX,2023-08-28T10:10:00+03:00,103.97,103.97,103.95,103.95,31
Finam:DX,2023-08-28T10:11:00+03:00,103.95,103.95,103.95,103.95,22
Finam:DX,2023-08-28T10:12:00+03:00,103.96,103.96,103.96,103.96,4
Finam:DX,2023-08-28T10:13:00+03:00,103.97,103.97,103.97,103.97,2
Finam:DX,2023-08-28T10:14:00+03:00,103.98,103.98,103.97,103.97,20
Finam:DX,2023-08-28T10:15:00+03:00,103.97,103.97,103.96,103.97,53
Finam:DX,2023-08-28T10:16:00+03:00,103.97,103.97,103.96,103.96,5
Finam:DX,2023-08-28T10:17:00+03:00,103.97,103.97,103.97,103.97,10
Finam:DX,2023-08-28T10:18:00+03:00,103.97,103.97,103.96,103.96,73
Finam:DX,2023-08-28T10:19:00+03:00,103.96,103.97,103.96,103.97,9
Finam:DX,2023-08-28T10:20:00+03:00,103.97,103.97,103.97,103.97,3
Finam:DX,2023-08-28T10:21:00+03:00,103.98,104.00,103.98,103.99,52
Finam:DX,2023-08-28T10:22:00+03:00,103.99,103.99,103.97,103.97,42
Finam:DX,2023-08-28T10:23:00+03:00,103.98,103.98,103.98,103.98,39
Finam:DX,2023-08-28T10:24:00+03:00,103.98,103.98,103.97,103.97,34
Finam:DX,2023-08-28T10:25:00+03:00,103.97,103.97,103.96,103.97,53
Finam:DX,2023-08-28T10:27:00+03:00,103.97,103.97,103.97,103.97,8
Finam:DX,2023-08-28T10:29:00+03:00,103.98,103.98,103.98,103.98,5
Finam:DX,2023-08-28T10:30:00+03:00,103.99,103.99,103.99,103.99,2
Finam:DX,2023-08-28T10:31:00+03:00,104.00,104.00,104.00,104.00,8
Finam:DX,2023-08-28T10:32:00+03:00,103.99,104.00,103.99,104.00,16
Finam:DX,2023-08-28T10:33:00+03:00,104.01,104.01,104.01,104.01,2
Finam:DX,2023-08-28T10:34:00+03:00,104.01,104.01,104.00,104.00,13
Finam:DX,2023-08-28T10:35:00+03:00,103.99,103.99,103.99,103.99,19
Finam:DX,2023-08-28T10:36:00+03:00,104.00,104.00,104.00,104.00,2
Finam:DX,2023-08-28T10:37:00+03:00,104.00,104.01,104.00,104.01,2
Finam:DX,2023-08-28T10:38:00+03:00,104.01,104.01,104.00,104.00,18
Finam:DX,2023-08-28T10:39:00+03:00,104.00,104.01,104.00,104.01,4
Finam:DX,2023-08-28T10:40:00+03:00,104.01,104.01,104.00,104.00,10
Finam:DX,2023-08-28T10:41:00+03:00,104.00,104.00,103.99,103.99,11
Finam:DX,2023-08-28T10:42:00+03:00,103.99,103.99,103.98,103.98,22
Finam:DX,2023-08-28T10:43:00+03:00,103.98,103.98,103.98,103.98,23
Finam:DX,2023-08-28T10:44:00+03:00,103.97,103.97,103.97,103.97,27
Finam:DX,2023-08-28T10:45:00+03:00,103.97,103.97,103.96,103.96,10
Finam:DX,2023-08-28T10:46:00+03:00,103.96,103.96,103.96,103.96,1
Finam:DX,2023-08-28T10:47:00+03:00,103.98,103.98,103.98,103.98,2
Finam:DX,2023-08-28T10:48:00+03:00,103.98,103.98,103.97,103.97,20
Finam:DX,2023-08-28T10:49:00+03:00,103.98,103.99,103.98,103.98,14
Finam:DX,2023-08-28T10:50:00+03:00,103.98,103.99,103.98,103.99,17
Finam:DX,2023-08-28T10:51:00+03:00,103.98,103.98,103.98,103.98,2
Finam:DX,2023-08-28T10:52:00+03:00,103.99,104.00,103.99,104.00,4
Finam:DX,2023-08-28T10:53:00+03:00,104.00,104.01,104.00,104.01,40
Finam:DX,2023-08-28T10:54:00+03:00,104.01,104.02,104.01,104.02,21
Finam:DX,2023-08-28T10:55:00+03:00,104.02,104.03,104.02,104.03,21
Finam:DX,2023-08-28T10:56:00+03:00,104.03,104.03,104.02,104.02,8
Finam:DX,2023-08-28T10:57:00+03:00,104.02,104.02,104.01,104.01,5
Finam:DX,2023-08-28T10:58:00+03:00,104.01,104.01,104.01,104.01,5
Finam:DX,2023-08-28T10:59:00+03:00,104.01,104.01,104.01,104.01,2
Finam:DX,2023-08-28T11:00:00+03:00,104.02,104.02,104.02,104.02,28
Finam:DX,2023-08-28T11:01:00+03:00,104.02,104.02,104.02,104.02,16
Finam:DX,2023-08-28T11:02:00+03:00,104.02,104.03,104.02,104.03,3
Finam:DX,2023-08-28T11:03:00+03:00,104.03,104.03,104.02,104.03,13
Finam:DX,2023-08-28T11:04:00+03:00,104.03,104.04,104.03,104.04,5
Finam:DX,2023-08-28T11:05:00+03:00,104.04,104.04,104.03,104.03,16
Finam:DX,2023-08-28T11:06:00+03:00,104.03,104.05,104.03,104.05,12
Finam:DX,2023-08-28T11:07:00+03:00,104.04,104.05,104.04,104.05,7
Finam:DX,2023-08-28T11:08:00+03:00,104.05,104.06,104.05,104.06,17
Finam:DX,2023-08-28T11:09:00+03:00,104.06,104.07,104.06,104.06,9
Finam:DX,2023-08-28T11:10:00+03:00,104.06,104.06,104.05,104.05,6
Finam:DX,2023-08-28T11:11:00+03:00,104.05,104.05,104.05,104.05,2
Finam:DX,2023-08-28T11:12:00+03:00,104.05,104.05,104.04,104.04,21
Finam:DX,2023-08-28T11:13:00+03:00,104.05,104.05,104.05,104.05,4
Finam:DX,2023-08-28T11:14:00+03:00,104.06,104.06,104.06,104.06,1
Finam:DX,2023-08-28T11:15:00+03:00,104.07,104.07,104.06,104.06,3
Finam:DX,2023-08-28T11:16:00+03:00,104.06,104.06,104.06,104.06,8
Finam:DX,2023-08-28T11:17:00+03:00,104.05,104.06,104.05,104.06,34
Finam:DX,2023-08-28T11:18:00+03:00,104.06,104.06,104.05,104.05,10
Finam:DX,2023-08-28T11:19:00+03:00,104.05,104.05,104.05,104.05,1
Finam:DX,2023-08-28T11:20:00+03:00,104.05,104.05,104.05,104.05,11
Finam:DX,2023-08-28T11:21:00+03:00,104.06,104.06,104.06,104.06,3
Finam:DX,2023-08-28T11:22:00+03:00,104.06,104.07,104.06,104.07,3
Finam:DX,2023-08-28T11:23:00+03:00,104.07,104.07,104.07,104.07,21
Finam:DX,2023-08-28T11:24:00+03:00,104.08,104.08,104.08,104.08,14
Finam:DX,2023-08-28T11:25:00+03:00,104.09,104.09,104.09,104.09,15
Finam:DX,2023-08-28T11:26:00+03:00,104.09,104.10,104.09,104.09,25
Finam:DX,2023-08-28T11:27:00+03:00,104.09,104.10,104.09,104.10,19
Finam:DX,2023-08-28T11:28:00+03:00,104.10,104.11,104.10,104.11,18
Finam:DX,2023-08-28T11:29:00+03:00,104.11,104.11,104.11,104.11,21
Finam:DX,2023-08-28T11:30:00+03:00,104.11,104.12,104.11,104.11,11
Finam:DX,2023-08-28T11:31:00+03:00,104.11,104.11,104.10,104.11,9
Finam:DX,2023-08-28T11:32:00+03:00,104.11,104.11,104.11,104.11,1
Finam:DX,2023-08-28T11:33:00+03:00,104.11,104.11,104.10,104.10,7
Finam:DX,2023-08-28T11:34:00+03:00,104.10,104.10,104.10,104.10,8
Finam:DX,2023-08-28T11:35:00+03:00,104.10,104.10,104.08,104.08,19
Finam:DX,2023-08-28T11:36:00+03:00,104.09,104.09,104.09,104.09,1
Finam:DX,2023-08-28T11:37:00+03:00,104.09,104.09,104.08,104.08,8
Finam:DX,2023-08-28T11:38:00+03:00,104.09,104.09,104.09,104.09,8
Finam:DX,2023-08-28T11:39:00+03:00,104.09,104.10,104.09,104.10,59
Finam:DX,2023-08-28T11:40:00+03:00,104.11,104.12,104.11,104.12,13
Finam:DX,2023-08-28T11:41:00+03:00,104.12,104.13,104.12,104.13,19
Finam:DX,2023-08-28T11:42:00+03:00,104.13,104.13,104.13,104.13,7
Finam:DX,2023-08-28T11:43:00+03:00,104.12,104.12,104.12,104.12,6
Finam:DX,2023-08-28T11:44:00+03:00,104.11,104.11,104.11,104.11,2
Finam:DX,2023-08-28T11:45:00+03:00,104.12,104.12,104.12,104.12,5
Finam:DX,2023-08-28T11:46:00+03:00,104.12,104.12,104.12,104.12,1
Finam:DX,2023-08-28T11:48:00+03:00,104.11,104.12,104.11,104.12,4
Finam:DX,2023-08-28T11:51:00+03:00,104.10,104.10,104.08,104.08,27
Finam:DX,2023-08-28T11:52:00+03:00,104.08,104.08,104.08,104.08,6
Finam:DX,2023-08-28T11:53:00+03:00,104.07,104.07,104.06,104.07,5
Finam:DX,2023-08-28T11:54:00+03:00,104.06,104.06,104.06,104.06,3
Finam:DX,2023-08-28T11:55:00+03:00,104.07,104.08,104.07,104.08,4
Finam:DX,2023-08-28T11:56:00+03:00,104.10,104.10,104.10,104.10,1
Finam:DX,2023-08-28T11:57:00+03:00,104.08,104.08,104.08,104.08,2
Finam:DX,2023-08-28T11:58:00+03:00,104.09,104.09,104.09,104.09,2
Finam:DX,2023-08-28T11:59:00+03:00,104.09,104.09,104.09,104.09,1
Finam:DX,2023-08-28T12:00:00+03:00,104.09,104.09,104.09,104.09,5
Finam:DX,2023-08-28T12:01:00+03:00,104.11,104.11,104.10,104.10,28
Finam:DX,2023-08-28T12:02:00+03:00,104.09,104.09,104.09,104.09,8
Finam:DX,2023-08-28T12:03:00+03:00,104.08,104.08,104.08,104.08,4
Finam:DX,2023-08-28T12:04:00+03:00,104.08,104.09,104.08,104.09,4
Finam:DX,2023-08-28T12:05:00+03:00,104.10,104.10,104.10,104.10,7
Finam:DX,2023-08-28T12:06:00+03:00,104.11,104.11,104.10,104.11,5
Finam:DX,2023-08-28T12:07:00+03:00,104.12,104.12,104.12,104.12,3
Finam:DX,2023-08-28T12:08:00+03:00,104.12,104.12,104.12,104.12,1
Finam:DX,2023-08-28T12:09:00+03:00,104.12,104.12,104.12,104.12,4
Finam:DX,2023-08-28T12:10:00+03:00,104.12,104.12,104.11,104.11,11
Finam:DX,2023-08-28T12:13:00+03:00,104.10,104.11,104.10,104.11,3
Finam:DX,2023-08-28T12:14:00+03:00,104.11,104.11,104.10,104.10,5
Finam:DX,2023-08-28T12:16:00+03:00,104.12,104.12,104.11,104.11,4
Finam:DX,2023-08-28T12:18:00+03:00,104.11,104.11,104.11,104.11,1
Finam:DX,2023-08-28T12:20:00+03:00,104.11,104.11,104.11,104.11,1
Finam:DX,2023-08-28T12:21:00+03:00,104.11,104.11,104.11,104.11,3
Finam:DX,2023-08-28T12:22:00+03:00,104.10,104.10,104.10,104.10,3
Finam:DX,2023-08-28T12:23:00+03:00,104.10,104.10,104.08,104.09,13
Finam:DX,2023-08-28T12:24:00+03:00,104.09,104.09,104.09,104.09,3
Finam:DX,2023-08-28T12:25:00+03:00,104.09,104.09,104.09,104.09,1
Finam:DX,2023-08-28T12:26:00+03:00,104.09,104.09,104.09,104.09,3
Finam:DX,2023-08-28T12:27:00+03:00,104.11,104.12,104.11,104.12,3
Finam:DX,2023-08-28T12:28:00+03:00,104.12,104.12,104.12,104.12,4
Finam:DX,2023-08-28T12:29:00+03:00,104.11,104.11,104.10,104.10,3
Finam:DX,2023-08-28T12:30:00+03:00,104.11,104.11,104.11,104.11,7
Finam:DX,2023-08-28T12:32:00+03:00,104.11,104.12,104.11,104.12,4
Finam:DX,2023-08-28T12:33:00+03:00,104.11,104.12,104.11,104.11,5
Finam:DX,2023-08-28T12:34:00+03:00,104.10,104.10,104.10,104.10,11
Finam:DX,2023-08-28T12:35:00+03:00,104.10,104.10,104.09,104.10,16
Finam:DX,2023-08-28T12:36:00+03:00,104.10,104.11,104.10,104.11,3
Finam:DX,2023-08-28T12:37:00+03:00,104.10,104.10,104.10,104.10,5
Finam:DX,2023-08-28T12:38:00+03:00,104.10,104.10,104.10,104.10,2
Finam:DX,2023-08-28T12:40:00+03:00,104.11,104.11,104.11,104.11,5
Finam:DX,2023-08-28T12:41:00+03:00,104.10,104.10,104.10,104.10,1
Finam:DX,2023-08-28T12:43:00+03:00,104.11,104.11,104.11,104.11,3
Finam:DX,2023-08-28T12:44:00+03:00,104.11,104.12,104.11,104.12,2
Finam:DX,2023-08-28T12:45:00+03:00,104.12,104.12,104.12,104.12,5
Finam:DX,2023-08-28T12:47:00+03:00,104.12,104.12,104.12,104.12,1
Finam:DX,2023-08-28T12:48:00+03:00,104.12,104.12,104.12,104.12,1
Finam:DX,2023-08-28T12:49:00+03:00,104.11,104.11,104.10,104.10,8
Finam:DX,2023-08-28T12:50:00+03:00,104.10,104.10,104.10,104.10,10
Finam:DX,2023-08-28T12:51:00+03:00,104.09,104.10,104.09,104.10,4
Finam:DX,2023-08-28T12:52:00+03:00,104.10,104.10,104.10,104.10,40
Finam:DX,2023-08-28T12:53:00+03:00,104.09,104.09,104.08,104.08,4
Finam:DX,2023-08-28T12:55:00+03:00,104.08,104.08,104.08,104.08,20
Finam:DX,2023-08-28T12:56:00+03:00,104.08,104.08,104.08,104.08,6
Finam:DX,2023-08-28T12:57:00+03:00,104.08,104.08,104.08,104.08,1
Finam:DX,2023-08-28T13:00:00+03:00,104.09,104.09,104.09,104.09,5
Finam:DX,2023-08-28T13:02:00+03:00,104.08,104.08,104.08,104.08,6
Finam:DX,2023-08-28T13:04:00+03:00,104.08,104.08,104.08,104.08,9
Finam:DX,2023-08-28T13:05:00+03:00,104.07,104.07,104.07,104.07,3
Finam:DX,2023-08-28T13:06:00+03:00,104.07,104.09,104.07,104.09,133
Finam:DX,2023-08-28T13:07:00+03:00,104.09,104.09,104.06,104.06,104
Finam:DX,2023-08-28T13:08:00+03:00,104.07,104.07,104.07,104.07,11
Finam:DX,2023-08-28T13:09:00+03:00,104.07,104.07,104.07,104.07,8
Finam:DX,2023-08-28T13:10:00+03:00,104.07,104.08,104.07,104.08,4
Finam:DX,2023-08-28T13:11:00+03:00,104.08,104.08,104.08,104.08,32
Finam:DX,2023-08-28T13:12:00+03:00,104.08,104.08,104.08,104.08,2
Finam:DX,2023-08-28T13:13:00+03:00,104.08,104.08,104.06,104.06,6
Finam:DX,2023-08-28T13:14:00+03:00,104.06,104.07,104.06,104.07,3
Finam:DX,2023-08-28T13:15:00+03:00,104.06,104.06,104.05,104.05,6
Finam:DX,2023-08-28T13:16:00+03:00,104.07,104.07,104.07,104.07,13
Finam:DX,2023-08-28T13:17:00+03:00,104.07,104.07,104.07,104.07,5
Finam:DX,2023-08-28T13:18:00+03:00,104.07,104.07,104.07,104.07,3
Finam:DX,2023-08-28T13:19:00+03:00,104.08,104.08,104.08,104.08,23
Finam:DX,2023-08-28T13:20:00+03:00,104.08,104.08,104.07,104.07,9
Finam:DX,2023-08-28T13:21:00+03:00,104.08,104.08,104.07,104.07,20
Finam:DX,2023-08-28T13:22:00+03:00,104.07,104.07,104.06,104.06,7
Finam:DX,2023-08-28T13:23:00+03:00,104.05,104.05,104.05,104.05,1
Finam:DX,2023-08-28T13:24:00+03:00,104.05,104.05,104.04,104.04,3
Finam:DX,2023-08-28T13:25:00+03:00,104.05,104.05,104.05,104.05,5
Finam:DX,2023-08-28T13:26:00+03:00,104.05,104.05,104.05,104.05,6
Finam:DX,2023-08-28T13:28:00+03:00,104.06,104.06,104.06,104.06,1
Finam:DX,2023-08-28T13:29:00+03:00,104.05,104.05,104.05,104.05,13
Finam:DX,2023-08-28T13:30:00+03:00,104.04,104.04,104.04,104.04,4
Finam:DX,2023-08-28T13:31:00+03:00,104.04,104.04,104.04,104.04,1
Finam:DX,2023-08-28T13:33:00+03:00,104.04,104.04,104.04,104.04,6
Finam:DX,2023-08-28T13:34:00+03:00,104.05,104.05,104.02,104.02,45
Finam:DX,2023-08-28T13:35:00+03:00,104.01,104.01,104.01,104.01,12
Finam:DX,2023-08-28T13:36:00+03:00,104.01,104.01,104.01,104.01,7
Finam:DX,2023-08-28T13:37:00+03:00,104.02,104.02,104.02,104.02,2
Finam:DX,2023-08-28T13:38:00+03:00,104.02,104.02,104.02,104.02,2
Finam:DX,2023-08-28T13:40:00+03:00,104.01,104.01,104.01,104.01,14
Finam:DX,2023-08-28T13:41:00+03:00,104.01,104.01,103.99,103.99,25
Finam:DX,2023-08-28T13:42:00+03:00,103.99,103.99,103.99,103.99,3
Finam:DX,2023-08-28T13:43:00+03:00,103.98,103.98,103.98,103.98,2
Finam:DX,2023-08-28T13:44:00+03:00,103.98,103.99,103.98,103.98,28
Finam:DX,2023-08-28T13:45:00+03:00,103.98,103.99,103.98,103.99,3
Finam:DX,2023-08-28T13:46:00+03:00,103.99,103.99,103.99,103.99,1
Finam:DX,2023-08-28T13:48:00+03:00,103.98,103.98,103.98,103.98,2
Finam:DX,2023-08-28T13:49:00+03:00,103.97,103.97,103.96,103.97,15
Finam:DX,2023-08-28T13:50:00+03:00,103.97,103.99,103.97,103.99,4
Finam:DX,2023-08-28T13:51:00+03:00,103.99,103.99,103.99,103.99,3
Finam:DX,2023-08-28T13:52:00+03:00,103.99,103.99,103.99,103.99,1
Finam:DX,2023-08-28T13:55:00+03:00,104.00,104.01,104.00,104.01,9
Finam:DX,2023-08-28T13:56:00+03:00,104.00,104.00,104.00,104.00,8
Finam:DX,2023-08-28T13:57:00+03:00,104.00,104.00,104.00,104.00,16
Finam:DX,2023-08-28T13:58:00+03:00,103.99,103.99,103.99,103.99,5
Finam:DX,2023-08-28T13:59:00+03:00,104.00,104.00,104.00,104.00,2
Finam:DX,2023-08-28T14:00:00+03:00,104.01,104.01,104.01,104.01,2
Finam:DX,2023-08-28T14:01:00+03:00,104.01,104.02,104.01,104.01,16
Finam:DX,2023-08-28T14:02:00+03:00,104.01,104.01,104.01,104.01,4
Finam:DX,2023-08-28T14:03:00+03:00,104.01,104.01,104.01,104.01,14
Finam:DX,2023-08-28T14:04:00+03:00,104.01,104.01,104.01,104.01,10
Finam:DX,2023-08-28T14:05:00+03:00,104.01,104.01,104.01,104.01,1
Finam:DX,2023-08-28T14:06:00+03:00,104.02,104.03,104.02,104.03,11
Finam:DX,2023-08-28T14:07:00+03:00,104.03,104.04,104.03,104.04,7
Finam:DX,2023-08-28T14:08:00+03:00,104.04,104.04,104.04,104.04,3
Finam:DX,2023-08-28T14:09:00+03:00,104.04,104.04,104.04,104.04,4
Finam:DX,2023-08-28T14:10:00+03:00,104.03,104.04,104.03,104.04,8
Finam:DX,2023-08-28T14:11:00+03:00,104.05,104.05,104.04,104.04,20
Finam:DX,2023-08-28T14:12:00+03:00,104.04,104.05,104.04,104.04,16
Finam:DX,2023-08-28T14:13:00+03:00,104.05,104.06,104.05,104.06,5
Finam:DX,2023-08-28T14:14:00+03:00,104.06,104.07,104.06,104.07,8
Finam:DX,2023-08-28T14:15:00+03:00,104.06,104.06,104.06,104.06,9
Finam:DX,2023-08-28T14:17:00+03:00,104.06,104.06,104.05,104.05,15
Finam:DX,2023-08-28T14:19:00+03:00,104.06,104.06,104.06,104.06,2
Finam:DX,2023-08-28T14:20:00+03:00,104.06,104.06,104.06,104.06,4
Finam:DX,2023-08-28T14:21:00+03:00,104.06,104.06,104.06,104.06,12
Finam:DX,2023-08-28T14:22:00+03:00,104.06,104.06,104.06,104.06,8
Finam:DX,2023-08-28T14:23:00+03:00,104.06,104.06,104.04,104.05,20
Finam:DX,2023-08-28T14:24:00+03:00,104.04,104.04,104.04,104.04,5
Finam:DX,2023-08-28T14:25:00+03:00,104.03,104.03,104.03,104.03,4
Finam:DX,2023-08-28T14:26:00+03:00,104.03,104.03,104.03,104.03,2
Finam:DX,2023-08-28T14:28:00+03:00,104.02,104.02,104.02,104.02,1
Finam:DX,2023-08-28T14:30:00+03:00,104.03,104.03,104.03,104.03,4
Finam:DX,2023-08-28T14:31:00+03:00,104.04,104.04,104.04,104.04,2
Finam:DX,2023-08-28T14:32:00+03:00,104.04,104.04,104.04,104.04,1
Finam:DX,2023-08-28T14:33:00+03:00,104.04,104.04,104.03,104.03,7
Finam:DX,2023-08-28T14:34:00+03:00,104.04,104.04,104.04,104.04,6
Finam:DX,2023-08-28T14:35:00+03:00,104.04,104.05,104.04,104.05,4
Finam:DX,2023-08-28T14:37:00+03:00,104.04,104.05,104.04,104.05,15
Finam:DX,2023-08-28T14:38:00+03:00,104.05,104.05,104.05,104.05,2
Finam:DX,2023-08-28T14:40:00+03:00,104.06,104.06,104.06,104.06,3
Finam:DX,2023-08-28T14:41:00+03:00,104.04,104.04,104.04,104.04,2
Finam:DX,2023-08-28T14:42:00+03:00,104.04,104.04,104.04,104.04,3
Finam:DX,2023-08-28T14:49:00+03:00,104.05,104.05,104.05,104.05,8
Finam:DX,2023-08-28T14:50:00+03:00,104.06,104.06,104.05,104.05,3
Finam:DX,2023-08-28T14:51:00+03:00,104.04,104.04,104.04,104.04,1
Finam:DX,2023-08-28T14:52:00+03:00,104.05,104.05,104.04,104.04,2
Finam:DX,2023-08-28T14:53:00+03:00,104.04,104.04,104.04,104.04,1
Finam:DX,2023-08-28T14:55:00+03:00,104.04,104.05,104.04,104.05,21
Finam:DX,2023-08-28T14:56:00+03:00,104.05,104.05,104.05,104.05,1
Finam:DX,2023-08-28T14:57:00+03:00,104.06,104.06,104.06,104.06,2
Finam:DX,2023-08-28T14:58:00+03:00,104.06,104.06,104.06,104.06,1
Finam:DX,2023-08-28T14:59:00+03:00,104.06,104.06,104.06,104.06,12
Finam:DX,2023-08-28T15:00:00+03:00,104.06,104.06,104.05,104.05,7
Finam:DX,2023-08-28T15:01:00+03:00,104.04,104.04,104.04,104.04,1
Finam:DX,2023-08-28T15:02:00+03:00,104.03,104.03,104.03,104.03,2
Finam:DX,2023-08-28T15:03:00+03:00,104.04,104.04,104.03,104.04,5
Finam:DX,2023-08-28T15:04:00+03:00,104.03,104.03,104.03,104.03,29
Finam:DX,2023-08-28T15:05:00+03:00,104.04,104.04,104.03,104.03,29
Finam:DX,2023-08-28T15:06:00+03:00,104.03,104.03,104.03,104.03,4
Finam:DX,2023-08-28T15:07:00+03:00,104.03,104.05,104.03,104.05,49
Finam:DX,2023-08-28T15:08:00+03:00,104.05,104.06,104.05,104.06,5
Finam:DX,2023-08-28T15:09:00+03:00,104.07,104.07,104.06,104.06,48
Finam:DX,2023-08-28T15:10:00+03:00,104.06,104.06,104.05,104.06,35
Finam:DX,2023-08-28T15:11:00+03:00,104.06,104.06,104.04,104.04,51
Finam:DX,2023-08-28T15:12:00+03:00,104.04,104.05,104.04,104.04,4
Finam:DX,2023-08-28T15:13:00+03:00,104.02,104.03,104.02,104.03,9
Finam:DX,2023-08-28T15:14:00+03:00,104.03,104.03,104.03,104.03,5
Finam:DX,2023-08-28T15:15:00+03:00,104.03,104.03,104.03,104.03,7
Finam:DX,2023-08-28T15:16:00+03:00,104.02,104.02,104.01,104.01,8
Finam:DX,2023-08-28T15:17:00+03:00,104.00,104.01,104.00,104.01,15
Finam:DX,2023-08-28T15:18:00+03:00,104.02,104.02,104.02,104.02,6
Finam:DX,2023-08-28T15:19:00+03:00,104.02,104.02,104.02,104.02,1
Finam:DX,2023-08-28T15:20:00+03:00,104.03,104.03,104.02,104.02,10
Finam:DX,2023-08-28T15:21:00+03:00,104.02,104.04,104.02,104.04,9
Finam:DX,2023-08-28T15:22:00+03:00,104.04,104.04,104.04,104.04,3
Finam:DX,2023-08-28T15:23:00+03:00,104.05,104.05,104.05,104.05,3
Finam:DX,2023-08-28T15:24:00+03:00,104.05,104.05,104.05,104.05,4
Finam:DX,2023-08-28T15:25:00+03:00,104.05,104.06,104.05,104.06,4
Finam:DX,2023-08-28T15:26:00+03:00,104.06,104.06,104.06,104.06,2
Finam:DX,2023-08-28T15:28:00+03:00,104.07,104.08,104.07,104.08,6
Finam:DX,2023-08-28T15:29:00+03:00,104.08,104.08,104.07,104.07,28
Finam:DX,2023-08-28T15:30:00+03:00,104.07,104.08,104.05,104.05,47
Finam:DX,2023-08-28T15:31:00+03:00,104.06,104.06,104.05,104.05,23
Finam:DX,2023-08-28T15:32:00+03:00,104.05,104.07,104.05,104.07,6
Finam:DX,2023-08-28T15:33:00+03:00,104.06,104.07,104.06,104.07,2
Finam:DX,2023-08-28T15:34:00+03:00,104.06,104.07,104.06,104.07,9
Finam:DX,2023-08-28T15:35:00+03:00,104.06,104.06,104.05,104.05,12
Finam:DX,2023-08-28T15:36:00+03:00,104.05,104.05,104.03,104.03,51
Finam:DX,2023-08-28T15:37:00+03:00,104.04,104.04,104.04,104.04,9
Finam:DX,2023-08-28T15:38:00+03:00,104.03,104.05,104.03,104.05,16
Finam:DX,2023-08-28T15:39:00+03:00,104.05,104.05,104.05,104.05,169
Finam:DX,2023-08-28T15:40:00+03:00,104.04,104.04,104.04,104.04,25
Finam:DX,2023-08-28T15:41:00+03:00,104.03,104.04,104.03,104.03,16
Finam:DX,2023-08-28T15:42:00+03:00,104.04,104.05,104.04,104.05,6
Finam:DX,2023-08-28T15:43:00+03:00,104.05,104.06,104.05,104.06,10
Finam:DX,2023-08-28T15:44:00+03:00,104.06,104.07,104.05,104.06,7
Finam:DX,2023-08-28T15:45:00+03:00,104.05,104.05,104.01,104.01,68
Finam:DX,2023-08-28T15:46:00+03:00,104.02,104.02,104.01,104.01,15
Finam:DX,2023-08-28T15:47:00+03:00,104.01,104.02,104.01,104.02,11
Finam:DX,2023-08-28T15:48:00+03:00,104.03,104.06,104.03,104.05,8
Finam:DX,2023-08-28T15:49:00+03:00,104.06,104.06,104.06,104.06,3
Finam:DX,2023-08-28T15:50:00+03:00,104.05,104.05,104.04,104.04,7
Finam:DX,2023-08-28T15:51:00+03:00,104.03,104.04,104.03,104.04,15
Finam:DX,2023-08-28T15:52:00+03:00,104.04,104.04,104.03,104.04,24
Finam:DX,2023-08-28T15:53:00+03:00,104.04,104.04,104.02,104.02,29
Finam:DX,2023-08-28T15:54:00+03:00,104.01,104.02,104.01,104.02,13
Finam:DX,2023-08-28T15:55:00+03:00,104.02,104.02,104.01,104.01,121
Finam:DX,2023-08-28T15:56:00+03:00,104.01,104.01,104.00,104.00,39
Finam:DX,2023-08-28T15:57:00+03:00,104.01,104.01,104.00,104.01,16
Finam:DX,2023-08-28T15:58:00+03:00,104.02,104.02,104.01,104.02,12
Finam:DX,2023-08-28T15:59:00+03:00,104.02,104.02,104.02,104.02,3
Finam:DX,2023-08-28T16:00:00+03:00,104.02,104.03,104.02,104.03,4
Finam:DX,2023-08-28T16:01:00+03:00,104.03,104.04,104.03,104.03,4
Finam:DX,2023-08-28T16:02:00+03:00,104.04,104.04,104.03,104.03,13
Finam:DX,2023-08-28T16:03:00+03:00,104.03,104.03,104.02,104.03,6
Finam:DX,2023-08-28T16:04:00+03:00,104.03,104.03,104.02,104.02,4
Finam:DX,2023-08-28T16:05:00+03:00,104.03,104.03,104.02,104.02,36
Finam:DX,2023-08-28T16:06:00+03:00,104.02,104.02,104.02,104.02,3
Finam:DX,2023-08-28T16:07:00+03:00,104.02,104.03,104.02,104.03,6
Finam:DX,2023-08-28T16:08:00+03:00,104.00,104.01,104.00,104.01,17
Finam:DX,2023-08-28T16:09:00+03:00,104.00,104.00,103.99,104.00,34
Finam:DX,2023-08-28T16:10:00+03:00,104.00,104.00,103.98,103.98,46
Finam:DX,2023-08-28T16:11:00+03:00,103.98,104.00,103.98,104.00,41
Finam:DX,2023-08-28T16:12:00+03:00,104.00,104.00,103.99,104.00,4
Finam:DX,2023-08-28T16:13:00+03:00,104.00,104.01,104.00,104.01,9
Finam:DX,2023-08-28T16:14:00+03:00,104.01,104.01,104.01,104.01,18
Finam:DX,2023-08-28T16:15:00+03:00,104.01,104.01,104.01,104.01,8
Finam:DX,2023-08-28T16:16:00+03:00,104.02,104.02,104.02,104.02,4
Finam:DX,2023-08-28T16:17:00+03:00,104.01,104.04,104.01,104.04,22
Finam:DX,2023-08-28T16:18:00+03:00,104.04,104.04,104.03,104.03,13
Finam:DX,2023-08-28T16:19:00+03:00,104.03,104.04,104.03,104.03,6
Finam:DX,2023-08-28T16:20:00+03:00,104.04,104.04,104.03,104.04,5
Finam:DX,2023-08-28T16:21:00+03:00,104.03,104.03,104.03,104.03,2
Finam:DX,2023-08-28T16:22:00+03:00,104.02,104.02,104.00,104.00,12
Finam:DX,2023-08-28T16:23:00+03:00,104.00,104.01,104.00,104.01,7
Finam:DX,2023-08-28T16:24:00+03:00,104.03,104.03,104.03,104.03,1
Finam:DX,2023-08-28T16:25:00+03:00,104.03,104.04,104.03,104.03,8
Finam:DX,2023-08-28T16:26:00+03:00,104.03,104.03,104.02,104.02,12
Finam:DX,2023-08-28T16:27:00+03:00,104.01,104.01,104.01,104.01,4
Finam:DX,2023-08-28T16:28:00+03:00,104.02,104.02,104.02,104.02,6
Finam:DX,2023-08-28T16:29:00+03:00,104.02,104.02,104.02,104.02,3
Finam:DX,2023-08-28T16:30:00+03:00,104.02,104.02,104.02,104.02,3
Finam:DX,2023-08-28T16:31:00+03:00,104.01,104.01,104.01,104.01,8
Finam:DX,2023-08-28T16:32:00+03:00,104.01,104.02,104.01,104.02,3
Finam:DX,2023-08-28T16:33:00+03:00,104.03,104.04,104.03,104.04,5
Finam:DX,2023-08-28T16:34:00+03:00,104.05,104.07,104.05,104.06,9
Finam:DX,2023-08-28T16:35:00+03:00,104.06,104.07,104.06,104.07,6
Finam:DX,2023-08-28T16:36:00+03:00,104.08,104.08,104.07,104.07,9
Finam:DX,2023-08-28T16:37:00+03:00,104.07,104.07,104.05,104.05,45
Finam:DX,2023-08-28T16:38:00+03:00,104.05,104.05,104.04,104.04,7
Finam:DX,2023-08-28T16:39:00+03:00,104.04,104.05,104.04,104.05,6
Finam:DX,2023-08-28T16:40:00+03:00,104.05,104.06,104.05,104.06,18
Finam:DX,2023-08-28T16:41:00+03:00,104.05,104.06,104.05,104.06,9
Finam:DX,2023-08-28T16:42:00+03:00,104.06,104.06,104.06,104.06,27
Finam:DX,2023-08-28T16:43:00+03:00,104.07,104.07,104.05,104.06,24
Finam:DX,2023-08-28T16:44:00+03:00,104.07,104.09,104.07,104.09,17
Finam:DX,2023-08-28T16:45:00+03:00,104.10,104.11,104.07,104.07,14
Finam:DX,2023-08-28T16:46:00+03:00,104.08,104.10,104.06,104.07,68
Finam:DX,2023-08-28T16:47:00+03:00,104.05,104.06,104.05,104.05,18
Finam:DX,2023-08-28T16:48:00+03:00,104.07,104.08,104.07,104.08,12
Finam:DX,2023-08-28T16:49:00+03:00,104.08,104.09,104.07,104.08,11
Finam:DX,2023-08-28T16:50:00+03:00,104.08,104.08,104.05,104.05,17
Finam:DX,2023-08-28T16:51:00+03:00,104.04,104.06,104.04,104.06,27
Finam:DX,2023-08-28T16:52:00+03:00,104.06,104.07,104.05,104.05,9
Finam:DX,2023-08-28T16:53:00+03:00,104.04,104.04,104.04,104.04,12
Finam:DX,2023-08-28T16:54:00+03:00,104.04,104.04,104.03,104.03,14
Finam:DX,2023-08-28T16:55:00+03:00,104.02,104.02,104.00,104.01,14
Finam:DX,2023-08-28T16:56:00+03:00,104.02,104.02,104.00,104.00,12
Finam:DX,2023-08-28T16:57:00+03:00,104.00,104.01,103.99,104.01,25
Finam:DX,2023-08-28T16:58:00+03:00,104.02,104.03,104.02,104.03,9
Finam:DX,2023-08-28T16:59:00+03:00,104.04,104.04,104.03,104.03,8
Finam:DX,2023-08-28T17:00:00+03:00,104.04,104.05,104.03,104.04,18
Finam:DX,2023-08-28T17:01:00+03:00,104.03,104.04,104.03,104.04,4
Finam:DX,2023-08-28T17:02:00+03:00,104.04,104.05,104.04,104.04,10
Finam:DX,2023-08-28T17:03:00+03:00,104.05,104.05,104.03,104.03,6
Finam:DX,2023-08-28T17:04:00+03:00,104.03,104.03,104.03,104.03,16
Finam:DX,2023-08-28T17:05:00+03:00,104.03,104.04,104.01,104.01,23
Finam:DX,2023-08-28T17:06:00+03:00,104.01,104.01,104.01,104.01,7
Finam:DX,2023-08-28T17:07:00+03:00,104.02,104.02,104.01,104.01,5
Finam:DX,2023-08-28T17:08:00+03:00,104.01,104.01,104.00,104.00,4
Finam:DX,2023-08-28T17:09:00+03:00,104.00,104.02,104.00,104.02,9
Finam:DX,2023-08-28T17:10:00+03:00,104.02,104.02,104.01,104.02,23
Finam:DX,2023-08-28T17:11:00+03:00,104.02,104.05,104.02,104.05,10
Finam:DX,2023-08-28T17:12:00+03:00,104.05,104.07,104.05,104.07,25
Finam:DX,2023-08-28T17:13:00+03:00,104.07,104.09,104.07,104.09,20
Finam:DX,2023-08-28T17:14:00+03:00,104.09,104.09,104.06,104.06,14
Finam:DX,2023-08-28T17:15:00+03:00,104.06,104.06,104.05,104.05,7
Finam:DX,2023-08-28T17:16:00+03:00,104.06,104.07,104.06,104.07,6
Finam:DX,2023-08-28T17:17:00+03:00,104.06,104.06,104.05,104.05,12
Finam:DX,2023-08-28T17:18:00+03:00,104.04,104.04,104.03,104.04,12
Finam:DX,2023-08-28T17:19:00+03:00,104.04,104.04,104.03,104.04,10
Finam:DX,2023-08-28T17:20:00+03:00,104.04,104.04,104.03,104.04,4
Finam:DX,2023-08-28T17:21:00+03:00,104.03,104.04,104.03,104.04,12
Finam:DX,2023-08-28T17:22:00+03:00,104.04,104.05,104.04,104.05,3
Finam:DX,2023-08-28T17:23:00+03:00,104.05,104.06,104.05,104.06,5
Finam:DX,2023-08-28T17:24:00+03:00,104.06,104.07,104.05,104.05,10
Finam:DX,2023-08-28T17:25:00+03:00,104.06,104.06,104.05,104.05,9
Finam:DX,2023-08-28T17:26:00+03:00,104.06,104.08,104.06,104.08,24
Finam:DX,2023-08-28T17:27:00+03:00,104.08,104.09,104.08,104.08,55
Finam:DX,2023-08-28T17:28:00+03:00,104.09,104.09,104.07,104.08,13
Finam:DX,2023-08-28T17:29:00+03:00,104.08,104.08,104.06,104.07,46
Finam:DX,2023-08-28T17:30:00+03:00,104.08,104.08,104.06,104.07,9
Finam:DX,2023-08-28T17:31:00+03:00,104.07,104.07,104.06,104.06,4
Finam:DX,2023-08-28T17:32:00+03:00,104.07,104.07,104.07,104.07,34
Finam:DX,2023-08-28T17:33:00+03:00,104.06,104.06,104.05,104.05,58
Finam:DX,2023-08-28T17:34:00+03:00,104.05,104.06,104.05,104.05,85
Finam:DX,2023-08-28T17:35:00+03:00,104.04,104.05,104.04,104.05,10
Finam:DX,2023-08-28T17:36:00+03:00,104.05,104.06,104.05,104.05,27
Finam:DX,2023-08-28T17:37:00+03:00,104.06,104.06,104.04,104.04,10
Finam:DX,2023-08-28T17:38:00+03:00,104.03,104.04,104.03,104.03,10
Finam:DX,2023-08-28T17:39:00+03:00,104.02,104.03,104.02,104.03,6
Finam:DX,2023-08-28T17:40:00+03:00,104.03,104.03,104.02,104.03,14
Finam:DX,2023-08-28T17:41:00+03:00,104.03,104.03,104.03,104.03,6
Finam:DX,2023-08-28T17:42:00+03:00,104.03,104.03,104.02,104.02,11
Finam:DX,2023-08-28T17:43:00+03:00,104.02,104.03,104.02,104.02,8
Finam:DX,2023-08-28T17:44:00+03:00,104.01,104.01,104.00,104.00,19
Finam:DX,2023-08-28T17:45:00+03:00,104.01,104.01,104.00,104.00,48
Finam:DX,2023-08-28T17:46:00+03:00,104.00,104.00,103.98,103.98,26
Finam:DX,2023-08-28T17:47:00+03:00,103.98,103.99,103.98,103.99,10
Finam:DX,2023-08-28T17:48:00+03:00,103.99,104.01,103.99,104.01,24
Finam:DX,2023-08-28T17:49:00+03:00,104.01,104.02,104.01,104.02,5
Finam:DX,2023-08-28T17:50:00+03:00,104.02,104.02,104.01,104.02,9
Finam:DX,2023-08-28T17:51:00+03:00,104.02,104.03,104.02,104.03,8
Finam:DX,2023-08-28T17:52:00+03:00,104.03,104.03,104.02,104.03,5
Finam:DX,2023-08-28T17:53:00+03:00,104.04,104.04,104.04,104.04,2
Finam:DX,2023-08-28T17:54:00+03:00,104.04,104.04,104.03,104.03,18
Finam:DX,2023-08-28T17:55:00+03:00,104.03,104.04,104.03,104.04,8
Finam:DX,2023-08-28T17:56:00+03:00,104.04,104.04,104.03,104.03,8
Finam:DX,2023-08-28T17:57:00+03:00,104.03,104.03,104.01,104.02,6
Finam:DX,2023-08-28T17:58:00+03:00,104.01,104.01,104.01,104.01,8
Finam:DX,2023-08-28T17:59:00+03:00,104.03,104.03,104.03,104.03,3
Finam:DX,2023-08-28T18:00:00+03:00,104.03,104.04,104.03,104.04,3
Finam:DX,2023-08-28T18:01:00+03:00,104.06,104.07,104.05,104.07,9
Finam:DX,2023-08-28T18:02:00+03:00,104.07,104.07,104.06,104.06,4
Finam:DX,2023-08-28T18:03:00+03:00,104.06,104.08,104.06,104.07,11
Finam:DX,2023-08-28T18:04:00+03:00,104.06,104.06,104.05,104.06,8
Finam:DX,2023-08-28T18:05:00+03:00,104.07,104.08,104.07,104.08,8
Finam:DX,2023-08-28T18:06:00+03:00,104.07,104.08,104.07,104.08,114
Finam:DX,2023-08-28T18:07:00+03:00,104.08,104.08,104.07,104.08,18
Finam:DX,2023-08-28T18:08:00+03:00,104.08,104.08,104.06,104.07,9
Finam:DX,2023-08-28T18:09:00+03:00,104.07,104.07,104.07,104.07,8
Finam:DX,2023-08-28T18:10:00+03:00,104.06,104.06,104.06,104.06,11
Finam:DX,2023-08-28T18:11:00+03:00,104.06,104.08,104.06,104.07,20
Finam:DX,2023-08-28T18:12:00+03:00,104.07,104.07,104.06,104.06,8
Finam:DX,2023-08-28T18:13:00+03:00,104.06,104.06,104.05,104.05,36
Finam:DX,2023-08-28T18:14:00+03:00,104.04,104.05,104.04,104.05,47
Finam:DX,2023-08-28T18:15:00+03:00,104.05,104.07,104.05,104.07,57
Finam:DX,2023-08-28T18:16:00+03:00,104.06,104.08,104.05,104.08,13
Finam:DX,2023-08-28T18:17:00+03:00,104.08,104.08,104.07,104.07,3
Finam:DX,2023-08-28T18:18:00+03:00,104.07,104.07,104.07,104.07,2
Finam:DX,2023-08-28T18:19:00+03:00,104.07,104.07,104.06,104.07,72
Finam:DX,2023-08-28T18:20:00+03:00,104.07,104.08,104.07,104.07,9
Finam:DX,2023-08-28T18:21:00+03:00,104.07,104.07,104.07,104.07,1
Finam:DX,2023-08-28T18:22:00+03:00,104.07,104.07,104.07,104.07,4
Finam:DX,2023-08-28T18:23:00+03:00,104.08,104.09,104.08,104.08,12
Finam:DX,2023-08-28T18:24:00+03:00,104.08,104.08,104.07,104.07,8
Finam:DX,2023-08-28T18:25:00+03:00,104.07,104.07,104.06,104.06,10
Finam:DX,2023-08-28T18:26:00+03:00,104.06,104.06,104.05,104.05,12
Finam:DX,2023-08-28T18:27:00+03:00,104.06,104.06,104.06,104.06,1
Finam:DX,2023-08-28T18:28:00+03:00,104.06,104.06,104.06,104.06,2
Finam:DX,2023-08-28T18:30:00+03:00,104.06,104.06,104.05,104.05,12
Finam:DX,2023-08-28T18:31:00+03:00,104.06,104.06,104.05,104.05,6
Finam:DX,2023-08-28T18:32:00+03:00,104.06,104.07,104.06,104.06,6
Finam:DX,2023-08-28T18:33:00+03:00,104.06,104.06,104.06,104.06,3
Finam:DX,2023-08-28T18:34:00+03:00,104.07,104.07,104.07,104.07,2
Finam:DX,2023-08-28T18:35:00+03:00,104.08,104.08,104.06,104.06,7
Finam:DX,2023-08-28T18:36:00+03:00,104.05,104.06,104.05,104.06,6
Finam:DX,2023-08-28T18:37:00+03:00,104.06,104.06,104.06,104.06,1
Finam:DX,2023-08-28T18:38:00+03:00,104.05,104.05,104.05,104.05,5
Finam:DX,2023-08-28T18:39:00+03:00,104.06,104.06,104.06,104.06,1
Finam:DX,2023-08-28T18:40:00+03:00,104.05,104.05,104.04,104.05,16
Finam:DX,2023-08-28T18:41:00+03:00,104.05,104.05,104.04,104.04,4
Finam:DX,2023-08-28T18:42:00+03:00,104.05,104.05,104.03,104.03,22
Finam:DX,2023-08-28T18:43:00+03:00,104.03,104.04,104.03,104.04,6
Finam:DX,2023-08-28T18:44:00+03:00,104.03,104.03,104.03,104.03,1
Finam:DX,2023-08-28T18:45:00+03:00,104.03,104.03,104.02,104.02,3
Finam:DX,2023-08-28T18:46:00+03:00,104.02,104.02,104.01,104.02,12
Finam:DX,2023-08-28T18:47:00+03:00,104.02,104.02,104.01,104.01,8
Finam:DX,2023-08-28T18:48:00+03:00,104.01,104.01,104.00,104.00,34
Finam:DX,2023-08-28T18:49:00+03:00,104.01,104.02,104.00,104.02,15
Finam:DX,2023-08-28T18:50:00+03:00,104.02,104.02,104.01,104.01,44
Finam:DX,2023-08-28T18:51:00+03:00,104.01,104.02,104.01,104.02,21
Finam:DX,2023-08-28T18:52:00+03:00,104.02,104.03,104.02,104.03,13
Finam:DX,2023-08-28T18:53:00+03:00,104.03,104.03,104.03,104.03,6
Finam:DX,2023-08-28T18:54:00+03:00,104.03,104.03,104.03,104.03,6
Finam:DX,2023-08-28T18:55:00+03:00,104.02,104.02,104.02,104.02,9
Finam:DX,2023-08-28T18:56:00+03:00,104.01,104.02,104.01,104.02,10
Finam:DX,2023-08-28T18:57:00+03:00,104.02,104.02,104.01,104.01,7
Finam:DX,2023-08-28T18:58:00+03:00,104.02,104.02,104.01,104.01,5
Finam:DX,2023-08-28T18:59:00+03:00,104.01,104.01,104.00,104.00,8
Finam:DX,2023-08-28T19:01:00+03:00,104.02,104.03,104.02,104.03,7
Finam:DX,2023-08-28T19:02:00+03:00,104.04,104.04,104.02,104.02,14
Finam:DX,2023-08-28T19:03:00+03:00,104.02,104.03,104.02,104.03,3
Finam:DX,2023-08-28T19:05:00+03:00,104.03,104.03,104.02,104.02,3
Finam:DX,2023-08-28T19:06:00+03:00,104.01,104.02,104.01,104.02,3
Finam:DX,2023-08-28T19:07:00+03:00,104.02,104.02,104.02,104.02,2
Finam:DX,2023-08-28T19:08:00+03:00,104.01,104.02,104.00,104.00,5
Finam:DX,2023-08-28T19:09:00+03:00,104.01,104.01,104.01,104.01,2
Finam:DX,2023-08-28T19:10:00+03:00,104.01,104.01,104.01,104.01,2
Finam:DX,2023-08-28T19:11:00+03:00,104.01,104.01,104.01,104.01,1
Finam:DX,2023-08-28T19:13:00+03:00,104.02,104.02,104.02,104.02,5
Finam:DX,2023-08-28T19:14:00+03:00,104.01,104.01,104.01,104.01,3
Finam:DX,2023-08-28T19:15:00+03:00,104.00,104.00,104.00,104.00,3
Finam:DX,2023-08-28T19:16:00+03:00,104.00,104.00,104.00,104.00,4
Finam:DX,2023-08-28T19:17:00+03:00,104.00,104.00,104.00,104.00,2
Finam:DX,2023-08-28T19:20:00+03:00,104.02,104.02,104.01,104.01,4
Finam:DX,2023-08-28T19:22:00+03:00,104.01,104.01,104.01,104.01,1
Finam:DX,2023-08-28T19:23:00+03:00,104.00,104.00,104.00,104.00,4
Finam:DX,2023-08-28T19:24:00+03:00,104.01,104.01,104.00,104.01,5
Finam:DX,2023-08-28T19:25:00+03:00,104.01,104.01,104.01,104.01,12
Finam:DX,2023-08-28T19:26:00+03:00,104.01,104.02,104.01,104.02,7
Finam:DX,2023-08-28T19:27:00+03:00,104.02,104.03,104.02,104.03,3
Finam:DX,2023-08-28T19:30:00+03:00,104.04,104.04,104.04,104.04,1
Finam:DX,2023-08-28T19:31:00+03:00,104.03,104.04,104.03,104.04,4
Finam:DX,2023-08-28T19:32:00+03:00,104.03,104.03,104.03,104.03,4
Finam:DX,2023-08-28T19:33:00+03:00,104.03,104.03,104.03,104.03,3
Finam:DX,2023-08-28T19:34:00+03:00,104.03,104.03,104.03,104.03,1
Finam:DX,2023-08-28T19:35:00+03:00,104.04,104.04,104.04,104.04,1
Finam:DX,2023-08-28T19:36:00+03:00,104.03,104.03,104.02,104.02,4
Finam:DX,2023-08-28T19:37:00+03:00,104.03,104.03,104.03,104.03,1
Finam:DX,2023-08-28T19:38:00+03:00,104.02,104.02,104.02,104.02,5
Finam:DX,2023-08-28T19:40:00+03:00,104.02,104.02,104.02,104.02,1
Finam:DX,2023-08-28T19:43:00+03:00,104.03,104.03,104.03,104.03,1
Finam:DX,2023-08-28T19:45:00+03:00,104.03,104.03,104.03,104.03,3
Finam:DX,2023-08-28T19:46:00+03:00,104.02,104.02,104.01,104.01,5
Finam:DX,2023-08-28T19:47:00+03:00,104.01,104.01,104.01,104.01,5
Finam:DX,2023-08-28T19:48:00+03:00,104.01,104.01,104.01,104.01,10
Finam:DX,2023-08-28T19:49:00+03:00,104.01,104.01,104.00,104.00,6
Finam:DX,2023-08-28T19:52:00+03:00,104.01,104.01,104.00,104.00,17
Finam:DX,2023-08-28T19:53:00+03:00,104.00,104.01,104.00,104.00,11
Finam:DX,2023-08-28T19:54:00+03:00,103.99,103.99,103.99,103.99,20
Finam:DX,2023-08-28T19:55:00+03:00,103.99,103.99,103.98,103.98,22
Finam:DX,2023-08-28T19:56:00+03:00,103.98,103.98,103.98,103.98,12
Finam:DX,2023-08-28T19:57:00+03:00,103.98,103.98,103.97,103.97,6
Finam:DX,2023-08-28T19:58:00+03:00,103.98,103.98,103.98,103.98,2
Finam:DX,2023-08-28T19:59:00+03:00,103.98,103.98,103.98,103.98,9
Finam:DX,2023-08-28T20:01:00+03:00,103.97,103.97,103.96,103.96,20
Finam:DX,2023-08-28T20:02:00+03:00,103.97,103.97,103.96,103.97,8
Finam:DX,2023-08-28T20:04:00+03:00,103.98,103.98,103.98,103.98,5
Finam:DX,2023-08-28T20:05:00+03:00,103.99,104.00,103.99,104.00,8
Finam:DX,2023-08-28T20:07:00+03:00,104.00,104.00,104.00,104.00,4
Finam:DX,2023-08-28T20:08:00+03:00,104.00,104.02,104.00,104.02,6
Finam:DX,2023-08-28T20:09:00+03:00,104.01,104.02,104.01,104.01,18
Finam:DX,2023-08-28T20:10:00+03:00,104.01,104.01,104.01,104.01,4
Finam:DX,2023-08-28T20:11:00+03:00,104.01,104.01,104.00,104.01,33
Finam:DX,2023-08-28T20:12:00+03:00,104.02,104.02,104.02,104.02,1
Finam:DX,2023-08-28T20:13:00+03:00,104.00,104.01,104.00,104.01,9
Finam:DX,2023-08-28T20:14:00+03:00,104.01,104.01,104.00,104.01,6
Finam:DX,2023-08-28T20:15:00+03:00,104.01,104.01,104.00,104.00,55
Finam:DX,2023-08-28T20:16:00+03:00,104.00,104.01,104.00,104.01,6
Finam:DX,2023-08-28T20:17:00+03:00,104.02,104.03,104.02,104.03,6
Finam:DX,2023-08-28T20:18:00+03:00,104.03,104.03,104.03,104.03,4
Finam:DX,2023-08-28T20:19:00+03:00,104.03,104.03,104.02,104.02,16
Finam:DX,2023-08-28T20:20:00+03:00,104.02,104.02,104.02,104.02,1
Finam:DX,2023-08-28T20:21:00+03:00,104.02,104.02,104.02,104.02,4
Finam:DX,2023-08-28T20:22:00+03:00,104.02,104.03,104.02,104.03,6
Finam:DX,2023-08-28T20:24:00+03:00,104.03,104.03,104.02,104.03,4
Finam:DX,2023-08-28T20:25:00+03:00,104.03,104.04,104.03,104.04,8
Finam:DX,2023-08-28T20:26:00+03:00,104.04,104.04,104.04,104.04,4
Finam:DX,2023-08-28T20:27:00+03:00,104.03,104.03,104.03,104.03,3
Finam:DX,2023-08-28T20:28:00+03:00,104.05,104.05,104.05,104.05,2
Finam:DX,2023-08-28T20:29:00+03:00,104.05,104.05,104.05,104.05,15
Finam:DX,2023-08-28T20:31:00+03:00,104.03,104.03,104.03,104.03,3
Finam:DX,2023-08-28T20:32:00+03:00,104.03,104.03,104.02,104.02,4
Finam:DX,2023-08-28T20:33:00+03:00,104.03,104.03,104.02,104.02,3
Finam:DX,2023-08-28T20:34:00+03:00,104.01,104.01,104.01,104.01,5
Finam:DX,2023-08-28T20:37:00+03:00,104.01,104.01,104.01,104.01,2
Finam:DX,2023-08-28T20:38:00+03:00,104.01,104.01,104.00,104.00,5
Finam:DX,2023-08-28T20:39:00+03:00,104.00,104.00,104.00,104.00,50
Finam:DX,2023-08-28T20:40:00+03:00,103.99,103.99,103.99,103.99,1
Finam:DX,2023-08-28T20:41:00+03:00,103.99,103.99,103.99,103.99,9
Finam:DX,2023-08-28T20:42:00+03:00,103.99,103.99,103.99,103.99,6
Finam:DX,2023-08-28T20:43:00+03:00,103.99,103.99,103.98,103.99,26
Finam:DX,2023-08-28T20:44:00+03:00,103.99,103.99,103.99,103.99,11
Finam:DX,2023-08-28T20:45:00+03:00,103.99,103.99,103.99,103.99,2
Finam:DX,2023-08-28T20:46:00+03:00,104.00,104.01,104.00,104.00,8
Finam:DX,2023-08-28T20:47:00+03:00,104.01,104.01,104.01,104.01,2
Finam:DX,2023-08-28T20:48:00+03:00,104.00,104.00,104.00,104.00,2
Finam:DX,2023-08-28T20:49:00+03:00,104.01,104.01,104.01,104.01,2
Finam:DX,2023-08-28T20:50:00+03:00,104.01,104.01,104.01,104.01,3
Finam:DX,2023-08-28T20:51:00+03:00,104.01,104.01,104.01,104.01,1
Finam:DX,2023-08-28T20:52:00+03:00,104.01,104.01,104.01,104.01,1
Finam:DX,2023-08-28T20:53:00+03:00,104.00,104.00,104.00,104.00,2
Finam:DX,2023-08-28T20:54:00+03:00,104.00,104.00,104.00,104.00,6
Finam:DX,2023-08-28T20:55:00+03:00,104.00,104.00,104.00,104.00,5
Finam:DX,2023-08-28T20:56:00+03:00,104.00,104.00,104.00,104.00,3
Finam:DX,2023-08-28T20:57:00+03:00,104.00,104.00,104.00,104.00,1
Finam:DX,2023-08-28T20:58:00+03:00,104.01,104.01,104.01,104.01,12
Finam:DX,2023-08-28T20:59:00+03:00,104.00,104.02,104.00,104.02,13
Finam:DX,2023-08-28T21:00:00+03:00,104.02,104.02,104.02,104.02,1
Finam:DX,2023-08-28T21:01:00+03:00,104.01,104.01,103.99,103.99,24
Finam:DX,2023-08-28T21:02:00+03:00,104.00,104.00,104.00,104.00,1
Finam:DX,2023-08-28T21:03:00+03:00,104.00,104.00,104.00,104.00,2
Finam:DX,2023-08-28T21:04:00+03:00,104.01,104.02,104.01,104.02,14
Finam:DX,2023-08-28T21:05:00+03:00,104.02,104.02,104.01,104.02,28
Finam:DX,2023-08-28T21:06:00+03:00,104.02,104.02,104.02,104.02,2
Finam:DX,2023-08-28T21:07:00+03:00,104.03,104.04,104.02,104.04,10
Finam:DX,2023-08-28T21:08:00+03:00,104.04,104.04,104.02,104.03,19
Finam:DX,2023-08-28T21:09:00+03:00,104.02,104.02,104.02,104.02,2
Finam:DX,2023-08-28T21:11:00+03:00,104.03,104.03,104.03,104.03,4
Finam:DX,2023-08-28T21:12:00+03:00,104.02,104.02,104.02,104.02,11
Finam:DX,2023-08-28T21:13:00+03:00,104.02,104.02,104.02,104.02,2
Finam:DX,2023-08-28T21:14:00+03:00,104.02,104.02,104.02,104.02,8
Finam:DX,2023-08-28T21:15:00+03:00,104.02,104.02,104.02,104.02,6
Finam:DX,2023-08-28T21:16:00+03:00,104.02,104.03,104.02,104.03,2
Finam:DX,2023-08-28T21:17:00+03:00,104.03,104.03,104.03,104.03,2
Finam:DX,2023-08-28T21:18:00+03:00,104.03,104.03,104.03,104.03,5
Finam:DX,2023-08-28T21:19:00+03:00,104.04,104.04,104.03,104.03,2
Finam:DX,2023-08-28T21:20:00+03:00,104.03,104.03,104.03,104.03,4
Finam:DX,2023-08-28T21:21:00+03:00,104.03,104.03,104.02,104.02,11
Finam:DX,2023-08-28T21:23:00+03:00,104.04,104.04,104.04,104.04,2
Finam:DX,2023-08-28T21:25:00+03:00,104.03,104.03,104.03,104.03,9
Finam:DX,2023-08-28T21:26:00+03:00,104.04,104.04,104.03,104.03,5
Finam:DX,2023-08-28T21:27:00+03:00,104.03,104.03,104.03,104.03,2
Finam:DX,2023-08-28T21:28:00+03:00,104.03,104.03,104.03,104.03,2
Finam:DX,2023-08-28T21:29:00+03:00,104.02,104.03,104.02,104.03,3
Finam:DX,2023-08-28T21:30:00+03:00,104.02,104.02,104.02,104.02,2
Finam:DX,2023-08-28T21:31:00+03:00,104.02,104.02,104.02,104.02,1
Finam:DX,2023-08-28T21:32:00+03:00,104.01,104.01,104.01,104.01,1
Finam:DX,2023-08-28T21:34:00+03:00,104.01,104.01,104.01,104.01,2
Finam:DX,2023-08-28T21:35:00+03:00,104.02,104.02,104.02,104.02,1
Finam:DX,2023-08-28T21:36:00+03:00,104.02,104.02,104.02,104.02,1
Finam:DX,2023-08-28T21:37:00+03:00,104.03,104.03,104.03,104.03,4
Finam:DX,2023-08-28T21:38:00+03:00,104.02,104.03,104.02,104.03,4
Finam:DX,2023-08-28T21:39:00+03:00,104.03,104.03,104.03,104.03,1
Finam:DX,2023-08-28T21:40:00+03:00,104.03,104.03,104.03,104.03,9
Finam:DX,2023-08-28T21:41:00+03:00,104.03,104.03,104.03,104.03,11
Finam:DX,2023-08-28T21:42:00+03:00,104.04,104.04,104.03,104.03,5
Finam:DX,2023-08-28T21:44:00+03:00,104.03,104.03,104.03,104.03,1
Finam:DX,2023-08-28T21:45:00+03:00,104.03,104.03,104.03,104.03,3
Finam:DX,2023-08-28T21:46:00+03:00,104.02,104.02,104.02,104.02,3
Finam:DX,2023-08-28T21:47:00+03:00,104.02,104.02,104.01,104.01,6
Finam:DX,2023-08-28T21:48:00+03:00,104.01,104.03,104.01,104.02,32
Finam:DX,2023-08-28T21:50:00+03:00,104.02,104.02,104.01,104.01,6
Finam:DX,2023-08-28T21:51:00+03:00,104.02,104.02,104.02,104.02,2
Finam:DX,2023-08-28T21:52:00+03:00,104.01,104.02,104.01,104.02,13
Finam:DX,2023-08-28T21:53:00+03:00,104.03,104.03,104.02,104.03,6
Finam:DX,2023-08-28T21:54:00+03:00,104.03,104.03,104.03,104.03,2
Finam:DX,2023-08-28T21:55:00+03:00,104.02,104.02,104.02,104.02,7
Finam:DX,2023-08-28T21:56:00+03:00,104.02,104.02,104.02,104.02,5
Finam:DX,2023-08-28T21:59:00+03:00,104.02,104.02,104.02,104.02,3
Finam:DX,2023-08-28T22:00:00+03:00,104.01,104.01,104.01,104.01,3
Finam:DX,2023-08-28T22:01:00+03:00,104.00,104.01,104.00,104.01,3
Finam:DX,2023-08-28T22:02:00+03:00,104.01,104.01,104.01,104.01,2
Finam:DX,2023-08-28T22:03:00+03:00,104.01,104.01,104.01,104.01,12
Finam:DX,2023-08-28T22:04:00+03:00,104.01,104.01,104.01,104.01,2
Finam:DX,2023-08-28T22:05:00+03:00,104.00,104.00,104.00,104.00,3
Finam:DX,2023-08-28T22:06:00+03:00,104.00,104.00,103.99,104.00,21
Finam:DX,2023-08-28T22:07:00+03:00,104.01,104.01,104.01,104.01,12
Finam:DX,2023-08-28T22:08:00+03:00,104.00,104.00,103.99,103.99,13
Finam:DX,2023-08-28T22:09:00+03:00,103.99,104.00,103.99,103.99,133
Finam:DX,2023-08-28T22:10:00+03:00,104.00,104.00,103.99,103.99,3
Finam:DX,2023-08-28T22:11:00+03:00,104.00,104.00,104.00,104.00,1
Finam:DX,2023-08-28T22:12:00+03:00,104.01,104.01,104.00,104.00,15
Finam:DX,2023-08-28T22:13:00+03:00,104.00,104.00,104.00,104.00,12
Finam:DX,2023-08-28T22:14:00+03:00,104.00,104.00,104.00,104.00,7
Finam:DX,2023-08-28T22:15:00+03:00,104.01,104.01,104.00,104.00,11
Finam:DX,2023-08-28T22:16:00+03:00,104.00,104.01,104.00,104.00,11
Finam:DX,2023-08-28T22:17:00+03:00,104.00,104.00,104.00,104.00,4
Finam:DX,2023-08-28T22:18:00+03:00,104.00,104.00,104.00,104.00,5
Finam:DX,2023-08-28T22:19:00+03:00,103.99,103.99,103.97,103.98,25
Finam:DX,2023-08-28T22:20:00+03:00,103.98,103.98,103.98,103.98,2
Finam:DX,2023-08-28T22:21:00+03:00,103.98,103.99,103.98,103.99,8
Finam:DX,2023-08-28T22:22:00+03:00,103.99,103.99,103.99,103.99,5
Finam:DX,2023-08-28T22:23:00+03:00,103.99,103.99,103.99,103.99,4
Finam:DX,2023-08-28T22:24:00+03:00,103.99,104.00,103.99,104.00,19
Finam:DX,2023-08-28T22:25:00+03:00,104.00,104.00,104.00,104.00,4
Finam:DX,2023-08-28T22:28:00+03:00,103.99,104.00,103.99,103.99,5
Finam:DX,2023-08-28T22:29:00+03:00,103.99,103.99,103.99,103.99,2
Finam:DX,2023-08-28T22:31:00+03:00,104.00,104.00,103.99,103.99,12
Finam:DX,2023-08-28T22:35:00+03:00,103.99,103.99,103.98,103.98,15
Finam:DX,2023-08-28T22:36:00+03:00,103.98,103.98,103.98,103.98,9
Finam:DX,2023-08-28T22:37:00+03:00,103.98,103.98,103.97,103.97,9
Finam:DX,2023-08-28T22:38:00+03:00,103.97,103.97,103.97,103.97,6
Finam:DX,2023-08-28T22:39:00+03:00,103.97,103.97,103.97,103.97,7
Finam:DX,2023-08-28T22:40:00+03:00,103.97,103.97,103.96,103.97,7
Finam:DX,2023-08-28T22:41:00+03:00,103.97,103.97,103.97,103.97,2
Finam:DX,2023-08-28T22:42:00+03:00,103.97,103.97,103.96,103.96,5
Finam:DX,2023-08-28T22:43:00+03:00,103.97,103.97,103.97,103.97,2
Finam:DX,2023-08-28T22:44:00+03:00,103.96,103.96,103.96,103.96,4
Finam:DX,2023-08-28T22:45:00+03:00,103.96,103.96,103.96,103.96,11
Finam:DX,2023-08-28T22:46:00+03:00,103.96,103.96,103.96,103.96,3
Finam:DX,2023-08-28T22:47:00+03:00,103.96,103.96,103.96,103.96,11
Finam:DX,2023-08-28T22:48:00+03:00,103.96,103.96,103.96,103.96,2
Finam:DX,2023-08-28T22:49:00+03:00,103.96,103.96,103.96,103.96,5
Finam:DX,2023-08-28T22:50:00+03:00,103.96,103.96,103.96,103.96,3
Finam:DX,2023-08-28T22:51:00+03:00,103.96,103.96,103.95,103.95,21
Finam:DX,2023-08-28T22:52:00+03:00,103.95,103.96,103.95,103.96,7
Finam:DX,2023-08-28T22:53:00+03:00,103.96,103.96,103.95,103.95,3
Finam:DX,2023-08-28T22:54:00+03:00,103.96,103.96,103.95,103.95,11
Finam:DX,2023-08-28T22:55:00+03:00,103.95,103.95,103.95,103.95,12
Finam:DX,2023-08-28T22:56:00+03:00,103.95,103.95,103.94,103.94,57
Finam:DX,2023-08-28T22:57:00+03:00,103.94,103.94,103.93,103.93,46
Finam:DX,2023-08-28T22:58:00+03:00,103.93,103.93,103.93,103.93,14
Finam:DX,2023-08-28T22:59:00+03:00,103.94,103.94,103.94,103.94,13
Finam:DX,2023-08-28T23:00:00+03:00,103.94,103.94,103.93,103.93,2
Finam:DX,2023-08-28T23:01:00+03:00,103.95,103.95,103.94,103.94,8
Finam:DX,2023-08-28T23:04:00+03:00,103.95,103.95,103.95,103.95,4
Finam:DX,2023-08-28T23:05:00+03:00,103.95,103.95,103.95,103.95,7
Finam:DX,2023-08-28T23:06:00+03:00,103.94,103.95,103.94,103.95,3
Finam:DX,2023-08-28T23:07:00+03:00,103.94,103.94,103.94,103.94,4
Finam:DX,2023-08-28T23:08:00+03:00,103.95,103.95,103.95,103.95,3
Finam:DX,2023-08-28T23:09:00+03:00,103.95,103.95,103.94,103.94,225
Finam:DX,2023-08-28T23:10:00+03:00,103.94,103.94,103.94,103.94,1
Finam:DX,2023-08-28T23:11:00+03:00,103.95,103.95,103.95,103.95,2
Finam:DX,2023-08-28T23:12:00+03:00,103.96,103.96,103.96,103.96,3
Finam:DX,2023-08-28T23:13:00+03:00,103.96,103.96,103.96,103.96,6
Finam:DX,2023-08-28T23:18:00+03:00,103.95,103.96,103.95,103.95,19
Finam:DX,2023-08-28T23:19:00+03:00,103.95,103.95,103.95,103.95,2
Finam:DX,2023-08-28T23:22:00+03:00,103.96,103.96,103.96,103.96,1
Finam:DX,2023-08-28T23:23:00+03:00,103.96,103.96,103.96,103.96,6
Finam:DX,2023-08-28T23:24:00+03:00,103.96,103.96,103.96,103.96,9
Finam:DX,2023-08-28T23:25:00+03:00,103.96,103.96,103.96,103.96,1
Finam:DX,2023-08-28T23:28:00+03:00,103.96,103.96,103.96,103.96,1
Finam:DX,2023-08-28T23:31:00+03:00,103.96,103.96,103.96,103.96,1
Finam:DX,2023-08-28T23:34:00+03:00,103.96,103.96,103.96,103.96,4
Finam:DX,2023-08-28T23:36:00+03:00,103.95,103.95,103.95,103.95,2
Finam:DX,2023-08-28T23:41:00+03:00,103.95,103.95,103.95,103.95,2
Finam:DX,2023-08-28T23:44:00+03:00,103.96,103.96,103.96,103.96,12
Finam:DX,2023-08-28T23:49:00+03:00,103.96,103.96,103.96,103.96,4
Finam:DX,2023-08-28T23:51:00+03:00,103.96,103.96,103.96,103.96,6
Finam:DX,2023-08-28T23:53:00+03:00,103.97,103.97,103.97,103.97,10
Finam:DX,2023-08-28T23:55:00+03:00,103.96,103.96,103.96,103.96,2
Finam:DX,2023-08-28T23:56:00+03:00,103.96,103.96,103.96,103.96,2
Finam:DX,2023-08-28T23:59:00+03:00,103.96,103.96,103.96,103.96,4
