MOEX:LKOH,2022-11-22T10:00:00+03:00,4607.5,4612.5,4590.0,4592.5,4219
MOEX:LKOH,2022-11-22T10:01:00+03:00,4592.5,4599.5,4590.5,4596.0,837
MOEX:LKOH,2022-11-22T10:02:00+03:00,4596.5,4599.5,4596.0,4597.0,1155
MOEX:LKOH,2022-11-22T10:03:00+03:00,4597.0,4606.0,4595.5,4606.0,1139
MOEX:LKOH,2022-11-22T10:04:00+03:00,4606.5,4614.0,4606.0,4609.5,2484
MOEX:LKOH,2022-11-22T10:05:00+03:00,4612.0,4612.0,4607.0,4608.0,1525
MOEX:LKOH,2022-11-22T10:06:00+03:00,4607.5,4608.0,4602.5,4608.0,528
MOEX:LKOH,2022-11-22T10:07:00+03:00,4608.0,4610.0,4607.5,4610.0,2283
MOEX:LKOH,2022-11-22T10:08:00+03:00,4610.0,4611.5,4610.0,4611.5,680
MOEX:LKOH,2022-11-22T10:09:00+03:00,4611.5,4612.0,4609.5,4609.5,1649
MOEX:LKOH,2022-11-22T10:10:00+03:00,4609.5,4612.0,4607.5,4610.0,3655
MOEX:LKOH,2022-11-22T10:11:00+03:00,4610.0,4610.0,4609.0,4609.0,1164
MOEX:LKOH,2022-11-22T10:12:00+03:00,4609.0,4609.0,4608.5,4608.5,90
MOEX:LKOH,2022-11-22T10:13:00+03:00,4608.5,4609.0,4605.0,4607.5,687
MOEX:LKOH,2022-11-22T10:14:00+03:00,4606.0,4608.0,4606.0,4606.0,122
MOEX:LKOH,2022-11-22T10:15:00+03:00,4607.5,4607.5,4601.5,4601.5,1673
MOEX:LKOH,2022-11-22T10:16:00+03:00,4601.0,4604.0,4595.5,4604.0,1095
MOEX:LKOH,2022-11-22T10:17:00+03:00,4604.5,4605.5,4600.5,4602.5,483
MOEX:LKOH,2022-11-22T10:18:00+03:00,4600.5,4601.5,4595.0,4595.5,882
MOEX:LKOH,2022-11-22T10:19:00+03:00,4595.5,4597.0,4594.5,4597.0,348
MOEX:LKOH,2022-11-22T10:20:00+03:00,4597.0,4597.0,4581.0,4581.5,3739
MOEX:LKOH,2022-11-22T10:21:00+03:00,4582.5,4588.0,4581.0,4586.0,1563
MOEX:LKOH,2022-11-22T10:22:00+03:00,4586.0,4587.0,4585.5,4587.0,201
MOEX:LKOH,2022-11-22T10:23:00+03:00,4587.0,4588.0,4586.0,4587.0,349
MOEX:LKOH,2022-11-22T10:24:00+03:00,4588.0,4589.0,4586.5,4587.0,188
MOEX:LKOH,2022-11-22T10:25:00+03:00,4587.0,4593.5,4586.5,4593.5,198
MOEX:LKOH,2022-11-22T10:26:00+03:00,4593.5,4598.0,4593.5,4597.0,332
MOEX:LKOH,2022-11-22T10:27:00+03:00,4596.5,4596.5,4589.5,4591.0,201
MOEX:LKOH,2022-11-22T10:28:00+03:00,4591.0,4593.5,4589.5,4591.0,224
MOEX:LKOH,2022-11-22T10:29:00+03:00,4592.5,4593.0,4590.5,4591.5,101
MOEX:LKOH,2022-11-22T10:30:00+03:00,4591.5,4591.5,4588.5,4589.0,459
MOEX:LKOH,2022-11-22T10:31:00+03:00,4589.0,4589.0,4585.0,4585.0,636
MOEX:LKOH,2022-11-22T10:32:00+03:00,4585.5,4585.5,4585.0,4585.0,109
MOEX:LKOH,2022-11-22T10:33:00+03:00,4585.0,4586.0,4584.0,4585.5,430
MOEX:LKOH,2022-11-22T10:34:00+03:00,4585.5,4589.0,4584.0,4589.0,264
MOEX:LKOH,2022-11-22T10:35:00+03:00,4588.0,4594.0,4588.0,4594.0,284
MOEX:LKOH,2022-11-22T10:36:00+03:00,4595.0,4595.5,4590.0,4590.0,243
MOEX:LKOH,2022-11-22T10:37:00+03:00,4590.5,4591.0,4590.0,4591.0,82
MOEX:LKOH,2022-11-22T10:38:00+03:00,4591.0,4591.0,4588.0,4588.0,168
MOEX:LKOH,2022-11-22T10:39:00+03:00,4588.0,4589.0,4586.0,4587.5,156
MOEX:LKOH,2022-11-22T10:40:00+03:00,4587.5,4593.0,4587.0,4593.0,96
MOEX:LKOH,2022-11-22T10:41:00+03:00,4591.5,4594.5,4591.5,4594.5,325
MOEX:LKOH,2022-11-22T10:42:00+03:00,4594.5,4595.0,4593.5,4594.5,135
MOEX:LKOH,2022-11-22T10:43:00+03:00,4594.5,4594.5,4592.5,4594.5,125
MOEX:LKOH,2022-11-22T10:44:00+03:00,4594.0,4594.5,4592.5,4594.0,149
MOEX:LKOH,2022-11-22T10:45:00+03:00,4594.0,4594.5,4592.0,4593.5,471
MOEX:LKOH,2022-11-22T10:46:00+03:00,4594.5,4598.5,4593.5,4598.5,319
MOEX:LKOH,2022-11-22T10:47:00+03:00,4599.0,4604.5,4599.0,4603.5,2159
MOEX:LKOH,2022-11-22T10:48:00+03:00,4603.5,4605.0,4600.5,4604.0,693
MOEX:LKOH,2022-11-22T10:49:00+03:00,4604.0,4604.0,4602.5,4604.0,198
MOEX:LKOH,2022-11-22T10:50:00+03:00,4604.0,4604.0,4602.5,4604.0,233
MOEX:LKOH,2022-11-22T10:51:00+03:00,4604.5,4604.5,4603.0,4603.0,157
MOEX:LKOH,2022-11-22T10:52:00+03:00,4603.0,4604.0,4603.0,4604.0,203
MOEX:LKOH,2022-11-22T10:53:00+03:00,4603.5,4604.0,4603.0,4604.0,417
MOEX:LKOH,2022-11-22T10:54:00+03:00,4603.0,4605.0,4603.0,4604.0,235
MOEX:LKOH,2022-11-22T10:55:00+03:00,4604.0,4609.5,4604.0,4609.5,2055
MOEX:LKOH,2022-11-22T10:56:00+03:00,4609.5,4612.0,4608.0,4609.5,2551
MOEX:LKOH,2022-11-22T10:57:00+03:00,4609.0,4612.0,4608.5,4609.5,1904
MOEX:LKOH,2022-11-22T10:58:00+03:00,4610.5,4610.5,4608.0,4609.0,361
MOEX:LKOH,2022-11-22T10:59:00+03:00,4608.5,4611.5,4608.0,4611.0,960
MOEX:LKOH,2022-11-22T11:00:00+03:00,4610.5,4611.5,4608.5,4610.0,360
MOEX:LKOH,2022-11-22T11:01:00+03:00,4609.5,4610.0,4608.0,4609.0,241
MOEX:LKOH,2022-11-22T11:02:00+03:00,4609.5,4610.0,4609.0,4610.0,136
MOEX:LKOH,2022-11-22T11:03:00+03:00,4610.5,4610.5,4608.0,4608.0,403
MOEX:LKOH,2022-11-22T11:04:00+03:00,4609.0,4609.0,4608.0,4608.0,36
MOEX:LKOH,2022-11-22T11:05:00+03:00,4608.0,4609.0,4608.0,4608.0,2156
MOEX:LKOH,2022-11-22T11:06:00+03:00,4607.5,4607.5,4604.0,4606.0,387
MOEX:LKOH,2022-11-22T11:07:00+03:00,4605.0,4608.0,4605.0,4608.0,381
MOEX:LKOH,2022-11-22T11:08:00+03:00,4607.5,4608.5,4606.5,4608.5,230
MOEX:LKOH,2022-11-22T11:09:00+03:00,4608.0,4609.0,4606.5,4609.0,1149
MOEX:LKOH,2022-11-22T11:10:00+03:00,4608.5,4609.0,4608.5,4608.5,524
MOEX:LKOH,2022-11-22T11:11:00+03:00,4609.0,4609.0,4608.5,4609.0,477
MOEX:LKOH,2022-11-22T11:12:00+03:00,4609.0,4609.0,4608.5,4609.0,235
MOEX:LKOH,2022-11-22T11:13:00+03:00,4609.0,4609.0,4608.5,4609.0,666
MOEX:LKOH,2022-11-22T11:14:00+03:00,4609.0,4610.0,4609.0,4610.0,849
MOEX:LKOH,2022-11-22T11:15:00+03:00,4609.5,4612.0,4609.0,4611.0,1437
MOEX:LKOH,2022-11-22T11:16:00+03:00,4611.5,4611.5,4610.0,4610.0,785
MOEX:LKOH,2022-11-22T11:17:00+03:00,4611.0,4612.0,4609.5,4611.5,418
MOEX:LKOH,2022-11-22T11:18:00+03:00,4612.0,4612.0,4609.5,4611.0,1189
MOEX:LKOH,2022-11-22T11:19:00+03:00,4611.0,4612.0,4610.5,4611.0,399
MOEX:LKOH,2022-11-22T11:20:00+03:00,4610.5,4611.0,4610.0,4611.0,369
MOEX:LKOH,2022-11-22T11:21:00+03:00,4611.0,4611.0,4610.0,4610.0,517
MOEX:LKOH,2022-11-22T11:22:00+03:00,4611.0,4612.0,4610.0,4612.0,56
MOEX:LKOH,2022-11-22T11:23:00+03:00,4612.0,4612.0,4611.0,4611.0,161
MOEX:LKOH,2022-11-22T11:24:00+03:00,4611.0,4612.5,4611.0,4612.5,2808
MOEX:LKOH,2022-11-22T11:25:00+03:00,4612.5,4615.0,4611.0,4615.0,1230
MOEX:LKOH,2022-11-22T11:26:00+03:00,4615.0,4616.0,4614.0,4616.0,732
MOEX:LKOH,2022-11-22T11:27:00+03:00,4614.5,4619.5,4614.5,4619.0,2594
MOEX:LKOH,2022-11-22T11:28:00+03:00,4619.5,4623.0,4619.0,4620.5,3660
MOEX:LKOH,2022-11-22T11:29:00+03:00,4622.0,4624.5,4620.0,4622.5,1391
MOEX:LKOH,2022-11-22T11:30:00+03:00,4623.0,4625.0,4623.0,4625.0,1623
MOEX:LKOH,2022-11-22T11:31:00+03:00,4625.0,4638.0,4624.0,4636.5,6442
MOEX:LKOH,2022-11-22T11:32:00+03:00,4635.5,4638.0,4630.0,4637.0,4395
MOEX:LKOH,2022-11-22T11:33:00+03:00,4637.5,4645.0,4637.0,4644.5,5448
MOEX:LKOH,2022-11-22T11:34:00+03:00,4643.5,4646.5,4641.0,4643.5,2910
MOEX:LKOH,2022-11-22T11:35:00+03:00,4642.0,4643.0,4632.0,4635.5,3780
MOEX:LKOH,2022-11-22T11:36:00+03:00,4637.0,4638.0,4635.0,4636.5,313
MOEX:LKOH,2022-11-22T11:37:00+03:00,4634.5,4635.5,4632.0,4632.0,536
MOEX:LKOH,2022-11-22T11:38:00+03:00,4633.0,4635.5,4631.5,4634.5,1020
MOEX:LKOH,2022-11-22T11:39:00+03:00,4633.0,4638.5,4633.0,4637.0,1142
MOEX:LKOH,2022-11-22T11:40:00+03:00,4638.5,4639.0,4633.0,4635.5,1252
MOEX:LKOH,2022-11-22T11:41:00+03:00,4637.0,4637.0,4633.0,4635.0,942
MOEX:LKOH,2022-11-22T11:42:00+03:00,4633.0,4633.5,4625.5,4628.0,1791
MOEX:LKOH,2022-11-22T11:43:00+03:00,4626.0,4628.5,4625.0,4625.5,582
MOEX:LKOH,2022-11-22T11:44:00+03:00,4625.5,4626.5,4625.0,4626.5,260
MOEX:LKOH,2022-11-22T11:45:00+03:00,4626.5,4626.5,4625.5,4626.0,61
MOEX:LKOH,2022-11-22T11:46:00+03:00,4625.5,4626.0,4623.5,4624.5,243
MOEX:LKOH,2022-11-22T11:47:00+03:00,4624.5,4625.0,4622.5,4624.0,146
MOEX:LKOH,2022-11-22T11:48:00+03:00,4623.5,4623.5,4621.5,4621.5,181
MOEX:LKOH,2022-11-22T11:49:00+03:00,4622.5,4624.0,4621.0,4622.0,633
MOEX:LKOH,2022-11-22T11:50:00+03:00,4623.5,4625.0,4623.5,4625.0,169
MOEX:LKOH,2022-11-22T11:51:00+03:00,4625.0,4626.5,4625.0,4626.0,1235
MOEX:LKOH,2022-11-22T11:52:00+03:00,4626.5,4626.5,4626.5,4626.5,295
MOEX:LKOH,2022-11-22T11:53:00+03:00,4626.5,4626.5,4623.0,4624.5,909
MOEX:LKOH,2022-11-22T11:54:00+03:00,4624.5,4624.5,4623.0,4623.0,22
MOEX:LKOH,2022-11-22T11:55:00+03:00,4623.5,4624.5,4622.5,4624.5,480
MOEX:LKOH,2022-11-22T11:56:00+03:00,4624.5,4626.5,4624.5,4626.5,1432
MOEX:LKOH,2022-11-22T11:57:00+03:00,4626.0,4626.5,4626.0,4626.5,147
MOEX:LKOH,2022-11-22T11:58:00+03:00,4626.0,4633.0,4626.0,4632.5,3478
MOEX:LKOH,2022-11-22T11:59:00+03:00,4632.5,4632.5,4631.0,4631.5,546
MOEX:LKOH,2022-11-22T12:00:00+03:00,4631.5,4632.5,4631.0,4631.5,768
MOEX:LKOH,2022-11-22T12:01:00+03:00,4631.0,4632.0,4631.0,4631.5,195
MOEX:LKOH,2022-11-22T12:02:00+03:00,4631.5,4632.0,4631.0,4631.5,340
MOEX:LKOH,2022-11-22T12:03:00+03:00,4631.5,4632.0,4585.5,4609.0,29300
MOEX:LKOH,2022-11-22T12:04:00+03:00,4609.0,4619.0,4609.0,4615.0,2209
MOEX:LKOH,2022-11-22T12:05:00+03:00,4615.0,4615.0,4608.0,4609.0,1004
MOEX:LKOH,2022-11-22T12:06:00+03:00,4609.0,4610.5,4607.0,4608.5,1640
MOEX:LKOH,2022-11-22T12:07:00+03:00,4608.0,4610.0,4608.0,4609.5,136
MOEX:LKOH,2022-11-22T12:08:00+03:00,4609.0,4610.0,4609.0,4609.5,241
MOEX:LKOH,2022-11-22T12:09:00+03:00,4609.5,4610.0,4609.0,4609.5,158
MOEX:LKOH,2022-11-22T12:10:00+03:00,4609.5,4613.5,4609.5,4611.5,617
MOEX:LKOH,2022-11-22T12:11:00+03:00,4612.5,4612.5,4609.5,4609.5,247
MOEX:LKOH,2022-11-22T12:12:00+03:00,4610.0,4612.0,4610.0,4610.5,83
MOEX:LKOH,2022-11-22T12:13:00+03:00,4611.0,4611.0,4609.0,4610.5,978
MOEX:LKOH,2022-11-22T12:14:00+03:00,4611.0,4613.0,4611.0,4613.0,77
MOEX:LKOH,2022-11-22T12:15:00+03:00,4613.5,4618.0,4613.5,4616.5,838
MOEX:LKOH,2022-11-22T12:16:00+03:00,4616.5,4619.0,4616.5,4616.5,816
MOEX:LKOH,2022-11-22T12:17:00+03:00,4618.0,4619.5,4616.5,4619.5,541
MOEX:LKOH,2022-11-22T12:18:00+03:00,4619.5,4619.5,4619.0,4619.5,227
MOEX:LKOH,2022-11-22T12:19:00+03:00,4619.0,4621.0,4619.0,4621.0,322
MOEX:LKOH,2022-11-22T12:20:00+03:00,4621.0,4622.0,4619.0,4622.0,313
MOEX:LKOH,2022-11-22T12:21:00+03:00,4623.0,4623.5,4622.0,4622.0,353
MOEX:LKOH,2022-11-22T12:22:00+03:00,4623.5,4623.5,4622.0,4623.0,45
MOEX:LKOH,2022-11-22T12:23:00+03:00,4623.0,4623.5,4622.0,4623.0,140
MOEX:LKOH,2022-11-22T12:24:00+03:00,4623.0,4623.5,4623.0,4623.5,35
MOEX:LKOH,2022-11-22T12:25:00+03:00,4623.5,4623.5,4623.0,4623.5,51
MOEX:LKOH,2022-11-22T12:26:00+03:00,4623.5,4623.5,4620.0,4623.0,717
MOEX:LKOH,2022-11-22T12:27:00+03:00,4623.0,4623.0,4621.0,4621.0,138
MOEX:LKOH,2022-11-22T12:28:00+03:00,4621.0,4622.0,4617.0,4617.0,581
MOEX:LKOH,2022-11-22T12:29:00+03:00,4618.5,4618.5,4617.0,4617.5,40
MOEX:LKOH,2022-11-22T12:30:00+03:00,4617.5,4617.5,4615.5,4615.5,47
MOEX:LKOH,2022-11-22T12:31:00+03:00,4615.5,4618.0,4615.5,4618.0,153
MOEX:LKOH,2022-11-22T12:32:00+03:00,4617.5,4618.0,4615.0,4615.0,241
MOEX:LKOH,2022-11-22T12:33:00+03:00,4617.0,4617.0,4615.5,4616.0,91
MOEX:LKOH,2022-11-22T12:34:00+03:00,4616.0,4616.0,4615.5,4616.0,336
MOEX:LKOH,2022-11-22T12:35:00+03:00,4616.0,4616.0,4615.5,4615.5,129
MOEX:LKOH,2022-11-22T12:36:00+03:00,4615.5,4617.0,4615.5,4617.0,48
MOEX:LKOH,2022-11-22T12:37:00+03:00,4616.5,4617.0,4616.5,4617.0,26
MOEX:LKOH,2022-11-22T12:38:00+03:00,4616.5,4617.0,4616.5,4616.5,13
MOEX:LKOH,2022-11-22T12:39:00+03:00,4617.0,4618.0,4617.0,4618.0,14
MOEX:LKOH,2022-11-22T12:40:00+03:00,4618.0,4621.5,4618.0,4621.5,222
MOEX:LKOH,2022-11-22T12:41:00+03:00,4622.0,4623.0,4620.0,4620.0,147
MOEX:LKOH,2022-11-22T12:42:00+03:00,4621.5,4622.0,4620.0,4620.0,61
MOEX:LKOH,2022-11-22T12:43:00+03:00,4620.0,4620.0,4618.5,4620.0,67
MOEX:LKOH,2022-11-22T12:44:00+03:00,4620.0,4620.5,4618.5,4620.5,125
MOEX:LKOH,2022-11-22T12:45:00+03:00,4620.0,4620.5,4620.0,4620.0,66
MOEX:LKOH,2022-11-22T12:46:00+03:00,4620.0,4620.5,4620.0,4620.0,64
MOEX:LKOH,2022-11-22T12:47:00+03:00,4619.5,4619.5,4619.5,4619.5,17
MOEX:LKOH,2022-11-22T12:48:00+03:00,4619.5,4620.5,4619.5,4620.5,128
MOEX:LKOH,2022-11-22T12:49:00+03:00,4621.5,4623.5,4621.5,4623.5,852
MOEX:LKOH,2022-11-22T12:50:00+03:00,4624.0,4627.5,4624.0,4627.5,571
MOEX:LKOH,2022-11-22T12:51:00+03:00,4628.0,4629.0,4627.5,4628.5,265
MOEX:LKOH,2022-11-22T12:52:00+03:00,4628.0,4629.5,4628.0,4629.5,114
MOEX:LKOH,2022-11-22T12:53:00+03:00,4629.0,4630.0,4629.0,4629.5,228
MOEX:LKOH,2022-11-22T12:54:00+03:00,4629.0,4629.5,4627.5,4629.0,500
MOEX:LKOH,2022-11-22T12:55:00+03:00,4629.0,4630.0,4628.0,4628.5,981
MOEX:LKOH,2022-11-22T12:56:00+03:00,4628.5,4632.0,4628.5,4630.0,812
MOEX:LKOH,2022-11-22T12:57:00+03:00,4629.0,4630.0,4627.5,4627.5,416
MOEX:LKOH,2022-11-22T12:58:00+03:00,4627.5,4627.5,4623.0,4623.0,321
MOEX:LKOH,2022-11-22T12:59:00+03:00,4625.0,4625.0,4623.0,4624.5,28
MOEX:LKOH,2022-11-22T13:00:00+03:00,4624.5,4625.0,4624.5,4625.0,47
MOEX:LKOH,2022-11-22T13:01:00+03:00,4625.0,4625.5,4623.5,4625.5,111
MOEX:LKOH,2022-11-22T13:02:00+03:00,4625.5,4627.0,4625.0,4626.5,125
MOEX:LKOH,2022-11-22T13:03:00+03:00,4628.0,4630.0,4628.0,4629.0,271
MOEX:LKOH,2022-11-22T13:04:00+03:00,4629.0,4630.0,4627.0,4630.0,310
MOEX:LKOH,2022-11-22T13:05:00+03:00,4629.0,4629.5,4628.0,4628.0,61
MOEX:LKOH,2022-11-22T13:06:00+03:00,4629.0,4630.0,4628.0,4629.5,142
MOEX:LKOH,2022-11-22T13:07:00+03:00,4629.5,4630.0,4629.5,4630.0,105
MOEX:LKOH,2022-11-22T13:08:00+03:00,4630.0,4632.0,4630.0,4632.0,553
MOEX:LKOH,2022-11-22T13:09:00+03:00,4632.0,4632.5,4631.5,4631.5,227
MOEX:LKOH,2022-11-22T13:10:00+03:00,4632.5,4634.0,4631.5,4633.0,811
MOEX:LKOH,2022-11-22T13:11:00+03:00,4632.0,4632.5,4630.5,4630.5,141
MOEX:LKOH,2022-11-22T13:12:00+03:00,4630.5,4631.5,4630.0,4630.0,450
MOEX:LKOH,2022-11-22T13:13:00+03:00,4631.0,4631.0,4630.0,4630.0,177
MOEX:LKOH,2022-11-22T13:14:00+03:00,4629.5,4630.0,4626.0,4626.0,99
MOEX:LKOH,2022-11-22T13:15:00+03:00,4627.0,4630.0,4627.0,4629.5,282
MOEX:LKOH,2022-11-22T13:16:00+03:00,4629.0,4629.0,4626.0,4626.0,316
MOEX:LKOH,2022-11-22T13:17:00+03:00,4626.0,4626.0,4624.5,4624.5,167
MOEX:LKOH,2022-11-22T13:18:00+03:00,4624.5,4624.5,4624.0,4624.5,229
MOEX:LKOH,2022-11-22T13:19:00+03:00,4624.5,4624.5,4622.0,4622.0,241
MOEX:LKOH,2022-11-22T13:20:00+03:00,4621.0,4622.5,4620.5,4622.0,142
MOEX:LKOH,2022-11-22T13:21:00+03:00,4622.5,4623.0,4621.5,4622.5,416
MOEX:LKOH,2022-11-22T13:22:00+03:00,4623.5,4624.0,4623.0,4624.0,67
MOEX:LKOH,2022-11-22T13:23:00+03:00,4624.0,4624.0,4623.5,4624.0,213
MOEX:LKOH,2022-11-22T13:24:00+03:00,4624.0,4624.0,4623.0,4623.0,112
MOEX:LKOH,2022-11-22T13:25:00+03:00,4624.0,4625.0,4623.5,4624.0,213
MOEX:LKOH,2022-11-22T13:26:00+03:00,4624.0,4625.0,4624.0,4625.0,39
MOEX:LKOH,2022-11-22T13:27:00+03:00,4625.0,4625.5,4624.0,4624.0,36
MOEX:LKOH,2022-11-22T13:28:00+03:00,4624.5,4626.0,4624.5,4626.0,179
MOEX:LKOH,2022-11-22T13:29:00+03:00,4625.5,4628.5,4625.5,4627.5,423
MOEX:LKOH,2022-11-22T13:30:00+03:00,4629.0,4629.5,4627.0,4629.0,70
MOEX:LKOH,2022-11-22T13:31:00+03:00,4628.5,4629.0,4627.5,4627.5,13
MOEX:LKOH,2022-11-22T13:32:00+03:00,4628.5,4629.0,4627.0,4628.5,155
MOEX:LKOH,2022-11-22T13:33:00+03:00,4627.5,4629.0,4627.5,4628.5,149
MOEX:LKOH,2022-11-22T13:34:00+03:00,4628.5,4628.5,4625.0,4625.0,335
MOEX:LKOH,2022-11-22T13:35:00+03:00,4625.0,4626.5,4625.0,4625.5,114
MOEX:LKOH,2022-11-22T13:36:00+03:00,4626.5,4626.5,4625.0,4626.5,16
MOEX:LKOH,2022-11-22T13:37:00+03:00,4625.0,4627.0,4625.0,4627.0,37
MOEX:LKOH,2022-11-22T13:38:00+03:00,4626.0,4627.0,4626.0,4626.0,117
MOEX:LKOH,2022-11-22T13:39:00+03:00,4627.0,4627.0,4625.5,4625.5,47
MOEX:LKOH,2022-11-22T13:40:00+03:00,4627.0,4627.0,4625.5,4625.5,28
MOEX:LKOH,2022-11-22T13:41:00+03:00,4626.5,4629.0,4625.5,4628.0,328
MOEX:LKOH,2022-11-22T13:42:00+03:00,4628.0,4629.0,4628.0,4628.0,102
MOEX:LKOH,2022-11-22T13:43:00+03:00,4629.0,4629.0,4629.0,4629.0,5
MOEX:LKOH,2022-11-22T13:44:00+03:00,4628.5,4629.5,4628.5,4628.5,125
MOEX:LKOH,2022-11-22T13:45:00+03:00,4628.5,4629.0,4628.5,4628.5,42
MOEX:LKOH,2022-11-22T13:46:00+03:00,4628.5,4629.0,4628.5,4628.5,52
MOEX:LKOH,2022-11-22T13:48:00+03:00,4629.5,4631.5,4629.5,4631.0,158
MOEX:LKOH,2022-11-22T13:49:00+03:00,4631.0,4632.0,4630.0,4631.5,156
MOEX:LKOH,2022-11-22T13:50:00+03:00,4631.5,4632.0,4631.5,4632.0,50
MOEX:LKOH,2022-11-22T13:51:00+03:00,4632.0,4632.0,4630.5,4630.5,137
MOEX:LKOH,2022-11-22T13:52:00+03:00,4630.5,4631.0,4629.0,4629.0,116
MOEX:LKOH,2022-11-22T13:53:00+03:00,4629.5,4630.5,4628.5,4628.5,55
MOEX:LKOH,2022-11-22T13:54:00+03:00,4629.5,4630.5,4629.0,4629.0,107
MOEX:LKOH,2022-11-22T13:55:00+03:00,4630.0,4630.5,4629.0,4629.0,102
MOEX:LKOH,2022-11-22T13:56:00+03:00,4630.5,4630.5,4629.0,4630.0,17
MOEX:LKOH,2022-11-22T13:57:00+03:00,4630.0,4631.0,4630.0,4631.0,25
MOEX:LKOH,2022-11-22T13:58:00+03:00,4631.0,4631.0,4630.0,4630.0,34
MOEX:LKOH,2022-11-22T13:59:00+03:00,4630.5,4632.5,4630.0,4632.0,233
MOEX:LKOH,2022-11-22T14:00:00+03:00,4632.0,4632.5,4632.0,4632.0,88
MOEX:LKOH,2022-11-22T14:01:00+03:00,4632.0,4633.5,4632.0,4632.0,298
MOEX:LKOH,2022-11-22T14:02:00+03:00,4633.5,4633.5,4632.0,4632.0,207
MOEX:LKOH,2022-11-22T14:03:00+03:00,4632.0,4632.0,4631.0,4631.0,63
MOEX:LKOH,2022-11-22T14:04:00+03:00,4631.0,4633.5,4631.0,4633.5,164
MOEX:LKOH,2022-11-22T14:05:00+03:00,4632.5,4633.5,4632.0,4632.5,88
MOEX:LKOH,2022-11-22T14:06:00+03:00,4633.0,4633.0,4632.0,4632.5,225
MOEX:LKOH,2022-11-22T14:07:00+03:00,4632.5,4632.5,4631.0,4631.0,118
MOEX:LKOH,2022-11-22T14:08:00+03:00,4632.0,4632.0,4630.0,4630.0,195
MOEX:LKOH,2022-11-22T14:09:00+03:00,4630.0,4630.0,4629.0,4629.0,395
MOEX:LKOH,2022-11-22T14:10:00+03:00,4629.5,4630.0,4628.5,4629.0,239
MOEX:LKOH,2022-11-22T14:11:00+03:00,4628.5,4629.0,4623.5,4625.5,1261
MOEX:LKOH,2022-11-22T14:12:00+03:00,4625.0,4629.0,4625.0,4628.5,484
MOEX:LKOH,2022-11-22T14:13:00+03:00,4627.5,4628.5,4627.0,4628.0,70
MOEX:LKOH,2022-11-22T14:14:00+03:00,4628.0,4631.0,4626.0,4631.0,2434
MOEX:LKOH,2022-11-22T14:15:00+03:00,4631.0,4631.0,4628.0,4628.0,119
MOEX:LKOH,2022-11-22T14:16:00+03:00,4626.0,4627.0,4625.0,4626.0,192
MOEX:LKOH,2022-11-22T14:17:00+03:00,4625.0,4626.5,4625.0,4625.0,69
MOEX:LKOH,2022-11-22T14:18:00+03:00,4625.5,4626.0,4625.0,4625.5,54
MOEX:LKOH,2022-11-22T14:19:00+03:00,4625.0,4628.0,4624.0,4625.0,558
MOEX:LKOH,2022-11-22T14:20:00+03:00,4625.0,4626.0,4625.0,4625.0,44
MOEX:LKOH,2022-11-22T14:21:00+03:00,4626.0,4628.0,4626.0,4627.5,89
MOEX:LKOH,2022-11-22T14:22:00+03:00,4627.5,4629.5,4627.5,4628.0,311
MOEX:LKOH,2022-11-22T14:23:00+03:00,4629.0,4629.5,4625.0,4625.5,1025
MOEX:LKOH,2022-11-22T14:24:00+03:00,4626.0,4627.5,4625.5,4627.5,1134
MOEX:LKOH,2022-11-22T14:25:00+03:00,4627.5,4627.5,4626.5,4627.0,12
MOEX:LKOH,2022-11-22T14:26:00+03:00,4627.5,4627.5,4626.0,4627.0,8
MOEX:LKOH,2022-11-22T14:27:00+03:00,4627.0,4627.5,4626.0,4627.5,83
MOEX:LKOH,2022-11-22T14:28:00+03:00,4627.5,4628.0,4625.5,4625.5,191
MOEX:LKOH,2022-11-22T14:29:00+03:00,4625.5,4626.5,4625.5,4626.0,29
MOEX:LKOH,2022-11-22T14:30:00+03:00,4627.5,4628.0,4625.5,4627.0,124
MOEX:LKOH,2022-11-22T14:31:00+03:00,4627.0,4628.0,4626.0,4626.0,242
MOEX:LKOH,2022-11-22T14:32:00+03:00,4625.5,4625.5,4625.0,4625.0,320
MOEX:LKOH,2022-11-22T14:33:00+03:00,4624.5,4625.0,4623.0,4623.0,259
MOEX:LKOH,2022-11-22T14:34:00+03:00,4624.0,4625.0,4621.5,4621.5,80
MOEX:LKOH,2022-11-22T14:35:00+03:00,4622.0,4625.5,4622.0,4623.5,167
MOEX:LKOH,2022-11-22T14:36:00+03:00,4625.0,4625.0,4623.0,4624.0,95
MOEX:LKOH,2022-11-22T14:37:00+03:00,4623.5,4623.5,4620.5,4621.0,966
MOEX:LKOH,2022-11-22T14:38:00+03:00,4622.0,4622.0,4620.5,4620.5,252
MOEX:LKOH,2022-11-22T14:39:00+03:00,4621.0,4621.0,4620.5,4621.0,46
MOEX:LKOH,2022-11-22T14:40:00+03:00,4621.0,4621.0,4620.5,4621.0,52
MOEX:LKOH,2022-11-22T14:41:00+03:00,4620.5,4620.5,4620.0,4620.0,353
MOEX:LKOH,2022-11-22T14:42:00+03:00,4620.5,4621.0,4620.0,4620.0,11
MOEX:LKOH,2022-11-22T14:43:00+03:00,4620.0,4620.5,4617.5,4618.0,692
MOEX:LKOH,2022-11-22T14:44:00+03:00,4618.0,4619.5,4614.0,4614.0,604
MOEX:LKOH,2022-11-22T14:45:00+03:00,4614.0,4614.0,4610.0,4611.5,1083
MOEX:LKOH,2022-11-22T14:46:00+03:00,4611.5,4611.5,4610.0,4611.5,316
MOEX:LKOH,2022-11-22T14:47:00+03:00,4612.0,4614.0,4611.0,4612.0,190
MOEX:LKOH,2022-11-22T14:48:00+03:00,4612.0,4613.5,4612.0,4613.0,99
MOEX:LKOH,2022-11-22T14:49:00+03:00,4613.0,4614.0,4612.0,4612.5,130
MOEX:LKOH,2022-11-22T14:50:00+03:00,4613.5,4613.5,4612.5,4612.5,45
MOEX:LKOH,2022-11-22T14:51:00+03:00,4613.5,4614.0,4612.5,4613.0,64
MOEX:LKOH,2022-11-22T14:52:00+03:00,4613.0,4613.0,4612.5,4612.5,32
MOEX:LKOH,2022-11-22T14:53:00+03:00,4612.5,4614.0,4612.5,4613.5,199
MOEX:LKOH,2022-11-22T14:54:00+03:00,4613.5,4614.0,4613.5,4614.0,268
MOEX:LKOH,2022-11-22T14:55:00+03:00,4613.5,4615.0,4613.5,4614.0,252
MOEX:LKOH,2022-11-22T14:56:00+03:00,4616.0,4616.0,4615.0,4616.0,97
MOEX:LKOH,2022-11-22T14:57:00+03:00,4616.5,4617.5,4615.0,4617.0,91
MOEX:LKOH,2022-11-22T14:58:00+03:00,4618.5,4618.5,4615.5,4616.5,217
MOEX:LKOH,2022-11-22T14:59:00+03:00,4616.5,4616.5,4615.0,4615.0,125
MOEX:LKOH,2022-11-22T15:00:00+03:00,4615.0,4616.0,4615.0,4615.0,299
MOEX:LKOH,2022-11-22T15:01:00+03:00,4615.5,4616.0,4615.0,4615.0,98
MOEX:LKOH,2022-11-22T15:02:00+03:00,4616.0,4616.0,4615.0,4615.5,81
MOEX:LKOH,2022-11-22T15:03:00+03:00,4615.5,4615.5,4613.5,4613.5,829
MOEX:LKOH,2022-11-22T15:04:00+03:00,4614.0,4614.0,4613.5,4614.0,112
MOEX:LKOH,2022-11-22T15:05:00+03:00,4614.0,4614.5,4614.0,4614.0,32
MOEX:LKOH,2022-11-22T15:06:00+03:00,4614.0,4614.5,4613.5,4613.5,23
MOEX:LKOH,2022-11-22T15:07:00+03:00,4614.0,4614.5,4613.5,4613.5,30
MOEX:LKOH,2022-11-22T15:08:00+03:00,4613.0,4613.5,4613.0,4613.0,48
MOEX:LKOH,2022-11-22T15:09:00+03:00,4613.0,4613.5,4611.0,4611.0,596
MOEX:LKOH,2022-11-22T15:10:00+03:00,4611.5,4613.0,4611.0,4611.0,150
MOEX:LKOH,2022-11-22T15:11:00+03:00,4612.0,4613.0,4611.0,4613.0,55
MOEX:LKOH,2022-11-22T15:12:00+03:00,4612.0,4613.5,4611.0,4613.5,462
MOEX:LKOH,2022-11-22T15:13:00+03:00,4613.0,4614.5,4612.0,4614.5,243
MOEX:LKOH,2022-11-22T15:14:00+03:00,4613.0,4614.5,4613.0,4614.0,53
MOEX:LKOH,2022-11-22T15:15:00+03:00,4615.0,4623.5,4615.0,4620.5,874
MOEX:LKOH,2022-11-22T15:16:00+03:00,4621.0,4622.5,4619.0,4622.5,186
MOEX:LKOH,2022-11-22T15:17:00+03:00,4621.0,4625.0,4620.5,4623.5,191
MOEX:LKOH,2022-11-22T15:18:00+03:00,4625.0,4626.0,4624.5,4625.0,55
MOEX:LKOH,2022-11-22T15:19:00+03:00,4625.0,4626.0,4624.0,4624.0,115
MOEX:LKOH,2022-11-22T15:20:00+03:00,4624.0,4625.0,4624.0,4625.0,35
MOEX:LKOH,2022-11-22T15:21:00+03:00,4625.0,4625.0,4624.0,4625.0,19
MOEX:LKOH,2022-11-22T15:22:00+03:00,4625.0,4625.0,4621.0,4621.0,846
MOEX:LKOH,2022-11-22T15:23:00+03:00,4621.0,4622.5,4620.0,4620.0,57
MOEX:LKOH,2022-11-22T15:24:00+03:00,4622.0,4622.0,4619.5,4622.0,72
MOEX:LKOH,2022-11-22T15:25:00+03:00,4620.0,4629.5,4620.0,4627.5,1073
MOEX:LKOH,2022-11-22T15:26:00+03:00,4627.5,4629.0,4627.0,4627.0,94
MOEX:LKOH,2022-11-22T15:27:00+03:00,4627.5,4627.5,4626.0,4627.0,50
MOEX:LKOH,2022-11-22T15:28:00+03:00,4626.5,4627.0,4626.0,4627.0,56
MOEX:LKOH,2022-11-22T15:29:00+03:00,4626.5,4627.0,4626.5,4627.0,102
MOEX:LKOH,2022-11-22T15:30:00+03:00,4627.0,4627.0,4627.0,4627.0,16
MOEX:LKOH,2022-11-22T15:31:00+03:00,4627.0,4627.0,4627.0,4627.0,13
MOEX:LKOH,2022-11-22T15:32:00+03:00,4627.0,4629.5,4627.0,4629.5,211
MOEX:LKOH,2022-11-22T15:33:00+03:00,4629.0,4629.5,4629.0,4629.0,335
MOEX:LKOH,2022-11-22T15:34:00+03:00,4629.5,4629.5,4628.0,4629.0,37
MOEX:LKOH,2022-11-22T15:35:00+03:00,4629.0,4629.0,4627.0,4627.0,359
MOEX:LKOH,2022-11-22T15:36:00+03:00,4627.0,4628.0,4625.0,4625.0,607
MOEX:LKOH,2022-11-22T15:37:00+03:00,4625.0,4626.5,4625.0,4626.5,150
MOEX:LKOH,2022-11-22T15:38:00+03:00,4626.0,4626.0,4625.5,4625.5,12
MOEX:LKOH,2022-11-22T15:39:00+03:00,4625.5,4626.5,4625.5,4625.5,18
MOEX:LKOH,2022-11-22T15:40:00+03:00,4625.5,4626.5,4625.0,4625.0,328
MOEX:LKOH,2022-11-22T15:41:00+03:00,4626.5,4626.5,4625.0,4625.0,112
MOEX:LKOH,2022-11-22T15:42:00+03:00,4625.5,4626.0,4625.0,4625.5,132
MOEX:LKOH,2022-11-22T15:43:00+03:00,4625.5,4626.5,4625.0,4625.5,85
MOEX:LKOH,2022-11-22T15:44:00+03:00,4626.5,4626.5,4625.0,4625.0,647
MOEX:LKOH,2022-11-22T15:45:00+03:00,4625.0,4625.0,4620.5,4621.0,1474
MOEX:LKOH,2022-11-22T15:46:00+03:00,4622.0,4622.5,4616.5,4618.5,244
MOEX:LKOH,2022-11-22T15:47:00+03:00,4618.5,4618.5,4616.5,4618.5,46
MOEX:LKOH,2022-11-22T15:48:00+03:00,4617.0,4618.0,4617.0,4617.0,6
MOEX:LKOH,2022-11-22T15:49:00+03:00,4618.0,4618.0,4617.0,4618.0,22
MOEX:LKOH,2022-11-22T15:50:00+03:00,4617.0,4618.0,4617.0,4617.0,31
MOEX:LKOH,2022-11-22T15:51:00+03:00,4617.5,4617.5,4617.0,4617.5,94
MOEX:LKOH,2022-11-22T15:52:00+03:00,4617.0,4619.0,4617.0,4617.5,122
MOEX:LKOH,2022-11-22T15:53:00+03:00,4617.5,4619.0,4616.5,4616.5,87
MOEX:LKOH,2022-11-22T15:54:00+03:00,4616.5,4618.5,4616.5,4618.0,36
MOEX:LKOH,2022-11-22T15:55:00+03:00,4618.5,4619.0,4616.5,4618.5,215
MOEX:LKOH,2022-11-22T15:56:00+03:00,4619.0,4619.0,4618.5,4619.0,35
MOEX:LKOH,2022-11-22T15:57:00+03:00,4618.5,4619.0,4618.5,4619.0,2
MOEX:LKOH,2022-11-22T15:58:00+03:00,4619.0,4619.0,4618.5,4618.5,17
MOEX:LKOH,2022-11-22T15:59:00+03:00,4618.0,4619.5,4618.0,4619.5,47
MOEX:LKOH,2022-11-22T16:00:00+03:00,4619.0,4620.0,4619.0,4620.0,14
MOEX:LKOH,2022-11-22T16:01:00+03:00,4620.0,4620.0,4619.5,4620.0,5
MOEX:LKOH,2022-11-22T16:02:00+03:00,4620.0,4621.5,4619.0,4620.0,175
MOEX:LKOH,2022-11-22T16:03:00+03:00,4620.0,4622.0,4619.5,4622.0,126
MOEX:LKOH,2022-11-22T16:04:00+03:00,4622.0,4623.5,4618.0,4618.0,1381
MOEX:LKOH,2022-11-22T16:05:00+03:00,4618.0,4618.0,4616.5,4617.0,151
MOEX:LKOH,2022-11-22T16:06:00+03:00,4616.5,4618.0,4616.5,4618.0,52
MOEX:LKOH,2022-11-22T16:07:00+03:00,4618.0,4620.0,4617.5,4618.5,1253
MOEX:LKOH,2022-11-22T16:08:00+03:00,4618.0,4618.0,4617.5,4618.0,67
MOEX:LKOH,2022-11-22T16:09:00+03:00,4618.0,4618.0,4616.5,4616.5,180
MOEX:LKOH,2022-11-22T16:10:00+03:00,4617.0,4617.0,4617.0,4617.0,63
MOEX:LKOH,2022-11-22T16:11:00+03:00,4617.5,4617.5,4617.0,4617.5,61
MOEX:LKOH,2022-11-22T16:12:00+03:00,4617.5,4619.0,4617.0,4617.0,276
MOEX:LKOH,2022-11-22T16:13:00+03:00,4617.0,4618.5,4617.0,4618.5,23
MOEX:LKOH,2022-11-22T16:14:00+03:00,4618.0,4618.5,4617.0,4618.5,29
MOEX:LKOH,2022-11-22T16:15:00+03:00,4618.5,4618.5,4617.0,4618.5,39
MOEX:LKOH,2022-11-22T16:16:00+03:00,4617.0,4619.0,4617.0,4619.0,79
MOEX:LKOH,2022-11-22T16:17:00+03:00,4619.0,4619.5,4618.0,4619.5,39
MOEX:LKOH,2022-11-22T16:18:00+03:00,4619.0,4620.0,4618.5,4619.5,276
MOEX:LKOH,2022-11-22T16:19:00+03:00,4620.0,4620.0,4617.5,4617.5,267
MOEX:LKOH,2022-11-22T16:20:00+03:00,4618.5,4620.0,4618.0,4619.5,1054
MOEX:LKOH,2022-11-22T16:21:00+03:00,4619.5,4620.0,4619.0,4619.0,9
MOEX:LKOH,2022-11-22T16:22:00+03:00,4618.5,4619.0,4617.5,4617.5,218
MOEX:LKOH,2022-11-22T16:23:00+03:00,4619.0,4619.0,4618.0,4619.0,7
MOEX:LKOH,2022-11-22T16:24:00+03:00,4619.0,4619.0,4618.0,4618.5,84
MOEX:LKOH,2022-11-22T16:25:00+03:00,4618.5,4620.0,4617.5,4618.5,368
MOEX:LKOH,2022-11-22T16:26:00+03:00,4620.0,4620.0,4620.0,4620.0,17
MOEX:LKOH,2022-11-22T16:27:00+03:00,4620.0,4620.0,4619.0,4619.5,27
MOEX:LKOH,2022-11-22T16:28:00+03:00,4620.0,4620.0,4619.5,4620.0,9
MOEX:LKOH,2022-11-22T16:29:00+03:00,4620.0,4620.0,4619.0,4619.0,183
MOEX:LKOH,2022-11-22T16:30:00+03:00,4619.5,4620.0,4618.5,4620.0,79
MOEX:LKOH,2022-11-22T16:31:00+03:00,4620.0,4620.0,4619.0,4620.0,348
MOEX:LKOH,2022-11-22T16:32:00+03:00,4619.0,4620.0,4618.5,4619.0,140
MOEX:LKOH,2022-11-22T16:33:00+03:00,4620.0,4620.0,4619.0,4620.0,139
MOEX:LKOH,2022-11-22T16:34:00+03:00,4620.0,4620.0,4619.0,4619.0,40
MOEX:LKOH,2022-11-22T16:35:00+03:00,4620.0,4620.0,4619.5,4619.5,349
MOEX:LKOH,2022-11-22T16:36:00+03:00,4620.0,4620.0,4619.5,4619.5,737
MOEX:LKOH,2022-11-22T16:37:00+03:00,4619.5,4626.0,4619.5,4623.0,476
MOEX:LKOH,2022-11-22T16:38:00+03:00,4624.0,4624.0,4622.5,4622.5,168
MOEX:LKOH,2022-11-22T16:39:00+03:00,4621.5,4626.5,4620.5,4626.5,452
MOEX:LKOH,2022-11-22T16:40:00+03:00,4626.5,4626.5,4624.5,4625.0,192
MOEX:LKOH,2022-11-22T16:41:00+03:00,4626.5,4626.5,4625.0,4626.0,39
MOEX:LKOH,2022-11-22T16:42:00+03:00,4626.5,4626.5,4625.0,4625.5,35
MOEX:LKOH,2022-11-22T16:43:00+03:00,4625.5,4626.0,4621.5,4625.5,562
MOEX:LKOH,2022-11-22T16:44:00+03:00,4625.5,4626.0,4624.5,4626.0,377
MOEX:LKOH,2022-11-22T16:45:00+03:00,4625.5,4626.0,4624.5,4625.0,80
MOEX:LKOH,2022-11-22T16:46:00+03:00,4623.0,4624.0,4619.0,4621.0,527
MOEX:LKOH,2022-11-22T16:47:00+03:00,4621.5,4622.5,4620.5,4622.0,62
MOEX:LKOH,2022-11-22T16:48:00+03:00,4622.0,4622.5,4621.5,4622.0,83
MOEX:LKOH,2022-11-22T16:49:00+03:00,4622.0,4622.0,4620.0,4620.0,164
MOEX:LKOH,2022-11-22T16:50:00+03:00,4621.5,4621.5,4619.0,4620.0,94
MOEX:LKOH,2022-11-22T16:51:00+03:00,4620.0,4621.0,4619.0,4619.0,71
MOEX:LKOH,2022-11-22T16:52:00+03:00,4619.0,4621.0,4619.0,4619.5,22
MOEX:LKOH,2022-11-22T16:53:00+03:00,4621.0,4621.5,4619.5,4621.0,105
MOEX:LKOH,2022-11-22T16:54:00+03:00,4621.5,4621.5,4619.5,4620.0,7
MOEX:LKOH,2022-11-22T16:55:00+03:00,4621.0,4621.0,4616.0,4616.0,696
MOEX:LKOH,2022-11-22T16:56:00+03:00,4616.0,4616.5,4616.0,4616.5,92
MOEX:LKOH,2022-11-22T16:57:00+03:00,4616.0,4616.5,4615.0,4615.5,254
MOEX:LKOH,2022-11-22T16:58:00+03:00,4615.0,4615.5,4614.0,4614.0,246
MOEX:LKOH,2022-11-22T16:59:00+03:00,4614.5,4614.5,4613.5,4614.0,80
MOEX:LKOH,2022-11-22T17:00:00+03:00,4614.0,4614.5,4613.5,4614.5,37
MOEX:LKOH,2022-11-22T17:01:00+03:00,4614.0,4614.0,4612.0,4613.0,511
MOEX:LKOH,2022-11-22T17:02:00+03:00,4612.0,4614.5,4612.0,4614.5,57
MOEX:LKOH,2022-11-22T17:03:00+03:00,4614.5,4616.0,4613.5,4616.0,108
MOEX:LKOH,2022-11-22T17:04:00+03:00,4616.0,4617.0,4615.0,4617.0,242
MOEX:LKOH,2022-11-22T17:05:00+03:00,4615.5,4617.0,4615.5,4617.0,743
MOEX:LKOH,2022-11-22T17:06:00+03:00,4617.0,4617.0,4616.5,4616.5,15
MOEX:LKOH,2022-11-22T17:07:00+03:00,4617.0,4617.0,4616.0,4617.0,142
MOEX:LKOH,2022-11-22T17:08:00+03:00,4617.0,4617.0,4616.0,4616.0,112
MOEX:LKOH,2022-11-22T17:09:00+03:00,4616.0,4618.0,4616.0,4618.0,24
MOEX:LKOH,2022-11-22T17:10:00+03:00,4618.0,4619.0,4617.0,4617.0,109
MOEX:LKOH,2022-11-22T17:11:00+03:00,4616.0,4617.0,4605.0,4609.0,5785
MOEX:LKOH,2022-11-22T17:12:00+03:00,4610.0,4610.0,4608.0,4608.0,168
MOEX:LKOH,2022-11-22T17:13:00+03:00,4608.0,4611.0,4608.0,4610.5,146
MOEX:LKOH,2022-11-22T17:14:00+03:00,4610.0,4611.0,4605.0,4605.0,737
MOEX:LKOH,2022-11-22T17:15:00+03:00,4605.0,4605.5,4604.0,4605.0,451
MOEX:LKOH,2022-11-22T17:16:00+03:00,4604.5,4618.5,4604.5,4614.0,2949
MOEX:LKOH,2022-11-22T17:17:00+03:00,4614.0,4614.5,4612.0,4614.5,363
MOEX:LKOH,2022-11-22T17:18:00+03:00,4614.0,4614.5,4612.5,4613.0,100
MOEX:LKOH,2022-11-22T17:19:00+03:00,4613.0,4614.5,4610.5,4610.5,182
MOEX:LKOH,2022-11-22T17:20:00+03:00,4610.0,4611.0,4610.0,4610.5,93
MOEX:LKOH,2022-11-22T17:21:00+03:00,4611.0,4613.5,4611.0,4613.5,104
MOEX:LKOH,2022-11-22T17:22:00+03:00,4612.5,4614.0,4611.5,4613.5,125
MOEX:LKOH,2022-11-22T17:23:00+03:00,4613.5,4613.5,4613.0,4613.5,24
MOEX:LKOH,2022-11-22T17:24:00+03:00,4614.0,4614.0,4613.5,4614.0,226
MOEX:LKOH,2022-11-22T17:25:00+03:00,4614.5,4615.0,4614.0,4615.0,30
MOEX:LKOH,2022-11-22T17:26:00+03:00,4615.0,4617.5,4615.0,4617.5,192
MOEX:LKOH,2022-11-22T17:27:00+03:00,4615.0,4617.0,4615.0,4615.0,60
MOEX:LKOH,2022-11-22T17:28:00+03:00,4615.0,4616.5,4615.0,4616.5,60
MOEX:LKOH,2022-11-22T17:29:00+03:00,4615.5,4615.5,4615.0,4615.0,2
MOEX:LKOH,2022-11-22T17:30:00+03:00,4616.0,4619.0,4615.0,4617.0,330
MOEX:LKOH,2022-11-22T17:31:00+03:00,4617.5,4617.5,4615.0,4615.5,128
MOEX:LKOH,2022-11-22T17:32:00+03:00,4615.5,4617.0,4614.5,4616.5,442
MOEX:LKOH,2022-11-22T17:33:00+03:00,4615.0,4620.0,4614.0,4619.5,949
MOEX:LKOH,2022-11-22T17:34:00+03:00,4620.0,4620.5,4619.5,4620.5,23
MOEX:LKOH,2022-11-22T17:35:00+03:00,4620.0,4621.0,4620.0,4620.0,116
MOEX:LKOH,2022-11-22T17:36:00+03:00,4620.0,4621.0,4619.5,4619.5,289
MOEX:LKOH,2022-11-22T17:37:00+03:00,4620.5,4620.5,4619.0,4619.5,46
MOEX:LKOH,2022-11-22T17:38:00+03:00,4619.0,4620.0,4619.0,4619.5,99
MOEX:LKOH,2022-11-22T17:39:00+03:00,4619.5,4619.5,4619.0,4619.0,122
MOEX:LKOH,2022-11-22T17:40:00+03:00,4619.5,4620.0,4619.5,4620.0,67
MOEX:LKOH,2022-11-22T17:41:00+03:00,4620.0,4621.0,4619.0,4620.0,64
MOEX:LKOH,2022-11-22T17:42:00+03:00,4620.0,4620.0,4619.0,4619.5,731
MOEX:LKOH,2022-11-22T17:43:00+03:00,4619.5,4620.0,4619.0,4619.0,379
MOEX:LKOH,2022-11-22T17:44:00+03:00,4619.5,4620.0,4619.0,4619.0,241
MOEX:LKOH,2022-11-22T17:45:00+03:00,4619.0,4620.0,4619.0,4619.0,254
MOEX:LKOH,2022-11-22T17:46:00+03:00,4619.0,4619.5,4618.0,4619.5,600
MOEX:LKOH,2022-11-22T17:47:00+03:00,4619.0,4620.0,4619.0,4619.5,313
MOEX:LKOH,2022-11-22T17:48:00+03:00,4618.0,4620.0,4618.0,4620.0,144
MOEX:LKOH,2022-11-22T17:49:00+03:00,4619.0,4619.0,4617.0,4617.5,206
MOEX:LKOH,2022-11-22T17:50:00+03:00,4617.5,4619.0,4617.5,4619.0,10
MOEX:LKOH,2022-11-22T17:51:00+03:00,4618.5,4620.0,4618.5,4619.0,438
MOEX:LKOH,2022-11-22T17:52:00+03:00,4620.0,4622.5,4619.5,4622.5,1251
MOEX:LKOH,2022-11-22T17:53:00+03:00,4622.0,4626.0,4622.0,4625.0,494
MOEX:LKOH,2022-11-22T17:54:00+03:00,4626.0,4626.0,4625.5,4626.0,41
MOEX:LKOH,2022-11-22T17:55:00+03:00,4626.0,4626.5,4626.0,4626.0,197
MOEX:LKOH,2022-11-22T17:56:00+03:00,4626.0,4626.5,4622.0,4623.5,643
MOEX:LKOH,2022-11-22T17:57:00+03:00,4623.5,4625.0,4621.5,4621.5,350
MOEX:LKOH,2022-11-22T17:58:00+03:00,4623.5,4625.0,4622.5,4624.0,210
MOEX:LKOH,2022-11-22T17:59:00+03:00,4624.0,4625.0,4624.0,4625.0,827
MOEX:LKOH,2022-11-22T18:00:00+03:00,4625.0,4626.5,4625.0,4625.0,458
MOEX:LKOH,2022-11-22T18:01:00+03:00,4625.5,4626.5,4625.5,4626.5,97
MOEX:LKOH,2022-11-22T18:02:00+03:00,4626.0,4626.5,4626.0,4626.0,263
MOEX:LKOH,2022-11-22T18:03:00+03:00,4626.5,4626.5,4626.0,4626.0,244
MOEX:LKOH,2022-11-22T18:04:00+03:00,4626.0,4626.5,4622.0,4622.5,1064
MOEX:LKOH,2022-11-22T18:05:00+03:00,4622.0,4626.5,4622.0,4626.5,529
MOEX:LKOH,2022-11-22T18:06:00+03:00,4626.0,4626.5,4626.0,4626.0,596
MOEX:LKOH,2022-11-22T18:07:00+03:00,4626.0,4626.5,4625.0,4626.5,1254
MOEX:LKOH,2022-11-22T18:08:00+03:00,4626.0,4626.5,4623.5,4623.5,956
MOEX:LKOH,2022-11-22T18:09:00+03:00,4624.0,4626.5,4623.5,4625.0,313
MOEX:LKOH,2022-11-22T18:10:00+03:00,4626.0,4628.0,4625.0,4627.5,1250
MOEX:LKOH,2022-11-22T18:11:00+03:00,4627.5,4629.0,4626.0,4628.5,542
MOEX:LKOH,2022-11-22T18:12:00+03:00,4626.0,4628.5,4625.5,4628.5,60
MOEX:LKOH,2022-11-22T18:13:00+03:00,4628.5,4628.5,4627.0,4627.0,74
MOEX:LKOH,2022-11-22T18:14:00+03:00,4626.0,4628.5,4625.5,4627.0,216
MOEX:LKOH,2022-11-22T18:15:00+03:00,4627.5,4628.0,4626.0,4627.0,428
MOEX:LKOH,2022-11-22T18:16:00+03:00,4626.0,4628.0,4626.0,4627.5,356
MOEX:LKOH,2022-11-22T18:17:00+03:00,4627.5,4628.5,4625.0,4625.5,1612
MOEX:LKOH,2022-11-22T18:18:00+03:00,4627.0,4628.0,4625.0,4626.0,700
MOEX:LKOH,2022-11-22T18:19:00+03:00,4626.0,4627.5,4625.0,4627.0,281
MOEX:LKOH,2022-11-22T18:20:00+03:00,4625.5,4628.0,4625.0,4625.5,308
MOEX:LKOH,2022-11-22T18:21:00+03:00,4625.0,4625.5,4625.0,4625.0,982
MOEX:LKOH,2022-11-22T18:22:00+03:00,4625.5,4626.5,4622.0,4624.0,1033
MOEX:LKOH,2022-11-22T18:23:00+03:00,4622.5,4627.5,4622.5,4624.5,721
MOEX:LKOH,2022-11-22T18:24:00+03:00,4625.0,4626.5,4624.0,4624.0,325
MOEX:LKOH,2022-11-22T18:25:00+03:00,4625.5,4627.0,4625.0,4625.0,144
MOEX:LKOH,2022-11-22T18:26:00+03:00,4626.5,4628.0,4625.0,4625.5,924
MOEX:LKOH,2022-11-22T18:27:00+03:00,4625.5,4628.0,4625.5,4626.0,759
MOEX:LKOH,2022-11-22T18:28:00+03:00,4626.0,4627.5,4625.0,4626.0,176
MOEX:LKOH,2022-11-22T18:29:00+03:00,4627.0,4628.0,4626.0,4627.0,311
MOEX:LKOH,2022-11-22T18:30:00+03:00,4627.0,4627.0,4625.0,4625.0,399
MOEX:LKOH,2022-11-22T18:31:00+03:00,4626.5,4626.5,4625.0,4626.0,188
MOEX:LKOH,2022-11-22T18:32:00+03:00,4625.0,4626.0,4625.0,4625.0,365
MOEX:LKOH,2022-11-22T18:33:00+03:00,4625.5,4625.5,4622.0,4624.0,236
MOEX:LKOH,2022-11-22T18:34:00+03:00,4624.0,4624.0,4622.0,4623.0,1130
MOEX:LKOH,2022-11-22T18:35:00+03:00,4622.0,4624.0,4621.5,4621.5,397
MOEX:LKOH,2022-11-22T18:36:00+03:00,4623.0,4623.0,4621.5,4621.5,91
MOEX:LKOH,2022-11-22T18:37:00+03:00,4622.0,4624.0,4621.0,4623.0,484
MOEX:LKOH,2022-11-22T18:38:00+03:00,4623.0,4623.0,4620.5,4621.0,157
MOEX:LKOH,2022-11-22T18:39:00+03:00,4620.5,4623.0,4620.5,4622.5,468
MOEX:LKOH,2022-11-22T18:45:00+03:00,4620.0,4620.0,4620.0,4620.0,3725
MOEX:LKOH,2022-11-22T18:46:00+03:00,4620.0,4620.0,4620.0,4620.0,2134
MOEX:LKOH,2022-11-22T18:47:00+03:00,4620.0,4620.0,4620.0,4620.0,251
MOEX:LKOH,2022-11-22T18:48:00+03:00,4620.0,4620.0,4620.0,4620.0,57
MOEX:LKOH,2022-11-22T18:49:00+03:00,4620.0,4620.0,4620.0,4620.0,10
MOEX:LKOH,2022-11-22T19:04:00+03:00,4624.0,4624.0,4624.0,4624.0,37
MOEX:LKOH,2022-11-22T19:05:00+03:00,4624.0,4624.5,4619.0,4620.0,300
MOEX:LKOH,2022-11-22T19:06:00+03:00,4620.0,4620.0,4618.0,4619.5,246
MOEX:LKOH,2022-11-22T19:07:00+03:00,4619.5,4623.5,4619.5,4622.0,84
MOEX:LKOH,2022-11-22T19:08:00+03:00,4622.5,4624.0,4622.5,4623.5,10
MOEX:LKOH,2022-11-22T19:09:00+03:00,4623.5,4624.0,4623.0,4624.0,59
MOEX:LKOH,2022-11-22T19:10:00+03:00,4624.0,4626.5,4624.0,4626.5,292
MOEX:LKOH,2022-11-22T19:11:00+03:00,4627.0,4629.5,4627.0,4627.5,271
MOEX:LKOH,2022-11-22T19:12:00+03:00,4629.0,4629.0,4626.0,4627.0,173
MOEX:LKOH,2022-11-22T19:13:00+03:00,4627.5,4628.0,4626.0,4627.5,96
MOEX:LKOH,2022-11-22T19:14:00+03:00,4627.0,4627.0,4626.0,4627.0,53
MOEX:LKOH,2022-11-22T19:15:00+03:00,4627.0,4627.0,4627.0,4627.0,23
MOEX:LKOH,2022-11-22T19:16:00+03:00,4627.0,4628.0,4626.5,4627.5,279
MOEX:LKOH,2022-11-22T19:17:00+03:00,4627.5,4627.5,4626.5,4626.5,84
MOEX:LKOH,2022-11-22T19:18:00+03:00,4627.0,4627.5,4626.5,4627.0,41
MOEX:LKOH,2022-11-22T19:19:00+03:00,4627.0,4627.0,4626.5,4627.0,25
MOEX:LKOH,2022-11-22T19:20:00+03:00,4626.5,4627.0,4626.5,4626.5,151
MOEX:LKOH,2022-11-22T19:21:00+03:00,4626.5,4627.0,4626.5,4627.0,49
MOEX:LKOH,2022-11-22T19:22:00+03:00,4626.5,4627.0,4626.5,4627.0,163
MOEX:LKOH,2022-11-22T19:23:00+03:00,4626.5,4627.0,4626.5,4626.5,255
MOEX:LKOH,2022-11-22T19:24:00+03:00,4626.5,4627.0,4626.5,4627.0,210
MOEX:LKOH,2022-11-22T19:25:00+03:00,4627.0,4627.0,4627.0,4627.0,29
MOEX:LKOH,2022-11-22T19:26:00+03:00,4627.0,4627.0,4626.5,4626.5,115
MOEX:LKOH,2022-11-22T19:27:00+03:00,4626.5,4627.0,4626.5,4627.0,322
MOEX:LKOH,2022-11-22T19:28:00+03:00,4627.0,4627.5,4627.0,4627.5,667
MOEX:LKOH,2022-11-22T19:29:00+03:00,4627.0,4627.5,4627.0,4627.0,42
MOEX:LKOH,2022-11-22T19:30:00+03:00,4627.5,4627.5,4627.0,4627.5,38
MOEX:LKOH,2022-11-22T19:31:00+03:00,4627.5,4627.5,4627.0,4627.5,216
MOEX:LKOH,2022-11-22T19:32:00+03:00,4627.0,4627.5,4626.5,4627.5,106
MOEX:LKOH,2022-11-22T19:33:00+03:00,4627.5,4627.5,4626.5,4627.0,96
MOEX:LKOH,2022-11-22T19:34:00+03:00,4627.0,4627.0,4626.5,4626.5,40
MOEX:LKOH,2022-11-22T19:35:00+03:00,4627.0,4627.5,4626.5,4627.0,656
MOEX:LKOH,2022-11-22T19:36:00+03:00,4627.0,4627.5,4626.5,4627.5,140
MOEX:LKOH,2022-11-22T19:37:00+03:00,4627.5,4627.5,4627.5,4627.5,74
MOEX:LKOH,2022-11-22T19:38:00+03:00,4627.5,4627.5,4626.5,4626.5,7
MOEX:LKOH,2022-11-22T19:39:00+03:00,4626.5,4627.5,4626.5,4626.5,214
MOEX:LKOH,2022-11-22T19:40:00+03:00,4626.5,4626.5,4626.5,4626.5,370
MOEX:LKOH,2022-11-22T19:41:00+03:00,4627.0,4627.5,4626.5,4626.5,78
MOEX:LKOH,2022-11-22T19:42:00+03:00,4626.5,4627.5,4626.5,4626.5,30
MOEX:LKOH,2022-11-22T19:43:00+03:00,4627.5,4627.5,4626.5,4627.5,61
MOEX:LKOH,2022-11-22T19:44:00+03:00,4627.5,4627.5,4627.0,4627.5,17
MOEX:LKOH,2022-11-22T19:45:00+03:00,4627.5,4627.5,4626.5,4627.0,54
MOEX:LKOH,2022-11-22T19:46:00+03:00,4627.0,4627.5,4626.5,4626.5,105
MOEX:LKOH,2022-11-22T19:47:00+03:00,4626.5,4628.0,4626.5,4628.0,415
MOEX:LKOH,2022-11-22T19:48:00+03:00,4628.0,4628.0,4627.5,4628.0,127
MOEX:LKOH,2022-11-22T19:49:00+03:00,4627.5,4628.0,4627.5,4628.0,22
MOEX:LKOH,2022-11-22T19:50:00+03:00,4628.0,4628.0,4628.0,4628.0,26
MOEX:LKOH,2022-11-22T19:51:00+03:00,4627.5,4628.5,4627.0,4627.5,126
MOEX:LKOH,2022-11-22T19:52:00+03:00,4627.5,4627.5,4627.0,4627.5,79
MOEX:LKOH,2022-11-22T19:53:00+03:00,4627.5,4627.5,4627.0,4627.5,17
MOEX:LKOH,2022-11-22T19:54:00+03:00,4627.5,4627.5,4626.5,4627.0,120
MOEX:LKOH,2022-11-22T19:55:00+03:00,4626.5,4627.0,4626.5,4626.5,58
MOEX:LKOH,2022-11-22T19:56:00+03:00,4626.5,4627.5,4626.5,4626.5,425
MOEX:LKOH,2022-11-22T19:57:00+03:00,4627.0,4627.0,4626.5,4627.0,911
MOEX:LKOH,2022-11-22T19:58:00+03:00,4627.0,4627.0,4627.0,4627.0,51
MOEX:LKOH,2022-11-22T19:59:00+03:00,4627.5,4627.5,4626.5,4626.5,233
MOEX:LKOH,2022-11-22T20:00:00+03:00,4627.0,4627.0,4626.5,4626.5,4
MOEX:LKOH,2022-11-22T20:01:00+03:00,4626.5,4627.5,4626.5,4626.5,471
MOEX:LKOH,2022-11-22T20:02:00+03:00,4627.0,4628.5,4627.0,4627.0,114
MOEX:LKOH,2022-11-22T20:03:00+03:00,4628.5,4628.5,4628.0,4628.0,11
MOEX:LKOH,2022-11-22T20:04:00+03:00,4628.0,4628.5,4628.0,4628.5,19
MOEX:LKOH,2022-11-22T20:05:00+03:00,4628.5,4628.5,4628.0,4628.5,4
MOEX:LKOH,2022-11-22T20:06:00+03:00,4628.0,4628.5,4628.0,4628.0,13
MOEX:LKOH,2022-11-22T20:07:00+03:00,4628.5,4628.5,4628.0,4628.0,120
MOEX:LKOH,2022-11-22T20:08:00+03:00,4628.0,4628.5,4626.5,4626.5,30
MOEX:LKOH,2022-11-22T20:09:00+03:00,4627.0,4628.5,4627.0,4628.0,15
MOEX:LKOH,2022-11-22T20:10:00+03:00,4628.5,4628.5,4626.5,4628.0,212
MOEX:LKOH,2022-11-22T20:11:00+03:00,4628.0,4628.5,4626.5,4628.0,292
MOEX:LKOH,2022-11-22T20:12:00+03:00,4628.0,4629.0,4628.0,4628.5,167
MOEX:LKOH,2022-11-22T20:13:00+03:00,4628.5,4629.5,4628.5,4628.5,226
MOEX:LKOH,2022-11-22T20:14:00+03:00,4629.5,4630.0,4628.5,4630.0,101
MOEX:LKOH,2022-11-22T20:15:00+03:00,4630.0,4630.0,4629.0,4629.0,239
MOEX:LKOH,2022-11-22T20:16:00+03:00,4629.0,4629.0,4629.0,4629.0,71
MOEX:LKOH,2022-11-22T20:17:00+03:00,4628.5,4628.5,4628.0,4628.5,59
MOEX:LKOH,2022-11-22T20:18:00+03:00,4628.5,4628.5,4628.5,4628.5,13
MOEX:LKOH,2022-11-22T20:19:00+03:00,4629.0,4630.0,4628.5,4629.0,40
MOEX:LKOH,2022-11-22T20:20:00+03:00,4630.0,4630.0,4628.5,4630.0,312
MOEX:LKOH,2022-11-22T20:21:00+03:00,4630.0,4631.5,4630.0,4630.5,398
MOEX:LKOH,2022-11-22T20:22:00+03:00,4630.5,4630.5,4630.0,4630.0,117
MOEX:LKOH,2022-11-22T20:23:00+03:00,4630.0,4632.0,4630.0,4631.0,714
MOEX:LKOH,2022-11-22T20:24:00+03:00,4632.0,4632.0,4630.0,4631.0,58
MOEX:LKOH,2022-11-22T20:25:00+03:00,4631.0,4631.5,4629.0,4630.5,110
MOEX:LKOH,2022-11-22T20:26:00+03:00,4630.5,4631.0,4629.0,4629.5,66
MOEX:LKOH,2022-11-22T20:27:00+03:00,4629.5,4629.5,4629.0,4629.5,35
MOEX:LKOH,2022-11-22T20:28:00+03:00,4629.5,4629.5,4628.5,4629.0,37
MOEX:LKOH,2022-11-22T20:29:00+03:00,4629.0,4629.0,4629.0,4629.0,20
MOEX:LKOH,2022-11-22T20:30:00+03:00,4629.5,4629.5,4629.0,4629.5,76
MOEX:LKOH,2022-11-22T20:31:00+03:00,4629.5,4630.0,4629.0,4629.0,41
MOEX:LKOH,2022-11-22T20:32:00+03:00,4630.0,4630.0,4629.0,4629.0,63
MOEX:LKOH,2022-11-22T20:33:00+03:00,4629.0,4629.5,4629.0,4629.0,33
MOEX:LKOH,2022-11-22T20:34:00+03:00,4629.5,4629.5,4626.5,4628.5,342
MOEX:LKOH,2022-11-22T20:35:00+03:00,4628.0,4629.0,4628.0,4629.0,102
MOEX:LKOH,2022-11-22T20:36:00+03:00,4628.5,4630.0,4627.5,4629.5,237
MOEX:LKOH,2022-11-22T20:37:00+03:00,4629.5,4630.5,4629.5,4629.5,755
MOEX:LKOH,2022-11-22T20:38:00+03:00,4629.0,4629.0,4629.0,4629.0,103
MOEX:LKOH,2022-11-22T20:39:00+03:00,4629.0,4629.0,4628.5,4629.0,49
MOEX:LKOH,2022-11-22T20:40:00+03:00,4629.0,4629.0,4629.0,4629.0,72
MOEX:LKOH,2022-11-22T20:41:00+03:00,4628.5,4629.0,4628.5,4629.0,9
MOEX:LKOH,2022-11-22T20:42:00+03:00,4628.5,4628.5,4628.5,4628.5,22
MOEX:LKOH,2022-11-22T20:43:00+03:00,4629.0,4629.0,4626.5,4628.5,125
MOEX:LKOH,2022-11-22T20:44:00+03:00,4627.0,4628.5,4626.5,4627.5,94
MOEX:LKOH,2022-11-22T20:45:00+03:00,4628.5,4628.5,4627.0,4627.5,14
MOEX:LKOH,2022-11-22T20:46:00+03:00,4627.0,4628.5,4627.0,4627.5,34
MOEX:LKOH,2022-11-22T20:47:00+03:00,4627.5,4628.0,4626.5,4628.0,51
MOEX:LKOH,2022-11-22T20:48:00+03:00,4627.0,4627.5,4625.0,4625.0,602
MOEX:LKOH,2022-11-22T20:49:00+03:00,4625.0,4626.0,4625.0,4626.0,4
MOEX:LKOH,2022-11-22T20:50:00+03:00,4626.0,4626.0,4626.0,4626.0,3
MOEX:LKOH,2022-11-22T20:51:00+03:00,4625.0,4626.0,4625.0,4626.0,42
MOEX:LKOH,2022-11-22T20:52:00+03:00,4626.0,4626.0,4625.0,4626.0,48
MOEX:LKOH,2022-11-22T20:53:00+03:00,4626.0,4626.0,4625.0,4626.0,44
MOEX:LKOH,2022-11-22T20:54:00+03:00,4626.0,4626.0,4625.0,4625.0,18
MOEX:LKOH,2022-11-22T20:55:00+03:00,4626.0,4626.0,4626.0,4626.0,14
MOEX:LKOH,2022-11-22T20:56:00+03:00,4625.0,4626.0,4625.0,4625.0,33
MOEX:LKOH,2022-11-22T20:57:00+03:00,4626.0,4626.0,4625.0,4626.0,25
MOEX:LKOH,2022-11-22T20:58:00+03:00,4625.0,4626.0,4625.0,4626.0,27
MOEX:LKOH,2022-11-22T20:59:00+03:00,4626.0,4626.0,4623.5,4624.5,103
MOEX:LKOH,2022-11-22T21:00:00+03:00,4623.0,4624.0,4622.5,4624.0,250
MOEX:LKOH,2022-11-22T21:01:00+03:00,4624.0,4624.0,4622.5,4624.0,9
MOEX:LKOH,2022-11-22T21:02:00+03:00,4623.5,4623.5,4620.0,4620.0,817
MOEX:LKOH,2022-11-22T21:03:00+03:00,4620.0,4621.5,4620.0,4621.5,19
MOEX:LKOH,2022-11-22T21:04:00+03:00,4621.0,4621.5,4620.0,4621.0,119
MOEX:LKOH,2022-11-22T21:05:00+03:00,4621.0,4621.0,4620.5,4620.5,59
MOEX:LKOH,2022-11-22T21:06:00+03:00,4621.5,4622.5,4621.0,4622.5,36
MOEX:LKOH,2022-11-22T21:07:00+03:00,4622.5,4622.5,4622.5,4622.5,11
MOEX:LKOH,2022-11-22T21:08:00+03:00,4622.5,4623.0,4622.5,4623.0,12
MOEX:LKOH,2022-11-22T21:09:00+03:00,4623.0,4625.0,4622.5,4624.5,68
MOEX:LKOH,2022-11-22T21:10:00+03:00,4624.5,4624.5,4623.0,4623.0,38
MOEX:LKOH,2022-11-22T21:11:00+03:00,4622.0,4622.0,4621.5,4621.5,12
MOEX:LKOH,2022-11-22T21:12:00+03:00,4621.5,4621.5,4621.0,4621.0,15
MOEX:LKOH,2022-11-22T21:13:00+03:00,4621.0,4621.5,4621.0,4621.5,35
MOEX:LKOH,2022-11-22T21:14:00+03:00,4621.5,4632.0,4621.5,4626.0,1554
MOEX:LKOH,2022-11-22T21:15:00+03:00,4626.0,4626.0,4625.0,4625.0,22
MOEX:LKOH,2022-11-22T21:16:00+03:00,4625.0,4625.0,4625.0,4625.0,51
MOEX:LKOH,2022-11-22T21:17:00+03:00,4624.0,4624.5,4617.0,4617.5,1364
MOEX:LKOH,2022-11-22T21:18:00+03:00,4617.5,4617.5,4616.5,4616.5,100
MOEX:LKOH,2022-11-22T21:19:00+03:00,4616.0,4617.0,4616.0,4617.0,112
MOEX:LKOH,2022-11-22T21:20:00+03:00,4616.5,4617.5,4616.0,4616.0,102
MOEX:LKOH,2022-11-22T21:21:00+03:00,4616.0,4616.0,4615.5,4616.0,108
MOEX:LKOH,2022-11-22T21:22:00+03:00,4616.0,4616.0,4615.0,4615.0,202
MOEX:LKOH,2022-11-22T21:23:00+03:00,4616.0,4617.0,4615.0,4616.0,17
MOEX:LKOH,2022-11-22T21:24:00+03:00,4616.0,4616.0,4615.0,4615.5,47
MOEX:LKOH,2022-11-22T21:25:00+03:00,4616.0,4616.0,4615.5,4615.5,16
MOEX:LKOH,2022-11-22T21:26:00+03:00,4616.0,4617.0,4615.0,4615.5,241
MOEX:LKOH,2022-11-22T21:27:00+03:00,4615.0,4615.5,4613.5,4614.0,234
MOEX:LKOH,2022-11-22T21:28:00+03:00,4614.0,4614.0,4611.0,4613.0,250
MOEX:LKOH,2022-11-22T21:29:00+03:00,4613.0,4613.0,4612.0,4612.0,300
MOEX:LKOH,2022-11-22T21:30:00+03:00,4611.5,4612.0,4610.5,4612.0,144
MOEX:LKOH,2022-11-22T21:31:00+03:00,4611.0,4612.0,4610.5,4611.0,36
MOEX:LKOH,2022-11-22T21:32:00+03:00,4610.5,4615.0,4610.5,4615.0,198
MOEX:LKOH,2022-11-22T21:33:00+03:00,4615.0,4615.5,4614.5,4615.5,244
MOEX:LKOH,2022-11-22T21:34:00+03:00,4615.5,4615.5,4615.0,4615.0,9
MOEX:LKOH,2022-11-22T21:35:00+03:00,4614.0,4614.0,4614.0,4614.0,147
MOEX:LKOH,2022-11-22T21:36:00+03:00,4614.0,4614.0,4613.0,4614.0,57
MOEX:LKOH,2022-11-22T21:37:00+03:00,4614.0,4614.0,4614.0,4614.0,13
MOEX:LKOH,2022-11-22T21:38:00+03:00,4614.0,4614.0,4613.0,4613.0,55
MOEX:LKOH,2022-11-22T21:39:00+03:00,4612.0,4613.0,4612.0,4613.0,62
MOEX:LKOH,2022-11-22T21:40:00+03:00,4612.5,4612.5,4611.0,4611.0,254
MOEX:LKOH,2022-11-22T21:41:00+03:00,4611.0,4611.0,4610.5,4611.0,91
MOEX:LKOH,2022-11-22T21:42:00+03:00,4610.5,4612.0,4610.5,4612.0,73
MOEX:LKOH,2022-11-22T21:43:00+03:00,4611.5,4612.0,4611.0,4612.0,87
MOEX:LKOH,2022-11-22T21:44:00+03:00,4611.0,4612.0,4611.0,4612.0,18
MOEX:LKOH,2022-11-22T21:45:00+03:00,4611.0,4612.0,4611.0,4611.0,62
MOEX:LKOH,2022-11-22T21:46:00+03:00,4612.0,4612.0,4611.5,4612.0,109
MOEX:LKOH,2022-11-22T21:47:00+03:00,4611.5,4612.0,4611.0,4611.5,360
MOEX:LKOH,2022-11-22T21:48:00+03:00,4611.5,4613.5,4611.5,4612.5,153
MOEX:LKOH,2022-11-22T21:49:00+03:00,4613.5,4613.5,4612.0,4612.0,27
MOEX:LKOH,2022-11-22T21:50:00+03:00,4613.5,4614.0,4612.5,4614.0,33
MOEX:LKOH,2022-11-22T21:51:00+03:00,4614.0,4614.0,4612.5,4613.5,25
MOEX:LKOH,2022-11-22T21:52:00+03:00,4613.5,4613.5,4613.5,4613.5,13
MOEX:LKOH,2022-11-22T21:53:00+03:00,4613.5,4615.5,4613.5,4615.5,765
MOEX:LKOH,2022-11-22T21:54:00+03:00,4615.0,4615.5,4615.0,4615.5,18
MOEX:LKOH,2022-11-22T21:55:00+03:00,4615.5,4616.0,4614.5,4614.5,131
MOEX:LKOH,2022-11-22T21:56:00+03:00,4615.0,4615.0,4615.0,4615.0,2
MOEX:LKOH,2022-11-22T21:57:00+03:00,4615.0,4616.0,4615.0,4616.0,60
MOEX:LKOH,2022-11-22T21:58:00+03:00,4616.0,4616.0,4615.0,4615.0,8
MOEX:LKOH,2022-11-22T21:59:00+03:00,4615.5,4615.5,4615.0,4615.5,12
MOEX:LKOH,2022-11-22T22:00:00+03:00,4615.5,4619.5,4615.0,4619.5,2649
MOEX:LKOH,2022-11-22T22:01:00+03:00,4617.5,4620.0,4617.5,4619.5,287
MOEX:LKOH,2022-11-22T22:02:00+03:00,4619.5,4620.0,4617.5,4619.0,28
MOEX:LKOH,2022-11-22T22:03:00+03:00,4619.0,4619.5,4617.0,4618.5,207
MOEX:LKOH,2022-11-22T22:04:00+03:00,4618.5,4619.0,4618.5,4619.0,245
MOEX:LKOH,2022-11-22T22:05:00+03:00,4619.0,4620.0,4619.0,4620.0,1015
MOEX:LKOH,2022-11-22T22:06:00+03:00,4619.0,4620.0,4618.0,4619.0,467
MOEX:LKOH,2022-11-22T22:07:00+03:00,4619.0,4619.0,4619.0,4619.0,4
MOEX:LKOH,2022-11-22T22:08:00+03:00,4617.5,4617.5,4617.0,4617.0,3
MOEX:LKOH,2022-11-22T22:09:00+03:00,4619.0,4619.0,4617.0,4619.0,310
MOEX:LKOH,2022-11-22T22:10:00+03:00,4619.0,4619.0,4618.0,4619.0,546
MOEX:LKOH,2022-11-22T22:11:00+03:00,4618.0,4619.0,4616.5,4619.0,432
MOEX:LKOH,2022-11-22T22:12:00+03:00,4619.0,4619.0,4619.0,4619.0,235
MOEX:LKOH,2022-11-22T22:13:00+03:00,4619.0,4619.0,4619.0,4619.0,94
MOEX:LKOH,2022-11-22T22:14:00+03:00,4618.0,4619.0,4618.0,4619.0,18
MOEX:LKOH,2022-11-22T22:15:00+03:00,4618.0,4618.0,4618.0,4618.0,6
MOEX:LKOH,2022-11-22T22:16:00+03:00,4618.5,4619.0,4618.5,4619.0,14
MOEX:LKOH,2022-11-22T22:17:00+03:00,4619.0,4619.0,4619.0,4619.0,63
MOEX:LKOH,2022-11-22T22:18:00+03:00,4618.0,4619.0,4618.0,4619.0,5
MOEX:LKOH,2022-11-22T22:19:00+03:00,4619.0,4619.5,4619.0,4619.5,131
MOEX:LKOH,2022-11-22T22:20:00+03:00,4619.5,4619.5,4614.5,4615.0,1005
MOEX:LKOH,2022-11-22T22:21:00+03:00,4615.0,4615.0,4614.5,4615.0,553
MOEX:LKOH,2022-11-22T22:22:00+03:00,4615.0,4615.0,4615.0,4615.0,121
MOEX:LKOH,2022-11-22T22:23:00+03:00,4615.0,4615.0,4615.0,4615.0,18
MOEX:LKOH,2022-11-22T22:24:00+03:00,4614.5,4614.5,4614.0,4614.5,15
MOEX:LKOH,2022-11-22T22:25:00+03:00,4614.0,4615.0,4614.0,4615.0,98
MOEX:LKOH,2022-11-22T22:26:00+03:00,4614.0,4615.0,4613.5,4615.0,109
MOEX:LKOH,2022-11-22T22:27:00+03:00,4615.0,4615.0,4613.0,4613.5,44
MOEX:LKOH,2022-11-22T22:28:00+03:00,4613.5,4615.0,4613.5,4615.0,63
MOEX:LKOH,2022-11-22T22:29:00+03:00,4615.0,4615.0,4615.0,4615.0,89
MOEX:LKOH,2022-11-22T22:30:00+03:00,4614.5,4615.0,4614.5,4615.0,18
MOEX:LKOH,2022-11-22T22:31:00+03:00,4614.0,4615.0,4614.0,4615.0,27
MOEX:LKOH,2022-11-22T22:32:00+03:00,4615.0,4615.0,4615.0,4615.0,61
MOEX:LKOH,2022-11-22T22:33:00+03:00,4615.0,4615.0,4614.5,4615.0,102
MOEX:LKOH,2022-11-22T22:34:00+03:00,4615.0,4615.0,4613.0,4614.5,146
MOEX:LKOH,2022-11-22T22:35:00+03:00,4614.5,4614.5,4614.5,4614.5,3
MOEX:LKOH,2022-11-22T22:36:00+03:00,4614.5,4614.5,4614.0,4614.0,5
MOEX:LKOH,2022-11-22T22:37:00+03:00,4614.0,4614.5,4605.5,4606.0,3174
MOEX:LKOH,2022-11-22T22:38:00+03:00,4606.0,4606.0,4605.5,4606.0,342
MOEX:LKOH,2022-11-22T22:39:00+03:00,4606.0,4606.0,4605.5,4606.0,344
MOEX:LKOH,2022-11-22T22:40:00+03:00,4606.0,4606.0,4605.5,4606.0,34
MOEX:LKOH,2022-11-22T22:41:00+03:00,4606.0,4606.0,4606.0,4606.0,101
MOEX:LKOH,2022-11-22T22:42:00+03:00,4605.5,4606.0,4605.5,4606.0,330
MOEX:LKOH,2022-11-22T22:43:00+03:00,4606.0,4606.0,4605.5,4606.0,226
MOEX:LKOH,2022-11-22T22:44:00+03:00,4606.0,4606.0,4605.5,4605.5,247
MOEX:LKOH,2022-11-22T22:45:00+03:00,4605.5,4606.0,4605.5,4606.0,164
MOEX:LKOH,2022-11-22T22:46:00+03:00,4606.0,4606.0,4606.0,4606.0,63
MOEX:LKOH,2022-11-22T22:47:00+03:00,4606.0,4606.0,4603.5,4603.5,960
MOEX:LKOH,2022-11-22T22:48:00+03:00,4604.5,4605.5,4604.0,4605.5,104
MOEX:LKOH,2022-11-22T22:49:00+03:00,4605.5,4606.0,4605.0,4606.0,255
MOEX:LKOH,2022-11-22T22:50:00+03:00,4606.0,4606.0,4595.0,4599.0,4513
MOEX:LKOH,2022-11-22T22:51:00+03:00,4597.5,4601.5,4597.0,4601.5,722
MOEX:LKOH,2022-11-22T22:52:00+03:00,4602.5,4605.0,4602.5,4605.0,198
MOEX:LKOH,2022-11-22T22:53:00+03:00,4605.0,4606.0,4604.0,4606.0,153
MOEX:LKOH,2022-11-22T22:54:00+03:00,4606.0,4607.0,4606.0,4607.0,84
MOEX:LKOH,2022-11-22T22:55:00+03:00,4607.0,4607.5,4606.0,4607.5,64
MOEX:LKOH,2022-11-22T22:56:00+03:00,4607.5,4610.0,4606.0,4606.5,353
MOEX:LKOH,2022-11-22T22:57:00+03:00,4607.0,4609.5,4607.0,4609.5,64
MOEX:LKOH,2022-11-22T22:58:00+03:00,4609.0,4614.0,4609.0,4613.5,401
MOEX:LKOH,2022-11-22T22:59:00+03:00,4613.5,4614.0,4611.0,4611.0,518
MOEX:LKOH,2022-11-22T23:00:00+03:00,4613.0,4613.0,4606.0,4607.5,389
MOEX:LKOH,2022-11-22T23:01:00+03:00,4607.5,4611.0,4607.0,4607.0,568
MOEX:LKOH,2022-11-22T23:02:00+03:00,4608.5,4609.0,4607.5,4609.0,143
MOEX:LKOH,2022-11-22T23:03:00+03:00,4609.0,4610.0,4608.0,4608.5,171
MOEX:LKOH,2022-11-22T23:04:00+03:00,4610.0,4611.0,4610.0,4611.0,34
MOEX:LKOH,2022-11-22T23:05:00+03:00,4610.5,4611.0,4610.5,4610.5,49
MOEX:LKOH,2022-11-22T23:06:00+03:00,4611.5,4611.5,4610.0,4611.0,22
MOEX:LKOH,2022-11-22T23:07:00+03:00,4611.0,4614.5,4611.0,4611.5,640
MOEX:LKOH,2022-11-22T23:08:00+03:00,4612.5,4613.5,4611.0,4611.0,632
MOEX:LKOH,2022-11-22T23:09:00+03:00,4611.5,4612.0,4610.0,4610.0,153
MOEX:LKOH,2022-11-22T23:10:00+03:00,4612.0,4612.0,4609.5,4609.5,442
MOEX:LKOH,2022-11-22T23:11:00+03:00,4612.0,4613.0,4610.5,4613.0,61
MOEX:LKOH,2022-11-22T23:12:00+03:00,4613.0,4614.5,4610.5,4614.5,278
MOEX:LKOH,2022-11-22T23:13:00+03:00,4614.0,4614.5,4612.5,4612.5,70
MOEX:LKOH,2022-11-22T23:14:00+03:00,4614.0,4615.0,4613.0,4613.0,531
MOEX:LKOH,2022-11-22T23:15:00+03:00,4615.0,4615.0,4612.5,4612.5,103
MOEX:LKOH,2022-11-22T23:16:00+03:00,4612.5,4613.0,4612.5,4612.5,34
MOEX:LKOH,2022-11-22T23:17:00+03:00,4612.5,4612.5,4612.5,4612.5,47
MOEX:LKOH,2022-11-22T23:18:00+03:00,4613.5,4616.5,4612.5,4613.0,305
MOEX:LKOH,2022-11-22T23:19:00+03:00,4614.0,4614.0,4614.0,4614.0,19
MOEX:LKOH,2022-11-22T23:20:00+03:00,4616.0,4616.0,4614.5,4614.5,46
MOEX:LKOH,2022-11-22T23:21:00+03:00,4614.5,4614.5,4614.5,4614.5,4
MOEX:LKOH,2022-11-22T23:22:00+03:00,4615.5,4616.0,4615.0,4615.0,92
MOEX:LKOH,2022-11-22T23:23:00+03:00,4616.0,4616.0,4615.5,4615.5,47
MOEX:LKOH,2022-11-22T23:24:00+03:00,4616.0,4616.0,4614.5,4616.0,69
MOEX:LKOH,2022-11-22T23:25:00+03:00,4616.5,4616.5,4614.5,4616.0,25
MOEX:LKOH,2022-11-22T23:26:00+03:00,4616.0,4616.0,4616.0,4616.0,35
MOEX:LKOH,2022-11-22T23:27:00+03:00,4615.0,4618.5,4614.5,4618.5,265
MOEX:LKOH,2022-11-22T23:28:00+03:00,4617.0,4618.0,4616.5,4616.5,13
MOEX:LKOH,2022-11-22T23:29:00+03:00,4616.5,4618.0,4616.5,4617.5,52
MOEX:LKOH,2022-11-22T23:30:00+03:00,4617.5,4618.5,4617.0,4617.0,109
MOEX:LKOH,2022-11-22T23:31:00+03:00,4617.0,4617.0,4616.5,4616.5,17
MOEX:LKOH,2022-11-22T23:32:00+03:00,4616.5,4618.0,4616.0,4618.0,85
MOEX:LKOH,2022-11-22T23:33:00+03:00,4618.5,4618.5,4617.0,4617.0,83
MOEX:LKOH,2022-11-22T23:34:00+03:00,4617.5,4618.0,4617.0,4617.0,109
MOEX:LKOH,2022-11-22T23:35:00+03:00,4618.0,4618.0,4616.5,4616.5,5
MOEX:LKOH,2022-11-22T23:36:00+03:00,4617.0,4617.5,4616.5,4616.5,39
MOEX:LKOH,2022-11-22T23:37:00+03:00,4616.5,4618.5,4616.5,4618.5,152
MOEX:LKOH,2022-11-22T23:38:00+03:00,4618.0,4618.0,4618.0,4618.0,16
MOEX:LKOH,2022-11-22T23:39:00+03:00,4618.5,4619.0,4618.5,4619.0,63
MOEX:LKOH,2022-11-22T23:40:00+03:00,4619.0,4620.0,4619.0,4619.5,286
MOEX:LKOH,2022-11-22T23:41:00+03:00,4620.0,4621.0,4620.0,4620.0,156
MOEX:LKOH,2022-11-22T23:42:00+03:00,4620.5,4620.5,4620.0,4620.5,24
MOEX:LKOH,2022-11-22T23:43:00+03:00,4620.0,4620.0,4619.5,4620.0,66
MOEX:LKOH,2022-11-22T23:44:00+03:00,4619.5,4620.0,4619.5,4620.0,5
MOEX:LKOH,2022-11-22T23:45:00+03:00,4620.0,4620.0,4619.5,4620.0,138
MOEX:LKOH,2022-11-22T23:46:00+03:00,4619.5,4620.0,4619.0,4619.0,189
MOEX:LKOH,2022-11-22T23:47:00+03:00,4619.0,4619.0,4619.0,4619.0,7
MOEX:LKOH,2022-11-22T23:48:00+03:00,4619.0,4619.5,4618.5,4618.5,104
MOEX:LKOH,2022-11-22T23:49:00+03:00,4618.5,4618.5,4618.0,4618.0,143
